학교명,도로명주소,위도,경도,법정동,행정동
서울교육대학교부설초등학교,"서울특별시 서초구 서초중앙로 96 (서초동,서울교대초등학교)",37.49074049,127.0154245,서초동,서초1동
서울대학교사범대학부설초등학교,"서울특별시 종로구 대학로 64 (동숭동,서울사대부설초등학교)",37.5775997,127.0042955,이화동,이화동
서울개원초등학교,"서울특별시 강남구 선릉로 29 (개포동,개원초등학교)",37.48169861,127.0594505,개포동,개포1동
서울개일초등학교,"서울특별시 강남구 개포로 401 , 개일초등학교 (개포동,개일초등학교)",37.48623538,127.0577909,개포동,개포2동
서울개포초등학교,"서울특별시 강남구 삼성로4길 30 (개포동, 개포초등학교)",37.48633492,127.07031,개포동,개포2동
서울구룡초등학교,"서울특별시 강남구 개포로 263 (개포동,구룡초등학교)",37.48119739,127.0517714,개포동,개포4동
서울논현초등학교,"서울특별시 강남구 강남대로120길 33 (논현동,논현초등학교)",37.50848958,127.0262229,논현동,논현1동
서울대곡초등학교,"서울특별시 강남구 남부순환로 3022 , 서울대곡초등학교 (대치동,대곡초등학교)",37.49471064,127.0650265,대치동,대치2동
서울대도초등학교,"서울특별시 강남구 선릉로 209 (도곡동, 서울대도초등학교)",37.49258577,127.0532066,도곡동,도곡2동
서울대모초등학교,"서울특별시 강남구 광평로20길 27 , 대모초등학교 (일원동,대모초등학교)",37.48059845,127.0859938,일원동,일원본동
서울대왕초등학교,"서울특별시 강남구 헌릉로618길 8 (세곡동,대왕초등학교)",37.46463918,127.105304,세곡동,세곡동
서울대진초등학교,"서울특별시 강남구 개포로109길 74 , 서울대진초등학교 (개포동)",37.49702757,127.0778614,개포동,개포3동
서울대청초등학교,"서울특별시 강남구 양재대로55길 28 , 서울대청초등학교 (일원동)",37.4931481,127.0877673,일원동,일원1동
서울대치초등학교,"서울특별시 강남구 양재천로 363 (대치동, 대치초등학교)",37.49128657,127.0619707,대치동,대치1동
서울대현초등학교,"서울특별시 강남구 역삼로98길 16 (대치동,대현초등학교)",37.50348612,127.0632921,대치동,대치2동
서울도곡초등학교,"서울특별시 강남구 선릉로64길 33 (대치동, 도곡초등학교)",37.49951141,127.0544655,대치동,대치4동
서울도성초등학교,"서울특별시 강남구 역삼로 313 (역삼동,도성초등학교)",37.50146201,127.0488722,역삼동,역삼2동
서울반원초등학교,"서울특별시 서초구 잠원로3길 28 (잠원동,반원초등학교)",37.51038722,127.0042361,잠원동,반포3동
서울반포초등학교,"서울특별시 서초구 신반포로 55-4 , 서울반포초등학교 (반포동,반포초등학교)",37.50248483,126.9917416,반포동,반포본동
서울방배초등학교,"서울특별시 서초구 방배중앙로13길 26 (방배동,방배초등학교)",37.4867641,126.987138,방배동,방배4동
서울방일초등학교,서울특별시 서초구 방배로18길 52 (방배동),37.4852056,126.998849,방배동,방배1동
서울방현초등학교,"서울특별시 서초구 효령로4길 58 (방배동,방현초등학교)",37.47650298,126.9900734,방배동,방배3동
서울봉은초등학교,"서울특별시 강남구 학동로 610 (삼성동,봉은초등학교)",37.52004783,127.0607467,삼성동,삼성1동
서울삼릉초등학교,"서울특별시 강남구 봉은사로63길 22 (삼성동,삼릉초등학교)",37.5132583,127.0471723,삼성동,삼성2동
서울서래초등학교,"서울특별시 서초구 방배로 260 (방배동,서래초등학교)",37.496404,126.9901565,방배동,방배본동
서울서원초등학교,"서울특별시 서초구 고무래로 63 , 서울서원초등학교 (반포동)",37.5024389,127.0146195,반포동,반포1동
서울서이초등학교,"서울특별시 서초구 서운로 35 (서초동,서이초등학교)",37.49156467,127.025618,서초동,서초2동
서울서일초등학교,"서울특별시 서초구 남부순환로339길 38 (서초동,서일초등학교)",37.48529778,127.0221598,서초동,서초1동
서울서초초등학교,"서울특별시 서초구 서운로 178 (서초동,서초초등학교)",37.49904877,127.0248915,서초동,서초4동
서울수서초등학교,"서울특별시 강남구 광평로51길 46 (수서동,수서초등학교)",37.49113737,127.1018578,수서동,수서동
서울신구초등학교,"서울특별시 강남구 압구정로18길 28 (신사동,신구초등학교)",37.52336977,127.0239884,신사동,신사동
서울신동초등학교,"서울특별시 서초구 나루터로 15 (잠원동,신동초등학교)",37.51713004,127.0113904,잠원동,잠원동
서울신중초등학교,"서울특별시 서초구 남부순환로317길 15 (서초동,서울신중초등학교)",37.48015788,127.0093433,서초동,서초3동
서울압구정초등학교,"서울특별시 강남구 압구정로39길 29 (압구정동,압구정초등학교)",37.53173911,127.0308417,압구정동,압구정동
서울양재초등학교,"서울특별시 서초구 바우뫼로18길 14 (양재동,양재초등학교)",37.47416538,127.0318925,양재동,양재1동
서울양전초등학교,"서울특별시 강남구 개포로 513 , 서울양전초등학교",37.49024785,127.0691709,개포동,개포2동
서울언남초등학교,서울특별시 서초구 헌릉로8길 42 (내곡동),37.45411333,127.0614366,내곡동,내곡동
서울언북초등학교,"서울특별시 강남구 삼성로135길 42 (청담동,언북초등학교)",37.52012517,127.0447158,청담동,청담동
서울언주초등학교,"서울특별시 강남구 남부순환로363길 19 (도곡동,언주초등학교)",37.486322,127.036793,도곡동,도곡1동
서울역삼초등학교,"서울특별시 강남구 강남대로66길 21 (역삼동,역삼초등학교)",37.49314441,127.0325649,역삼동,역삼1동
서울영희초등학교,"서울특별시 강남구 일원로 21 (일원동,영희초등학교)",37.4923004,127.0811328,일원동,일원1동
서울왕북초등학교,"서울특별시 강남구 광평로31길 74 (수서동,왕북초등학교)",37.48626102,127.0862372,수서동,일원본동
서울우암초등학교,"서울특별시 서초구 바우뫼로7길 38 (우면동,우암초등학교)",37.47230059,127.0237313,우면동,양재1동
서울원명초등학교,"서울특별시 서초구 고무래로 90-6 (서초동,원명초등학교)",37.5007499,127.017067,서초동,서초4동
서울원촌초등학교,"서울특별시 서초구 사평대로45길 26 (반포동,서울원촌초등학교)",37.50624464,127.0123467,반포동,반포1동
서울이수초등학교,"서울특별시 서초구 방배천로4길 23 서울이수초등학교 (방배동,이수초등학교)",37.47818874,126.9840588,방배동,방배2동
서울일원초등학교,"서울특별시 강남구 영동대로4길 20 (일원동,일원초등학교)",37.48981271,127.0761419,일원동,개포2동
서울잠원초등학교,"서울특별시 서초구 신반포로16길 15-25 (반포동, 잠원초등학교)",37.50185909,126.9983875,반포동,반포2동
서울청담초등학교,"서울특별시 강남구 압구정로71길 9 (청담동,청담초등학교)",37.52828187,127.045153,청담동,청담동
서울포이초등학교,"서울특별시 강남구 개포로22길 87 , 서울포이초등학교 (개포동,포이초등학교)",37.47581662,127.0520457,개포동,개포4동
서울학동초등학교,"서울특별시 강남구 선릉로115길 42 , 서울학동초등학교 (논현동)",37.51204595,127.0394356,논현동,논현2동
서울가동초등학교,서울특별시 송파구 중대로20길 47 (가락동),37.49725593,127.1297903,가락동,가락2동
서울가락초등학교,"서울특별시 송파구 송파대로37길 45 (가락동, 가락초등학교)",37.49987464,127.1072149,가락동,가락1동
서울가원초등학교,"서울특별시 송파구 중대로4길 8 (문정동, 가원초등학교)",37.48944278,127.1110287,문정동,문정2동
서울가주초등학교,"서울특별시 송파구 오금로40길 37 , 서울가주초등학교 (가락동, 가주초등학교)",37.49656722,127.1292804,가락동,가락2동
서울강덕초등학교,"서울특별시 강동구 동남로82길 94-54 (고덕동, 서울강덕초등학교)",37.55954748,127.1604836,고덕동,고덕2동
서울강동초등학교,"서울특별시 강동구 상암로14길 77 (천호동,서울강동초등학교)",37.5463638,127.1301872,천호동,천호2동
서울강일초등학교,"서울특별시 강동구 아리수로98길 24 , 서울강일초등학교 (강일동)",37.56525568,127.1772125,강일동,강일동
서울거여초등학교,"서울특별시 송파구 마천로25길 18 (오금동, 거여초등학교)",37.50502612,127.1409468,오금동,오금동
서울거원초등학교,"서울특별시 송파구 양산로2길 26 (거여동,거원초등학교)",37.48763851,127.144816,거여동,거여2동
서울고덕초등학교,"서울특별시 강동구 아리수로82길 42 , 고덕초등학교 (고덕동)",37.56129422,127.166097,고덕동,고덕2동
서울고명초등학교,"서울특별시 강동구 고덕로46길 53 , 서울고명초등학교 (명일동)",37.55297253,127.1474362,명일동,명일1동
서울고일초등학교,"서울특별시 강동구 구천면로93길 20 , 서울고일초등학교 (상일동)",37.55154262,127.1694101,상일동,상일1동
서울길동초등학교,"서울특별시 강동구 양재대로116길 69 , 서울길동초등학교 (길동)",37.53859168,127.1449729,길동,길동
서울남천초등학교,서울특별시 송파구 성내천로 207 (마천동),37.50132913,127.1510632,마천동,마천2동
서울대명초등학교,"서울특별시 강동구 상암로 271 (명일동,서울대명초등학교)",37.54770706,127.1528496,명일동,명일2동
서울둔촌초등학교,"서울특별시 강동구 양재대로88길 27 , 서울둔촌초등학교 (둔촌동)",37.52621993,127.1374541,둔촌동,둔촌1동
서울마천초등학교,"서울특별시 송파구 마천로61다길 24 , 서울마천초등학교 (마천동)",37.49543751,127.1527046,마천동,마천1동
서울명덕초등학교,"서울특별시 강동구 양재대로156길 11 , 서울명덕초등학교 (고덕동)",37.55676233,127.1450815,고덕동,고덕1동
서울명원초등학교,"서울특별시 강동구 명일로 364 , 서울명원초등학교 (명일동)",37.55128785,127.1505002,명일동,명일2동
서울명일초등학교,"서울특별시 강동구 고덕로38길 8 (암사동, 서울명일초등학교)",37.5545536,127.1425911,암사동,암사1동
서울묘곡초등학교,서울특별시 강동구 동남로79길 46 (고덕동),37.55871279,127.1530934,고덕동,고덕1동
서울문덕초등학교,서울특별시 송파구 송이로34길 60 (문정동),37.48505216,127.1279627,문정동,장지동
서울문정초등학교,"서울특별시 송파구 문정로5길 20 , 문정초등학교 (문정동)",37.48907741,127.1292062,문정동,문정1동
서울방산초등학교,서울특별시 송파구 오금로27길 42 (방이동),37.50953792,127.1211907,방이동,방이1동
서울방이초등학교,"서울특별시 송파구 위례성대로10길 4 , 서울방이초등학교 (방이동)",37.51351229,127.1205311,방이동,방이1동
서울삼전초등학교,서울특별시 송파구 백제고분로28길 19 (삼전동),37.50170128,127.0932681,삼전동,삼전동
서울상일초등학교,서울특별시 강동구 천호대로 1477 (상일동),37.54757217,127.1726635,상일동,상일1동
서울석촌초등학교,"서울특별시 송파구 가락로11길 26 , 서울석촌초등학교 (석촌동)",37.50265278,127.1052385,석촌동,석촌동
서울선린초등학교,"서울특별시 강동구 진황도로61길 29 , 서울선린초등학교 (둔촌동)",37.52976012,127.145594,둔촌동,둔촌2동
서울선사초등학교,"서울특별시 강동구 올림픽로 837 , 서울선사초등학교 (암사동, 서울선사초등학교)",37.55584691,127.128196,암사동,암사2동
서울성내초등학교,"서울특별시 강동구 성내로3길 19 (성내동, 서울성내초등학교)",37.53135786,127.1225001,성내동,성내1동
서울성일초등학교,"서울특별시 강동구 성내로15길 33 , 서울성일초등학교 (성내동)",37.52970924,127.1284083,성내동,성내1동
서울세륜초등학교,"서울특별시 송파구 양재대로 1264 , 서울세륜초등학교 (방이동)",37.51857484,127.1341577,방이동,오륜동
서울송전초등학교,서울특별시 송파구 석촌호수로 159 (잠실동),37.50883126,127.0951214,잠실동,잠실3동
서울송파초등학교,서울특별시 송파구 백제고분로 400 (송파동),37.50695497,127.1112472,송파동,송파1동
서울신가초등학교,"서울특별시 송파구 송이로 75 , 서울신가초등학교 (가락동)",37.50032072,127.1197004,가락동,가락본동
서울신명초등학교,"서울특별시 강동구 명일로24길 33 , 서울신명초등학교 (길동)",37.54092685,127.1499791,길동,길동
서울신암초등학교,"서울특별시 강동구 올림픽로93길 33-16 , 서울신암초등학교 (암사동)",37.55002367,127.1244044,암사동,암사2동
서울신천초등학교,"서울특별시 송파구 올림픽로 215 (잠실동, 주공아파트)",37.51400777,127.0950365,잠실동,잠실3동
서울아주초등학교,"서울특별시 송파구 올림픽로4길 59 , 서울아주초등학교 (잠실동)",37.5057897,127.0753173,잠실동,잠실7동
서울영풍초등학교,"서울특별시 송파구 오금로57길 15 , 서울영풍초등학교 (거여동)",37.49618624,127.1432147,거여동,거여1동
서울오금초등학교,"서울특별시 송파구 위례성대로22길 11 (오금동, 서울오금초등학교)",37.50937049,127.1319779,오금동,오금동
서울오륜초등학교,"서울특별시 송파구 양재대로 1196 , 서울오륜초등학교 (방이동)",37.51242748,127.1343968,방이동,오륜동
서울위례초등학교,서울특별시 강동구 명일로 23 (둔촌동),37.52231852,127.1394366,둔촌동,둔촌1동
서울잠동초등학교,"서울특별시 송파구 올림픽로35길 122 (신천동, 잠동초등학교)",37.51836408,127.0999979,신천동,잠실6동
서울잠신초등학교,"서울특별시 송파구 잠실로 32 , 서울잠신초등학교 (잠실동)",37.51416975,127.0879767,잠실동,잠실2동
서울잠실초등학교,"서울특별시 송파구 올림픽로35길 20 (신천동,잠실초등학교)",37.52014104,127.1107998,신천동,잠실4동
서울잠일초등학교,"서울특별시 송파구 올림픽로 95 , 서울잠일초등학교 (잠실동)",37.51474166,127.0816362,잠실동,잠실2동
서울잠전초등학교,"서울특별시 송파구 올림픽로12길 51 , 서울잠전초등학교 (잠실동)",37.50733493,127.0838644,잠실동,잠실본동
서울중대초등학교,서울특별시 송파구 송파대로36길 8 (송파동),37.4998119,127.1136055,송파동,송파2동
서울천동초등학교,"서울특별시 강동구 성안로 200 , 서울천동초등학교 (길동)",37.5410159,127.1378287,길동,길동
서울천일초등학교,"서울특별시 강동구 구천면로 266 , 서울천일초등학교 (천호동)",37.54436122,127.1334367,천호동,천호1동
서울천호초등학교,"서울특별시 강동구 구천면로 310-11 (천호동,서울천호초등학교)",37.54771897,127.1365923,천호동,천호1동
서울토성초등학교,"서울특별시 송파구 풍성로20길 44 , 서울토성초등학교 (풍납동)",37.53189633,127.1157724,풍납동,풍납2동
서울평화초등학교,"서울특별시 송파구 송파대로26길 22 , 서울평화초등학교 (가락동)",37.49161834,127.1227005,가락동,가락본동
서울풍납초등학교,서울특별시 송파구 풍성로 43 (풍납동),37.53529406,127.1175324,풍납동,풍납1동
서울풍성초등학교,"서울특별시 송파구 강동대로2길 13 , (풍납동,풍성초등학교)",37.52631188,127.1134927,풍납동,풍납2동
서울한산초등학교,"서울특별시 강동구 풍성로 261 (서울한산초등학교, 둔촌동)",37.52869458,127.1410769,둔촌동,둔촌2동
서울가곡초등학교,"서울특별시 강서구 공항대로36길 74 (내발산동,가곡초등학교)",37.55570217,126.8360834,마곡동,발산1동
서울가양초등학교,"서울 강서구 허준로 186 , (가양동,가양초등학교)",37.56221719,126.8585216,가양동,가양3동
서울갈산초등학교,"서울특별시 양천구 목동로 31 , 서울갈산초등학교 (신정동)",37.51237156,126.8702299,신정동,신정7동
서울강서초등학교,"서울특별시 양천구 오목로 31 (신월동, 서울강서초등학교)",37.52241272,126.8409879,신월동,신월4동
서울강신초등학교,"서울특별시 양천구 월정로 280 , 서울강신초등학교 (신월동,서울강신초등학교)",37.54213683,126.8295814,신월동,신월5동
서울강월초등학교,"서울특별시 양천구 신월로 97 (신월동,서울강월초등학교)",37.51634172,126.8334319,신월동,신월7동
서울개화초등학교,"서울특별시 강서구 양천로 11 (방화동,개화초등학교)",37.57392624,126.8046942,방화동,방화1동
서울경인초등학교,"서울특별시 양천구 안양천로 1009 (목동,서울경인초등학교)",37.53287102,126.8856957,목동,목5동
서울계남초등학교,"서울특별시 양천구 목동동로2길 54 , 서울계남초등학교 (신정동,서울계남초등학교)",37.51016776,126.8600159,신정동,신정7동
서울공진초등학교,"서울특별시 강서구 마곡서로 33 , 서울공진초등학교 (마곡동 749-2)",37.55783088,126.8228061,마곡동,공항동
서울공항초등학교,서울특별시 강서구 마곡서1로 68 (마곡동),37.56317526,126.8212152,마곡동,방화1동
서울남명초등학교,"서울특별시 양천구 중앙로23길 3 (신정동,서울남명초등학교)",37.51568853,126.8540998,신정동,신정3동
서울내발산초등학교,"서울특별시 강서구 강서로46길 23 (내발산동,내발산초등학교)",37.55088255,126.8381642,내발산동,우장산동
서울등명초등학교,"서울특별시 강서구 강서로56나길 34 (등촌동,등명초등학교)",37.56089445,126.8423822,등촌동,등촌3동
서울등서초등학교,"서울특별시 강서구 화곡로58길 86 (화곡동,등서초등학교)",37.55188439,126.8550381,화곡동,화곡6동
서울등양초등학교,"서울특별시 강서구 강서로56나길 140 , 등양초등학교 (등촌동,등양초등학교)",37.56494704,126.8447602,등촌동,등촌3동
서울등원초등학교,"서울특별시 강서구 화곡로65길 90 , 서울등원초등학교 (등촌동)",37.55981354,126.850069,등촌동,등촌3동
서울등촌초등학교,"서울특별시 강서구 등촌로39길 71 (등촌동,등촌초등학교)",37.54761422,126.8579422,등촌동,등촌2동
서울등현초등학교,"서울특별시 강서구 화곡로65길 124 (등촌동,등현초등학교)",37.56145118,126.8475984,등촌동,등촌3동
서울목동초등학교,"서울특별시 양천구 목동동로12길 12 (신정동,서울목동초등학교)",37.52280877,126.8721195,신정동,신정2동
서울목원초등학교,"서울특별시 양천구 목동중앙로 204 (목동,목원초등학교)",37.54293497,126.8824459,목동,목5동
서울발산초등학교,"서울특별시 강서구 강서로45길 113 (내발산동,발산초등학교)",37.55026244,126.8309944,내발산동,발산1동
서울방화초등학교,서울특별시 강서구 양천로6길 92 (방화동),37.56870409,126.8074982,방화동,방화2동
서울백석초등학교,"서울특별시 강서구 공항대로 491 (등촌동,백석초등학교)",37.55364765,126.8624258,등촌동,등촌1동
서울삼정초등학교,"서울특별시 강서구 금낭화로 222 , 서울삼정초등학교 (방화동)",37.58050843,126.8104937,방화동,방화3동
서울서정초등학교,"서울특별시 양천구 목동로8길 19 (목동,서울서정초등학교)",37.52345012,126.8672362,목동,목1동
서울송정초등학교,서울특별시 강서구 공항대로3길 18 (공항동),37.56223089,126.8102813,공항동,공항동
서울송화초등학교,"서울특별시 강서구 방화대로34길 2 (방화동,송화초등학교)",37.56815047,126.8180329,마곡동,방화1동
서울신강초등학교,"서울특별시 양천구 중앙로55길 72 , 서울신강초등학교 (신월동,서울신강초등학교)",37.52584419,126.8422639,신월동,신월2동
서울신곡초등학교,"서울특별시 강서구 등촌로13자길 42-14 (화곡동,신곡초등학교)",37.53909546,126.8560096,화곡동,화곡4동
서울신남초등학교,서울 양천구 남부순환로83길 44 (신월동),37.51602623,126.8451178,신월동,신월6동
서울신목초등학교,"서울특별시 양천구 신목로5길 11-6 (신정동,서울신목초등학교)",37.51661098,126.8726408,신정동,신정2동
서울신서초등학교,서울특별시 양천구 목동서로10길 35 (신정동 312-1번지),37.52053525,126.862325,신정동,신정1동
서울신원초등학교,"서울특별시 양천구 남부순환로58길 32 (신월동,서울신원초등학교)",37.52951558,126.8298656,신월동,신월3동
서울신월초등학교,"서울특별시 강서구 강서로31길 48 (화곡동,신월초등학교)",37.54036551,126.8394555,화곡동,화곡1동
서울신정초등학교,서울특별시 강서구 곰달래로31가길 27 (화곡동),37.53306112,126.8525934,화곡동,화곡2동
서울양강초등학교,"서울특별시 양천구 오목로 101 (신월동, 서울양강초등학교)",37.52411035,126.8473753,신월동,신월2동
서울양동초등학교,서울특별시 양천구 오목로23길 24 (신정동),37.52584826,126.8512402,신정동,신정4동
서울양명초등학교,"서울특별시 양천구 중앙로 204 (신정동,양명초등학교)",37.51637495,126.8566349,신정동,신정1동
서울양목초등학교,"서울특별시 양천구 목동로11길 30 (신정동, 서울양목초등학교)",37.52387928,126.8616692,신정동,신정4동
서울양원초등학교,"서울특별시 양천구 화곡로 16 (신월동,서울양원초등학교)",37.53822841,126.8231051,신월동,신월3동
서울양천초등학교,"서울특별시 강서구 양천로 329 (가양동,양천초등학교)",37.57018817,126.8395397,가양동,가양1동
서울양화초등학교,"서울특별시 양천구 목동중앙북로16길 57 (목동,서울양화초등학교)",37.5436693,126.873986,목동,목2동
서울염강초등학교,"서울특별시 강서구 허준로 221-22 , 서울염강초등학교 (가양동,염강초등학교)",37.56111251,126.8642216,가양동,가양3동
서울염동초등학교,"서울특별시 강서구 양천로73길 17 (염창동,염동초등학교)",37.55209548,126.8723509,염창동,염창동
서울염창초등학교,"서울특별시 강서구 양천로 646-28 (염창동, 염창초등학교)",37.55322614,126.8676002,염창동,염창동
서울영도초등학교,"서울특별시 양천구 목동중앙로 70 , 서울영도초등학교 (목동,서울영도초등학교)",37.53594995,126.8719426,목동,목5동
서울우장초등학교,"서울특별시 강서구 화곡로 263 (화곡동,우장초등학교)",37.54963819,126.8459842,화곡동,화곡6동
서울월정초등학교,"서울특별시 강서구 월정로 176 (화곡동,월정초등학교)",37.53499419,126.8362936,화곡동,화곡1동
서울월촌초등학교,"서울특별시 양천구 목동중앙로 132 (목동,서울월촌초등학교)",37.54069543,126.876258,목동,목5동
서울은정초등학교,서울특별시 양천구 목동남로 85 서울은정초등학교,37.51114164,126.8671804,신정동,신정7동
서울정곡초등학교,"서울특별시 강서구 방화대로50길 22 (방화동,정곡초등학교)",37.5769597,126.8189328,방화동,방화3동
서울정목초등학교,"서울특별시 양천구 목동중앙로3길 30-10 (목동,서울정목초등학교)",37.53652885,126.8700491,목동,목4동
서울지향초등학교,"서울특별시 양천구 신정로11길 74 , 서울지향초등학교 (신정동,지향초등학교)",37.51283768,126.8370238,신정동,신정3동
서울치현초등학교,서울특별시 강서구 방화대로47길 43 서울치현초등학교,37.57591915,126.8146456,방화동,방화3동
서울탑산초등학교,"서울특별시 강서구 허준로 109 (가양동,탑산초등학교)",37.56700477,126.852594,가양동,가양2동
서울화곡초등학교,"서울특별시 강서구 초록마을로 28 화곡동,화곡초등학교",37.54366962,126.8464717,화곡동,화곡본동
유석초등학교,"서울특별시 강서구 화곡로69길 9 (등촌동,유석초등학교)",37.56080181,126.8537794,등촌동,등촌3동
동광초등학교,"서울특별시 금천구 탑골로10길 45 , 동광초등학교 (시흥동)",37.45192067,126.915824,시흥동,시흥2동
서울가산초등학교,"서울특별시 금천구 남부순환로 1304-11 , 서울가산초등학교 (독산동)",37.47818039,126.8957322,가산동,가산동
서울개명초등학교,"서울특별시 구로구 개봉로1다길 16-9 (개봉동,개명초등학교)",37.48305638,126.8509407,개봉동,개봉3동
서울개봉초등학교,서울특별시 구로구 개봉로16길 30-11 (개봉동),37.48952806,126.8579722,개봉동,개봉3동
서울개웅초등학교,"서울특별시 구로구 개봉로11길 98 (개봉동,개웅초등학교)",37.48857132,126.8499823,개봉동,개봉3동
서울고산초등학교,"서울특별시 구로구 중앙로 6 (고척동, 고산초등학교)",37.49932523,126.8653501,고척동,고척1동
서울고척초등학교,서울특별시 구로구 경서로 31 (고척동),37.50097636,126.8567963,고척동,고척1동
서울구로남초등학교,"서울특별시 구로구 디지털로27길 76 (구로동,구로남초등학교)",37.4847046,126.8902678,구로동,구로3동
서울구로초등학교,"서울특별시 구로구 구로중앙로27나길 9 , 구로동443 (구로동)",37.49726168,126.8860018,구로동,구로2동
서울구일초등학교,"서울특별시 구로구 구일로 68 (구로동,구일초등학교)",37.49319187,126.8734727,구로동,구로1동
서울금산초등학교,"서울특별시 금천구 시흥대로24길 57 (시흥동, 서울금산초등학교)",37.44142118,126.9078816,시흥동,시흥3동
서울금천초등학교,서울특별시 금천구 탑골로5길 60 (시흥동),37.45480431,126.9128869,시흥동,시흥5동
서울당산초등학교,"서울특별시 영등포구 선유로55길 32 , 서울당산초등학교 (양평동4가)",37.54011912,126.8962411,양평동4가,양평2동
서울당서초등학교,"서울특별시 영등포구 당산로 187 , 서울당서초등학교 (당산동5가)",37.53202744,126.8998142,당산동5가,당산2동
서울당중초등학교,"서울특별시 영등포구 선유로 131 , 서울당중초등학교 (양평동3가)",37.52628923,126.8894135,양평동3가,양평1동
서울대길초등학교,"서울특별시 영등포구 대방천로 206 , 서울대길초등학교 (신길동)",37.49823145,126.913035,신길동,신길6동
서울대동초등학교,"서울특별시 영등포구 대림로21길 6 , 서울대동초등학교 (대림동)",37.49370937,126.9004506,대림동,대림2동
서울대방초등학교,서울특별시 영등포구 여의대방로35길 14 (신길동),37.50290012,126.9190202,신길동,신길7동
서울대영초등학교,"서울특별시 영등포구 신길로23길 43 (신길동,대영초등학교)",37.5026542,126.9065244,신길동,신길5동
서울덕의초등학교,"서울특별시 구로구 고척로 213 (고척동,덕의초등학교)",37.5060004,126.8573531,고척동,고척2동
서울도림초등학교,"서울특별시 영등포구 가마산로65길 22 , 서울도림초등학교 (신길동)",37.50867869,126.9071154,신길동,신길3동
서울도신초등학교,"서울특별시 영등포구 도림로53길 32-9 , 서울도신초등학교 (대림동)",37.49926789,126.9007141,대림동,대림3동
서울독산초등학교,"서울특별시 금천구 시흥대로104길 31 (독산동,독산초등학교)",37.46565619,126.8997129,독산동,독산2동
서울동구로초등학교,"서울특별시 구로구 구로중앙로14길 43 , 서울동구로초등학교 (구로동)",37.494448,126.8930163,구로동,구로4동
서울두산초등학교,"서울특별시 금천구 범안로11길 3 , 서울두산초등학교 (독산동)",37.46754668,126.8909465,독산동,독산1동
서울매봉초등학교,"서울특별시 구로구 고척로21길 55 , 서울매봉초등학교 (개봉동)",37.504944,126.8443866,개봉동,개봉1동
서울문교초등학교,"서울특별시 금천구 독산로54길 102 , 문교초등학교 (독산동)",37.46676964,126.9089299,독산동,독산2동
서울문래초등학교,"서울특별시 영등포구 문래로 104 (문래동3가, 문래초등학교)",37.51914038,126.8936057,문래동3가,문래동
서울문백초등학교,"서울특별시 금천구 시흥대로47길 43-1 (시흥동, 문백초등학교)",37.44711987,126.8986887,시흥동,시흥1동
서울문성초등학교,"서울특별시 금천구 시흥대로 460 , 서울문성초등학교  (독산동)",37.47488188,126.8994713,독산동,독산3동
서울미래초등학교,"서울특별시 구로구 새말로 73 , 서울미래초등학교 (구로동)",37.50510665,126.8880803,구로동,구로5동
서울백산초등학교,"서울특별시 금천구 시흥대로38길 78 (시흥동, 백산초등학교)",37.44676728,126.9050646,시흥동,시흥5동
서울세곡초등학교,"서울특별시 구로구 고척로33길 34 (고척동,세곡초등학교)",37.50506044,126.8491266,고척동,고척2동
서울시흥초등학교,"서울특별시 금천구 독산로23길 26 , 서울시흥초등학교 (시흥동)",37.4553482,126.9046492,시흥동,시흥1동
서울신구로초등학교,"서울특별시 구로구 가마산로27길 69 (구로동,서울신구로초등학교)",37.49942087,126.8888574,구로동,구로5동
서울신대림초등학교,서울특별시 영등포구 대림로8길 25 (대림동),37.49214874,126.9060777,대림동,대림1동
서울신도림초등학교,"서울특별시 구로구 신도림로19길 44 , 서울신도림초등학교 (신도림동)",37.51199636,126.8831507,신도림동,신도림동
서울신미림초등학교,"서울특별시 구로구 신도림로 26 (신도림동, 신미림초등학교)",37.5071588,126.8795842,신도림동,신도림동
서울신영초등학교,"서울특별시 영등포구 도신로4길 32 (대림동,신영초등학교)",37.50100602,126.8960948,대림동,대림3동
서울신흥초등학교,"서울특별시 금천구 독산로36나길 21 (시흥동, 신흥초등학교)",37.45928427,126.9093492,시흥동,시흥4동
서울안천초등학교,"서울특별시 금천구 한내로 69-16 , 서울안천초등학교 (독산동)",37.45875781,126.8883914,독산동,독산1동
서울여의도초등학교,"서울특별시 영등포구 여의대방로 439 , 서울여의도초등학교 (여의도동)",37.52320482,126.9367944,여의도동,여의동
서울영남초등학교,서울특별시 금천구 문성로 62-15 (독산동),37.4758807,126.9099228,독산동,독산3동
서울영동초등학교,"서울특별시 영등포구 국회대로53길 20 , (당산동, 영동초등학교) (당산동)",37.52700691,126.9077034,당산동,당산2동
서울영등포초등학교,서울특별시 영등포구 경인로 756 (문래동1가),37.51294802,126.89826,문래동1가,문래동
서울영림초등학교,"서울특별시 영등포구 시흥대로173길 14 , 서울영림초등학교 (대림동)",37.48734601,126.9025161,대림동,대림2동
서울영서초등학교,"서울특별시 구로구 도림로20길 57 , 영서초등학교 (구로동)",37.48796309,126.8950274,구로동,구로3동
서울영신초등학교,서울특별시 영등포구 도신로60길 23 (신길동),37.51017196,126.9181221,신길동,신길1동
서울영원초등학교,서울특별시 영등포구 도영로 22길 31 (도림동),37.51071936,126.9021825,영등포동,영등포본동
서울영일초등학교,"서울특별시 구로구 남부순환로105길 218 , 서울영일초등학교 (가리봉동)",37.48561007,126.8839113,가리봉동,가리봉동
서울영중초등학교,"서울특별시 영등포구 양산로 185 , 서울영중초등학교 (영등포동7가)",37.5241433,126.9036957,영등포동7가,영등포동
서울오류남초등학교,"서울특별시 구로구 서해안로24길 22 (오류동, 오류남초등학교)",37.48971668,126.8390985,오류동,오류2동
서울오류초등학교,"서울특별시 구로구 경인로19길 39 , 서울오류초등학교 (오류동)",37.49753706,126.8420377,오류동,오류1동
서울오정초등학교,"서울특별시 구로구 경인로2길 10 , 서울오정초등학교 (오류동)",37.49013725,126.8264177,오류동,오류2동
서울온수초등학교,서울특별시 구로구 부일로 893 (온수동),37.49351062,126.8266616,온수동,수궁동
서울우신초등학교,"서울특별시 영등포구 신길로 190 (신길동,우신초등학교)",37.50986472,126.9118637,신길동,신길4동
서울윤중초등학교,서울특별시 영등포구 여의나루로2길 14 (여의도동),37.51964164,126.9225908,여의도동,여의동
서울정심초등학교,"서울특별시 금천구 독산로78다길 89 , 정심초등학교 (독산동)",37.47198268,126.9081865,독산동,독산4동
서울탑동초등학교,"서울특별시 금천구 탑골로 47-3 (시흥동, 탑동초등학교)",37.45232267,126.9145254,시흥동,시흥2동
서울흥일초등학교,서울특별시 금천구 독산로50가길 60 (시흥동),37.46369744,126.9110176,시흥동,시흥4동
경희초등학교,"서울특별시 동대문구 경희대로 26 , 경희초등학교 (회기동, 경희대학교)",37.59394914,127.054891,회기동,회기동
금성초등학교,"서울특별시 중랑구 신내로21길 55 , 금성초등학교 (신내동)",37.61531513,127.0898585,신내동,신내2동
서울삼육초등학교,"서울특별시 동대문구 회기로10길 63 , 서울삼육초등학교 (회기동)",37.58969413,127.0482485,회기동,회기동
서울군자초등학교,"서울특별시 동대문구 한천로6길 21 , 서울군자초등학교 (장안동)",37.56412232,127.0605233,장안동,장안1동
서울답십리초등학교,"서울특별시 동대문구 전농로3길 23 , 서울답십리초등학교 (답십리동)",37.56880432,127.055427,답십리동,답십리1동
서울동답초등학교,"서울특별시 동대문구 답십리로60길 12 (답십리동,서울동답초등학교)",37.57150142,127.0640341,답십리동,답십리2동
서울동원초등학교,"서울특별시 중랑구 송림길 114 , 서울동원초등학교 (망우동)",37.60466834,127.1042921,망우동,망우본동
서울망우초등학교,"서울특별시 중랑구 망우로72길 49 , 서울망우초등학교 (망우동)",37.59873698,127.1038418,망우동,망우본동
서울면남초등학교,"서울특별시 중랑구 면목로30나길 38 (면목동,면남초등학교)",37.57725972,127.0876664,면목동,면목7동
서울면동초등학교,"서울특별시 중랑구 면목로57길 32 (면목동, 면동초등학교)",37.58524071,127.0859611,면목동,면목본동
서울면목초등학교,서울특별시 중랑구 면목로 434 (면목동),37.5906966,127.0872878,면목동,면목본동
서울면북초등학교,"서울특별시 중랑구 용마공원로5길 32 , 서울면북초등학교 (망우동)",37.59441816,127.1035478,망우동,망우3동
서울면일초등학교,"서울특별시 중랑구 용마산로100길 13 , 면일초등학교 (망우동)",37.5920416,127.0997947,망우동,망우3동
서울면중초등학교,"서울특별시 중랑구 용마산로70길 43 , 서울면중초등학교 (면목동)",37.58244179,127.0965509,면목동,면목3.8동
서울묵동초등학교,"서울특별시 중랑구 동일로138길 27 , 서울묵동초등학교 (중화동)",37.60335949,127.0808272,중화동,중화1동
서울배봉초등학교,"서울특별시 동대문구 사가정로 193 , 배봉초등학교 (전농동)",37.58008416,127.0668719,전농동,전농2동
서울봉화초등학교,"서울특별시 중랑구 신내로15길 110 (신내동,봉화초등학교)",37.61357623,127.0924085,신내동,신내2동
서울상봉초등학교,"서울특별시 중랑구 동일로126가길 11 , 서울상봉초등학교 (상봉동)",37.59797895,127.0831714,상봉동,상봉1동
서울신내초등학교,"서울특별시 중랑구 용마산로125나길 22 (신내동,신내초등학교)",37.60493422,127.1001285,신내동,신내1동
서울신답초등학교,"서울특별시 동대문구 천호대로 177 (답십리동,서울신답초등학교)",37.57270461,127.0429617,답십리동,답십리1동
서울신묵초등학교,"서울특별시 중랑구 동일로149길 46 (묵동,신묵초등학교)",37.60652285,127.0758358,묵동,묵2동
서울신현초등학교,서울특별시 중랑구 봉화산로 188 (신내동),37.60581459,127.0935218,신내동,신내2동
서울안평초등학교,"서울특별시 동대문구 장한로14길 61 , 서울안평초등학교 (장안동)",37.56596821,127.0720334,장안동,장안1동
서울용두초등학교,서울특별시 동대문구 천호대로13길 43 (용두동),37.57640498,127.028382,용두동,신설동
서울원묵초등학교,"서울특별시 중랑구 숙선옹주로 109 , 서울원묵초등학교 (묵동)",37.61774881,127.0868142,묵동,묵1동
서울이문초등학교,"서울특별시 동대문구 신이문로 16 (이문동, 서울이문초등학교)",37.60189649,127.064885,이문동,이문2동
서울장평초등학교,서울 동대문구 답십리로69길 27 (장안동),37.57399502,127.073891,장안동,장안2동
서울전곡초등학교,서울특별시 동대문구 전농로 172 (전농동),37.58070429,127.0560124,전농동,전농2동
서울전농초등학교,"서울특별시 동대문구 사가정로 66 , 서울전농초등학교 (전농동)",37.57468524,127.0543973,전농동,전농1동
서울전동초등학교,"서울특별시 동대문구 전농로16길 61 , 서울전동초등학교 (전농동)",37.57908329,127.0608053,전농동,전농2동
서울종암초등학교,서울특별시 동대문구 무학로44길 25 (제기동),37.58230741,127.0318564,제기동,제기동
서울중곡초등학교,"서울특별시 중랑구 면목로23길 20 (면목동,중곡초등학교)",37.57489173,127.083439,면목동,면목4동
서울중랑초등학교,"서울특별시 중랑구 봉우재로6길 26 (면목동,중랑초등학교)",37.58892231,127.0754824,면목동,면목2동
서울중목초등학교,"서울특별시 중랑구 동일로 665 , 서울중목초등학교 (면목동)",37.59003683,127.0792007,면목동,면목2동
서울중화초등학교,"서울특별시 중랑구 신내로7가길 22 , 서울중화초등학교 (신내동)",37.60291827,127.0945395,신내동,신내2동
서울중흥초등학교,"서울특별시 중랑구 봉화산로 82 , 서울중흥초등학교 (중화동)",37.60140972,127.0838491,중화동,중화1동
서울청량초등학교,"서울특별시 동대문구 회기로25길 31 (회기동, 서울청량초등학교)",37.5923094,127.0559085,회기동,회기동
서울홍릉초등학교,서울특별시 동대문구 회기로 90 (청량리동),37.59068752,127.0477051,청량리동,청량리동
서울홍파초등학교,서울특별시 동대문구 고산자로 518 (제기동),37.58612038,127.039415,제기동,제기동
서울휘경초등학교,"서울특별시 동대문구 망우로6길 48 (휘경동, 서울휘경초등학교)",37.58567541,127.0579169,휘경동,휘경2동
은석초등학교,"서울특별시 동대문구 장안벚꽃로 205 (장안동, 은석초등학교)",37.57845027,127.0760031,장안동,장안2동
서울강남초등학교,서울특별시 동작구 강남초등길 15 (상도1동),37.50620472,126.9535671,상도1동,상도1동
서울관악초등학교,"서울 관악구 청룡4길 49 , 관악초등학교 (봉천동,관악초등학교)",37.48102971,126.9425705,봉천동,청룡동
서울구암초등학교,"서울특별시 관악구 구암길 1 , 서울구암초등학교 (봉천동)",37.48921747,126.9462717,봉천동,성현동
서울난곡초등학교,"서울특별시 관악구 난곡로35길 102 (신림동, 난곡초등학교)",37.4691282,126.9163416,신림동,난곡동
서울난우초등학교,"서울특별시 관악구 난우길 40 (신림동,난우초등학교)",37.47712059,126.9174588,신림동,미성동
서울난향초등학교,"서울특별시 관악구 난향길 9 (신림동,난향초등학교)",37.46282189,126.9183368,신림동,난향동
서울남부초등학교,"서울특별시 관악구 남부순환로163길 14 , 서울남부초등학교 (신림동)",37.48511944,126.9221838,신림동,신사동
서울남사초등학교,서울특별시 동작구 동작대로13길 22 (사당동),37.48194132,126.9782344,사당동,사당1동
서울남성초등학교,"서울특별시 동작구 사당로23길 57-14 (사당동, 서울남성초등학교)",37.48463302,126.975578,사당동,사당3동
서울노량진초등학교,서울특별시 동작구 장승배기로 160 (노량진동),37.51171957,126.9408275,노량진동,노량진1동
서울당곡초등학교,서울특별시 관악구 보라매로2길 23,37.49016812,126.9303698,봉천동,보라매동
서울대림초등학교,서울특별시 동작구 대방동1길 22 (대방동),37.50061967,126.9248781,대방동,대방동
서울동작초등학교,"서울특별시 동작구 동작대로29길 214 , 서울동작초등학교 (사당동)",37.49406054,126.9764893,사당동,사당2동
서울문창초등학교,"서울특별시 동작구 신대방2길 14 (신대방동,서울문창초등학교)",37.48894829,126.914528,신대방동,신대방1동
서울미성초등학교,"서울특별시 관악구 문성로 79 , 서울미성초등학교 (신림동)",37.47833997,126.9123923,신림동,미성동
서울본동초등학교,"서울특별시 동작구 노량진로26길 16-40 , 서울본동초등학교 (본동)",37.51169559,126.9541782,본동,노량진1동
서울봉천초등학교,"서울특별시 관악구 행운1라길 17 , 서울봉천초등학교 (봉천동,봉천초등학교)",37.48327321,126.9582092,봉천동,행운동
서울사당초등학교,"서울특별시 관악구 남현4길 51 , 서울사당초등학교 (남현동)",37.47381962,126.973367,남현동,남현동
서울삼성초등학교,"서울특별시 관악구 대학7길 52 , 삼성초등학교 (신림동)",37.46852204,126.9404929,신림동,대학동
서울상도초등학교,"서울특별시 동작구 성대로21길 62 (상도동,상도초등학교)",37.50037603,126.9373788,상도동,상도4동
서울신길초등학교,서울특별시 동작구 알마타길 16 (대방동),37.51036652,126.9268086,대방동,대방동
서울신남성초등학교,서울특별시 동작구 사당로 146 (사당동),37.48870471,126.9646797,사당동,사당5동
서울신림초등학교,"서울특별시 관악구 문성로28길 31 , 서울신림초등학교 (신림동)",37.47711985,126.9268767,신림동,신원동
서울신봉초등학교,서울특별시 관악구 양녕로6나길 1 (봉천동),37.48557795,126.9491309,봉천동,중앙동
서울신상도초등학교,"서울특별시 동작구 장승배기로 14 (상도동,서울신상도초등학교)",37.50082463,126.9438177,상도동,상도2동
서울신성초등학교,"서울특별시 관악구 신림로 114 , 서울신성초등학교 (신림동)",37.47200331,126.9367542,신림동,서림동
서울신우초등학교,"서울특별시 관악구 호암로 498 , 신우초등학교 (신림동)",37.46327253,126.9325352,신림동,삼성동
서울영본초등학교,"서울특별시 동작구 만양로12가길 69 , 서울영본초등학교 (본동)",37.51130651,126.9486405,본동,노량진1동
서울영화초등학교,"서울특별시 동작구 등용로8길 3 , 서울영화초등학교 (대방동)",37.50893695,126.932816,대방동,대방동
서울원당초등학교,서울특별시 관악구 봉천로 505 (봉천동),37.48130479,126.9557666,봉천동,행운동
서울원신초등학교,"서울특별시 관악구 광신길 177 , 원신초등학교 (신림동)",37.46720755,126.9272752,신림동,삼성동
서울은로초등학교,"서울특별시 동작구 서달로 115 , 서울은로초등학교 (흑석동)",37.50339298,126.9597784,흑석동,흑석동
서울은천초등학교,서울특별시 관악구 은천로 69 (봉천동),37.4865852,126.9426791,봉천동,은천동
서울인헌초등학교,서울특별시 관악구 낙성대로 23 (봉천동),37.47677535,126.9598758,봉천동,낙성대동
서울청룡초등학교,서울특별시 관악구 관악로5길 61 (봉천동),37.47672527,126.9512846,봉천동,청룡동
서울행림초등학교,"서울특별시 동작구 솔밭로 47 (사당동,행림초등학교)",37.48281148,126.9649777,사당동,사당5동
서울흑석초등학교,"서울특별시 동작구 현충로 87 , 서울흑석초등학교 (흑석동)",37.50829705,126.9651492,흑석동,흑석동
중앙대학교사범대학부속초등학교,"서울특별시 동작구 서달로 135 (흑석동, 중앙대부속초등학교)",37.50526855,126.9601623,흑석동,흑석동
동북초등학교,"서울특별시 도봉구 시루봉로 53 , 동북초등학교 (쌍문동)",37.65627502,127.0267031,쌍문동,쌍문4동
상명초등학교,"서울특별시 노원구 덕릉로 541 , 상명초등학교 (중계동)",37.64872762,127.0669845,중계동,중계2.3동
서울계상초등학교,서울특별시 노원구 한글비석로41가길 24 (상계동),37.66244641,127.0688803,상계동,상계5동
서울공릉초등학교,"서울특별시 노원구 동일로173길 12 (공릉동,서울공릉초등학교)",37.61861201,127.0746143,공릉동,공릉1동
서울공연초등학교,"서울특별시 노원구 동일로192가길 16 (공릉동,서울공연초등학교)",37.62719482,127.0740308,공릉동,공릉1동
서울노원초등학교,"서울특별시 노원구 동일로230나길 32 (상계동, 노원초등학교)",37.67359013,127.0584601,상계동,상계1동
서울노일초등학교,"서울특별시 노원구 동일로 1625 (상계동,노일초등학교)",37.67351353,127.0551376,상계동,상계1동
서울녹천초등학교,"서울특별시 노원구 마들로3길 34 , 서울녹천초등학교 (월계동)",37.62851011,127.0631341,월계동,월계3동
서울누원초등학교,서울특별시 도봉구 마들로 859-44 (도봉동),37.68723271,127.0492672,도봉동,도봉2동
서울당현초등학교,"서울특별시 노원구 동일로213길 52 , 서울당현초등학교 (상계동)",37.64823031,127.0582525,상계동,상계6.7동
서울도봉초등학교,서울특별시 도봉구 도봉로173길 96 (도봉동),37.67996175,127.0382887,도봉동,도봉1동
서울동일초등학교,"서울특별시 노원구 한글비석로 566 , 동일초등학교 (상계동)",37.66481783,127.0543222,상계동,상계8동
서울방학초등학교,"서울특별시 도봉구 도당로9길 34 , 방학초등학교 (방학동)",37.66393373,127.032748,방학동,방학2동
서울백운초등학교,서울특별시 도봉구 삼양로146길 17 (쌍문동),37.65264151,127.0136725,쌍문동,쌍문1동
서울불암초등학교,"서울특별시 노원구 중계로 178 , 서울불암초등학교 (중계동)",37.65115064,127.080651,중계동,중계본동
서울상경초등학교,"서울특별시 노원구 수락산로 237 (상계동,상경초등학교)",37.67045947,127.0517738,상계동,상계8동
서울상계초등학교,"서울특별시 노원구 상계로9길 39 , 서울상계초등학교 (상계동)",37.65884385,127.0663364,상계동,상계2동
서울상곡초등학교,"서울특별시 노원구 노원로38길 34 , 서울상곡초등학교 (상계동)",37.6628823,127.0622342,상계동,상계10동
서울상수초등학교,"서울특별시 노원구 동일로216길 66 , 서울상수초등학교 (상계동)",37.6510889,127.0645868,상계동,상계6.7동
서울상원초등학교,서울특별시 노원구 한글비석로54길 119 (상계동),37.66766551,127.0596307,상계동,상계9동
서울상월초등학교,서울특별시 노원구 동일로221길 27 (상계동),37.65868395,127.0573693,상계동,상계10동
서울상천초등학교,"서울특별시 노원구 덕릉로 443 , 서울상천초등학교 (상계동)",37.64610601,127.057448,상계동,상계6.7동
서울선곡초등학교,"서울특별시 노원구 광운로2길 1 , 서울선곡초등학교 (월계동)",37.61860202,127.0577303,월계동,월계1동
서울수락초등학교,"서울특별시 노원구 동일로 1745 (상계동,서울수락초등학교)",37.68450608,127.0551873,상계동,상계1동
서울수암초등학교,"서울특별시 노원구 중계로12길 9 (중계동,수암초등학교)",37.6476849,127.0814656,중계동,중계본동
서울숭미초등학교,"서울특별시 도봉구 노해로 179 (쌍문동,숭미초등학교)",37.65102344,127.0279443,쌍문동,쌍문1동
서울신계초등학교,"서울특별시 노원구 초안산로 29 (월계동,신계초등학교)",37.62998908,127.052872,월계동,월계2동
서울신방학초등학교,"서울특별시 도봉구 시루봉로 173 , 서울신방학초등학교 (방학동)",37.66668425,127.0289181,방학동,방학3동
서울신상계초등학교,"서울특별시 노원구 상계로 267 , 신상계초등학교 (상계동)",37.66751836,127.075828,상계동,상계3.4동
서울신창초등학교,"서울특별시 도봉구 덕릉로60길 93 , 신창초등학교 (창동)",37.63653953,127.0420843,창동,창3동
서울신학초등학교,서울특별시 도봉구 방학로 247-21 (방학동),37.66122045,127.0257213,방학동,방학3동
서울신화초등학교,"서울특별시 도봉구 우이천로 120 , 신화초등학교 (창동)",37.63319504,127.0408842,창동,창3동
서울쌍문초등학교,"서울특별시 도봉구 우이천로 360 , 서울쌍문초등학교 (쌍문동,쌍문초등학교)",37.64836383,127.0242911,쌍문동,쌍문1동
서울연지초등학교,서울특별시 노원구 월계로55길 48 (월계동),37.6331962,127.05955,월계동,월계3동
서울연촌초등학교,"서울특별시 노원구 공릉로58길 36 , 서울연촌초등학교 (하계동)",37.63442392,127.0725229,하계동,하계1동
서울오봉초등학교,"서울특별시 도봉구 시루봉로 285 , 서울오봉초등학교 (도봉동)",37.67171849,127.040259,도봉동,도봉1동
서울온곡초등학교,"서울특별시 노원구 한글비석로52길 59 (상계동,온곡초등학교)",37.66732953,127.0655974,상계동,상계9동
서울용동초등학교,"서울특별시 노원구 한글비석로1길 81-11 (중계동,용동초등학교)",37.64105757,127.0691148,중계동,중계2.3동
서울용원초등학교,"서울특별시 노원구 섬밭로 144 , 용원초등학교 (공릉동, 서울용원초등학교)",37.62993015,127.0689367,공릉동,공릉1동
서울원광초등학교,"서울특별시 노원구 덕릉로76길 18 (중계동,원광초등학교)",37.65429085,127.0753043,중계동,중계1동
서울월계초등학교,"서울특별시 노원구 월계로45가길 10 (월계동,월계초등학교)",37.62795058,127.0508695,월계동,월계2동
서울월천초등학교,"서울특별시 도봉구 노해로70길 96 (창동,서울월천초등학교)",37.64791373,127.0514258,창동,창4동
서울을지초등학교,서울특별시 노원구 중계로 239 (중계동),37.65058742,127.0733504,중계동,중계1동
서울자운초등학교,"서울특별시 도봉구 마들로13길 166 , 서울자운초등학교 (창동)",37.65805568,127.0470176,창동,창4동
서울중계초등학교,"서울특별시 노원구 한글비석로19길 39 , 서울중계초등학교 (중계동)",37.65786223,127.0733483,중계동,중계4동
서울중원초등학교,서울특별시 노원구 섬밭로 316 (중계동),37.64396628,127.063052,중계동,중계2.3동
서울중평초등학교,"서울특별시 노원구 섬밭로 241 , 서울중평초등학교 (하계동)",37.63725088,127.0637316,하계동,하계2동
서울중현초등학교,"서울특별시 노원구 섬밭로 181 , 서울중현초등학교 (하계동,중현초등학교)",37.63225517,127.0660566,하계동,하계2동
서울창경초등학교,"서울특별시 도봉구 도봉로129길 54 (쌍문동,창경초등학교)",37.65660218,127.0346025,쌍문동,쌍문2동
서울창도초등학교,"서울특별시 도봉구 방학로 32-28 (방학동, 서울창도초등학교)",37.66413487,127.048784,방학동,방학1동
서울창동초등학교,서울특별시 도봉구 해등로16길 81 (창동),37.65536304,127.0448329,창동,창5동
서울창림초등학교,서울특별시 도봉구 덕릉로63길 46 (창동),37.64323708,127.0416041,창동,창2동
서울창원초등학교,"서울특별시 도봉구 해등로 103 (창동,서울창원초등학교)",37.65264409,127.0399799,창동,창5동
서울창일초등학교,"서울특별시 도봉구 노해로66길 84 , 창일초등학교 (창동)",37.64765764,127.0476263,창동,창1동
서울청계초등학교,"서울특별시 노원구 공릉로 431 , 서울청계초등학교 (중계동)",37.64498036,127.0658175,중계동,중계2.3동
서울초당초등학교,서울특별시 도봉구 해등로32길 11 (방학동),37.65862783,127.0219562,방학동,방학3동
서울태랑초등학교,"서울특별시 노원구 화랑로51나길 31 , 서울태랑초등학교 (공릉동)",37.62625086,127.0909151,공릉동,공릉2동
서울태릉초등학교,"서울특별시 노원구 노원로1길 36 , 서울태릉초등학교 (공릉동)",37.62287979,127.084782,공릉동,공릉2동
서울한천초등학교,서울특별시 노원구 마들로 45 서울한천초등학교 (월계동),37.62075017,127.0692581,월계동,월계3동
청원초등학교,"서울특별시 노원구 한글비석로 506 , (상계동,청원초/중/고등학교) (상계동)",37.66525155,127.0625329,상계동,상계9동
태강삼육초등학교,"서울특별시 노원구 화랑로 815 , 태강삼육초등학교 (공릉동)",37.64335737,127.1088503,공릉동,공릉2동
한신초등학교,"서울특별시 도봉구 노해로49길 69 (쌍문동,한신초등학교)",37.65335584,127.0324273,쌍문동,쌍문4동
화랑초등학교,"서울특별시 노원구 화랑로 621 (공릉동,화랑초등학교)",37.62738159,127.0916212,공릉동,공릉2동
경기초등학교,"서울특별시 서대문구 경기대로9길 10 (충정로2가,경기초등학교)",37.56511029,126.9628606,충정로2가,충현동
명지초등학교,서울특별시 서대문구 명지2길 32-20 (홍은동),37.58362994,126.9282315,홍은동,홍은2동
서울갈현초등학교,"서울특별시 은평구 연서로29길 31 , 갈현초등학교 (갈현동)",37.61977964,126.9166834,갈현동,갈현2동
서울고은초등학교,"서울특별시 서대문구 모래내로 441 (홍제동, 서울고은초등학교)",37.58500184,126.9439749,홍제동,홍제1동
서울공덕초등학교,"서울특별시 마포구 만리재옛길 13 (공덕동, 공덕초등학교)",37.54580335,126.9548231,공덕동,공덕동
서울구산초등학교,"서울특별시 은평구 서오릉로15길 16 (구산동, 구산초등학교)",37.61275096,126.9093765,구산동,구산동
서울금화초등학교,"서울특별시 서대문구 통일로 165 (천연동,서울금화초등학교)",37.56882755,126.9629414,천연동,천연동
서울녹번초등학교,"서울특별시 은평구 녹번로1길 1 (녹번동, 서울녹번초등학교)",37.60458339,126.9257463,녹번동,녹번동
서울대신초등학교,"서울특별시 서대문구 이화여대2길 27 (대현동, 서울대신초등학교)",37.55794755,126.9480572,대현동,신촌동
서울대은초등학교,"서울특별시 은평구 통일로69길 12-15 , 서울대은초등학교 (대조동)",37.6115729,126.927317,대조동,대조동
서울대조초등학교,서울특별시 은평구 연서로18길 17 (대조동),37.61357914,126.9193022,대조동,대조동
서울동교초등학교,"서울특별시 마포구 월드컵로25길 86 , 동교초등학교 (망원동)",37.55833769,126.9020783,망원동,망원2동
서울마포초등학교,"서울특별시 마포구 도화2길 64 , 서울 마포초등학교 (도화동)",37.53863763,126.9499738,도화동,도화동
서울망원초등학교,"서울특별시 마포구 방울내로5길 28 (망원동, 망원초등학교)",37.56104394,126.9011172,망원동,망원2동
서울미동초등학교,"서울특별시 서대문구 충정로 52 (미근동, 서울미동초등학교)",37.56335057,126.9658861,미근동,충현동
서울북가좌초등학교,"서울특별시 서대문구 거북골로19길 20 (북가좌동, 서울북가좌초등학교)",37.57722021,126.9077782,북가좌동,북가좌1동
서울북성초등학교,"서울특별시 서대문구 북아현로1나길 22 (북아현동, 북성초등학교)",37.55963212,126.9518349,북아현동,북아현동
서울북한산초등학교,"서울특별시 은평구 대서문길 42-3 , 서울북한산초등학교 (진관동)",37.65363208,126.9504624,진관동,진관동
서울불광초등학교,"서울특별시 은평구 불광로 51 , 서울불광초등학교 (불광동)",37.61342945,126.9307187,불광동,불광1동
서울상신초등학교,서울특별시 은평구 가좌로 361 (신사동),37.59755372,126.9046049,신사동,신사2동
서울상암초등학교,"서울특별시 마포구 월드컵북로 353 (상암동,상암초등학교)",37.57630958,126.89196,상암동,상암동
서울서강초등학교,"서울특별시 마포구 독막로 113 (상수동,서강초등학교)",37.54810508,126.9274309,상수동,서강동
서울서교초등학교,서울특별시 마포구 와우산로23길 20-27 (서교동),37.55488173,126.9243824,서교동,서교동
서울성산초등학교,"서울특별시 마포구 양화로3길 94 , 서울성산초등학교 (합정동)",37.55344533,126.9106697,합정동,합정동
서울성서초등학교,서울특별시 마포구 성미산로7길 24 (성산동),37.56101504,126.910759,성산동,성산1동
서울성원초등학교,서울특별시 마포구 월드컵로36길 34 (성산동),37.56693244,126.9050136,성산동,성산2동
서울소의초등학교,"서울특별시 마포구 마포대로24길 42 (아현동,소의초등학교)",37.55278186,126.9606556,아현동,공덕동
서울수색초등학교,서울특별시 은평구 수색로16길 21 (수색동),37.58517215,126.8960121,수색동,수색동
서울신도초등학교,"서울특별시 은평구 진관1로 77-23 , 서울신도초등학교 (진관동)",37.63293843,126.9291989,진관동,진관동
서울신북초등학교,"서울특별시 마포구 월드컵북로38길 26 , 서울신북초등학교 (중동)",37.57154596,126.904869,중동,성산2동
서울신사초등학교,"서울특별시 은평구 가좌로 275-2 , 서울신사초등학교 (신사동)",37.5929639,126.9132647,신사동,신사2동
서울신석초등학교,"서울특별시 마포구 대흥로 33 , 서울신석초등학교 (신수동)",37.54453573,126.9377795,신수동,신수동
서울아현초등학교,서울특별시 마포구 굴레방로 6 (아현동),37.55581599,126.9565961,아현동,아현동
서울안산초등학교,서울특별시 서대문구 통일로 321 (홍제동),37.57916901,126.9522097,홍제동,홍제1동
서울역촌초등학교,"서울특별시 은평구 은평로3길 25 , 서울역촌초등학교 (역촌동,서울역촌초등학교)",37.60158417,126.913928,역촌동,역촌동
서울연가초등학교,"서울특별시 서대문구 증가로12가길 49-50 , 연가초등학교 (남가좌동)",37.5795632,126.9173292,남가좌동,남가좌2동
서울연신초등학교,서울특별시 은평구 연서로 347 (불광동),37.62605996,126.9277513,불광동,불광2동
서울연은초등학교,"서울특별시 은평구 백련산로2길 35 , 서울연은초등학교 (응암동)",37.59051222,126.9251126,응암동,응암2동
서울연천초등학교,"서울특별시 은평구 연서로34길 22 , 연천초등학교 (불광동)",37.62134929,126.9299179,불광동,불광2동
서울연희초등학교,"서울 서대문구 연희로 136 , 서울연희초등학교 (연희동,서울연희초등학교)",37.56904593,126.9341423,연희동,연희동
서울염리초등학교,"서울특별시 마포구 토정로37길 37 , 서울염리초등학교 (염리동)",37.54257093,126.9462476,염리동,용강동
서울용강초등학교,서울특별시 마포구 백범로17길 9 (대흥동),37.54911243,126.9440585,대흥동,대흥동
서울은평초등학교,서울특별시 은평구 은평로 239 (녹번동),37.60230404,126.9340336,녹번동,녹번동
서울응암초등학교,"서울특별시 은평구 가좌로6길 20 , 서울응암초등학교 (응암동)",37.58875319,126.9216161,응암동,응암3동
서울인왕초등학교,"서울특별시 서대문구 세무서길 33-9 (홍제동,서울인왕초등학교)",37.59021988,126.9448045,홍제동,홍제3동
서울중동초등학교,서울특별시 마포구 월드컵북로 152 (성산동),37.56644584,126.9117804,성산동,성산2동
서울증산초등학교,서울특별시 은평구 증산서길 61 (증산동),37.58256527,126.9042764,증산동,증산동
서울창서초등학교,"서울특별시 서대문구 연세로5나길 30-3 (창천동, 서울창서초등학교)",37.55814305,126.9334809,창천동,신촌동
서울창천초등학교,"서울특별시 마포구 백범로1길 56 , 서울창천초등학교 (노고산동)",37.55491782,126.9392951,노고산동,대흥동
서울한서초등학교,"서울특별시 마포구 대흥로24바길 27 , 서울한서초 (염리동)",37.55364783,126.9497788,염리동,염리동
서울홍연초등학교,"서울특별시 서대문구 백련사길 55 , 서울홍연초등학교 (홍은동)",37.58211871,126.9306604,홍은동,홍은2동
서울홍은초등학교,"서울특별시 서대문구 세검정로 105 , 홍제동,서울홍은초등학교 (홍제동)",37.59754027,126.949458,홍제동,홍제3동
서울홍제초등학교,"서울특별시 서대문구 홍은중앙로 13 , 서울홍제초등학교 (홍은동)",37.59348091,126.9453365,홍은동,홍은1동
선일초등학교,"서울특별시 은평구 갈현로29길 27 , 선일초등학교 (갈현동)",37.62030421,126.9119931,갈현동,갈현2동
알로이시오초등학교,"서울특별시 은평구 백련산로14길 20-11 (응암동,서울특별시립소년의집)",37.5975586,126.9287419,응암동,응암1동
예일초등학교,"서울특별시 은평구 연서로 117 , 예일초등학교 (구산동)",37.6109459,126.9147928,구산동,구산동
은혜초등학교,"서울특별시 은평구 통일로78가길 20 (불광동,은혜초등학교)",37.61775859,126.9273984,불광동,불광1동
이화여자대학교사범대학부속초등학교,"서울특별시 서대문구 성산로 512-39 (대신동,이화여대부속초등학교)",37.56115022,126.9427751,대신동,신촌동
추계초등학교,"서울특별시 서대문구 북아현로11가길 7 (북아현동,추계초등학교)",37.56317672,126.9540593,북아현동,충현동
충암초등학교,서울특별시 은평구 가좌로5길 5 (응암동),37.58464029,126.9218095,응암동,응암3동
홍익대학교사범대학부속초등학교,서울특별시 마포구 성미산로 51 (성산동),37.55966516,126.9129287,성산동,성산1동
경복초등학교,"서울특별시 광진구 천호대로130길 58 , 경복초등학교 (능동)",37.54981386,127.0867934,능동,능동
서울경동초등학교,"서울특별시 성동구 성수일로 34 (성수동1가,경동초등학교)",37.54382548,127.0500737,성수동1가,성수1가1동
서울경수초등학교,"서울특별시 성동구 뚝섬로13길 22 (성수동2가,경수초등학교)",37.54043667,127.0580668,성수동2가,성수2가1동
서울경일초등학교,서울특별시 성동구 뚝섬로 332 (성수동1가),37.54094109,127.0466049,성수동1가,성수1가1동
서울광남초등학교,서울특별시 광진구 아차산로70길 35 (광장동),37.54096753,127.1007042,광장동,광장동
서울광장초등학교,"서울특별시 광진구 광장로1길 27 , 서울광장초등학교 (광장동)",37.54854922,127.1017999,광장동,광장동
서울구남초등학교,"서울특별시 광진구 구의강변로 69 , 서울구남초등학교 (구의동)",37.53709659,127.0922888,구의동,구의3동
서울구의초등학교,"서울특별시 광진구 광나루로30길 49 , 서울구의초등학교 (화양동)",37.54300744,127.0803118,화양동,화양동
서울금북초등학교,"서울특별시 성동구 행당로1길 13 , 서울금북초등학교 (금호동1가)",37.55749549,127.0235565,금호동1가,금호1가동
서울금옥초등학교,"서울특별시 성동구 독서당로 251 (금호동4가, 서울금옥초등학교)",37.54630237,127.0174916,금호동4가,금호4가동
서울금호초등학교,"서울특별시 성동구 무수막길 69 , 서울금호초등학교 (금호동2가)",37.55189794,127.0207529,금호동2가,금호2.3가동
서울동명초등학교,"서울특별시 성동구 마장로29길 29 , 서울동명초등학교 (마장동)",37.56812303,127.0351082,마장동,마장동
서울동의초등학교,"서울특별시 광진구 영화사로 111 (구의동,서울동의초등학교)",37.55342244,127.0990473,구의동,구의2동
서울동자초등학교,서울특별시 광진구 뚝섬로 561 (자양동),37.53505821,127.0721792,자양동,자양3동
서울무학초등학교,"서울특별시 성동구 무학봉15길 21 , 서울무학초등학교 (하왕십리동)",37.56326122,127.0296781,하왕십리동,왕십리2동
서울사근초등학교,"서울특별시 성동구 사근동11길 16 (사근동, 사근초등학교)",37.56267512,127.0475602,사근동,사근동
서울성수초등학교,서울특별시 성동구 아차산로17길 21 (성수동2가),37.54433788,127.0628861,성수동2가,성수2가3동
서울성자초등학교,"서울특별시 광진구 뚝섬로56길 7 , 서울성자초등학교 (자양동)",37.53149357,127.0834083,자양동,자양2동
서울신양초등학교,"서울특별시 광진구 능동로 42 , 신양초등학교 (자양동)",37.53468209,127.0699953,자양동,자양3동
서울신자초등학교,"서울특별시 광진구 뚝섬로46길 64 , 서울신자초등학교 (자양동)",37.53024545,127.0755876,자양동,자양2동
서울양남초등학교,"서울특별시 광진구 뚝섬로64길 71 , (자양동, 서울양남초등학교)",37.53112324,127.0892343,자양동,자양2동
서울옥수초등학교,"서울특별시 성동구 금호로1길 25 , 옥수초등학교 (금호동4가)",37.54552939,127.0218696,금호동4가,금호4가동
서울옥정초등학교,"서울특별시 성동구 한림말길 43 (옥수동,옥정초등학교)",37.54230974,127.0157855,옥수동,옥수동
서울용곡초등학교,"서울특별시 광진구 용마산로22길 82 , 서울용곡초등학교 (중곡동)",37.56710862,127.088453,중곡동,중곡4동
서울용답초등학교,"서울특별시 성동구 용답25길 1 , 서울용답초등학교",37.56074837,127.0537862,용답동,용답동
서울용마초등학교,서울특별시 광진구 천호대로113길 10 (중곡동),37.55782735,127.0835274,중곡동,중곡2동
서울응봉초등학교,"서울특별시 성동구 독서당로62길 28 (응봉동, 응봉초등학교)",37.55025339,127.0338297,응봉동,응봉동
서울자양초등학교,서울특별시 광진구 아차산로44길 26 (자양동),37.53683789,127.0801077,자양동,자양1동
서울장안초등학교,서울특별시 광진구 군자로 74 (군자동),37.54987645,127.0724025,군자동,군자동
서울중광초등학교,"서울특별시 광진구 긴고랑로13길 59 (중곡동,중광초등학교)",37.56517298,127.0825123,중곡동,중곡3동
서울중마초등학교,서울특별시 광진구 동일로72길 43 (중곡동),37.56611507,127.0800237,중곡동,중곡3동
서울행당초등학교,"서울특별시 성동구 고산자로8길 6 , 서울행당초등학교 (행당동)",37.55701913,127.0348734,행당동,행당1동
서울화양초등학교,서울특별시 광진구 군자로 9 (화양동),37.54422859,127.0715827,화양동,화양동
성동초등학교,서울특별시 광진구 자양로4길 63 (자양동),37.53328137,127.089281,자양동,자양2동
세종초등학교,"서울특별시 광진구 군자로 114 , 세종초등학교 (군자동)",37.5530111,127.0728646,군자동,군자동
한양초등학교,"서울특별시 성동구 살곶이길 208 , 한양초등학교 (사근동)",37.55762103,127.0502634,사근동,사근동
광운초등학교,"서울특별시 성북구 한천로 694 , 광운초등학교 (장위동, 광운초등학교)",37.61897514,127.055244,장위동,장위3동
대광초등학교,"서울특별시 성북구 안암로 5 (보문동7가,대광초등학교)",37.57915104,127.0234459,보문동7가,보문동
매원초등학교,서울특별시 성북구 북악산로 870 (돈암동),37.59767414,127.0191875,돈암동,돈암1동
서울개운초등학교,"서울특별시 성북구 정릉로48길 52 (돈암동,서울개운초등학교)",37.60181095,127.0274045,돈암동,돈암1동
서울길음초등학교,"서울특별시 성북구 길음로 142 (길음동,서울길음초등학교)",37.61360492,127.016752,길음동,길음1동
서울돈암초등학교,"서울특별시 성북구 동소문로13길 38 (동소문동6가,서울돈암초등학교)",37.59372621,127.0130043,동소문동6가,동선동
서울동신초등학교,"서울특별시 성북구 보문사길 50 (보문동3가,서울동신초등학교)",37.58328787,127.017058,보문동3가,보문동
서울미아초등학교,"서울특별시 성북구 삼양로 77 (길음동, 서울미아초등학교)",37.6105849,127.021658,길음동,길음1동
서울미양초등학교,"서울특별시 강북구 솔샘로 195 (미아동,미양초등학교)",37.62153242,127.0141334,미아동,삼양동
서울번동초등학교,"서울특별시 강북구 오현로 204 (번동,번동초등학교)",37.62902386,127.0400394,번동,번3동
서울삼각산초등학교,"서울특별시 강북구 삼양로19길 141 (미아동,삼각산초등학교)",37.61604124,127.0143427,미아동,삼각산동
서울삼선초등학교,"서울특별시 성북구 보문로29길 106 (삼선동3가,서울삼선초등학교)",37.58714152,127.0126718,삼선동3가,삼선동
서울삼양초등학교,"서울특별시 강북구 삼양로49길 17 (미아동,삼양초등학교)",37.62329558,127.0161491,미아동,삼양동
서울석관초등학교,"서울특별시 성북구 돌곶이로22길 21 , 서울석관초등학교 (석관동,서울석관초등학교)",37.61099972,127.0583328,석관동,석관동
서울성북초등학교,"서울특별시 성북구 성북로 102-10 (성북동,서울성북초등학교)",37.59405389,126.9987754,성북동,성북동
서울송중초등학교,"서울특별시 강북구 오현로 9 (미아동,송중초등학교)",37.61746908,127.0319965,미아동,송중동
서울송천초등학교,"서울특별시 강북구 삼양로20길 29 (미아동,서울송천초등학교)",37.6149052,127.0237354,미아동,송천동
서울수송초등학교,서울특별시 강북구 한천로124길 14 (번동),37.63731441,127.0329178,번동,번1동
서울수유초등학교,"서울특별시 강북구 삼양로74길 39 , 수유초등학교",37.63124966,127.0202924,수유동,수유1동
서울숭곡초등학교,"서울특별시 성북구 종암로40길 30 (하월곡동,서울숭곡초등학교)",37.6086454,127.0327434,하월곡동,월곡1동
서울숭덕초등학교,"서울특별시 성북구 정릉로 279 (정릉동,서울숭덕초등학교)",37.60382548,127.0132924,정릉동,정릉2동
서울숭례초등학교,"서울특별시 성북구 종암로5길 14 (종암동,서울숭례초등학교)",37.59452038,127.0352965,종암동,종암동
서울숭인초등학교,"서울특별시 성북구 오패산로16길 37 (하월곡동,서울숭인초등학교)",37.60909779,127.0381465,하월곡동,월곡1동
서울안암초등학교,"서울특별시 성북구 고려대로7가길 39 (안암동2가, 서울안암초등학교)",37.5871587,127.0220989,안암동2가,안암동
서울오현초등학교,"서울특별시 강북구 월계로 221 (번동,오현초등학교)",37.62320284,127.0462259,번동,번3동
서울우이초등학교,"서울특별시 강북구 삼양로99길 36 (수유동,서울우이초등학교)",37.63860583,127.0142405,수유동,인수동
서울월곡초등학교,"서울특별시 성북구 장월로3길 42 (장위동,서울월곡초등학교)",37.61002387,127.0460832,장위동,장위2동
서울유현초등학교,서울특별시 강북구 인수봉로37길 24 ,37.63228645,127.0113271,수유동,수유1동
서울인수초등학교,"서울특별시 강북구 인수봉로 269 (수유동,서울인수초등학교)",37.64305053,127.0091358,수유동,인수동
서울일신초등학교,"서울특별시 성북구 월곡로 74 (종암동,서울일신초등학교)",37.59898195,127.0402198,종암동,종암동
서울장곡초등학교,"서울특별시 성북구 장월로23길 16 (장위동,서울장곡초등학교)",37.61686002,127.0481512,장위동,장위1동
서울장위초등학교,"서울특별시 성북구 장월로8가길 41 (장위동,서울장위초등학교)",37.61144143,127.050006,장위동,장위2동
서울정덕초등학교,"서울특별시 성북구 아리랑로 63 (동소문동7가,서울정덕초등학교)",37.59823995,127.0134213,동소문동7가,동선동
서울정릉초등학교,"서울특별시 성북구 솔샘로25가길 8 (정릉동,서울정릉초등학교)",37.61979153,127.0055327,정릉동,정릉4동
서울정수초등학교,"서울특별시 성북구 정릉로24길 58 (정릉동,서울정수초등학교)",37.60377489,127.0077189,정릉동,정릉2동
서울청덕초등학교,"서울특별시 성북구 정릉로9라길 11 (정릉동,서울청덕초등학교)",37.61203289,127.0003334,정릉동,정릉3동
서울화계초등학교,서울특별시 강북구 솔매로50가길 25 (미아동),37.62388498,127.0297162,미아동,송중동
성신초등학교,"서울특별시 성북구 북악산로 918 (돈암동,성신초등학교)",37.59462268,127.0231286,돈암동,동선동
영훈초등학교,"서울특별시 강북구 도봉로13가길 19 (미아동,학교법인영훈학원)",37.61468187,127.0280933,미아동,송천동
우촌초등학교,"서울특별시 성북구 성북로4길 52-1 (돈암동,우촌초등학교)",37.59564089,127.0114006,돈암동,돈암2동
계성초등학교,"서울특별시 서초구 신반포로19길 23 , 계성초등학교 (반포동)",37.50493572,126.9966544,반포동,반포2동
동산초등학교,"서울특별시 중구 매봉18길 109 , 동산초등학교 (신당동)",37.55620463,127.0167254,신당동,청구동
리라초등학교,서울특별시 중구 소파로2길 7 (예장동),37.5578197,126.9879807,예장동,필동
상명대학교사범대학부속초등학교,"서울특별시 종로구 홍지문2길 1 (홍지동, 상명초등학교)",37.60074851,126.9564255,홍지동,부암동
서울광희초등학교,"서울특별시 중구 다산로 269 (신당동,광희초등학교)",37.56729928,127.0156879,신당동,신당동
서울교동초등학교,서울특별시 종로구 삼일대로 446 (경운동),37.57499368,126.988076,경운동,종로1.2.3.4가동
서울금양초등학교,"서울특별시 용산구 효창원로 137 , 서울금양초등학교 (효창동)",37.54094231,126.9618319,효창동,효창동
서울남산초등학교,"서울특별시 중구 퇴계로22길 17 (남산동2가, 서울남산초등학교)",37.55978374,126.9867767,남산동2가,명동
서울남정초등학교,"서울특별시 용산구 원효로64길 17-10 , 서울남정초등학교 (원효로2가)",37.53584547,126.9645032,원효로2가,원효로1동
서울덕수초등학교,"서울특별시 중구 덕수궁길 140 , 서울덕수초등학교 (정동)",37.56908888,126.9746579,정동,소공동
서울독립문초등학교,서울특별시 종로구 통일로12길 23 (무악동),37.5740826,126.9601488,무악동,무악동
서울매동초등학교,"서울특별시 종로구 사직로9길 19 , 서울매동초등학교 (필운동)",37.57753914,126.966717,필운동,사직동
서울명신초등학교,서울특별시 종로구 낙산길 250 (창신동),37.58136063,127.0137245,창신동,창신3동
서울보광초등학교,"서울특별시 용산구 우사단로 20 (이태원동,보광초등학교)",37.53254047,126.9963911,이태원동,이태원1동
서울봉래초등학교,서울특별시 중구 손기정로 73 (만리동2가),37.55641234,126.9652506,만리동2가,중림동
서울삼광초등학교,"서울특별시 용산구 두텁바위로1나길 19 , 서울삼광초등학교 (후암동)",37.54775231,126.9765943,후암동,후암동
서울서빙고초등학교,"서울특별시 용산구 서빙고로51길 14 , 서울서빙고초등학교 (서빙고동)",37.52206892,126.9923004,서빙고동,서빙고동
서울세검정초등학교,"서울특별시 종로구 세검정로9길 1 (신영동,서울세검정초등학교)",37.6034986,126.9610731,신영동,부암동
서울숭신초등학교,서울특별시 성동구 마장로 161 (하왕십리동),37.56768831,127.0280051,하왕십리동,왕십리도선동
서울신용산초등학교,서울 용산구 이촌로 255,37.52062959,126.9753663,이촌동,이촌1동
서울용산초등학교,"서울 용산구 한강대로57길 33 (한강로2가,용산초등학교)",37.53561344,126.9725506,한강로2가,한강로동
서울용암초등학교,"서울특별시 용산구 녹사평대로60길 39 (용산동2가, 용암초등학교)",37.5453029,126.9894348,용산동2가,용산2가동
서울원효초등학교,"서울특별시 용산구 효창원로13길 38 , 서울원효초등학교 (산천동,원효초등학교)",37.53616126,126.9515453,산천동,원효로2동
서울이태원초등학교,"서울특별시 용산구 녹사평대로40길 19 (이태원동,이태원초등학교)",37.53647771,126.9876727,이태원동,이태원2동
서울장충초등학교,"서울특별시 중구 청구로17길 40 , 서울장충초등학교 (신당동)",37.55997122,127.0117048,신당동,다산동
서울재동초등학교,"서울특별시 종로구 북촌로4길 7 , 서울재동초등학교 (가회동)",37.57994157,126.9855017,가회동,가회동
서울창신초등학교,서울특별시 종로구 지봉로 73 서울창신초등학교 (창신동),37.57621147,127.0142937,창신동,창신1동
서울청구초등학교,"서울특별시 중구 다산로 170 (신당동,청구초등학교)",37.55911668,127.0137244,신당동,청구동
서울청운초등학교,"서울특별시 종로구 자하문로 105 , 청운초등학교 (청운동)",37.58580573,126.9692947,청운동,청운효자동
서울청파초등학교,"서울특별시 용산구 효창원로 228 , 서울청파초등학교 (청파동2가)",37.5473049,126.9635439,청파동2가,청파동
서울충무초등학교,"서울 중구 퇴계로50길 13 (장충동2가,충무초등학교)",37.56194948,127.0012351,장충동2가,장충동
서울한강초등학교,"서울특별시 용산구 한강대로14길 9 , 서울한강초등학교 (한강로3가)",37.52522617,126.9650994,한강로3가,한강로동
서울한남초등학교,"서울특별시 용산구 한남대로 112 , 서울한남초등학교 (한남동)",37.53920365,127.0055998,한남동,한남동
서울혜화초등학교,"서울특별시 종로구 혜화로 32 , 서울혜화초등학교 (혜화동)",37.58917277,126.999928,혜화동,혜화동
서울효제초등학교,"서울특별시 종로구 대학로 12 , 서울효제초등학교 (효제동)",37.57271796,127.0035154,효제동,종로5.6가동
서울후암초등학교,"서울특별시 용산구 두텁바위로 140 , 서울후암초등학교 (후암동)",37.55136541,126.9817243,후암동,후암동
서울흥인초등학교,"서울특별시 중구 청구로6길 11 (신당동,흥인초등학교)",37.56093749,127.0146162,신당동,동화동
숭의초등학교,"서울특별시 중구 소파로2길 10 , 숭의초등학교 (예장동)",37.55785307,126.9874816,예장동,필동
신광초등학교,"서울특별시 용산구 청파로 263 , 신광초등학교 청파동 3가 100 (청파동3가)",37.54289988,126.9694475,청파동3가,청파동
운현초등학교,"서울특별시 종로구 삼일대로 460 (운니동,운현초등학교)",37.57666729,126.9881986,운니동,종로1.2.3.4가동
서울신기초등학교,"서울특별시 양천구 신정로 292 (신정동,서울신기초등학교)",37.51131231,126.854213,신정동,신정3동
서울금동초등학교,"서울특별시 금천구 금하로30길 53 , 서울금동초등학교 (시흥동)",37.44776578,126.9163964,시흥동,시흥2동
서울덕암초등학교,"서울특별시 노원구 덕릉로112길 68 , 서울덕암초등학교 (상계동)",37.66663372,127.0817151,상계동,상계3.4동
서울봉현초등학교,"서울특별시 관악구 성현로 117 (봉천동,서울봉현초등학교)",37.49120221,126.9553472,봉천동,성현동
서울광진초등학교,"서울특별시 광진구 자양로40길 41 , 서울광진초등학교 (구의동)",37.54761146,127.0913325,구의동,구의2동
서울연광초등학교,"서울특별시 은평구 연서로35길 37 , 서울연광초등학교 (불광동)",37.62364876,126.923909,불광동,불광2동
서울고원초등학교,"서울특별시 구로구 경인로46길 13 (고척동, 서울고원초등학교)",37.49764543,126.8657713,고척동,고척1동
서울가인초등학교,"서울특별시 도봉구 도봉로136다길 4 (창동,가인초등학교)",37.6594678,127.0429509,창동,창5동
서울묵현초등학교,"서울특별시 중랑구 동일로157길 75 , 묵현초등학교",37.60904476,127.0739287,묵동,묵2동
서울양진초등학교,"서울특별시 광진구 워커힐로 32 (광장동,양진초중학교)",37.54497821,127.0987143,광장동,광장동
서울마장초등학교,"서울특별시 성동구 마장로35나길 31 , 서울마장초등학교 (마장동)",37.56833887,127.0416051,마장동,마장동
서울서신초등학교,서울특별시 은평구 은평터널로 150 (신사동),37.59229405,126.9073823,신사동,신사2동
서울석계초등학교,서울특별시 성북구 한천로58길 273 (석관동),37.60894387,127.0697496,석관동,석관동
서울보라매초등학교,"서울특별시 동작구 여의대방로16길 30 , 서울보라매초등학교 (신대방동)",37.49585189,126.9161445,신대방동,신대방2동
서울염경초등학교,"서울특별시 강서구 양천로69길 49 (염창동,서울염경초등학교)",37.55500067,126.8712046,염창동,염창동
서울영문초등학교,"서울특별시 영등포구 문래로 56 , 서울영문초등학교 (문래동6가)",37.51980741,126.8875891,문래동6가,문래동
서울조원초등학교,서울특별시 관악구 조원로 67 (신림동),37.48412777,126.9095056,신림동,조원동
서울화일초등학교,"서울특별시 강서구 까치산로10길 70 (화곡동,서울화일초등학교)",37.54071203,126.8474708,화곡동,화곡본동
서울행현초등학교,서울특별시 성동구 행당로 95 (행당동),37.55770899,127.029368,행당동,행당2동
서울길원초등학교,"서울특별시 성북구 길음로15길 55 , 서울길원초등학교 (길음동)",37.60906464,127.0167996,길음동,길음1동
서울장수초등학교,서울특별시 양천구 신정로13가길 30 (신정동),37.5129972,126.8451597,신정동,신정3동
서울장월초등학교,"서울특별시 성북구 한천로101길 66 (장위동, 서울장월초등학교)",37.62192922,127.0473205,장위동,장위3동
서울휘봉초등학교,"서울특별시 동대문구 장안벚꽃로 309 (휘경동,서울휘봉초등학교)",37.58567641,127.0700416,휘경동,휘경2동
서울상지초등학교,"서울특별시 마포구 월드컵로42길 30 , 서울상지초등학교 (상암동)",37.57975102,126.8820736,상암동,상암동
서울선유초등학교,"서울특별시 영등포구 선유로43가길 14 (양평동3가, 서울선유초등학교)",37.53287919,126.8927768,양평동3가,양평2동
서울신당초등학교,서울특별시 중구 난계로 141 (신당동),37.56368965,127.0236366,신당동,신당5동
서울버들초등학교,"서울특별시 송파구 석촌호수로 81 , 서울버들초등학교 (잠실동)",37.5102185,127.0892746,잠실동,잠실3동
서울문현초등학교,"서울특별시 송파구 충민로 137 , (서울문현초등학교) (장지동)",37.48279092,127.1302571,장지동,장지동
서울삼일초등학교,"서울특별시 동작구 사당로23나길 27 , 서울삼일초등학교 (사당동)",37.48825931,126.9751885,사당동,사당3동
서울매헌초등학교,"서울특별시 서초구 언남길 8 (양재동,매헌초등학교)",37.47126248,127.0420579,양재동,양재2동
서울수명초등학교,서울특별시 강서구 수명로1길 84 (내발산동),37.55277267,126.8238794,내발산동,발산1동
서울은명초등학교,"서울특별시 은평구 은평로4길 21-9 , 서울은명초등학교 (응암동)",37.59745445,126.9170322,응암동,응암1동
서울개롱초등학교,"서울특별시 송파구 문정로 211 , 서울개롱초등학교 (오금동)",37.49736261,127.1398881,오금동,오금동
서울잠현초등학교,"서울특별시 송파구 올림픽로37길 109 , 서울잠현초등학교 (신천동)",37.52258587,127.1047228,신천동,잠실4동
서울진관초등학교,"서울특별시 은평구 진관4로 78-16 (진관동,진관초등학교)",37.64541986,126.9290525,진관동,진관동
서울목운초등학교,"서울특별시 양천구 목동동로 235 , 서울목운초등학교 (목동)",37.52700952,126.8730442,목동,목1동
서울송원초등학교,서울특별시 성동구 동일로43길 9 (송정동),37.55415927,127.0695262,송정동,송정동
서울강명초등학교,서울특별시 강동구 상일로 74-1 (상일동),37.55470604,127.1733745,상일동,상일2동
서울등마초등학교,"서울특별시 강서구 등촌로35길 12 (등촌동,서울등마초등학교)",37.54204371,126.8616672,등촌동,등촌2동
서울신은초등학교,서울특별시 양천구 신정이펜2로 30 (신정동),37.51391281,126.8321696,신정동,신정3동
서울우면초등학교,서울 서초구 태봉로 59 (서울우면초등학교),37.46471047,127.0237693,우면동,양재1동
서울동호초등학교,"서울특별시 성동구 매봉길 49-35 (옥수동, 동호초등학교)",37.54629208,127.0098797,옥수동,옥수동
서울천왕초등학교,서울특별시 구로구 천왕로1길 11 (천왕동),37.48141248,126.8369474,천왕동,오류2동
서울하늘초등학교,"서울특별시 마포구 월드컵북로 502-14 , 서울하늘초등학교 (상암동)",37.58504438,126.8798696,상암동,상암동
서울은빛초등학교,서울특별시 은평구 진관3로 73-17 (진관동),37.64268286,126.9187305,진관동,진관동
서울수리초등학교,서울특별시 은평구 불광로14길 10-10 (불광동),37.62030737,126.9341109,불광동,불광1동
서울상현초등학교,서울특별시 동작구 상도로58길 21 (상도동),37.49487439,126.9526691,상도동,상도1동
서울구현초등학교,"서울특별시 은평구 갈현로15길 51 (구산동,구현초등학교)",37.6097896,126.9057073,구산동,구산동
서울은진초등학교,"서울특별시 은평구 진관1로 21-20 , 은진초등학교 (진관동)",37.63304404,126.920996,진관동,진관동
서울가재울초등학교,서울특별시 서대문구 모래내로15길 61 (남가좌동),37.57376442,126.918388,남가좌동,남가좌1동
서울위례솔초등학교,서울특별시 송파구 위례북로2길 12 ,37.48673404,127.1507539,거여동,위례동
서울고현초등학교,"서울특별시 강동구 상일로11길 110 , 서울고현초등학교",37.55380394,127.1660501,상일동,상일1동
서울어울초등학교,"서울특별시 은평구 통일로 650 , 서울어울초등학교 (녹번동)",37.60656331,126.9350586,녹번동,녹번동
서울새솔초등학교,"서울특별시 중랑구 신내역로1길 164 (신내동,서울새솔초등학교)",37.6179524,127.1113284,신내동,신내1동
서울율현초등학교,"서울특별시 강남구 밤고개로21길 15 , 서울율현초등학교 (자곡동)",37.4745587,127.108265,자곡동,세곡동
서울우솔초등학교,"서울특별시 서초구 양재대로2길 74 , 서울우솔초등학교 (우면동)",37.45709422,127.0192756,우면동,양재1동
서울자곡초등학교,서울특별시 강남구 자곡로 150 (자곡동),37.47204936,127.0994826,자곡동,세곡동
서울세명초등학교,"서울특별시 강남구 자곡로 55 , 서울세명초등학교 (세곡동)",37.4688571,127.0910759,세곡동,세곡동
서울송례초등학교,서울특별시 송파구 위례순환로 439 (장지동),37.47789403,127.1384959,장지동,위례동
서울위례별초등학교,"서울특별시 송파구 위례광장로 243 , 서울위례별초등학교 (장지동)",37.47904976,127.1450188,장지동,위례동
서울강솔초등학교,"서울특별시 강동구 고덕로97길 80 , 서울강솔초등학교 (강일동)",37.56186962,127.1802671,강일동,강일동
서울금나래초등학교,서울특별시 금천구 시흥대로79길 37 (시흥동),37.45823,126.8962056,독산동,독산1동
서울하늘숲초등학교,"서울특별시 구로구 오리로 1106 , 서울하늘숲초등학교 (천왕동)",37.48415943,126.841482,천왕동,오류2동
서울항동초등학교,서울특별시 구로구 연동로 178 (항동),37.47709214,126.8241895,항동,항동
서울해누리초등학교,서울특별시 송파구 송파대로37길 95 (가락동),37.49841159,127.1021242,가락동,가락1동
서울양원숲초등학교,"서울특별시 중랑구 양원역로 95 (망우동, 서울양원숲초등학교)",37.60904974,127.1054337,망우동,망우본동
서울개현초등학교,"서울특별시 강남구 선릉로 15 (개포동, 서울개현초등학교)",37.48102621,127.0620426,개포동,개포1동
서울강빛초등학교,"서울특별시 강동구 아리수로93다길 1 (강일동, 강빛초중통합학교)",37.57434332,127.1707749,강일동,강일동
경인교육대학교부설초등학교,인천광역시 계양구 안남로 612 (효성동),37.53764346,126.712594,효성동,효성1동
서도초등학교볼음분교장,인천광역시 강화군 서도면 볼음도길 248 (서도면),37.67136732,126.1894539,서도면 볼음도리,서도면
갑룡초등학교,"인천광역시 강화군 강화읍 갑룡길 88 , 갑룡초등학교 (강화읍,갑룡초등학교)",37.74353799,126.5026587,강화읍 갑곳리,강화읍
강화초등학교,"인천광역시 강화군 강화읍 북문길 36 (강화읍,강화초등학교)",37.75034709,126.4861312,강화읍 관청리,강화읍
교동초등학교,"인천광역시 강화군 교동면 대룡안길 29 , 교동초등학교 (교동면, 교동초등학교)",37.78418473,126.2813507,교동면 대룡리,교동면
길상초등학교,"인천광역시 강화군 길상면 삼랑성길 22 , 길상초등학교 (길상면, 길상초등학교)",37.63846399,126.4904289,길상면 온수리,길상면
난정초등학교,"인천광역시 강화군 교동면 교동서로378번길 28 (교동면, 난정초등학교)",37.77042296,126.2394225,교동면 난정리,교동면
내가초등학교,인천광역시 강화군 내가면 강화서로 264 (내가면),37.72149999,126.3913304,내가면 고천리,내가면
대월초등학교,"인천광역시 강화군 강화읍 대월로 216 (강화읍, 대월초등학교)",37.76056025,126.490173,강화읍 대산리,강화읍
명신초등학교,"인천광역시 강화군 하점면 강화서로560번길 22 , 명신초등학교 (하점면)",37.7446252,126.3905401,하점면 망월리,하점면
불은초등학교,"인천광역시 강화군 불은면 불은남로544번길 9 (불은면, 불은초등학교)",37.6836163,126.4874954,불은면 두운리,불은면
삼산초등학교,"인천광역시 강화군 삼산면 삼산북로 451 , 삼산초등학교 (삼산면)",37.7030456,126.3216158,삼산면 석모리,삼산면
삼성초등학교,"인천광역시 강화군 불은면 중앙로 609 (불은면, 삼성초등학교)",37.70759295,126.4495644,불은면 삼성리,불은면
서도초등학교,"인천광역시 강화군 서도면 주문도길 173 (서도면, 서도초,중,고등학교)",37.64803766,126.2524746,서도면 주문도리,서도면
선원초등학교,"인천광역시 강화군 선원면 강화동로 924 (선원면,선원초등학교)",37.71504985,126.4799441,선원면 냉정리,선원면
송해초등학교,"인천광역시 강화군 송해면 전망대로 93-12 (송해면, 송해초등학교)",37.7694551,126.4610541,송해면 솔정리,송해면
양도초등학교,"인천광역시 강화군 양도면 강화남로 1036 (양도면, 양도초등학교)",37.6889453,126.4193695,양도면 삼흥리,양도면
양사초등학교,"인천광역시 강화군 양사면 덕하로 145 (양사면, 양사초등학교)",37.80312265,126.4215131,양사면 덕하리,양사면
조산초등학교,"인천광역시 강화군 양도면 강화남로 510 (양도면, 조산초등학교)",37.65331522,126.4383617,양도면 조산리,양도면
교동초등학교지석분교장,인천광역시 강화군 교동면 교동북로 275-1 (교동면),37.80097997,126.256872,교동면 삼선리,교동면
하점초등학교,"인천광역시 강화군 하점면 강화대로 1190 (하점면,하점초등학교)",37.77369223,126.4141874,하점면 신봉리,하점면
합일초등학교,"인천광역시 강화군 강화읍 합일길 3 (강화읍,합일초등학교)",37.74428495,126.4828056,강화읍 신문리,강화읍
해명초등학교,"인천광역시 강화군 삼산면 삼산남로 345 , 해명초등학교 (삼산면, 해명초등학교)",37.66870002,126.362707,삼산면 매음리,삼산면
화도초등학교,인천광역시 강화군 화도면 마니산로 717 (화도면),37.63186752,126.4187675,화도면 상방리,화도면
대청초등학교,인천광역시 옹진군 대청면 대청로244번길 110 ,37.83258577,124.6968103,대청면 대청리,대청면
덕적초등학교,"인천광역시 옹진군 덕적면 덕적남로 15 (덕적면, 덕적초중고등학교)",37.22538058,126.1481953,덕적면 진리,덕적면
백령초등학교,"인천광역시 옹진군 백령면 백령로316번길 91 (백령면, 백령초등학교)",37.97538221,124.7153331,백령면 진촌리,백령면
북포초등학교,"인천광역시 옹진군 백령면 가을길 117 , 북포초등학교 (백령면)",37.95861899,124.6616307,백령면 가을리,백령면
연평초등학교,"인천광역시 옹진군 연평면 연평로137번길 101 , 연평초등학교 (연평면)",37.66412421,125.7010233,연평면 연평리,연평면
영화초등학교,"인천광역시 동구 우각로 39 , 영화초등학교 (창영동, 영화관광경영고등학교, 영화초등학교)",37.47139745,126.6403955,창영동,금창동
영흥초등학교,"인천광역시 옹진군 영흥면 영흥로 440-8 (영흥면, 영흥초등학교)",37.25379102,126.4668803,영흥면 내리,영흥면
인성초등학교,"인천광역시 중구 신포로39번길 42 , 인성초등학교 (송학동2가, 인성초등학교)",37.47386444,126.6242199,송학동2가,신포동
인천공항초등학교,"인천광역시 중구 신도시남로 43 (운서동, 공항초등학교)",37.49186253,126.4860008,운서동,운서1동
인천관교초등학교,"인천광역시 미추홀구 인하로 414 , 인천관교초등학교 (관교동, 인천관교초등학교)",37.44623423,126.6927188,관교동,관교동
인천남부초등학교,"인천광역시 미추홀구 인주대로366번길 22 (주안동, 남부초등학교)",37.45036708,126.6758893,주안동,주안7동
인천대화초등학교,"인천광역시 미추홀구 석정로301번길 13 (도화동, 대화초등학교)",37.46903917,126.6684021,도화동,도화2.3동
인천도화초등학교,"인천광역시 미추홀구 경인로 242 (도화동, 도화초등학교)",37.46325897,126.6677397,도화동,도화1동
인천동명초등학교,"인천광역시 동구 송림로70번길 10 (송림동, 동명초등학교)",37.47411142,126.6420423,송림동,송림2동
인천만석초등학교,"인천광역시 동구 제물량로 412 (화수동, 만석초등학교)",37.48449887,126.6279399,화수동,화수2동
인천문학초등학교,"인천광역시 미추홀구 매소홀로 553 (문학동, 문학초등학교)",37.43960062,126.6823904,문학동,문학동
인천백학초등학교,"인천광역시 미추홀구 매소홀로446번길 25 (학익동, 백학초등학교)",37.4387541,126.6725763,학익동,학익1동
인천서림초등학교,"인천광역시 동구 금곡로 105 (송림동,서림초등학교)",37.47540994,126.6460179,송림동,송림3.5동
인천서화초등학교,"인천광역시 미추홀구 송림로 250 (도화동, 서화초등학교)",37.47405697,126.6613188,도화동,도화2.3동
인천서흥초등학교,"인천광역시 동구 샛골로 189 (송림동, 서흥초등학교)",37.47865812,126.6445666,송림동,송림2동
인천석암초등학교,"인천광역시 미추홀구 주안동로 46 (주안동, 석암초등학교)",37.46235668,126.6867334,주안동,주안6동
인천송림초등학교,"인천광역시 동구 화도진로 10 (송림동, 송림초등학교)",37.47377176,126.6374383,송림동,송림1동
인천송월초등학교,"인천광역시 중구 자유공원로 106-8 (전동, 인천송월초등학교)",37.47887903,126.6246322,전동,동인천동
인천송현초등학교,"인천광역시 동구 송화로 45 (송현동, 송현초등학교)",37.48190454,126.6340347,송현동,화수2동
인천숭의초등학교,"인천광역시 미추홀구 장천로 99 (숭의동, 숭의초등학교)",37.46368431,126.6557398,숭의동,숭의4동
인천승학초등학교,"인천광역시 미추홀구 주승로 259 (관교동, 승학초등학교)",37.44031925,126.6961261,관교동,관교동
인천신광초등학교,"인천광역시 중구 인중로 63 (신흥동3가, 신광초등학교)",37.46435503,126.6345301,신흥동3가,신흥동
인천신선초등학교,"인천광역시 중구 축항대로291번길 33 (신흥동3가, 신선초등학교)",37.45135921,126.627444,신흥동3가,신흥동
인천신흥초등학교,"인천광역시 중구 제물량로 134 (답동, 인천신흥초등학교)",37.47057391,126.6289367,답동,신포동
인천연안초등학교,"인천광역시 중구 연안부두로33번길 53 , 인천연안초등학교 (항동7가)",37.45368752,126.6076254,항동7가,연안동
인천영종초등학교,"인천광역시 중구 하늘달빛로 133 , 인천영종초등학교 (중산동)",37.48869964,126.5537236,중산동,영종1동
인천용유초등학교,"인천광역시 중구 남북로87번길 4 (남북동, 용유초등학교)",37.44825105,126.4123732,남북동,용유동
인천용일초등학교,"인천광역시 미추홀구 인주대로 244 (용현동, 용일초등학교)",37.45245007,126.6633622,용현동,용현1.4동
인천용정초등학교,"인천광역시 미추홀구 독정안길 26 (숭의동, 용정초등학교)",37.45943698,126.657235,숭의동,숭의4동
인천용현남초등학교,"인천광역시 미추홀구 매소홀로 133 (용현동, 인천용현남초등학교)",37.4477174,126.6417182,용현동,용현5동
인천용현초등학교,"인천광역시 미추홀구 낙섬동로 83 (용현동, 용현초등학교)",37.45313989,126.6408084,용현동,용현5동
인천운서초등학교,"인천광역시 중구 운서2로 57 (운서동,인천운서초등학교)",37.48356386,126.5120243,운서동,운서2동
인천인주초등학교,"인천광역시 미추홀구 매소홀로475번길 53 (학익동, 인천인주초등학교)",37.44240817,126.6738871,학익동,학익2동
인천주안남초등학교,"인천광역시 미추홀구 인주대로434번길 11 (주안동, 주안남초등학교)",37.44954937,126.6850386,주안동,주안8동
인천주안북초등학교,"인천광역시 미추홀구 석정로375번길 14 (주안동, 인천 주안북초등학교)",37.46816063,126.6780582,주안동,주안5동
인천주안초등학교,"인천광역시 미추홀구 남주길69번길 16 (주안동, 주안초등학교)",37.4545744,126.6740433,주안동,주안2동
인천창영초등학교,"인천광역시 동구 우각로15번길 16 (창영동,창영초등학교)",37.47150659,126.6396954,창영동,금창동
인천연학초등학교,"인천광역시 미추홀구 주승로 20 (학익동, 연학초등학교)",37.44360559,126.6720553,학익동,학익2동
인천학익초등학교,"인천광역시 미추홀구 한나루로403번길 122 (학익동, 학익초등학교)",37.44706224,126.6586614,학익동,학익1동
상인천초등학교,"인천광역시 남동구 석산로141번길 29 (간석동, 상인천초등학교)",37.46125524,126.7066571,간석동,간석1동
인천간석초등학교,"인천광역시 남동구 석산로208번길 37 (구월동, 간석초등학교)",37.4592979,126.715468,구월동,구월2동
인천구월서초등학교,"인천광역시 남동구 문화서로77번길 14 (구월동, 구월서초등학교)",37.4531875,126.6964132,구월동,구월3동
인천구월초등학교,"인천광역시 남동구 인주대로 721번길 49 (구월동,구월초등학교)",37.45172156,126.7165089,구월동,구월1동
인천남동초등학교,"인천광역시 남동구 장승남로33번길 10 (만수동,남동초등학교)",37.44479871,126.7370806,만수동,만수6동
인천남촌초등학교,"인천광역시 남동구 남촌로 101 , 남촌초등학교 (남촌동)",37.42977409,126.7131916,남촌동,남촌도림동
인천논곡초등학교,"인천광역시 남동구 함박뫼로 429 (논현동, 논곡초등학교)",37.41058264,126.7105297,논현동,논현2동
인천논현초등학교,"인천광역시 남동구 소래역로 102 (논현동, 논현초등학교)",37.40537858,126.7309154,논현동,논현1동
인천능허대초등학교,"인천광역시 연수구 한진로 12 (옥련동, 인천능허대초등학교)",37.4240932,126.6487878,옥련동,옥련1동
인천담방초등학교,"인천광역시 남동구 매소홀로 1027 (만수동, 담방초등학교)",37.43994908,126.7362236,만수동,만수6동
인천도림초등학교,"인천광역시 남동구 논고개로334번길 21 , 도림초등학교 (도림동, 도림초등학교)",37.41884446,126.7312345,도림동,남촌도림동
인천동막초등학교,"인천광역시 연수구 원인재로 36 (동춘동,동막초등학교)",37.40293574,126.6747055,동춘동,동춘2동
인천동부초등학교,"인천광역시 남동구 만수서로33번길 25 (만수동,동부초등학교)",37.46277329,126.7281035,만수동,만수3동
인천동춘초등학교,"인천광역시 연수구 앵고개로 224 (동춘동, 동춘초등학교)",37.4096853,126.6686554,동춘동,동춘1동
인천만수북초등학교,"인천광역시 남동구 백범로180번길 25 (만수동, 만수북초등학교)",37.45910866,126.7283191,만수동,만수2동
인천만수초등학교,"인천광역시 남동구 소래로 652 (만수동, 만수초등학교)",37.44740288,126.7346945,만수동,만수6동
인천만월초등학교,인천광역시 남동구 선수촌로 28 (구월동),37.44185826,126.7151892,구월동,구월1동
인천문남초등학교,"인천광역시 연수구 먼우금로 273 , 인천문남초등학교 (연수동)",37.42100658,126.6793166,연수동,연수1동
인천박문초등학교,"인천광역시 연수구 봉재산로 138-22 , 인천박문초등학교 (동춘동, 박문초등학교)",37.403119,126.6654985,동춘동,동춘1동
인천석정초등학교,"인천광역시 남동구 석정로539번길 32 (간석동,석정초등학교)",37.46693592,126.6958222,간석동,간석4동
인천석천초등학교,"인천광역시 남동구 남동대로 828 , 인천석천초등학교 (구월동)",37.45667437,126.7091139,구월동,구월2동
인천선학초등학교,인천광역시 연수구 선학로 67 (선학동),37.42367261,126.6998776,선학동,선학동
인천성리초등학교,"인천광역시 남동구 성리로 32-2 (구월동, 성리초등학교)",37.44554352,126.7105658,구월동,구월1동
인천소래초등학교,"인천광역시 남동구 장도로 2 (논현동, 소래초등학교)",37.40453351,126.7343008,논현동,논현1동
인천송도초등학교,"인천광역시 연수구 비류대로214번길 21 (옥련동,송도초등학교)",37.42701253,126.6583054,옥련동,옥련1동
인천약산초등학교,"인천광역시 남동구 간석로26번길 10 (간석동, 약산초등학교)",37.46776567,126.7102384,간석동,간석3동
인천연성초등학교,"인천광역시 연수구 원인재로 116 , 인천연성초등학교 (동춘동)",37.40894116,126.6796087,동춘동,동춘3동
인천연수초등학교,"인천광역시 연수구 원인재로 324 (연수동,연수초등학교)",37.42230322,126.6948693,연수동,연수3동
인천연화초등학교,인천광역시 연수구 원인재로 150 (연수동),37.41161875,126.6813917,연수동,연수2동
인천옥련초등학교,"인천광역시 연수구 한진로 30 (옥련동, 옥련초등학교)",37.42541584,126.6493195,옥련동,옥련2동
인천인동초등학교,"인천광역시 남동구 백범로248번길 38 , 인천인동초등학교 (만수동)",37.4625557,126.7224852,만수동,만수3동
인천인수초등학교,"인천광역시 남동구 인수로 3 (만수동, 인수초등학교)",37.45410055,126.7354962,만수동,만수4동
인천장수초등학교,인천광역시 남동구 담방로 121 (만수동),37.45033829,126.7416507,만수동,만수1동
인천조동초등학교,"인천광역시 남동구 백범로124번길 164 (만수동, 조동초등학교)",37.46074636,126.7392074,만수동,만수4동
인천주원초등학교,"인천광역시 남동구 주안로259번길 28 (간석동, 주원초등학교)",37.46527191,126.7006818,간석동,간석4동
인천중앙초등학교,"인천광역시 연수구 새말로 153 (연수동, 중앙초등학교)",37.4172395,126.6861864,연수동,연수3동
인천청량초등학교,"인천광역시 연수구 먼우금로 158 (동춘동, 청량초등학교)",37.41192857,126.6747258,동춘동,동춘3동
인천청학초등학교,"인천광역시 연수구 함박뫼로 25 (청학동, 청학초등학교)",37.42009453,126.6713933,청학동,청학동
인천함박초등학교,"인천광역시 연수구 함박뫼로 87 (연수동,함박초등학교)",37.42418052,126.6772058,연수동,연수1동
인천가림초등학교,"인천광역시 서구 장고개로293번길 29 , 가림초등학교 (가좌동)",37.49059215,126.6811445,가좌동,가좌2동
인천가석초등학교,인천광역시 서구 서달로 174 (가정동),37.51475728,126.6796755,가정동,가정3동
인천가정초등학교,"인천광역시 서구 장고개로 336-1 (가좌동,가정초등학교)",37.49166135,126.6884322,가좌동,가좌4동
인천가좌초등학교,"인천광역시 서구 장고개로309번길 5 (가좌동, 가좌초등학교)",37.4901503,126.6835279,가좌동,가좌2동
인천가현초등학교,"인천광역시 서구 염곡로 417 (신현동, 인천가현초등학교)",37.52217806,126.6683691,신현동,신현원창동
인천갈산초등학교,"인천광역시 부평구 갈월동로 55 (갈산동,갈산초등학교)",37.5125544,126.7283474,갈산동,갈산2동
인천갈월초등학교,"인천광역시 부평구 주부토로 165 (갈산동, 인천갈월초등학교)",37.51033274,126.7250527,갈산동,갈산2동
인천개흥초등학교,"인천광역시 부평구 길주남로65번길 11 (부평동, 인천개흥초등학교)",37.50529638,126.7283116,부평동,부평4동
인천건지초등학교,"인천광역시 서구 건지로318번길 39 (가좌동, 건지초등학교)",37.49548863,126.6774856,가좌동,가좌3동
인천검단초등학교,"인천광역시 서구 마전로115번길 24 (마전동, 검단초등학교)",37.61102462,126.6700422,마전동,검단동
인천계산초등학교,"인천광역시 계양구 경명대로 1005 (계산동, 계산초등학교)",37.54448381,126.7173629,계산동,계산2동
인천계양초등학교,인천광역시 계양구 장제로 1288 (장기동),37.57922129,126.7336487,장기동,계양1동
인천구산초등학교,"인천광역시 부평구 부개로 93 (부개동, 인천구산초등학교)",37.50604865,126.7396046,부개동,부개3동
인천금곡초등학교,"인천광역시 서구 완정로228번길 19 (금곡동, 금곡초등학교)",37.6054434,126.65061,금곡동,검단동
인천길주초등학교,"인천광역시 계양구 용종로 90 (용종동, 인천길주초등학교)",37.54198296,126.7428893,용종동,계산4동
인천단봉초등학교,인천광역시 서구 단봉로 122 (오류동),37.59843764,126.6377448,오류동,오류왕길동
인천당하초등학교,"인천광역시 서구 청마로 144 (당하동, 당하초등학교)",37.59005774,126.6776991,당하동,당하동
인천대정초등학교,"인천광역시 부평구 안남로 115 (산곡동, 인천대정초등학교)",37.4932149,126.7098548,산곡동,산곡3동
인천동수초등학교,인천광역시 부평구 동수로120번길 10 (부개동),37.48438604,126.7311002,부개동,부평6동
인천동암초등학교,"인천광역시 부평구 동암남로35번길 4 , 동암초등학교 (십정동,동암초등학교)",37.47209931,126.7071575,십정동,십정2동
인천마곡초등학교,"인천광역시 부평구 마곡로27번길 16 (산곡동,인천마곡초등학교)",37.51206357,126.6978366,산곡동,산곡1동
인천마장초등학교,"인천광역시 부평구 안남로 266 (청천동, 인천마장초등학교)",37.50618935,126.7091215,청천동,산곡4동
인천마전초등학교,"인천광역시 서구 완정로34번길 23 (마전동, 마전초등학교)",37.59749871,126.6709335,마전동,마전동
인천명현초등학교,"인천광역시 계양구 봉오대로569번길 10 (효성동, 명현초등학교)",37.53196809,126.7124126,효성동,효성1동
인천목향초등학교,"인천광역시 서구 고산후로 377 (불로동, 목향초등학교)",37.61620512,126.6943003,불로동,불로대곡동
인천미산초등학교,"인천광역시 부평구 원적로 391 (산곡동, 미산초등학교)",37.50450599,126.7099212,산곡동,산곡4동
인천백석초등학교,인천광역시 서구 청마로 55 (당하동),37.58980222,126.6717483,당하동,당하동
인천백운초등학교,"인천광역시 부평구 아트센터로 130 (십정동, 인천백운초등학교)",37.48004913,126.7048644,십정동,십정2동
인천병방초등학교,"인천광역시 계양구 병방로 2 (병방동, 인천병방초등학교)",37.54683545,126.7414003,병방동,계양2동
인천봉수초등학교,인천광역시 서구 봉오대로267번길 11-4 (가정동),37.52643539,126.678708,가정동,가정2동
인천부개서초등학교,"인천광역시 부평구 부일로 39 (부개동, 인천 부개서초등학교)",37.48973006,126.7343965,부개동,부개2동
인천부개초등학교,"인천광역시 부평구 마분로 9 (부개동, 인천부개초등학교)",37.48566269,126.7382918,부개동,부개1동
인천부곡초등학교,인천광역시 부평구 마장로272번길 73 (산곡동),37.50351243,126.707099,산곡동,산곡2동
인천부광초등학교,인천광역시 부평구 충선로 104 (부개동),37.49907609,126.736691,부개동,부개3동
인천부내초등학교,인천광역시 부평구 수변로 129 (부개동),37.49815308,126.7417021,부개동,부개3동
인천부마초등학교,"인천광역시 부평구 안남로253번길 41 (산곡동, 인천부마초등학교)",37.50634715,126.7058972,산곡동,산곡2동
인천부원초등학교,"인천광역시 부평구 원적로472번길 29 (부평동, 인천부원초등학교)",37.50247054,126.7199279,부평동,부평1동
인천부일초등학교,"인천광역시 부평구 부흥북로 175 (부개동, 인천부일초등학교)",37.50118027,126.7413319,부개동,부개3동
인천부평남초등학교,"인천광역시 부평구 경인로911번길 28 (부평동, 인천부평남초등학교)",37.48870871,126.7202026,부평동,부평2동
인천부평동초등학교,"인천광역시 부평구 부평대로88번길 19 (부평동, 인천부평동초등학교)",37.49951398,126.7244083,부평동,부평4동
인천부평북초등학교,"인천광역시 부평구 주부토로 292 (갈산동, 인천부평북초등학교)",37.52086593,126.7293597,갈산동,갈산1동
인천부평서초등학교,"인천광역시 부평구 부평문화로53번길 19 , 인천부평서초등학교 (부평동, 북부교육청)",37.49511268,126.7218359,부평동,부평1동
인천부평초등학교,"인천광역시 계양구 어사대로 20 (계산동, 인천부평초등학교)",37.5413709,126.723351,계산동,계산1동
인천부현동초등학교,"인천광역시 계양구 용종로 5 (계산동, 부현동초등학교)",37.53456549,126.7404574,계산동,계산4동
인천부현초등학교,"인천광역시 계양구 장제로755번길 30 ,(계산동)",37.53579449,126.7320056,계산동,계산3동
인천부흥초등학교,"인천광역시 부평구 부흥로366번길 34 (부평동, 인천부흥초등학교)",37.49625571,126.7311865,부평동,부평5동
인천불로초등학교,인천광역시 서구 검단로744번1길 50 (불로동),37.61381127,126.6888476,불로동,불로대곡동
인천산곡남초등학교,"인천광역시 부평구 부흥로144번길 30 (산곡동, 산곡남초등학교)",37.49689974,126.7062072,산곡동,산곡3동
인천산곡북초등학교,"인천광역시 부평구 산청로 18 (산곡동, 인천산곡북초등학교)",37.51140879,126.7016548,산곡동,산곡1동
인천산곡초등학교,"인천광역시 부평구 길주로354번길 39 (산곡동, 인천산곡초등학교)",37.50684551,126.7012024,산곡동,산곡1동
인천삼산초등학교,인천광역시 부평구 후정동로 44 (삼산동),37.52132548,126.7382531,삼산동,삼산1동
인천상정초등학교,"인천광역시 부평구 상정로 50 (십정동, 인천상정초등학교)",37.47985202,126.6988075,십정동,십정1동
인천서곶초등학교,"인천광역시 서구 대평로56번길 9 (연희동, 서곶초등학교)",37.54766965,126.6694762,연희동,연희동
인천서운초등학교,"인천광역시 계양구 서운로 12 (서운동, 서운초등학교)",37.52697639,126.7447212,서운동,작전서운동
인천석남서초등학교,"인천광역시 서구 건지로249번길 6 (석남동, 석남서초등학교)",37.50014147,126.6703935,석남동,석남2동
인천석남초등학교,"인천광역시 서구 서달로130번길 4 (석남동, 석남초등학교)",37.50977868,126.680264,석남동,석남3동
인천성지초등학교,"인천광역시 계양구 아나지로247번길 8 (작전동,성지초등학교)",37.52643943,126.7201617,작전동,작전2동
인천소양초등학교,"인천광역시 계양구 박촌로 53 (박촌동, 인천소양초등학교)",37.55626798,126.7425561,박촌동,계양1동
인천신대초등학교,"인천광역시 계양구 계산새로 133 (용종동, 신대초등학교)",37.53895621,126.7435806,용종동,계산4동
인천신석초등학교,"인천광역시 서구 새오개로 9 (석남동, 신석초등학교)",37.5106733,126.6639105,석남동,석남1동
인천신촌초등학교,"인천광역시 부평구 경원대로 1215 (십정동, 인천신촌초등학교)",37.48675419,126.7067277,십정동,산곡3동
인천신현북초등학교,"인천광역시 서구 원창로 147 , 신현북초등학교 (신현동)",37.5183474,126.6667146,신현동,신현원창동
인천신현초등학교,"인천광역시 서구 율도로77번길 1 (신현동, 신현초등학교)",37.5147744,126.6701159,신현동,신현원창동
인천심곡초등학교,인천광역시 서구 심곡로 114 (심곡동),37.54339675,126.6829097,심곡동,연희동
인천십정초등학교,"인천광역시 부평구 배곶북로 10-6 (십정동, 십정초등학교)",37.47427138,126.6982451,십정동,십정1동
인천안남초등학교,"인천광역시 계양구 경명대로1114번길 26 (계산동, 안남초등학교)",37.5412094,126.7324017,계산동,계산3동
인천안산초등학교,인천광역시 계양구 임학서로 15 (계산동),37.54409319,126.7317526,계산동,계산2동
인천양지초등학교,"인천광역시 서구 승학로197번길 11 (심곡동, 양지초등학교)",37.54002481,126.6711946,심곡동,연희동
인천용마초등학교,"인천광역시 부평구 세월천로30번길 58 (청천동, 인천용마초등학교)",37.51585568,126.7073832,청천동,청천2동
인천일신초등학교,"인천광역시 부평구 항동로75번길 36 (일신동, 인천일신초등학교)",37.48385816,126.7423924,일신동,일신동
인천작동초등학교,"인천광역시 계양구 까치말로 35 (작전동, 인천작동초등학교)",37.52928914,126.7359408,작전동,작전서운동
인천작전초등학교,"인천광역시 계양구 주부토로 456 (작전동, 인천작전초등학교)",37.53512867,126.7291294,작전동,작전1동
인천창신초등학교,"인천광역시 서구 고산후로161번길 6 , 인천창신초등학교 (원당동)",37.59889738,126.6981278,원당동,원당동
인천천마초등학교,인천광역시 서구 서달로 58-5 (석남동),37.5048986,126.6793047,석남동,석남3동
인천청천초등학교,인천광역시 부평구 산청로127번길 10 (청천동),37.52022342,126.7014966,청천동,청천1동
인천하정초등학교,"인천광역시 부평구 이규보로 14 (십정동, 인천하정초등학교)",37.47526064,126.7007076,십정동,십정2동
인천한길초등학교,인천광역시 부평구 영성중로 32 (삼산동),37.51911675,126.7455438,삼산동,삼산1동
인천화전초등학교,"인천광역시 계양구 효서로303번길 8 (작전동, 인천화전초등학교)",37.52846762,126.7315531,작전동,작전1동
인천효성남초등학교,"인천광역시 계양구 새벌로 125 (효성동,효성남초등학교)",37.52817374,126.7155508,효성동,효성1동
인천효성동초등학교,"인천광역시 계양구 새벌로171번길 4 (효성동, 인천효성동초등학교)",37.53277166,126.7158644,효성동,효성1동
인천효성서초등학교,"인천광역시 계양구 봉오대로 457 (효성동, 효성서초등학교)",37.52805035,126.6986404,효성동,효성2동
인천효성초등학교,"인천광역시 계양구 안남로 601 (효성동, 효성초등학교)",37.53675427,126.7107855,효성동,효성1동
한일초등학교,인천광역시 부평구 원적로 247 (산곡동),37.50573808,126.6937058,산곡동,산곡1동
인천축현초등학교,"인천광역시 연수구 청량로 176 , (옥련동, 축현초등학교)",37.42269406,126.6543972,옥련동,옥련1동
대청초등학교소청분교장,"인천광역시 옹진군 대청면 소청동로 69-13 (대청면, 대청초등학교소청분교)",37.77377647,124.7508597,대청면 소청리,대청면
인천계양초등학교상야분교장,인천광역시 계양구 벌말로 572-1 (상야동),37.57926732,126.7804405,상야동,계양1동
인천남부초등학교이작분교장,"인천광역시 옹진군 자월면 대이작로 60 (자월면, 인천남부초등학교이작분교)",37.17676235,126.2527598,자월면 이작리,자월면
인천주안남초등학교승봉분교장,"인천광역시 옹진군 자월면 승봉로67번길 43-18 (자월면, 인천주안남초등학교승봉분교)",37.17082948,126.29705,자월면 승봉리,자월면
인천용현남초등학교자월분교장,"인천광역시 옹진군 자월면 자월서로 177 (자월면, 용현남초등학교자월분교)",37.2530353,126.3066329,자월면 자월리,자월면
인천용유초등학교무의분교장,"인천광역시 중구 대무의로 302-17 (무의동, 용유초등학교무의분교)",37.39025606,126.4257729,무의동,용유동
인천영종초등학교금산분교장,"인천광역시 중구 백운로414번길 63-50 (운북동, 금산초등학교)",37.51341888,126.521452,운북동,영종동
영흥초등학교선재분교장,"인천광역시 옹진군 영흥면 선재로34번길 197 (영흥면,영흥초등학교선재분교)",37.23706345,126.534298,영흥면 선재리,영흥면
인천삼목초등학교장봉분교장,"인천광역시 옹진군 북도면 장봉로 553 (북도면, 인천삼목초등학교장봉분교)",37.5339125,126.3376011,북도면 장봉리,북도면
인천서면초등학교,"인천광역시 연수구 먼우금로 54 (동춘동, 인천서면초등학교)",37.40335364,126.6710613,동춘동,동춘2동
인천공항초등학교신도분교장,"인천광역시 옹진군 북도면 신도로896번길 18-31 (북도면,인천공항초등학교신도분교)",37.52007825,126.4427803,북도면 신도리,북도면
인천신월초등학교,"인천광역시 남동구 인주대로776번길 14 (구월동, 신월초등학교)",37.44759278,126.7237819,구월동,구월4동
인천새말초등학교,"인천광역시 남동구 만수로50번길 12 (만수동, 새말초등학교)",37.45985569,126.7334656,만수동,만수4동
인천서창초등학교,"인천광역시 남동구 장아산로174번길 8 (서창동, 서창초등학교)",37.4358913,126.7498263,서창동,장수서창동
인천삼목초등학교,"인천광역시 중구 신도시북로 42 (운서동, 인천삼목초등학교)",37.49865585,126.486412,운서동,운서1동
인천봉화초등학교,"인천광역시 서구 건지로250번길 43 (가좌동, 봉화초등학교)",37.49536399,126.6703253,가좌동,가좌1동
인천검암초등학교,"인천광역시 서구 승학로 599번길 45 (검암동, 검암초등학교)",37.56796725,126.678293,검암동,검암경서동
인천은지초등학교,"인천광역시 서구 승학로572번길 22 , 인천은지초등학교 (검암동)",37.5646837,126.6853553,검암동,검암경서동
인천진산초등학교,"인천광역시 부평구 굴포로 194-10 (삼산동, 인천진산초등학교)",37.51297308,126.7415129,삼산동,삼산2동
인천굴포초등학교,"인천광역시 부평구 충선로234번길 19 , 인천굴포초등학교 (삼산동)",37.51104458,126.7365789,삼산동,삼산2동
인천간재울초등학교,인천광역시 서구 승학로 433 (검암동),37.56033764,126.6722937,검암동,검암경서동
인천후정초등학교,인천광역시 부평구 영성서로 56 (삼산동),37.52312182,126.7436408,삼산동,삼산1동
인천발산초등학교,"인천광역시 서구 고산후로78번길 6 , 인천발산초등학교 (당하동)",37.59011616,126.6991478,당하동,원당동
인천해서초등학교,"인천광역시 계양구 계산로 42-1 (계산동, 해서초등학교)",37.54014208,126.7176632,계산동,계산1동
인천먼우금초등학교,"인천광역시 연수구 해돋이로84번길 33 , 인천먼우금초등학교 (송도동, 인천먼우금초등학교)",37.39330645,126.6541879,송도동,송도1동
인천경서초등학교,"인천광역시 서구 경서로31번길 31 (경서동, 경서초등학교)",37.55664016,126.650985,경서동,검암경서동
인천왕길초등학교,"인천광역시 서구 봉수대로1440번길 20 (왕길동,인천왕길초등학교)",37.60197683,126.6510585,왕길동,오류왕길동
인천귤현초등학교,"인천광역시 계양구 귤현길 15 (귤현동, 귤현초등학교)",37.5685127,126.746694,귤현동,계양1동
인천원당초등학교,"인천광역시 서구 원당대로820번길 16 (당하동,원당초등학교)",37.59251405,126.6913305,당하동,원당동
인천능내초등학교,"인천광역시 서구 검단로540번길 23 (마전동, 능내초등학교)",37.60244235,126.6665079,마전동,검단동
인천완정초등학교,"인천광역시 서구 완정로 99 (마전동, 완정초등학교)",37.59842815,126.6640829,마전동,마전동
인천당산초등학교,인천광역시 계양구 동양로 122 (동양동),37.55869681,126.7595313,동양동,계양1동
인천청라초등학교,"인천광역시 서구 청라에메랄드로 139 (청라동, 인천청라초등학교)",37.53774888,126.6556967,청라동,청라1동
인천양촌초등학교,"인천광역시 계양구 장제로 954 (병방동, 양촌초등학교)",37.55068566,126.7443725,병방동,계양2동
인천영선초등학교,"인천광역시 부평구 충선로 293 (삼산동,영선초등학교)",37.51527002,126.7343726,삼산동,삼산2동
인천동방초등학교,"인천광역시 남동구 논현역로 31 (논현동, 동방초등학교)",37.40316071,126.7195491,논현동,논현2동
인천장도초등학교,"인천광역시 남동구 포구로 112 (논현동, 인천장도초등학교)",37.40789739,126.7336259,논현동,논현1동
인천신송초등학교,"인천광역시 연수구 해돋이로56번길 28 (송도동, 신송초등학교)",37.39068069,126.6577423,송도동,송도1동
인천금마초등학교,"인천광역시 부평구 일신로 88 (구산동, 금마초등학교)",37.47848543,126.7492925,구산동,일신동
인천은봉초등학교,"인천광역시 남동구 은봉로312번길 11 , 은봉초등학교 (논현동)",37.40547,126.7251034,논현동,논현1동
인천해송초등학교,"인천광역시 연수구 인천타워대로54번길 46 , 인천해송초등학교 (송도동)",37.3809103,126.6492847,송도동,송도1동
인천정각초등학교,"인천광역시 남동구 구월로 228 (구월동,정각초등학교)",37.45586808,126.715267,구월동,구월2동
인천경원초등학교,"인천광역시 미추홀구 경인로 511 (주안동, 경원초등학교)",37.46136602,126.6957692,주안동,주안6동
인천학산초등학교,"인천광역시 미추홀구 한나루로357번길 66 (학익동, 학산초등학교)",37.43973233,126.6580653,학익동,학익1동
인천상아초등학교,"인천광역시 남동구 석산로184번길 66 (간석동, 상아초등학교)",37.4575204,126.711976,간석동,간석2동
인천고잔초등학교,"인천광역시 남동구 아암대로1503번길 48 , 인천고잔초등학교 (논현동)",37.3929197,126.7285336,논현동,논현고잔동
인천공촌초등학교,"인천광역시 서구 심곡로188번길 21 (공촌동, 공촌초등학교)",37.54867977,126.6832573,공촌동,연희동
인천사리울초등학교,"인천광역시 남동구 아암대로1437번길 50 (논현동, 사리울초등학교)",37.38857805,126.7235173,논현동,논현고잔동
인천송천초등학교,인천광역시 남동구 앵고개로815번길 45 (논현동),37.39526059,126.7219563,논현동,논현고잔동
인천운남초등학교,"인천광역시 중구 운남서로 38 (운남동, 운남초등학교)",37.49040131,126.530308,운남동,영종동
인천원동초등학교,"인천광역시 남동구 논고개로 38 (논현동, 원동초등학교)",37.39686576,126.7304397,논현동,논현고잔동
인천신정초등학교,"인천광역시 연수구 아트센터대로97번길 72 (송도동,신정초등학교)",37.39727694,126.6447271,송도동,송도2동
인천초은초등학교,"인천광역시 서구 청라에메랄드로 33 (청라동, 인천초은초등학교)",37.52842319,126.6558477,청라동,청라1동
인천가원초등학교,"인천광역시 서구 청중로478번길 6 , 인천가원초등학교 (가정동)",37.52921844,126.6641213,가정동,가정1동
인천아라초등학교,인천광역시 서구 서로2로 42 인천아라초등학교,37.58508291,126.7035431,당하동,아라1동
인천해든초등학교,인천광역시 서구 서로3로 60 (당하동),37.5854038,126.7074642,당하동,아라1동
인천아람초등학교,"인천광역시 서구 이음1로 289 , 인천아람초등학교 (원당동 1094-2)",37.58723924,126.7164112,원당동,아라1동
인천한별초등학교,"인천광역시 서구 서로3로 201 , 인천한별초등학교 (아라동)",37.59761272,126.7067293,원당동,아라2동
인천청일초등학교,"인천광역시 서구 크리스탈로 46 (청라동, 인천청일초등학교)",37.52925923,126.6373634,청라동,청라2동
인천도담초등학교,"인천광역시 서구 청라커낼로 217 (청라동, 도담초등학교)",37.52786285,126.6439914,청라동,청라2동
인천새봄초등학교,"인천광역시 연수구 앵고개로104번길 34 (동춘동, 인천새봄초등학교)",37.40969162,126.6576225,동춘동,동춘1동
인천장서초등학교,인천광역시 남동구 서창남순환로 109 (서창동),37.42921635,126.7453281,서창동,서창2동
인천장아초등학교,"인천광역시 남동구 서창방산로 93 , 인천장아초등학교 (서창동)",37.42431847,126.7540704,서창동,서창2동
인천연송초등학교,"인천광역시 연수구 해돋이로 248 (송도동,인천연송초등학교)",37.39986566,126.638869,송도동,송도2동
인천예송초등학교,"인천광역시 연수구 컨벤시아대로252번길 75 (송도동, 인천예송초등학교)",37.38746311,126.6303412,송도동,송도4동
인천송일초등학교,"인천광역시 연수구 컨벤시아대로252번길 15 , 인천송일초등학교 (송도동)",37.38418802,126.635135,송도동,송도4동
인천첨단초등학교,"인천광역시 연수구 송도교육로 20 , 인천첨단초등학교 (송도동)",37.3732213,126.655026,송도동,송도3동
인천송명초등학교,인천광역시 연수구 송도교육로 19 (송도동),37.37441889,126.6557537,송도동,송도3동
인천송원초등학교,"인천광역시 연수구 송도과학로51번길 60 , 인천송원초등학교 (송도동)",37.38597013,126.6695474,송도동,송도3동
인천청람초등학교,"인천광역시 서구 청라커낼로 336 (청라동, 인천청람초등학교)",37.53869636,126.6453133,청라동,청라2동
인천경명초등학교,"인천광역시 서구 크리스탈로 130 (경서동, 인천경명초등학교)",37.5369986,126.6373304,청라동,청라2동
인천한들초등학교,인천광역시 서구 한중로 25 (백석동),37.57958495,126.6728024,백석동,당하동
인천해원초등학교,"인천광역시 서구 청라사파이어로140번길 5 (청라동, 인천해원초등학교)",37.52766564,126.6260936,청라동,청라3동
인천미송초등학교,"인천광역시 연수구 아카데미로 667 , 인천미송초등학교",37.41477678,126.6133521,송도동,송도5동
인천은송초등학교,"인천광역시 연수구 센트럴로 460 (송도동, 인천은송초등학교)",37.41398351,126.6296412,송도동,송도5동
인천윤슬초등학교,인천광역시 중구 영종대로278번길 27 (운서동),37.48424708,126.5021326,운서동,운서2동
인천하늘초등학교,"인천광역시 중구 은하수로 294 (중산동, 영종하늘초등학교)",37.49792698,126.5579456,중산동,영종2동
인천달빛초등학교,"인천광역시 중구 은하수로 124 (중산동, 인천달빛초등학교)",37.49653401,126.5707182,중산동,영종2동
인천이음초등학교,"인천광역시 서구 이음1로 447 (원당동, 인천이음초등학교)",37.59878792,126.7121218,원당동,아라2동
인천검단호수초등학교,인천광역시 서구 독정로324번길 26 (불로동),37.60917799,126.6828357,불로동,불로대곡동
인천송빛초등학교,"인천광역시 연수구 아카데미로343번길 27 (송도동, 인천송빛초등학교)",37.38582678,126.6128864,송도동,송도4동
인천현송초등학교,"인천광역시 연수구 아카데미로312번길 96 (송도동, 인천현송초등학교)",37.39389185,126.6203812,송도동,송도4동
인천용학초등학교,"인천광역시 미추홀구 용정공원로83번길 9 (용현동, 인천 용학초등학교)",37.44668593,126.6432686,용현동,용현5동
인천명선초등학교,"인천광역시 연수구 컨벤시아대로42번길 64 (송도동, 인천명선초등학교)",37.40260418,126.6472168,송도동,송도2동
인천한빛초등학교,인천광역시 남동구 서창남순환로 190-28 (서창동),37.42421854,126.7438835,서창동,서창2동
인천중산초등학교,"인천광역시 중구 두미포로 100, 인천중산 초등학교",37.49471569,126.5653914,중산동,영종2동
인천경연초등학교,인천광역시 서구 차오름로 64 (청라동),37.53849651,126.6262363,청라동,청라3동
인천별빛초등학교,"인천광역시 중구 은하수로 402 , 인천별빛초등학교 (운남동)",37.49085216,126.5508076,운남동,영종1동
인천송담초등학교,"인천광역시 연수구 아카데미로 627 (송도동, 인천송담초등학교)",37.410277,126.6149198,송도동,송도5동
인천청호초등학교,인천광역시 서구 청라한울로 44 (청라동),37.53864489,126.6415165,청라동,청라2동
인천신검단초등학교,"인천광역시 서구 불로동 , 247-49 일원 (불로동)",37.60938735,126.7007661,불로동,불로대곡동
가람초등학교,"경기도 고양시 덕양구 행신로311번길 78 (행신동,가람초등학교)",37.62371945,126.8422244,행신동,행신3동
강선초등학교,"경기도 고양시 일산서구 강선로 77 , 강선초등학교 (주엽동)",37.67122823,126.7646257,주엽동,주엽1동
고봉초등학교,"경기도 고양시 일산동구 중산로 280 , 고봉초등학교 (중산동)",37.69613944,126.7826205,중산동,중산1동
고양백석초등학교,"경기도 고양시 일산동구 강촌로 140 (백석동,고양백석초등학교)",37.65213917,126.7890577,백석동,백석1동
고양신일초등학교,"경기도 고양시 일산서구 강선로 183 , 고양신일초등학교 (일산동)",37.67954962,126.7708302,일산동,일산3동
고양용현초등학교,"경기도 고양시 덕양구 화신로 21 (행신동,고양용현초등학교)",37.61517772,126.8382259,행신동,행신2동
고양초등학교,"경기도 고양시 덕양구 혜음로13번길 22-7 , 고양초등학교 (고양동)",37.70293233,126.8994326,고양동,고양동
고양화수초등학교,"경기도 고양시 덕양구 화수로 25 , 고양화수초등학교 (화정동)",37.64537919,126.8327254,화정동,화정1동
고양화정초등학교,"경기도 고양시 덕양구 화신로 333 , 고양화정초등학교 (화정동)",37.63400705,126.825991,화정동,화정2동
금계초등학교,"경기도 고양시 일산동구 강촌로 90 , 금계초등학교 (백석동)",37.649601,126.7843119,백석동,백석1동
낙민초등학교,"경기도 고양시 일산동구 강석로 134 (마두동, 낙민초등학교)",37.65392838,126.7801004,마두동,마두2동
내유초등학교,"경기도 고양시 덕양구 통일로 1132 (내유동,내유초등학교)",37.71554872,126.8518945,내유동,관산동
냉천초등학교,"경기도 고양시 일산동구 산두로 99 , 냉천초등학교 (마두동)",37.66672298,126.7856589,마두동,마두1동
능곡초등학교,경기도 고양시 덕양구 토당로67번길 66 (토당동),37.62449777,126.8159437,토당동,능곡동
대곡초등학교,"경기도 고양시 덕양구 대주로 138-50 (대장동,대곡초등학교)",37.64115655,126.8127529,대장동,능곡동
대화초등학교,경기도 고양시 일산서구 송포로 50 (대화동),37.67157089,126.7323952,대화동,송포동
덕은초등학교,경기도 고양시 덕양구 중앙로176번길 18-4 (화전동),37.60327439,126.8727172,화전동,화전동
덕이초등학교,"경기도 고양시 일산서구 덕이로 104 (덕이동,덕이초등학교)",37.69276487,126.7483805,덕이동,덕이동
무원초등학교,"경기도 고양시 덕양구 무원로 47 (행신동,무원초등학교)",37.6176977,126.83166,행신동,행신2동
문촌초등학교,"경기도 고양시 일산서구 주엽로 168 , 문촌초등학교 (주엽동)",37.67338642,126.7604571,주엽동,주엽2동
문화초등학교,"경기도 고양시 일산서구 강선로 123 (주엽동,문화초등학교)",37.67486374,126.7672033,주엽동,주엽1동
백마초등학교,경기도 고양시 일산동구 일산로 230 (마두동),37.65789717,126.7908831,마두동,마두1동
백신초등학교,"경기도 고양시 일산동구 강촌로26번길 66 (백석동,백신초등학교)",37.64426795,126.7811094,백석동,백석2동
백양초등학교,경기도 고양시 덕양구 화신로 238 (화정동),37.63225803,126.836166,화정동,화정2동
벽제초등학교,"경기도 고양시 일산동구 공릉천로 13 (사리현동,벽제초등학교)",37.69582651,126.8434655,사리현동,고봉동
삼송초등학교,경기도 고양시 덕양구 세솔로 150 (원흥동),37.6541995,126.8823957,원흥동,삼송2동
상탄초등학교,"경기도 고양시 일산서구 현중로 47 , 상탄초등학교 (탄현동)",37.6951347,126.7666945,탄현동,탄현1동
성라초등학교,"경기도 고양시 덕양구 호국로716번길 13-19 , 성라초등학교 (성사동)",37.65279018,126.8338443,성사동,성사2동
성사초등학교,"경기도 고양시 덕양구 호국로834번길 89 , 성사초등학교 (성사동,성사초등학교)",37.65782169,126.8436524,성사동,성사1동
성석초등학교,"경기도 고양시 일산동구 문봉길 110 (문봉동, 성석초등학교)",37.70722724,126.8126246,문봉동,고봉동
성신초등학교,"경기도 고양시 덕양구 성신로 104 , 성신초등학교 (행신동)",37.62663419,126.83992,행신동,행신3동
성저초등학교,"경기도 고양시 일산서구 성저로 92 , 성저초등학교 (대화동)",37.68474502,126.7573647,대화동,대화동
소만초등학교,"경기 고양시 덕양구 화신로 48 (행신동,소만초등학교)",37.61754278,126.8395857,행신동,행신2동
송포초등학교,"경기도 고양시 일산서구 송산로 379 (가좌동, 송포초등학교)",37.68540122,126.7205405,가좌동,가좌동
일산은행초등학교,"경기도 고양시 일산동구 은행마을로 70 (식사동,일산은행초등학교)",37.6692745,126.8063614,식사동,식사동
신능초등학교,"경기도 고양시 덕양구 충장로123번길 37 , 신능초등학교 (행신동, 신능초등학교)",37.62414406,126.8312671,행신동,행신1동
신원초등학교,"경기도 고양시 덕양구 신원3로 21 , 신원초등학교 (신원동, 신원초등학교)",37.66780558,126.8858833,신원동,원신동
신촌초등학교,경기도 고양시 일산서구 후곡로 52 (일산동),37.68162503,126.7661082,일산동,일산3동
안곡초등학교,경기도 고양시 일산동구 중산로 142 (중산동),37.6847807,126.7818546,중산동,중산1동
오마초등학교,경기도 고양시 일산서구 주엽로 214 (주엽동),37.67704114,126.7629997,주엽동,주엽2동
용두초등학교,"경기도 고양시 덕양구 용두로121번길 20 (용두동, 용두초등학교)",37.62157483,126.8932712,용두동,창릉동
용정초등학교,"경기도 고양시 덕양구 은빛로17번길 , 53  (화정동)",37.64051723,126.8296499,화정동,화정1동
원당초등학교,"경기도 고양시 덕양구 마상로107번길 13 (주교동,원당초등학교)",37.66235886,126.834931,주교동,주교동
원중초등학교,경기도 고양시 일산동구 위시티3로 67 (식사동),37.6751316,126.814731,식사동,식사동
율동초등학교,경기도 고양시 일산동구 산두로 223 (정발산동),37.67544394,126.7788445,정발산동,정발산동
일산초등학교,경기도 고양시 일산서구 일중로15번길 38 (일산동),37.68298887,126.7719674,일산동,일산2동
장성초등학교,"경기도 고양시 일산서구 일산로 738 (대화동,장성초등학교)",37.67794916,126.7496619,대화동,대화동
장촌초등학교,경기도 고양시 일산서구 호수로856번길 43 (대화동),37.67282742,126.7489605,대화동,대화동
저동초등학교,"경기도 고양시 일산동구 대산로11번길 37 , 저동초등학교 (정발산동)",37.66801128,126.7738784,정발산동,정발산동
정발초등학교,경기도 고양시 일산동구 강송로 190 (마두동),37.65577171,126.783759,마두동,마두2동
주엽초등학교,"경기도 고양시 일산서구 강선로 29 (주엽동,주엽초등학교)",37.66738993,126.7615108,주엽동,주엽1동
중산초등학교,"경기도 고양시 일산동구 탄중로 373 (중산동, 중산초등학교)",37.69044448,126.7835571,중산동,중산1동
지도초등학교,"경기도 고양시 덕양구 성신로 49 (화정동, 지도초등학교)",37.62827339,126.8337591,화정동,화정2동
토당초등학교,"경기도 고양시 덕양구 행신로 90 (토당동,토당초등학교)",37.61719519,126.8262942,토당동,행주동
풍산초등학교,"경기도 고양시 일산동구 숲속마을로 51 , 풍산초등학교 (풍동)",37.66687039,126.7967057,풍동,풍산동
한수초등학교,"경기도 고양시 일산서구 주엽로 118 , 한수초등학교 (주엽동)",37.66933747,126.7575689,주엽동,주엽1동
행남초등학교,"경기도 고양시 덕양구 소만로 22 , 행남초등학교 (행신동 행남초등학교)",37.61518264,126.8425938,행신동,행신2동
행신초등학교,"경기도 고양시 덕양구 중앙로 527 , 행신초등학교 (행신동)",37.62198193,126.8364905,행신동,행신1동
행주초등학교,"경기도 고양시 덕양구 행주로17번길 70 , 임의로수정 (행주내동)",37.6034034,126.8243428,행주내동,행주동
현산초등학교,"경기도 고양시 일산서구 산현로 87 (탄현동, 현산초등학교)",37.69269962,126.7713353,탄현동,탄현1동
호곡초등학교,"경기도 고양시 일산서구 탄현로 109 , 호곡초등학교 (탄현동)",37.70090589,126.7666064,탄현동,탄현2동
호수초등학교,경기도 고양시 일산동구 강촌로 27 (장항동),37.6470271,126.7779626,장항동,장항2동
화중초등학교,"경기도 고양시 덕양구 화중로152번길 43 (화정동,화중초등학교)",37.64089349,126.8360183,화정동,화정1동
황룡초등학교,"경기도 고양시 일산서구 탄현로 75 (탄현동, 황룡초등학교)",37.69844738,126.7680071,탄현동,탄현1동
흥도초등학교,경기도 고양시 덕양구 도래울1로 83 (도내동),37.62747602,126.872069,도내동,흥도동
가림초등학교,"경기도 광명시 금당로 11-7 (하안동, 가림초등학교)",37.45853234,126.878838,하안동,하안3동
광명광덕초등학교,경기 광명시 오리로841번길 9 (철산동),37.47312218,126.8656313,철산동,철산3동
광명광성초등학교,"경기도 광명시 철산로 59 , 광명광성초등학교 (철산동)",37.47885028,126.873071,철산동,철산3동
광명남초등학교,"경기도 광명시 광명로 866-9 (광명동, 광명남초등학교)",37.47512708,126.8537024,광명동,광명7동
광명동초등학교,"경기도 광명시 연서일로 25 , 광명동초등학교 (철산동, 광명동초등학교)",37.4839434,126.8633639,철산동,철산2동
광명북초등학교,"경기도 광명시 시청로138번길 8 (철산동, 광명북초등학교)",37.48645156,126.867658,철산동,철산2동
광명서초등학교,"경기도 광명시 너부대로 5 , 광명서초등학교 (광명동)",37.47847217,126.8470137,광명동,광명5동
광명초등학교,"경기도 광명시 광이로 21 (광명동,광명초등학교)",37.48082832,126.8574011,광명동,광명3동
광문초등학교,"경기도 광명시 덕단이로 29 (광명동, 광문초등학교)",37.4668848,126.8516529,광명동,광명7동
광일초등학교,"경기도 광명시 목감로 34-6 , 광일초등학교 (광명동)",37.47147779,126.8456051,광명동,광명6동
도덕초등학교,"경기도 광명시 가마산로 28 (철산동,도덕초등학교)",37.48426701,126.8707068,철산동,철산2동
서면초등학교,경기도 광명시 오리로 402 (소하동),37.43861715,126.8795506,소하동,소하2동
소하초등학교,"경기도 광명시 소하일로 45 (소하동, 소하초등학교)",37.44927566,126.8873675,소하동,소하1동
안서초등학교,경기도 광명시 가학로 247-55 (가학동),37.40279032,126.870651,가학동,학온동
연서초등학교,"경기도 광명시 안현로 80-2 (하안동, 연서초등학교)",37.46594968,126.8824405,하안동,하안4동
온신초등학교,"경기도 광명시 범안로 657 (노온사동,온신초등학교)",37.44273903,126.8468544,노온사동,학온동
철산초등학교,"경기도 광명시 하안로 392 , 철산초등학교 (철산동)",37.46976922,126.8745366,철산동,철산3동
하안남초등학교,"경기 광명시 금당로 71 , 하안남초등학교 (하안동,하안남초등학교)",37.46217243,126.8852513,하안동,하안3동
하안북초등학교,"경기도 광명시 가림로 18 (하안동,하안북초등학교)",37.46470851,126.8691342,하안동,하안1동
하안초등학교,경기도 광명시 안현로 16 (하안동),37.46306043,126.873989,하안동,하안2동
하일초등학교,"경기도 광명시 철망산로 68 , 하일초등학교 (하안동)",37.46908545,126.8764178,하안동,하안4동
고골초등학교,"경기도 하남시 대성로 90 (하사창동,고골초등학교)",37.51847867,127.1975178,하사창동,춘궁동
덕풍초등학교,"경기도 하남시 덕풍공원로 20 , 덕풍초등학교 (덕풍동)",37.54071732,127.1974257,덕풍동,덕풍2동
도심초등학교,"경기도 남양주시 와부읍 석실로 45 , 도심초등학교 (와부읍)",37.58015633,127.2273682,와부읍 도곡리,와부읍
동부초등학교,"경기도 하남시 역말로 55 (덕풍동, 동부초등학교)",37.53747386,127.2022425,덕풍동,덕풍1동
망월초등학교,경기도 하남시 미사강변북로24번길 10 (망월동),37.57081697,127.1810201,망월동,미사2동
산곡초등학교,"경기도 하남시 하남대로302번길 45 , 산곡초등학교 (하산곡동)",37.5041007,127.2345414,하산곡동,천현동
서부초등학교,"경기도 하남시 서하남로 161 , 서부초등학교 (감일동)",37.51574144,127.1620535,감일동,감북동
신장초등학교,"경기도 하남시 신평로 100 (신장동,신장초등학교)",37.54269617,127.2081877,신장동,신장2동
창우초등학교,"경기도 하남시 대청로 99 (창우동, 창우초등학교)",37.54065829,127.2237555,창우동,신장2동
하남천현초등학교,경기도 하남시 천현로 45 (신장동),37.53806466,127.2160699,신장동,신장2동
하남초등학교,"경기도 하남시 천현로 109 (창우동, 하남초등학교)",37.53742616,127.2221663,창우동,신장2동
감정초등학교,"경기도 김포시 중봉로 11 , 감정초등학교 (감정동)",37.62343956,126.6955158,감정동,김포본동
개곡초등학교,"경기도 김포시 월곶면 애기봉로 445 (월곶면,개곡초등학교)",37.73203072,126.5936414,월곶면 개곡리,월곶면
고창초등학교,경기도 김포시 김포한강1로98번길 35 (장기동),37.64594685,126.672551,장기동,장기동
고촌초등학교,"경기도 김포시 고촌읍 신곡로29번길 30 , 고촌초등학교 (고촌읍)",37.60614374,126.7733694,고촌읍 신곡리,고촌읍
금란초등학교,"경기도 김포시 고촌읍 장곡로 42 , 금란초등학교 (고촌읍)",37.60765405,126.7511344,고촌읍 풍곡리,고촌읍
금성초등학교,"경기도 김포시 하성면 하성로 795번길 26 , 금성초등학교 (하성면)",37.74486002,126.6324555,하성면 마조리,하성면
금파초등학교,"경기도 김포시 김포대로926번길 74 (북변동,금파초등학교)",37.62424133,126.716781,북변동,김포본동
양도초등학교,"경기도 김포시 풍무로93번길 31 (풍무동, 양도초등학교)",37.60286562,126.7203323,풍무동,풍무동
김포대명초등학교,경기도 김포시 대곶면 대곶로20번길 17 (대곶면),37.64842669,126.553575,대곶면 대명리,대곶면
김포서초등학교,경기도 김포시 봉화로 188 (북변동),37.6290236,126.7017278,북변동,김포본동
김포초등학교,"경기도 김포시 북변중로65번길 4-24 (북변동, 김포초등학교)",37.62583548,126.7084003,북변동,김포본동
대곶초등학교,"경기도 김포시 대곶면 율생중앙로36번길 19 (대곶면,대곶초등학교)",37.65200492,126.5848107,대곶면 율생리,대곶면
마송초등학교,"경기도 김포시 통진읍 흥신로 315 (통진읍, 마송초등학교)",37.68430052,126.606057,통진읍 마송리,통진읍
사우초등학교,"경기도 김포시 사우로 20 , 사우초등학교 (사우동)",37.62052677,126.7239749,사우동,사우동
서암초등학교,"경기도 김포시 통진읍 서암로184번길 9 (통진읍,서암초등학교)",37.69999628,126.6052043,통진읍 서암리,통진읍
석정초등학교,"경기도 김포시 대곶면 대곶로331번길 10 , 석정초등학교 (대곶면)",37.67365359,126.5541183,대곶면 석정리,대곶면
수남초등학교,"경기도 김포시 대곶면 수남로21번길 24 (대곶면,수남초등학교)",37.62889835,126.5883894,대곶면 대벽리,대곶면
양곡초등학교,"경기도 김포시 양촌읍 양곡로 548 , 양곡초등학교 (양촌읍)",37.65584336,126.6217291,양촌읍 양곡리,양촌읍
옹정초등학교,"경기도 김포시 통진읍 옹정로185번길 26 , 옹정초등학교 (통진읍)",37.69412627,126.5638994,통진읍 옹정리,통진읍
운양초등학교,"경기도 김포시 전원로 38번길 99 , 운양초등학교 (운양동,운양초등학교)",37.64617071,126.69063,운양동,운양동
월곶초등학교,"경기도 김포시 월곶면 군하로276번길 28 (월곶면,월곶초등학교)",37.71770877,126.5521783,월곶면 군하리,월곶면
유현초등학교,경기도 김포시 유현로33번길 50 (풍무동),37.59893991,126.7259725,풍무동,풍무동
풍무초등학교,"경기도 김포시 풍무로96번길 71 , 풍무초등학교 (풍무동)",37.60509709,126.7265239,풍무동,풍무동
하성초등학교,경기도 김포시 하성면 애기봉로 857 (하성면),37.72067449,126.63257,하성면 마곡리,하성면
학운초등학교,경기도 김포시 양촌읍 황금로70번길 13 (양촌읍),37.62030006,126.6248607,양촌읍 학운리,양촌읍
가곡초등학교,"경기도 남양주시 화도읍 비룡로379번길 3 (화도읍, 가곡초등학교)",37.68437154,127.3052128,화도읍 가곡리,화도읍
가양초등학교,"경기도 남양주시 수동면 비룡로1243번길 7 , 가양초등학교 (수동면)",37.7330044,127.2934761,수동면 수산리,수동면
갈매초등학교,"경기도 구리시 갈매중앙로 40 (갈매동, 갈매초등학교)",37.62842767,127.116054,갈매동,갈매동
광릉초등학교,"경기도 남양주시 진접읍 광릉내로82번길 29 (진접읍,광릉초등학교)",37.74592049,127.2067727,진접읍 팔야리,진접읍
교문초등학교,"경기도 구리시 안골로19번길 16 , 교문초등학교 (교문동)",37.59824382,127.1336209,교문동,교문1동
구리초등학교,"경기도 구리시 경춘로276번길 51 (수택동,구리초등학교)",37.60121089,127.1475991,수택동,수택1동
구지초등학교,경기도 구리시 건원대로76번길 40 (인창동),37.60728831,127.1421895,인창동,동구동
금교초등학교,"경기도 남양주시 미금로 194 (다산동, 금교초등학교)",37.61427588,127.1616115,다산동,다산1동
금남초등학교,"경기도 남양주시 화도읍 북한강로 1506 , 금남초등학교 (화도읍)",37.64368647,127.3620146,화도읍 금남리,화도읍
남양주금곡초등학교,"경기도 남양주시 금곡로 65-6 , 금곡초등학교 (금곡동)",37.63587469,127.2119186,금곡동,금곡동
남양주도곡초등학교,경기도 남양주시 와부읍 덕소로 179 (와부읍),37.57978958,127.2189059,와부읍 도곡리,와부읍
남양주동곡초등학교,"경기도 남양주시 홍유릉로248번길 56 (금곡동,남양주동곡초등학교)",37.6288876,127.20392,금곡동,금곡동
남양주미금초등학교,"경기도 남양주시 미금로56번길 32-13 (다산동, 미금초등학교)",37.60893592,127.1551537,다산동,다산1동
남양주송라초등학교,"경기도 남양주시 화도읍 마석로45번길 33 , 남양주송라초등학교 (화도읍)",37.65445429,127.3018658,화도읍 마석우리,화도읍
남양주송촌초등학교,"경기도 남양주시 조안면 북한강로499번길 30 (조안면, 남양주송촌초등학교)",37.56770133,127.3182328,조안면 송촌리,조안면
남양주양정초등학교,"경기도 남양주시 경춘로 468-33 , 남양주양정초등학교 (지금동)",37.60865753,127.165748,다산동,다산2동
남양주양지초등학교,"경기도 남양주시 오남읍 진건오남로 808번길 , 20-37",37.69908745,127.2064927,오남읍 양지리,오남읍
남양주월문초등학교,"경기도 남양주시 와부읍 수레로 519 , 남양주월문초등학교 (와부읍)",37.60948839,127.2616036,와부읍 월문리,와부읍
내양초등학교,"경기도 구리시 동구릉로 485 (사노동,내양초등학교)",37.6405871,127.1392824,사노동,동구동
답내초등학교,"경기도 남양주시 화도읍 경춘로2347번길 44-7 화도읍,답내초등학교",37.66239095,127.3473013,화도읍 답내리,화도읍
덕소초등학교,"경기도 남양주시 와부읍 수레로 17 , 덕소초등학교 (와부읍)",37.58737677,127.2149198,와부읍 덕소리,와부읍
도농초등학교,"경기도 남양주시 도농로 72 , 도농초등학교 (도농동)",37.61238774,127.1574974,다산동,다산1동
도림초등학교,"경기도 구리시 아차산로 431 (교문동,도림초등학교)",37.5932866,127.1299671,교문동,교문1동
도제원초등학교,"경기도 남양주시 퇴계원읍 경춘북로558번길 10-1 (퇴계원읍, 도제원초등학교)",37.64597684,127.1457227,퇴계원읍 퇴계원리,퇴계원읍
동구초등학교,"경기도 구리시 건원대로76번길 45 , 동구초등학교 (인창동)",37.60917318,127.1415867,인창동,동구동
동인초등학교,"경기도 구리시 동구릉로103번길 37 , 동인초등학교 (인창동,동인초등학교)",37.61091509,127.1338366,인창동,동구동
마석초등학교,"경기도 남양주시 화도읍 수레로 1234-52 , 마석초등학교 (화도읍)",37.64953342,127.3050515,화도읍 창현리,화도읍
마석초등학교녹촌분교장,"경기도 남양주시 화도읍 가구단지6길 63-12 (화도읍,마석초등학교녹촌분교)",37.6517499,127.2861471,화도읍 녹촌리,화도읍
백문초등학교,경기도 구리시 장자대로13번길 12 (교문동),37.58865536,127.1329217,교문동,교문2동
별내초등학교,"경기도 남양주시 별내면 청학로92번길 38 , 별내초등학교 (별내면)",37.71140812,127.1183712,별내면 청학리,별내면
부양초등학교,"경기도 구리시 장자대로 89-2 (수택동, 부양초등학교)",37.59048716,127.1416821,수택동,수택3동
수동초등학교,경기도 남양주시 수동면 비룡로 832 (수동면),37.71187655,127.3234174,수동면 입석리,수동면
수동초등학교송천분교장,"경기도 남양주시 수동면 비룡로586번길 98 (수동면, 수동초등학교 송천분교)",37.69512457,127.3342249,수동면 송천리,수동면
수택초등학교,"경기도 구리시 검배로136번길 41 (토평동,수택초등학교)",37.59193552,127.1525842,토평동,수택3동
심석초등학교,"경기도 남양주시 화도읍 마석로76번길 10 (화도읍,심석초등학교)",37.65730263,127.3068672,화도읍 마석우리,화도읍
오남초등학교,"경기도 남양주시 오남읍 진건오남로 696 , 오남초등학교 (오남읍)",37.69527469,127.2145757,오남읍 오남리,오남읍
와부초등학교,경기도 남양주시 와부읍 월문천로 63 와부초등학교,37.58704748,127.218926,와부읍 덕소리,와부읍
용신초등학교,"경기도 남양주시 진건읍 사릉로 474 (진건읍, 용신초등학교)",37.66100507,127.1733424,진건읍 신월리,진건읍
인창초등학교,"경기 구리시 동구릉로 37-13 , 인창초등학교 (인창동,건물)",37.60445459,127.1314747,인창동,인창동
장승초등학교,경기도 남양주시 진접읍 금강로1576번길 12 (진접읍),37.73035591,127.1954113,진접읍 장현리,진접읍
장자초등학교,"경기도 구리시 장자대로 40 (교문동,장자초등학교)",37.58677896,127.1349834,교문동,교문2동
장현초등학교,"경기도 남양주시 진접읍 장현천로 37 (진접읍,장현초등학교)",37.71946287,127.1822165,진접읍 장현리,진접읍
조안초등학교,"경기도 남양주시 조안면 북한강로229번길 20 (조안면, 조안초등학교)",37.54641013,127.3005896,조안면 조안리,조안면
진건초등학교,경기도 남양주시 진건읍 사릉로 408-9 (진건읍),37.65702846,127.1787473,진건읍 용정리,진건읍
창현초등학교,"경기도 남양주시 화도읍 녹촌로 12 , 창현초등학교 (화도읍)",37.64594218,127.3018702,화도읍 창현리,화도읍
천마초등학교,"경기도 남양주시 화도읍 경춘로 1707 (화도읍,천마초등학교)",37.65583217,127.2803591,화도읍 묵현리,화도읍
토평초등학교,"경기도 구리시 벌말로129번길 17-1 (토평동,토평초등학교)",37.58782449,127.1463829,토평동,수택3동
퇴계원초등학교,"경기도 남양주시 퇴계원읍 퇴계원로59번길 16 (퇴계원읍, 퇴계원초등학교)",37.65370134,127.1414178,퇴계원읍 퇴계원리,퇴계원읍
평내초등학교,"경기도 남양주시 경춘로 1292-11 (평내동,평내초등학교)",37.64908523,127.2377922,평내동,평내동
풍양초등학교,"경기도 남양주시 진접읍 내각1로 31-1 (진접읍,풍양초등학교)",37.70216089,127.1620794,진접읍 내각리,진접읍
호평초등학교,경기도 남양주시 천마산로 63 (호평동),37.66706912,127.2460639,호평동,호평동
화접초등학교,"경기도 남양주시 별내중앙로 148 , 화접초등학교 (별내동)",37.65321009,127.115463,별내동,별내동
계남초등학교,"경기도 부천시 원미구 조마루로 255 (중동, 계남초등학교)",37.49901219,126.7719472,중동,중1동
고강초등학교,"경기도 부천시 역곡로482번길 57 (고강동, 고강초등학교)",37.52726866,126.8201893,고강동,고강본동
고리울초등학교,"경기도 부천시 고리울로 93 (고강동, 고리울초등학교)",37.5272658,126.8270852,고강동,고강본동
까치울초등학교,"경기도 부천시 역곡로324번길 14 (작동, 까치울초등학교)",37.51375886,126.8141958,작동,성곡동
도당초등학교,"경기도 부천시 원미구 삼작로268번길 21 (도당동, 도당초등학교)",37.51917506,126.7923458,도당동,도당동
도원초등학교,"경기도 부천시 마니로 13 (심곡본동, 도원초등학교)",37.47711192,126.7729024,심곡본동,심곡본1동
동곡초등학교,"경기도 부천시 원미구 안곡로 248 (역곡동, 동곡초등학교)",37.49062139,126.8168268,역곡동,역곡1동
범박초등학교,"경기도 부천시 소사구 범박로 1 (범박동, 범박초등학교)",37.47037942,126.811492,범박동,범박동
복사초등학교,"경기도 부천시 소사구 은성로 210 (계수동, 복사초등학교)",37.46736542,126.8078363,범박동,범박동
부광초등학교,"경기도 부천시 석천로209번길 40 (중동, 부광초등학교)",37.50705577,126.7618832,중동,중4동
부명초등학교,"경기도 부천시 조마루로 200 , 부명초등학교 (중동, 부명초등학교)",37.4977935,126.7653268,중동,중1동
부원초등학교,"경기도 부천시 소사구 호현로447번길 14 (소사본동, 부원초등학교)",37.47819045,126.7912362,소사본동,소사본동
부인초등학교,"경기도 부천시 신상로 16 (상동, 부인초등학교)",37.48979882,126.7487393,상동,상1동
부일초등학교,"경기도 부천시 원미구 원미로182번길 31 (원미동, 부일초등학교)",37.49860268,126.7947955,원미동,원미1동
부천남초등학교,"경기도 부천시 성주로270번길 16-1 , 부천남초등학교 (심곡본동)",37.48225849,126.7829307,심곡본동,심곡본동
부천대명초등학교,"경기도 부천시 성오로 160 (오정동, 부천대명초등학교)",37.52801902,126.7976434,오정동,원종2동
부천덕산초등학교,"경기도 부천시 오정구 오정로252번길 91 (오정동, 덕산초등학교)",37.52989807,126.7905178,오정동,오정동
부천덕산초등학교대장분교장,"경기도 부천시 오정구 대장로 92 (대장동, 대장초등학교)",37.54237694,126.791197,대장동,오정동
부천동초등학교,"경기도 부천시 지봉로51번길 22 (역곡동, 부천동초등학교)",37.48823493,126.8043749,역곡동,역곡2동
부천부곡초등학교,"경기도 부천시 부흥로272번길 31 (중동, 부천부곡초등학교)",37.49408374,126.7731884,중동,중2동
부천부안초등학교,"경기도 부천시 소사구 경인로484번길 75 (괴안동, 부안초등학교)",37.48020733,126.8122091,괴안동,역곡3동
부천부흥초등학교,"경기도 부천시 원미구 계남로 154 (중동, 부흥초등학교)",37.50759201,126.7661937,중동,중4동
부천북초등학교,"경기도 부천시 원미로131번길 35 (원미동, 부천북초등학교)",37.49412622,126.7893701,원미동,원미1동
부천삼정초등학교,"경기도 부천시 중동로 436 (삼정동, 삼정초등학교)",37.51891872,126.7708997,삼정동,신흥동
부천서초등학교,"경기도 부천시 부일로330번길 30 (중동, 부천서초등학교)",37.48683858,126.7667163,중동,중동
부천수주초등학교,"경기도 부천시 고강로 99 (고강동, 부천수주초등학교)",37.53117494,126.8146506,고강동,고강1동
부천신흥초등학교,경기도 부천시 원미구 길주로391번길 71 (도당동),37.50640942,126.7847155,도당동,도당동
부천여월초등학교,"경기도 부천시 성곡로63번길 23 (여월동, 부천여월초등학교)",37.51812434,126.7966566,여월동,성곡동
부천역곡초등학교,"경기도 부천시 원미구 역곡로65번길 12 (역곡동, 역곡초등학교)",37.49106121,126.8076143,역곡동,역곡1동
부천원일초등학교,"경기도 부천시 소사로819번길 46 , 부천원일초등학교 (원종동, 부천원일초등학교)",37.53027706,126.8026699,원종동,원종1동
부천중앙초등학교,"경기도 부천시 원미구 옥산로 30 (중동, 부천중앙초등학교)",37.49653352,126.7822099,중동,중2동
부천중원초등학교,"경기도 부천시 석천로 273 (중동, 중원초등학교)",37.51206939,126.7636262,중동,중4동
부천초등학교,경기도 부천시 평천로 670 (약대동),37.51424604,126.7651662,약대동,약대동
상도초등학교,"경기도 부천시 원미구 장말로 149 (상동, 상도초등학교)",37.49447775,126.7590338,상동,상동
상동초등학교,"경기도 부천시 원미구 부흥로 70 (상동, 상동초등학교)",37.49687918,126.7502211,상동,상1동
상원초등학교,"경기도 부천시 부흥로 93 (상동, 상원초등학교)",37.498197,126.7531429,상동,상2동
상인초등학교,"경기도 부천시 원미구 도약로 61 (상동, 상인 초등학교)",37.51261462,126.7561535,상동,상3동
상일초등학교,"경기도 부천시 조마루로 57 (상동, 상일초등학교)",37.50172853,126.7502463,상동,상2동
상지초등학교,"경기도 부천시 장말로 189 (중동, 상지초등학교)",37.49401991,126.7634743,중동,중동
성주초등학교,"경기도 부천시 성주로 118 (송내동, 성주초등학교)",37.47915899,126.7690323,송내동,송내2동
소사초등학교,"경기도 부천시 소사구 은성로 58 (소사본동, 소사초등학교)",37.47361142,126.7973298,소사본동,소사본1동
송내초등학교,"경기도 부천시 원미구 석천로 27 , 송내초등학교",37.49050859,126.759451,상동,상동
신도초등학교,"경기도 부천시 부흥로 137 (중동, 신도초등학교)",37.49785396,126.7584456,중동,중1동
소일초등학교,"경기도 부천시 소사구 소사로102번길 78 (소사본동, 소일초등학교)",37.46915809,126.802548,소사본동,소사본1동
심곡초등학교,"경기도 부천시 장말로 309 (심곡동, 심곡초등학교)",37.49185423,126.7769425,심곡동,심곡3동
심원초등학교,"경기도 부천시 옥산로 66 (중동, 심원초등학교)",37.49977372,126.7816761,중동,중2동
약대초등학교,"경기도 부천시 수도로66번길 14 (약대동, 약대초등학교)",37.51407684,126.7730084,약대동,약대동
오정초등학교,"경기도 부천시 오정구 소사로794번길 48 (원종동, 오정초등학교)",37.52700974,126.8077359,원종동,원종1동
원미초등학교,"경기도 부천시 부흥로 423 , 원미초등학교 (심곡동)",37.48964245,126.7873051,심곡동,심곡2동
원종초등학교,"경기도 부천시 오정구 삼작로410번길 38 (원종동, 원종초등학교)",37.51805001,126.8059256,원종동,성곡동
중흥초등학교,"경기도 부천시 원미구 계남로 214 (중동, 중흥초등학교)",37.50669869,126.7731379,중동,중3동
창영초등학교,"경기도 부천시 은성로 109-26 (괴안동, 창영초등학교)",37.47515492,126.8048655,괴안동,괴안동
검단초등학교,"경기도 성남시 중원구 원터로 25 , 검단초등학교 (하대원동)",37.42948258,127.144034,하대원동,하대원동
구미초등학교,경기도 성남시 분당구 미금로22번길 25 (구미동),37.33775478,127.1183986,구미동,구미동
금빛초등학교,"경기도 성남시 수정구 남문로 112 (태평동,금빛초등학교)",37.44732893,127.1406322,태평동,태평4동
금상초등학교,"경기도 성남시 중원구 금상로 97 (금광동,금상초등학교)",37.44355007,127.1659942,금광동,금광1동
낙생초등학교,경기도 성남시 분당구 서판교로74번길 11 (판교동),37.39431704,127.099002,판교동,판교동
내정초등학교,"경기도 성남시 분당구 내정로174번길 19 (수내동, 내정초등학교)",37.3724032,127.122265,수내동,수내2동
단남초등학교,"경기도 성남시 중원구 금광로12번길 5 (금광동, 단남초등학교)",37.44290422,127.161375,금광동,금광1동
단대초등학교,경기도 성남시 수정구 단대로 30 (단대초등학교),37.453611,127.1577469,단대동,단대동
당촌초등학교,경기도 성남시 분당구 분당로 196 (분당동),37.37368941,127.131262,분당동,분당동
대원초등학교,"경기도 성남시 중원구 희망로343번길 24 , 대원초등학교 (상대원동,대원초등학교)",37.43667202,127.1550994,상대원동,상대원2동
대일초등학교,"경기도 성남시 중원구 금상로58번길 22 (상대원동,대일초등학교)",37.43846881,127.1641844,상대원동,상대원3동
대하초등학교,경기도 성남시 중원구 시민로 14 (하대원동),37.43190777,127.1513041,하대원동,하대원동
돌마초등학교,"경기도 성남시 분당구 야탑로 96-7 , 돌마초등학교 (야탑동)",37.40909939,127.1303783,야탑동,야탑2동
백현초등학교,경기도 성남시 분당구 백현로144번길 26 (정자동),37.37219331,127.1111656,정자동,정자동
복정초등학교,"경기도 성남시 수정구 성남대로1480번길 25 (복정동,복정초등학교)",37.46247112,127.1303836,복정동,복정동
분당초등학교,경기도 성남시 분당구 중앙공원로32번길 20 (서현동),37.37898822,127.1296532,서현동,서현1동
불곡초등학교,"경기도 성남시 분당구 무지개로 129 , 불곡초등학교 (구미동)",37.34098363,127.1197315,구미동,구미동
불정초등학교,경기도 성남시 분당구 돌마로 250 (정자동),37.36125574,127.1194969,정자동,정자3동
상대원초등학교,"경기도 성남시 중원구 순환로214번길 16 , 상대원초등학교 (상대원동,상대원초등학교)",37.4423833,127.181591,상대원동,상대원1동
상원초등학교,"경기도 성남시 중원구 은행로 6 , 상원초등학교 (은행동)",37.45388412,127.1627759,은행동,은행2동
상탑초등학교,"경기도 성남시 분당구 판교로 647 , 상탑초등학교 (야탑동)",37.40620861,127.1456923,야탑동,야탑3동
서당초등학교,경기도 성남시 분당구 돌마로476번길 30 (서현동),37.37460238,127.1345888,서현동,서현2동
서현초등학교,"경기도 성남시 분당구 중앙공원로39번길 12 , 서현초등학교 (서현동)",37.38257622,127.12855,서현동,서현1동
성남동초등학교,"경기도 성남시 중원구 자혜로32번길 10 (금광동, 성남동초등학교)",37.44921626,127.1621785,금광동,금광2동
성남매송초등학교,"경기도 성남시 분당구 탄천로 97 (이매동, 성남매송초등학교)",37.40218357,127.1224032,이매동,이매2동
성남미금초등학교,"경기도 성남시 분당구 미금로 151 , 성남미금초등학교 (구미동)",37.34742048,127.1153003,구미동,구미1동
성남북초등학교,"경기도 성남시 수정구 희망로534번길 3 (산성동, 성남북초등학교)",37.45149984,127.1514735,산성동,산성동
성남서초등학교,"경기도 성남시 수정구 태평로 19 (태평동, 성남서초등학교)",37.44854378,127.1294247,태평동,태평3동
성남신기초등학교,경기도 성남시 분당구 황새울로 74 (정자동),37.36658192,127.1110596,정자동,정자동
성남신흥초등학교,"경기도 성남시 수정구 공원로436번길 17 , 성남신흥초등학교 (신흥동)",37.45057746,127.1434705,신흥동,신흥2동
성남은행초등학교,"경기도 성남시 중원구 순환로447번길 11 , 성남은행초등학교 (은행동)",37.46100245,127.1709003,은행동,은행2동
성남장안초등학교,"경기도 성남시 분당구 장안로51번길 10 , (분당동,성남장안초등학교)",37.37265481,127.1444439,분당동,분당동
성남제일초등학교,경기도 성남시 중원구 중앙동 광명로 184번길 23 (중앙동),37.43890676,127.1496107,중앙동,중앙동
성남수정초등학교,"경기도 성남시 수정구 제일로123번길 9 (수진동,성남제2초등학교)",37.43621121,127.1327837,수진동,수진2동
성남중앙초등학교,"경기도 성남시 중원구 원터로94번길 7 , 성남중앙초등학교 (성남동)",37.43625492,127.1435588,성남동,성남동
성남초등학교,"경기도 성남시 수정구 수정로 233 , 성남초등학교 (태평동)",37.44608455,127.144146,태평동,태평4동
성수초등학교,"경기도 성남시 수정구 모란로 11 (수진동,성수초등학교)",37.43376609,127.1272377,수진동,수진2동
수내초등학교,"경기도 성남시 분당구 백현로243번길 12 , 수내초등학교 (수내동)",37.36776564,127.1246626,수내동,수내3동
수진초등학교,"경기도 성남시 수정구 탄리로95번길 16 , 수진초등학교 (태평동)",37.44494388,127.1334651,태평동,태평3동
안말초등학교,"경기도 성남시 분당구 양현로 104 (이매동, 안말초등학교)",37.39306292,127.126152,이매동,이매1동
야탑초등학교,"경기 성남시 분당구 양현로 400 , 야탑초등학교 (야탑동,야탑초등학교)",37.41661561,127.1256267,야탑동,야탑1동
양영초등학교,"경기도 성남시 분당구 불정로406번길 17 (서현동,양영초등학교)",37.37465969,127.1400905,서현동,서현2동
오리초등학교,"경기도 성남시 분당구 미금로 121 (구미동, 오리초등학교)",37.34435285,127.1153793,구미동,구미동
왕남초등학교,"경기도 성남시 수정구 왕남로 24 (고등동, 왕남초등학교)",37.42868223,127.0984126,고등동,고등동
이매초등학교,경기도 성남시 분당구 양현로 146 (이매동),37.39721014,127.1264932,이매동,이매1동
중부초등학교,"경기도 성남시 중원구 자혜로 55 , 중부초등학교 (은행동)",37.45154694,127.1649507,은행동,은행1동
중원초등학교,"경기도 성남시 중원구 사기막골로31번길 46 (상대원동, 중원초등학교)",37.43785528,127.1678574,상대원동,상대원1동
중탑초등학교,"경기도 성남시 분당구 벌말로 68 (야탑동,중탑초등학교)",37.41392399,127.1396854,야탑동,야탑3동
청솔초등학교,"경기도 성남시 분당구 금곡로 243 , 청솔초등학교(금곡동, 청솔초등학교) (금곡동)",37.35465808,127.1141001,금곡동,금곡동
초림초등학교,경기도 성남시 분당구 수내로90번길 26 (수내동),37.37682557,127.1175924,수내동,수내1동
탄천초등학교,"경기도 성남시 분당구 내정로 20 , 탄천초등학교 (정자동)",37.36159935,127.1156452,정자동,정자3동
태평초등학교,"경기도 성남시 수정구 남문로32번길 7 , 태평초등학교 (태평동)",37.44495416,127.1316938,태평동,태평3동
하원초등학교,"경기도 성남시 중원구 광명로 396 (금광동, 하원초등학교)",37.44625438,127.1702362,금광동,금광1동
하탑초등학교,경기도 성남시 분당구 양현로 262 (야탑동),37.4073264,127.1266127,야탑동,야탑2동
한솔초등학교,"경기도 성남시 분당구 돌마로 303 , 한솔초등학교 (정자동)",37.36677602,127.1180159,정자동,정자2동
희망대초등학교,"경기도 성남시 수정구 공원로370번길 29 (신흥동,희망대초등학교)",37.44749919,127.1491148,신흥동,신흥2동
관양초등학교,"경기도 안양시 동안구 관평로336번길 23 (관양동, 관양초등학교)",37.40674538,126.9600516,관양동,관양동
귀인초등학교,"경기도 안양시 동안구 귀인로 248 , 귀인초등학교 (평촌동)",37.38675429,126.9660335,평촌동,귀인동
달안초등학교,"경기도 안양시 동안구 동안로 178 (비산동,달안초등학교)",37.39460528,126.9500874,비산동,달안동
덕천초등학교,"경기도 안양시 만안구 전파로 27 , 덕천초등학교  (안양동)",37.39206633,126.9359513,안양동,안양7동
동안초등학교,"경기도 안양시 동안구 관평로138번길 36 (평촌동,동안초등학교)",37.38956957,126.9649077,평촌동,평안동
만안초등학교,경기도 안양시 만안구 안양로384번길 13 (안양동),37.40654197,126.9159687,안양동,안양2동
명학초등학교,"경기도 안양시 만안구 명학로 55 , 명학초등학교 (안양동)",37.37997664,126.9344138,안양동,안양8동
민백초등학교,"경기도 안양시 동안구 부림로 22 , 민백초등학교 (평촌동,민백초등학교)",37.38646671,126.9704853,평촌동,귀인동
박달초등학교,"경기도 안양시 만안구 삼봉로 38 (박달동,박달초등학교)",37.40071442,126.9024524,박달동,호현동
벌말초등학교,"경기도 안양시 동안구 학의로408번길 25 , 벌말초등학교 (평촌동)",37.39383705,126.9808953,평촌동,평촌동
범계초등학교,"경기도 안양시 동안구 동안로 90 (호계동,범계초등학교)",37.38729242,126.9543555,호계동,범계동
부림초등학교,경기도 안양시 동안구 달안로 161 (관양동),37.40035274,126.960093,관양동,부림동
비산초등학교,"경기도 안양시 동안구 운곡로 52 , 비산초등학교 (비산동)",37.40526069,126.943703,비산동,비산3동
삼봉초등학교,"경기도 안양시 만안구 박달로437번길 21 , 삼봉초등학교 (박달동)",37.40291134,126.8991863,박달동,호현동
삼성초등학교,"경기도 안양시 만안구 경수대로 1240 (석수동, 삼성초등학교)",37.4195815,126.9119829,석수동,석수1동
석수초등학교,"경기도 안양시 만안구 석수로 110 , 석수초등학교 (석수동)",37.40610427,126.9007563,석수동,충훈동
신안초등학교,"경기도 안양시 만안구 능곡로 52 (안양동,신안초등학교)",37.38960225,126.9148624,안양동,안양9동
안양관악초등학교,"경기도 안양시 동안구 일동로 201 , 안양관악초등학교 (관양동)",37.40659926,126.968165,관양동,관양동
안양남초등학교,"경기도 안양시 동안구 흥안대로 275 , 안양남초등학교 (호계동)",37.37989412,126.9684656,호계동,갈산동
안양덕현초등학교,경기도 안양시 동안구 갈산로 34 안양덕현초(호계동),37.37549471,126.9623993,호계동,갈산동
안양동초등학교,"경기도 안양시 동안구 임곡로80번길 34 (비산동,안양동초등학교)",37.40686228,126.9349691,비산동,비산1동
안양부안초등학교,"경기도 안양시 동안구 달안로 113 , 안양부안초등학교 (관양동)",37.3983563,126.9542396,관양동,부림동
안양부흥초등학교,"경기도 안양시 동안구 달안로 37 , 안양부흥초등학교 (비산동)",37.3947605,126.9465091,비산동,부흥동
안양서초등학교,경기도 안양시 만안구 양화로37번길 32 (안양동),37.3969151,126.911039,안양동,안양3동
안양신기초등학교,경기도 안양시 동안구 동안로 26 (호계동),37.3816429,126.9569687,호계동,신촌동
안양양지초등학교,"경기도 안양시 만안구 병목안로130번길 69 , 안양양지초등학교 (안양동)",37.39224518,126.9045522,안양동,안양9동
안양중앙초등학교,경기도 안양시 동안구 경수대로883번길 11 (비산동),37.39559392,126.9379763,비산동,비산2동
안양초등학교,경기도 안양시 만안구 현충로28번길 54 (안양동),37.39425015,126.9281411,안양동,안양5동
안일초등학교,"경기도 안양시 만안구 안양천서로 339 (안양동, 안일초등학교)",37.40412336,126.9222899,안양동,안양1동
연현초등학교,"경기도 안양시 만안구 연현로1번길 55 , 연현초등학교 (석수동, 연현초등학교)",37.4252211,126.9025062,석수동,석수2동
인덕원초등학교,"경기도 안양시 동안구 관양로 311 (관양동, 인덕원초등학교)",37.39727081,126.979583,관양동,인덕원동
평촌초등학교,"경기도 안양시 동안구 평촌대로180번길 56 , 평촌초등학교 (평촌동)",37.38839772,126.9601264,평촌동,평안동
호계초등학교,경기도 안양시 동안구 경수대로707번길 27 (호계동),37.38426735,126.9501975,호계동,호계2동
호성초등학교,"경기도 안양시 동안구 호성로 43-2 (호계동, 호성초등학교)",37.36625525,126.9630267,호계동,호계3동
호원초등학교,"경기도 안양시 동안구 경수대로623번길 72 , 호원초등학교 (호계동)",37.37509729,126.953336,호계동,호계2동
희성초등학교,"경기도 안양시 동안구 학의로 86 , 희성초등학교 (비산동)",37.39836601,126.9487102,비산동,달안동
고기초등학교,경기도 용인시 수지구 고기로 385 (고기동),37.35888173,127.066072,고기동,동천동
고림초등학교,"경기도 용인시 처인구 한터로152번길 22 (고림동, 고림초등학교)",37.24731988,127.2268409,고림동,유림2동
관곡초등학교,경기도 용인시 기흥구 관곡로 61 (구갈동),37.28322495,127.1137416,구갈동,구갈동
구갈초등학교,"경기도 용인시 기흥구 구갈로 36 , 구갈초등학교 (구갈동)",37.27794262,127.1119291,구갈동,구갈동
구성초등학교,"경기도 용인시 기흥구 구성로 51 (마북동,구성초등학교)",37.2956668,127.1153666,마북동,마북동
기흥초등학교,"경기도 용인시 기흥구 공세로82번길 5 , 기흥초등학교 (공세동)",37.23191879,127.1098018,공세동,기흥동
남곡초등학교,"경기도 용인시 처인구 남사읍 한숲로 110 (남사읍, 남곡초등학교)",37.15783665,127.1748328,남사읍 완장리,남사읍
남사초등학교,"경기도 용인시 처인구 남사면 처인성로185번길 9-10 (남사면,남사초등학교)",37.11363859,127.1482825,남사읍 봉무리,남사읍
남촌초등학교,"경기도 용인시 처인구 남사읍 천덕산로 330 (남사읍, 남촌초등학교)",37.10172278,127.137701,남사읍 진목리,남사읍
능원초등학교,"경기도 용인시 처인구 모현읍 충렬로8번길 29 , 능원초등학교 (모현읍)",37.34319393,127.1738484,모현읍 능원리,모현읍
용인대일초등학교,"경기도 용인시 수지구 푸른솔로 98 (죽전동,대일초등학교)",37.32803954,127.1188052,죽전동,죽전3동
대지초등학교,"경기도 용인시 수지구 대지로51번길 6 (죽전동,대지초등학교)",37.33017106,127.1160431,죽전동,죽전1동
대현초등학교,경기도 용인시 수지구 용구대로2771번길 16 (죽전동),37.33359249,127.106521,죽전동,죽전2동
동천초등학교,경기도 용인시 수지구 고기로 71 (동천동),37.34461156,127.0933932,동천동,동천동
마북초등학교,"경기도 용인시 기흥구 연원로 31 (마북동, 마북초등학교)",37.30281997,127.1100414,마북동,마북동
마성초등학교,경기도 용인시 기흥구 용구대로2360번길 29 (마북동),37.29743042,127.1131933,마북동,마북동
용인심곡초등학교,경기도 용인시 수지구 심곡로 59 (상현동),37.30900879,127.0789331,상현동,상현1동
모현초등학교,"경기도 용인시 처인구 모현면 문현로 179 , 모현초등학교 (모현면)",37.34347639,127.2284868,모현읍 매산리,모현읍
백봉초등학교,"경기도 용인시 처인구 백암면 죽양대로748번길 12 (백암면,백봉초등학교)",37.13797647,127.399982,백암면 백봉리,백암면
백암초등학교,"경기도 용인시 처인구 백암면 백원로 501 (백암면,백암초등학교)",37.16414573,127.36749,백암면 근창리,백암면
백암초등학교수정분교장,"경기도 용인시 처인구 백암면 청강가창로105번길 55-12 (백암면, 백암초등학교수정분교)",37.18619793,127.360458,백암면 가창리,백암면
보라초등학교,경기 용인시 기흥구 금화로105번길 33 보라초등학교 (상갈동),37.2639581,127.1072727,상갈동,상갈동
보정초등학교,"경기도 용인시 기흥구 신촌로73번길 28 (보정동, 보정초등학교)",37.30911967,127.1110797,보정동,보정동
산양초등학교,경기도 용인시 기흥구 산양로 2 (신갈동),37.28378417,127.1090133,신갈동,신갈동
상갈초등학교,"경기도 용인시 기흥구 금화로58번길 17 (상갈동,상갈초등학교)",37.26425129,127.1109979,상갈동,상갈동
상하초등학교,경기도 용인시 기흥구 중부대로788번길 27 (상하동),37.25702806,127.1405398,상하동,상하동
상현초등학교,경기도 용인시 수지구 만현로67번길 23 (상현동),37.30902368,127.0898887,상현동,상현2동
서룡초등학교,"경기도 용인시 처인구 중부대로1281번길 11 (역북동, 서룡초등학교)",37.23811035,127.187068,역북동,역북동
서원초등학교,"경기 용인시 수지구 상현로 45 (상현동,서원초등학교)",37.30375053,127.0785218,상현동,상현1동
서천초등학교,"경기도 용인시 기흥구 서그내로62번길 6 (서천동, 서천초등학교)",37.24309122,127.0721596,서천동,서농동
성복초등학교,"경기도 용인시 수지구 성복2로78번길 52 (성복동,성복초등학교)",37.31953085,127.0779088,신봉동,신봉동
소현초등학교,"경기도 용인시 수지구 만현로133번길 78 (상현동, 소현초등학교)",37.30192517,127.0924337,상현동,상현2동
솔개초등학교,경기도 용인시 수지구 상현로 79 (상현동),37.30581999,127.0820296,상현동,상현1동
송전초등학교,"경기도 용인시 처인구 이동읍 경기동로687번길 14 , 송전초등학교 (이동읍, 송전초등학교)",37.1408151,127.1986336,이동읍 송전리,이동읍
수지초등학교,"경기도 용인시 수지구 정평로13번길 30 (수지초등학교, 풍덕천동)",37.31640751,127.0854758,풍덕천동,풍덕천2동
신갈초등학교,경기도 용인시 기흥구 신갈로 76 (신갈동),37.27379092,127.1066341,신갈동,신갈동
신월초등학교,"경기도 용인시 수지구 풍덕천로 86 , 신월초등학교 (풍덕천동)",37.32052216,127.0928965,풍덕천동,풍덕천2동
양지초등학교,"경기도 용인시 처인구 양지면 교동로 30 (양지면, 양지초등학교)",37.23707824,127.2844489,양지읍 양지리,양지읍
어정초등학교,"경기도 용인시 기흥구 어정로 155 , 어정초등학교 (중동)",37.27695642,127.1474013,중동,동백3동
언동초등학교,"경기도 용인시 기흥구 언남로 55 (언남동,언동초등학교)",37.29536064,127.131593,언남동,구성동
역북초등학교,"경기도 용인시 처인구 명지로 15-30 , 역북초등학교 (김량장동)",37.23457297,127.1924469,김량장동,중앙동
왕산초등학교,"경기도 용인시 처인구 모현읍 백옥대로 2366번길 7-8 (모현읍, 모현우체국)",37.33527089,127.2507787,모현읍 왕산리,모현읍
용마초등학교,"경기도 용인시 처인구 금학로 471-1 , 용마초등학교 (마평동)",37.23630996,127.215388,마평동,동부동
용인둔전초등학교,"경기도 용인시 처인구 포곡읍 포곡로118번길 61 (포곡읍, 둔전초등학교)",37.26873077,127.2252393,포곡읍 둔전리,포곡읍
용인초등학교,"경기 용인시 처인구 금학로367번길 14 (김량장동,용인초등학교)",37.23856867,127.2052621,김량장동,중앙동
용천초등학교,"경기도 용인시 처인구 이동면 백옥대로 612 , 용천초등학교 (이동면)",37.19165335,127.2087149,이동읍 천리,이동읍
운학초등학교,"경기도 용인시 처인구 동부로465번길 7 (운학동,운학초등학교)",37.20278722,127.2466709,운학동,동부동
원삼초등학교,"경기도 용인시 처인구 원삼면 하사로 1 , 원삼초등학교 (원삼면, 원삼초등학교)",37.16355642,127.3161379,원삼면 독성리,원삼면
이현초등학교,"경기도 용인시 기흥구 이현로 83 (보정동, 이현초등학교)",37.31029508,127.0931044,보정동,보정동
장평초등학교,"경기도 용인시 처인구 백암면 한택로 446 (백암면,장평초등학교)",37.11907332,127.3776064,백암면 장평리,백암면
정평초등학교,"경기도 용인시 수지구 정평로 64 (풍덕천동,정평초등학교)",37.32083142,127.0885087,풍덕천동,풍덕천2동
제일초등학교,"경기도 용인시 처인구 양지면 중부대로2517번길 42-7 , 제일초등학교 (양지면)",37.24280492,127.3135289,양지읍 제일리,양지읍
좌항초등학교,"경기도 용인시 처인구 원삼면 원양로 603 (원삼면, 좌항초등학교)",37.20182797,127.3203483,원삼면 좌항리,원삼면
죽전초등학교,"경기도 용인시 수지구 용구대로2772번길 15 (죽전동,죽전초등학교)",37.33376682,127.1103796,죽전동,죽전2동
청곡초등학교,"경기도 용인시 기흥구 덕영대로2077번길 52 , 청곡초등학교 (영덕동)",37.2674933,127.0933821,영덕동,영덕2동
토월초등학교,"경기도 용인시 수지구 수지로296번길 3 , 토월초등학교 (풍덕천동, 토월초등학교)",37.32522741,127.0915473,풍덕천동,풍덕천1동
포곡초등학교,"경기도 용인시 처인구 포곡읍 부곡로 24 (포곡읍, 포곡초등학교)",37.28217962,127.2202404,포곡읍 전대리,포곡읍
풍덕초등학교,"경기도 용인시 수지구 수지로 367 , 풍덕초등학교 (풍덕천동)",37.33007411,127.0952528,풍덕천동,풍덕천1동
풍천초등학교,"경기도 용인시 수지구 진산로66번길 20 (풍덕천동,풍천초등학교)",37.31616998,127.0955107,풍덕천동,풍덕천2동
한터초등학교,"경기도 용인시 처인구 양지면 한터로571번길 4 , 한터초등학교 (양지면)",37.26200682,127.2682721,양지읍 대대리,양지읍
홍천초등학교,"경기도 용인시 수지구 신봉2로14번길 49 , 홍천초등학교 (신봉동)",37.32663648,127.0798022,신봉동,신봉동
교동초등학교,경기도 용인시 기흥구 마북로 124-10 (마북동),37.29997921,127.1224865,마북동,마북동
나곡초등학교,"경기도 용인시 기흥구 사은로126번길 26 , 나곡초등학교 (보라동)",37.25372927,127.1187114,보라동,보라동
석천초등학교,"경기도 부천시 계남로 29 (상동, 석천초등학교)",37.51047541,126.7521476,상동,상3동
효자초등학교,경기도 용인시 수지구 성복1로 106-1 (성복동),37.31735232,127.0673443,성복동,성복동
늘푸른초등학교,"경기도 성남시 분당구 정자일로 87 , 늘푸른초등학교 (정자동)",37.35833354,127.1056708,정자동,정자1동
부천일신초등학교,"경기도 부천시 범안로96번길 26 (범박동, 부천일신초등학교)",37.47357732,126.8069948,범박동,범박동
솔안초등학교,"경기도 부천시 경인로1185번길 27 (송내동, 솔안초등학교)",37.48565504,126.7505835,송내동,송내1동
고양관산초등학교,"경기도 고양시 덕양구 통일로726번길 130 , 고양관산초등학교 (관산동,관산초등학교)",37.69212325,126.8665677,관산동,관산동
고양한내초등학교,"경기도 고양시 일산서구 고양대로255번길 27 (대화동, 고양한내초등학교)",37.66873607,126.7352344,대화동,송포동
한뫼초등학교,경기도 고양시 일산서구 고양대로 629 (일산동),37.68657933,126.7667049,일산동,일산1동
지석초등학교,"경기도 용인시 기흥구 어정로 62-25 , 지석초등학교 (상하동)",37.27004892,127.1390138,상하동,상하동
옥산초등학교,경기도 부천시 길주로 327 (중동),37.50314239,126.7792526,중동,중3동
성남정자초등학교,"경기도 성남시 분당구 분당수서로 442 , 성남정자초등학교 (정자동)",37.37451655,127.1049139,정자동,정자1동
지곡초등학교,"경기도 용인시 기흥구 사은로 274-45 (지곡동,지곡초등학교)",37.25220648,127.1384825,지곡동,보라동
언남초등학교,"경기도 용인시 기흥구 기흥로116번길 87 (언남동,언남초등학교)",37.28975883,127.1195878,언남동,구성동
용인이동초등학교,"경기도 용인시 처인구 이동면 백옥대로587번길 22 (이동면,이동초등학교)",37.19086523,127.2038871,이동읍 천리,이동읍
현암초등학교,"경기도 용인시 수지구 대지로 146 , 현암초등학교 (죽전동)",37.32877444,127.1248337,죽전동,죽전3동
독정초등학교,"경기도 용인시 기흥구 보정로 100 , 독정초등학교 (보정동)",37.31886937,127.1162657,보정동,보정동
용인대덕초등학교,경기도 용인시 수지구 죽전로293번길 14 (죽전동),37.33681391,127.1259149,죽전동,죽전1동
신리초등학교,경기도 용인시 수지구 신봉1로48번길 6 (신봉동),37.32235846,127.0808798,신봉동,신봉동
손곡초등학교,경기도 용인시 수지구 손곡로 68 (동천동),37.33686086,127.0949176,동천동,동천동
갈곡초등학교,"경기도 용인시 기흥구 강남동로 61 (구갈동,갈곡초등학교)",37.2712833,127.1332521,구갈동,구갈동
성지초등학교,경기도 용인시 기흥구 강남서로 38 성지초등학교,37.27496793,127.1286049,구갈동,구갈동
삼가초등학교,"경기도 용인시 처인구 중부대로1158번길 45 (삼가동, 삼가초등학교)",37.23677176,127.1702844,삼가동,삼가동
용인성산초등학교,경기도 용인시 처인구 백옥대로1362번길 41 용인성산초등학교,37.2586416,127.2158303,유방동,유림1동
용인신촌초등학교,경기도 용인시 수지구 죽전로27번길 14-19 (죽전동),37.32310319,127.1135322,죽전동,죽전3동
성남양지초등학교,경기도 성남시 수정구 논골로36번길 33 (양지동),37.45921737,127.1608837,양지동,양지동
샘모루초등학교,"경기도 안양시 동안구 관악대로 155 (비산동,샘모루초등학교)",37.39991741,126.9408426,비산동,비산1동
화창초등학교,경기 안양시 만안구 양화로217번길 30 화창초등학교,37.41208341,126.9032278,석수동,석수2동
부천송일초등학교,"경기도 부천시 경인로60번길 19 (송내동, 부천송일초등학교)",37.48290328,126.7624344,송내동,송내1동
남양주신촌초등학교,경기도 남양주시 평내로 122 (평내동),37.64550428,127.2398805,평내동,평내동
장내초등학교,"경기도 남양주시 평내로 64 , 장내초등학교 (평내동)",37.64109014,127.2348929,평내동,평내동
판곡초등학교,"경기도 남양주시 늘을3로 15 , 판곡초등학교 (호평동)",37.66015418,127.2418457,호평동,호평동
평동초등학교,"경기도 남양주시 호평로68번길 16 (호평동,평동초등학교)",37.6546338,127.247828,호평동,호평동
목암초등학교,"경기도 고양시 덕양구 푸른마을로 63 (고양동,목암초등학교)",37.71418948,126.9046556,고양동,고양동
김포신풍초등학교,경기도 김포시 풍무로208번길 14 (풍무동),37.61301703,126.7267941,풍무동,풍무동
대청초등학교,경기도 용인시 수지구 죽전로 276 (죽전동),37.33418826,127.1290495,죽전동,죽전1동
용인신릉초등학교,경기도 용인시 기흥구 새천년로 53 (신갈동),37.29026142,127.1147739,신갈동,신갈동
신일초등학교,"경기도 용인시 수지구 신봉2로48번길 28 , 신일초등학교 (신봉동)",37.32928881,127.0776935,신봉동,신봉동
안양호암초등학교,"경기 안양시 만안구 예술공원로103번길 73 (석수동,호암초등학교)",37.42084146,126.9162901,석수동,석수1동
나눔초등학교,"경기도 안양시 동안구 흥안대로414번길 22 , 나눔초등학교 (평촌동)",37.39056951,126.9755808,평촌동,평촌동
부천양지초등학교,"경기도 부천시 안곡로 130 , 부천양지초등학교 (괴안동, 부천양지초등학교)",37.48057992,126.8154885,괴안동,역곡3동
사능초등학교,"경기도 남양주시 진건읍 사릉로372번길 2 , 사능초등학교 (진건읍)",37.65542076,127.1840123,진건읍 사능리,진건읍
남양주백봉초등학교,"경기도 남양주시 의안로 158 (평내동, 백봉초등학교)",37.64343945,127.2424204,평내동,평내동
양오초등학교,"경기도 남양주시 오남읍 양지로 261-35 (오남읍, 양오초등학교)",37.69759593,127.192346,오남읍 양지리,오남읍
신평초등학교,"경기도 하남시 신장동로 67 , 신평초등학교 (신장동)",37.5441645,127.2150372,신장동,신장2동
상미초등학교,경기도 부천시 상이로 64 상동 상미초등학교,37.49472051,126.7445564,상동,상2동
어람초등학교,"경기도 남양주시 오남읍 진건오남로550번길 25 , 어람초등학교 (오남읍)",37.68248891,127.2131022,오남읍 오남리,오남읍
동산초등학교,"경기도 부천시 오정로251번길 50 (오정동, 동산초등학교)",37.53145116,126.784923,오정동,오정동
동막초등학교,"경기도 용인시 기흥구 동백8로 39 , 동막초등학교 (동백동, 동막초등학교)",37.28608046,127.1555391,동백동,동백1동
석성초등학교,경기도 용인시 기흥구 동백2로 53 (중동),37.27037415,127.1578799,중동,동백2동
동백초등학교,"경기도 용인시 기흥구 동백평촌로 69 , 동백초등학교 (동백동)",37.28055206,127.156354,동백동,동백1동
용인백현초등학교,"경기도 용인시 기흥구 동백8로 108 (동백동,용인백현초등학교)",37.28310549,127.1623938,동백동,동백1동
용인초당초등학교,"경기도 용인시 기흥구 동백중앙로 78 (중동,초당초등학교)",37.26345305,127.1609034,중동,동백2동
가좌초등학교,"경기도 고양시 일산서구 가좌2로 31 (가좌동,가좌초등학교)",37.68842622,126.7215581,가좌동,가좌동
통진초등학교,경기도 김포시 통진읍 조강로 116 (통진읍),37.69388578,126.5944173,통진읍 서암리,통진읍
다솜초등학교,"경기도 고양시 일산동구 숲속마을로 139 (풍동, 다솜초등학교)",37.67258669,126.7965778,풍동,풍산동
소안초등학교,"경기도 부천시 소사구 소사동로72번길 29 (소사본동, 소안초등학교)",37.47243434,126.8040593,소사본동,소사본1동
풍동초등학교,"경기도 고양시 일산동구 숲속마을로 14-43 (풍동, 풍동초등학교)",37.66951599,126.8025233,풍동,풍산동
용인한일초등학교,"경기도 용인시 기흥구 한보라1로 145 , 용인한일초등학교 (공세동)",37.24340534,127.1068238,공세동,기흥동
나산초등학교,경기도 용인시 기흥구 한보라1로43번길 8 (보라동),37.25037277,127.1097713,보라동,보라동
예봉초등학교,"경기도 남양주시 와부읍 수레로 108 (와부읍,예봉초등학교)",37.59204603,127.2209856,와부읍 덕소리,와부읍
하늘초등학교,"경기도 고양시 일산동구 하늘마을1로 46 , 하늘초등학교 (중산동,하늘초등학교)",37.6773001,126.7895597,중산동,중산2동
성곡초등학교,"경기도 부천시 여월로 75 (여월동, 성곡초등학교)",37.51295869,126.8055279,여월동,성곡동
모당초등학교,"경기도 고양시 일산동구 하늘마을로 144 (중산동, 모당초등학교)",37.67946225,126.7811864,중산동,중산2동
청덕초등학교,"경기도 용인시 기흥구 구성1로 61 (청덕동, 청덕초등학교)",37.29439648,127.1492572,청덕동,구성동
장기초등학교,"경기도 김포시 김포한강2로 173 (장기동,장기초등학교)",37.64245358,126.6644116,장기동,장기본동
도촌초등학교,"경기도 성남시 중원구 도촌남로 99 , 도촌초등학교 (도촌동)",37.41469654,127.1583269,도촌동,도촌동
중동초등학교,"경기도 부천시 심중로75번길 37 (중동, 중동초등학교)",37.49004153,126.7692666,중동,중동
가운초등학교,경기도 남양주시 가운로2길 54 (가운동),37.60057,127.1558101,다산동,다산2동
신곡초등학교,"경기도 김포시 고촌읍 수기로 67-30 , 신곡초등학교 (고촌읍)",37.59671156,126.7664388,고촌읍 신곡리,고촌읍
하남풍산초등학교,"경기도 하남시 덕풍북로 100 (덕풍동, 풍산초등학교)",37.55436066,127.2018535,덕풍동,덕풍3동
아람초등학교,경기도 고양시 덕양구 서정마을로 36 (행신동),37.61945664,126.8504123,행신동,행신4동
성남송현초등학교,경기도 성남시 분당구 동판교로 258 (삼평동),37.40540399,127.1163459,삼평동,삼평동
보평초등학교,"경기도 성남시 분당구 동판교로 154 , 보평초등학교 (삼평동)",37.39603837,127.1177564,삼평동,삼평동
운중초등학교,경기도 성남시 분당구 운중로45번길 8 (운중동),37.39251914,127.068927,운중동,운중동
판교초등학교,"경기도 성남시 분당구 판교원로 231 , 판교초등학교  (판교동)",37.38728227,127.0914433,판교동,판교동
산운초등학교,경기도 성남시 분당구 판교원로117번길 11 (운중동),37.38975272,127.079026,운중동,운중동
구룡초등학교,"경기도 남양주시 늘을3로 120 (호평동,구룡초등학교)",37.65792043,127.2524873,호평동,호평동
건원초등학교,경기 구리시 동구릉로80번길 15 건원초등학교 (인창동),37.60731242,127.1355576,인창동,인창동
진접초등학교,"경기도 남양주시 진접읍 해밀예당2로 102 , 진접초등학교 (진접읍)",37.71713977,127.1997562,진접읍 금곡리,진접읍
차산초등학교,"경기도 남양주시 화도읍 수레로 1105-23 (화도읍,차산초등학교)",37.63632251,127.3017247,화도읍 차산리,화도읍
충현초등학교,경기도 광명시 성채안로 16 (소하동),37.43308898,126.8868505,소하동,소하2동
구름산초등학교,"경기도 광명시 한내일로 5 , 구름산초등학교 (소하동)",37.45299988,126.8840797,소하동,소하1동
걸포초등학교,"경기도 김포시 걸포로 22 (걸포동, 걸포초등학교)",37.63358862,126.707491,걸포동,김포본동
안현초등학교,경기도 광명시 도덕공원로 5 (하안동),37.47101395,126.867503,하안동,하안1동
공세초등학교,"경기도 용인시 기흥구 탑실로 86-10 (공세동,공세초등학교)",37.23902247,127.1164836,공세동,기흥동
용인한빛초등학교,"경기도 용인시 수지구 동천로 153번길 23 , 용인한빛초등학교 (동천동)",37.33506501,127.0879351,동천동,동천동
둔전제일초등학교,"경기도 용인시 처인구 포곡읍 포곡로141번길 28 , 둔전제일초등학교 (포곡읍)",37.27404557,127.2188886,포곡읍 둔전리,포곡읍
석현초등학교,"경기도 용인시 기흥구 흥덕3로 42 , 석현초등학교 (영덕동)",37.27278759,127.0830481,영덕동,영덕1동
흥덕초등학교,"경기도 용인시 기흥구 흥덕1로62번길 26 , 흥덕초등학교 (영덕동)",37.27244115,127.071724,영덕동,영덕1동
남양주덕송초등학교,"경기도 남양주시 별내3로 356 (별내동, 남양주 덕송초등학교(본관동))",37.66927391,127.1156906,별내동,별내동
별가람초등학교,"경기도 남양주시 별내3로 173 , 별가람초등학교 (별내동)",37.6541801,127.1242259,별내동,별내동
빛가온초등학교,"경기도 광명시 양달로10번길 8 (일직동, 빛가온 초등학교)",37.41311938,126.8813498,일직동,일직동
해오름초등학교,"경기도 안양시 동안구 동편로 117 , 해오름초등학교 (관양동)",37.41071347,126.9687184,관양동,관양동
솔터초등학교,경기도 김포시 김포한강7로22번길 61 (마산동),37.64120856,126.6343528,마산동,마산동
한산초등학교,"경기도 고양시 일산서구 하이파크1로 56 (덕이동, 한산초등학교)",37.69594625,126.7532616,덕이동,덕이동
백송초등학교,경기도 고양시 일산서구 하이파크3로 110 (덕이동),37.70180887,126.7535566,덕이동,덕이동
새빛초등학교,경기도 용인시 수지구 광교마을로 63 (상현동),37.29901947,127.0727302,상현동,상현3동
서농초등학교,경기도 용인시 기흥구 서천동로21번길 5 (서천동),37.23913698,127.0763292,서천동,서농동
김포한가람초등학교,"경기도 김포시 김포한강9로 115번길 57 , 김포한가람초등학교 (구래동)",37.6477392,126.6218833,구래동,구래동
보름초등학교,경기도 김포시 고촌읍 태리로 267 보름초등학교,37.59472488,126.7628244,고촌읍 신곡리,고촌읍
가현초등학교,"경기도 김포시 김포한강2로 83 (장기동, 가현초등학교)",37.63807828,126.6740034,장기동,장기동
푸른솔초등학교,"경기도 김포시 김포한강2로 306 (장기동, 푸른솔초등학교)",37.65159348,126.6657129,장기동,장기본동
성남여수초등학교,"경기도 성남시 중원구 여수울로 37 , 성남여수초등학교 (여수동)",37.41945097,127.1330812,여수동,도촌동
부평초등학교,"경기도 남양주시 진접읍 부평로48번길 27 , 부평초등학교 (진접읍)",37.73775026,127.2015067,진접읍 부평리,진접읍
김포금빛초등학교,"경기도 김포시 태장로 821 , 김포금빛초등학교 (장기동)",37.63540705,126.6793954,장기동,장기동
고진초등학교,경기도 용인시 처인구 고림로 165-1 고진초등학교,37.24717747,127.2195504,고림동,유림2동
은여울초등학교,경기도 김포시 김포한강8로 173-38 (마산동),37.63834911,126.640624,마산동,마산동
나비초등학교,"경기도 김포시 김포한강10로134번길 70 (구래동, 나비초등학교)",37.64026742,126.6259953,구래동,구래동
함박초등학교,"경기도 용인시 처인구 명지로40번길 46 , 함박초등학교 (역북동)",37.23373381,127.183719,역북동,역북동
운유초등학교,"경기도 김포시 김포한강2로 239 , 운유초등학교 (장기동)",37.64677596,126.6603858,장기동,장기본동
중일초등학교,"경기도 용인시 기흥구 동백죽전대로527번길 36 (중동, 중일초등학교)",37.28569206,127.1432335,중동,동백3동
청수초등학교,"경기도 김포시 김포한강11로 256 (운양동, 청수초등학교)",37.65389615,126.6786971,운양동,운양동
고양오금초등학교,"경기도 고양시 덕양구 오금1로 10 , 고양오금초등학교 (오금동)",37.66269202,126.8952556,오금동,삼송1동
위례한빛초등학교,"경기도 성남시 수정구 위례동로 55 (창곡동, 위례한빛초등학교)",37.46576542,127.1470188,창곡동,위례동
위례푸른초등학교,경기도 성남시 수정구 위례순환로 205 (창곡동),37.47073159,127.1509587,창곡동,위례동
위례고운초등학교,경기도 성남시 수정구 위례순환로 155 (창곡동),37.47148964,127.1457743,창곡동,위례동
위례중앙초등학교,"경기도 성남시 수정구 위례순환로 71 , 위례중앙초등학교 (창곡동)",37.47189761,127.1358729,창곡동,위례동
나룰초등학교,경기도 하남시 덕풍북로 260 (덕풍동),37.54855826,127.209193,덕풍동,덕풍3동
마송중앙초등학교,"경기도 김포시 통진읍 마송1로 140 , 마송중앙초등학교 (통진읍)",37.68938348,126.5940577,통진읍 마송리,통진읍
서정초등학교,"경기도 고양시 덕양구 소원로 251 (행신동,서정초등학교)",37.61434108,126.8488394,행신동,행신4동
성남화랑초등학교,경기도 성남시 분당구 동판교로 77 (백현동),37.39022385,127.1158892,백현동,백현동
성서초등학교,"경기도 용인시 수지구 성복2로 210 , 성서초등학교 (성복동)",37.32035684,127.0647368,성복동,성복동
신백현초등학교,"경기도 성남시 분당구 판교역로14번길 42 , 신백현초등학교 (백현동)",37.38757937,127.1117509,백현동,백현동
신양초등학교,경기도 김포시 양촌읍 양곡3로 47 (신양초등학교),37.6556614,126.63443,양촌읍 양곡리,양촌읍
양일초등학교,경기도 고양시 일산동구 위시티로 151 (식사동),37.68534412,126.8136095,식사동,식사동
용인신봉초등학교,"경기도 용인시 수지구 신봉2로 115 , 용인신봉초등학교 (신봉동)",37.32986684,127.067855,신봉동,신봉동
주곡초등학교,"경기도 남양주시 진접읍 해밀예당1로 277 , 주곡초등학교 (진접읍)",37.72470084,127.2059673,진접읍 금곡리,진접읍
화도초등학교,경기도 남양주시 화도읍 비룡로116번길 24-42 (화도읍),37.66323819,127.3080068,화도읍 마석우리,화도읍
화봉초등학교,"경기도 남양주시 진접읍 해밀예당2로 21 (진접읍,화봉초등학교)",37.71586637,127.1918707,진접읍 금곡리,진접읍
두창초등학교,"경기도 용인시 처인구 원삼면 복분로 29 (원삼면, 두창초등학교)",37.15834601,127.342837,원삼면 두창리,원삼면
고양동산초등학교,경기도 고양시 덕양구 동세로 32 (동산동),37.64638623,126.886583,동산동,창릉동
하늘빛초등학교,"경기도 김포시 김포한강11로 374 (운양동, 하늘빛초등학교)",37.65402774,126.6898224,운양동,운양동
김포호수초등학교,"경기도 김포시 김포한강4로420번길 87 (구래동, 김포호수초등학교)",37.64996167,126.6334551,구래동,구래동
남양주월산초등학교,"경기도 남양주시 화도읍 경춘로2290번길 50 , 남양주월산초등학교 (화도읍)",37.65400126,127.3401805,화도읍 월산리,화도읍
해밀초등학교,"경기도 남양주시 진접읍 해밀예당3로 103 , 해밀초등학교 (진접읍)",37.71879193,127.1962985,진접읍 금곡리,진접읍
매봉초등학교,경기도 용인시 수지구 수지로 75-1 (상현동),37.31003823,127.0733254,상현동,상현3동
미사초등학교,경기도 하남시 미사강변한강로 200 (망월동),37.57131784,127.1928515,망월동,미사2동
미사강변초등학교,경기 하남시 미사강변북로55번길 70 미사강변초등학교,37.57582425,127.1860041,선동,미사2동
도래울초등학교,경기 고양시 덕양구 도래울3로 5 (도내동),37.63173858,126.8705791,도내동,흥도동
한별초등학교,경기도 남양주시 별내4로 40 (한별초등학교),37.64648136,127.1159357,별내동,별내동
남양주샛별초등학교,경기도 남양주시 송산로307번길 50 (별내동),37.6660518,127.1293296,별내동,별내동
위례초등학교,"경기도 하남시 위례순환로 333 (학암동, 위례초등학교)",37.47715051,127.1495822,학암동,위례동
미사중앙초등학교,"경기도 하남시 미사강변한강로334번길 46 (망월동, 미사중앙초등학교)",37.55922552,127.1988697,망월동,미사1동
옥길버들초등학교,경기도 부천시 양지로 234-25 (옥길동),37.46418955,126.8253712,옥길동,옥길동
옥길산들초등학교,"경기도 부천시 옥길로 31 (옥길동, 옥길 산들초등?교)",37.46251928,126.8167016,옥길동,옥길동
샘말초등학교,"경기도 용인시 기흥구 흥덕중앙로105번길 9 (샘말초등학교, 영덕동)",37.27733692,127.0781839,영덕동,영덕1동
산마루초등학교,경기도 구리시 갈매순환로 133 (갈매동),37.63163539,127.1206051,갈매동,갈매동
윤슬초등학교,경기도 하남시 미사강변서로 151 (망월동),37.56366082,127.1823128,망월동,미사1동
한홀초등학교,경기도 하남시 미사강변서로 68 (풍산동),37.5562461,127.1854155,풍산동,미사3동
청아초등학교,경기도 하남시 미사강변중앙로132번길 45 (풍산동),37.55874785,127.1941911,풍산동,미사3동
용인한얼초등학교,"경기도 용인시 기흥구 기흥역로58번길 57 (구갈동, 용인한얼초등학교)",37.27110183,127.1222354,구갈동,구갈동
다산가람초등학교,경기도 남양주시 다산중앙로81번길 51 다산가람초등학교 (다산동),37.61962828,127.1490891,다산동,다산1동
다산한강초등학교,"경기도 남양주시 다산지금로146번길 11 (다산동, 다산한강초등학교)",37.59942956,127.1723793,다산동,다산2동
한류초등학교,경기도 고양시 일산동구 한류월드로 262 (장항동),37.66234811,126.7567744,장항동,장항2동
남양주다산초등학교,"경기도 남양주시 다산중앙로146번길 55 (다산동, 남양주다산초등학교)",37.62672402,127.1586798,다산동,다산1동
다산새봄초등학교,경기도 남양주시 다산순환로 417 (다산동),37.61993788,127.1592158,다산동,다산1동
창릉초등학교,경기도 고양시 덕양구 덕수천2로 118 (동산동),37.64831721,126.8932376,동산동,창릉동
향동숲내초등학교,"경기도 고양시 덕양구 향기로 53 , 향동숲내초등학교 (향동동)",37.59526176,126.8911486,향동동,화전동
감일초등학교,"경기도 하남시 감일백제로 45 , 감일초등학교 (감이동)",37.50019025,127.1622793,감이동,감일동
남곡초등학교남곡분교장,경기도 용인시 처인구 남사면 남산로 7 (남사면),37.14049525,127.1667573,남사읍 아곡리,남사읍
향동초등학교,"경기도 고양시 덕양구 향동1로 37 , 향동초등학교 (향동동)",37.60349369,126.8954716,향동동,화전동
지축초등학교,경기도 고양시 덕양구 오부자로 50 (지축동),37.65289199,126.9156427,지축동,효자동
다산하늘초등학교,"경기도 남양주시 다산순환로 199 , 다산하늘초등학교 (다산동)",37.62800687,127.1466837,다산동,다산1동
은솔초등학교,경기도 남양주시 화도읍 경춘보학2길 9 (화도읍),37.65013159,127.2953803,화도읍 녹촌리,화도읍
위례숲초등학교,경기도 하남시 위례대로6길 65(학암동) (학암동),37.48524074,127.1580348,학암동,위례동
신우초등학교,경기도 하남시 감일순환로 145 (감일동),37.51103813,127.1612552,감일동,감일동
하랑초등학교,"경기도 남양주시 백봉로 92 , 하랑초중학교 (호평동)",37.64995713,127.2550792,호평동,호평동
판교대장초등학교,"경기도 성남시 분당구 판교대장로5길 71 , 판교대장초등학교 (대장동)",37.36857029,127.0696782,대장동,운중동
단샘초등학교,"경기도 하남시 감일순환로 195 , 단샘초등학교 (감이동)",37.50718889,127.1589067,감이동,감일동
다산별빛초등학교,"경기도 남양주시 다산중앙로82번안길 40 , 다산별빛초등학교 (다산동)",37.61721047,127.1655845,다산동,다산1동
원흥초등학교,"경기도 고양시 덕양구 원흥1로 26 , 원흥초등학교 (원흥동)",37.6510763,126.8688582,원흥동,삼송2동
향산초등학교,"경기도 김포시 고촌읍 상미1로 26 (고촌읍, 향산초중학교)",37.61958072,126.749325,고촌읍 향산리,고촌읍
김포나진초등학교,"경기도 김포시 걸포2로 58 (걸포동, 김포나진초등학교)",37.63578575,126.70273,걸포동,김포본동
김포구래초등학교,경기도 김포시 김포한강9로 12번길 77 김포구래초등학교 (구래동),37.64010112,126.6280819,구래동,구래동
덕은한강초등학교,경기도 고양시 덕양구 대덕산로 55 (덕은동),37.58152893,126.8638066,덕은동,대덕동
지효초등학교,경기도 고양시 덕양구 오부자로 115 (지축동),37.65040238,126.922321,지축동,효자동
고양장항초등학교,경기도 고양시 일산동구 장항한강5로 60 고양장항초등학교(장항동),37.6487661,126.7545951,장항동,장항1동
도현초등학교,경기도 용인시 처인구 모현읍 왕산로 15 도현초등학교,37.34618306,127.2569538,모현읍 왕산리,모현읍
처인초등학교,경기도 용인시 처인구 남사읍 한숲로57번길 17 처인초등학교,37.15409553,127.1685666,남사읍 아곡리,남사읍
용인솔빛초등학교,경기도 용인시 처인구 낙은로 100-5 (역북동),37.24466568,127.1932625,역북동,역북동
모담초등학교,경기도 김포시 운양로 158 (운양동),37.65673016,126.674743,운양동,운양동
위례해솔초등학교,경기도 성남시 수정구 남위례로 131 위례해솔초등학교,37.46035361,127.1392637,복정동,복정동
