시도,추출시군구,어린이집명,주소,위도,경도
인천광역시,중구,장미어린이집,인천광역시 중구 참외전로174번길 12-1 ,37.47194526,126.6347843
인천광역시,중구,금산어린이집,인천광역시 중구 백운로351번길 3 (운북동),37.50583059,126.519962
인천광역시,중구,효성어린이집,인천광역시 중구 백운로 34 (중산동),37.50101232,126.5526227
인천광역시,중구,비둘기어린이집,인천광역시 중구 자유공원서로29번길 3-19 ,37.476661,126.6197772
인천광역시,중구,인천신광초등학교어린이집,인천광역시 중구 신흥동3가 인중로 63 인천신광초등학교어린이집,37.46435503,126.6345301
인천광역시,중구,세연어린이집,인천광역시 중구 인항로 30 현대아이파크아파트 제어린이관련시설 (신흥동3가),37.45736951,126.6332165
인천광역시,중구,양문선교어린이집,인천광역시 중구 답동로30번길 29 (경동),37.47173784,126.6330081
인천광역시,중구,상아어린이집,"인천광역시 중구 신도시북로43번길 83 풍림아파트5단지 내 (운서동, 풍림아이원5단지아파트)",37.50111143,126.4871387
인천광역시,중구,사랑어린이집,인천광역시 중구 신도시북로88번길 11-3 ,37.49956636,126.4892284
인천광역시,중구,흰돌어린이집,"인천광역시 중구 흰바위로 34 관리동 1층(운서동, 영종주공스카이빌10단지)",37.49054204,126.4894953
인천광역시,중구,보물단지어린이집,"인천광역시 중구 인항로 30 105동 104호(신흥동3가, 신흥아이파크)",37.45736951,126.6332165
인천광역시,중구,아이사랑어린이집,"인천광역시 중구 하늘별빛로 86 923동 103호(중산동, 한라비발디아파트)",37.49262889,126.5635112
인천광역시,중구,즐거운어린이집,"인천광역시 중구 도원로26번길 33-8 1동 115호(도원동, 뉴월드)",37.46574284,126.6385981
인천광역시,중구,갈매기어린이집,인천광역시 중구 도산로 21 갈매기어린이집(1층),37.46743705,126.6384373
인천광역시,중구,조은어린이집,"인천광역시 중구 흰바위로 15 805동 102호(운서동, 풍림아이원8단지아파트)",37.49354374,126.4870256
인천광역시,중구,나래어린이집,인천광역시 중구 인중로98번길 17 인천세관직원생활관 (신흥동1가),37.46637234,126.6323378
인천광역시,중구,파란나라어린이집,"인천광역시 중구 하늘별빛로 86 921동 102호(중산동, 한라비발디)",37.49262889,126.5635112
인천광역시,중구,하늘어린이집,인천광역시 중구 운중로21번길 11 ,37.49450065,126.5365966
인천광역시,중구,태양어린이집,인천광역시 중구 매소홀로 10 (신흥동3가),37.45278277,126.6282058
인천광역시,중구,월디어린이집,인천광역시 중구 제물량로 169 (사동),37.46991687,126.6248183
인천광역시,중구,아이조아어린이집,"인천광역시 중구 인항로 30 107동 106호(신흥동3가, 신흥아이파크)",37.45736951,126.6332165
인천광역시,중구,산들어린이집,"인천광역시 중구 흰바위로 14 201동 104호(운서동, 금호베스트빌2단지)",37.49209761,126.4868532
인천광역시,중구,바다의별어린이집,"인천광역시 중구 축항대로86번길 47 5동 108호(항동7가, 라이프아파트)",37.45176739,126.6049777
인천광역시,중구,인천공항어린이집,인천광역시 중구 공항로424번길 87 (운서동),37.44116599,126.4644968
인천광역시,중구,새희망어린이집,인천광역시 중구 제물량로92번길 13-1 ,37.46808502,126.6332803
인천광역시,중구,동심어린이집,"인천광역시 중구 영종대로27번길 38 풍림관리사무소1층(운서동, 풍림아이원1차아파트)",37.49675354,126.4829959
인천광역시,중구,하늘숲어린이집,인천광역시 중구 운남로223번길 10-10 ,37.49787608,126.5356381
인천광역시,중구,공항신도시 꼬마숲어린이집,"인천광역시 중구 신도시북로43번길 11 102동 105호(운서동, 풍림아이원1단지아파트)",37.49909491,126.4840748
인천광역시,중구,예꿈어린이집,인천광역시 중구 신도시북로88번길 39 (운서동),37.49846525,126.4892707
인천광역시,중구,포도나무어린이집,"인천광역시 중구 흰바위로 14 209동 104호(운서동, 금호베스트빌2단지)",37.49209761,126.4868532
인천광역시,중구,해피드림아이어린이집,인천광역시 중구 참외전로 246 (경동),37.4673941,126.6426215
인천광역시,중구,e-편한어린이집,"인천광역시 중구 인중로 114 102동 102호(신흥동1가, 대림아파트)",37.4669238,126.6306167
인천광역시,중구,중구청직장 어린이집,인천광역시 중구 송학동1가 신포로39번길 71 ,37.47402538,126.6223622
인천광역시,중구,중산어린이집,"인천광역시 중구 은하수로 465 관리동(중산동, 영종엘에이치7단지)",37.48434213,126.55163
인천광역시,중구,행복가득어린이집,"인천광역시 중구 은하수로 351 832동 101호(중산동, 우미린1단지)",37.49330252,126.5550225
인천광역시,중구,토토어린이집,"인천광역시 중구 은하수로 377 790동 104호(중산동, 한양수자인)",37.49070019,126.5535731
인천광역시,중구,샛별어린이집,"인천광역시 중구 은하수로 351 826동 101호(중산동, 우미린1단지)",37.49330252,126.5550225
인천광역시,중구,꼬마숲어린이집,"인천광역시 중구 은하수로 351 828동 101호(중산동, 우미린1단지)",37.49330252,126.5550225
인천광역시,중구,파랑새어린이집,"인천광역시 중구 은하수로 351 824동 101호(중산동, 우미린1단지)",37.49330252,126.5550225
인천광역시,중구,서현키즈어린이집,"인천광역시 중구 하늘별빛로 66 903동 102호(중산동, 영종힐스테이트)",37.49127577,126.5662291
인천광역시,중구,운서어린이집,"인천광역시 중구 영종대로278번길 50 관리동(운서동, 영종엘에이치1단지)",37.48466926,126.49929
인천광역시,중구,사과나무어린이집,"인천광역시 중구 하늘별빛로 66 905동 102호(중산동, 영종힐스테이트)",37.49127577,126.5662291
인천광역시,중구,가온어린이집,"인천광역시 중구 하늘별빛로 66 905동 104호(중산동, 영종힐스테이트)",37.49127577,126.5662291
인천광역시,중구,공항꿈나무제1어린이집,인천광역시 중구 공항로424번길 47 ,37.44039441,126.4613337
인천광역시,중구,운남어린이집,인천광역시 중구 운남서로 100-1 운남동,37.49363305,126.5309955
인천광역시,중구,온누리어린이집,"인천광역시 중구 하늘달빛로 95 744동 104호(중산동, 신명스카이뷰주얼리)",37.48551828,126.5558722
인천광역시,중구,라라어린이집,"인천광역시 중구 하늘달빛로 113 758동 102호(중산동,우미린2단지)",37.48703111,126.5536855
인천광역시,중구,에코비어린이집,"인천광역시 중구 하늘달빛로 113 756동 104호(중산동, 우미린2단지)",37.48703111,126.5536855
인천광역시,중구,꼬꼬마어린이집,"인천광역시 중구 은하수로 351 823동 105호(중산동, 우미린1단지)",37.49330252,126.5550225
인천광역시,중구,주주어린이집,"인천광역시 중구 은하수로 377 788동 101호(중산동, 한양수자인)",37.49070019,126.5535731
인천광역시,중구,사랑숲어린이집,"인천광역시 중구 하늘달빛로 95 복지센터 1층 (중산동, 신명스카이뷰주얼리)",37.48551828,126.5558722
인천광역시,중구,SCK직장어린이집,인천광역시 중구 자유무역로 191 스태츠칩팩코리아 복지동 내(운서동),37.48925471,126.4791583
인천광역시,중구,예쁜어린이집,"인천광역시 중구 하늘달빛로 65 관리동(중산동, 동보노빌리티)",37.48475177,126.5586527
인천광역시,중구,별하어린이집,"인천광역시 중구 은하수로 377 782동 101호(중산동, 한양수자인)",37.49070019,126.5535731
인천광역시,중구,현대행복어린이집,"인천광역시 중구 하늘별빛로 66 913동 102호(중산동, 영종힐스테이트)",37.49127577,126.5662291
인천광역시,중구,공항꿈나무제2어린이집,인천광역시 중구 공항로424번길 69 ,37.43996808,126.4638964
인천광역시,중구,신흥아이파크어린이집,인천광역시 중구 신흥동3가 인항로 30 관리동 1층,37.45736951,126.6332165
인천광역시,중구,영종국제어린이집,인천광역시 중구 영종대로252번길 12 1층(운서동),37.48795007,126.5028108
인천광역시,중구,행복이음어린이집,"인천광역시 중구 두미포로 112 114동 101호(중산동,e편한세상 영종국제도시 오션하임)",37.49426601,126.5665962
인천광역시,중구,다원어린이집,"인천광역시 중구 은하수로 412 119동 101호(운남동, 영종센트럴 푸르지오자이)",37.48948787,126.5496027
인천광역시,중구,색동원어린이집,"인천광역시 중구 두미포로 112 109동 102호(중산동, e편한세상 영종국제도시 오션하임)",37.49426601,126.5665962
인천광역시,중구,푸르지오자이은하수어린이집,"인천광역시 중구 은하수로 412 (운남동, 영종센트럴푸르지오자이)",37.48948787,126.5496027
인천광역시,중구,스카이시티자이어린이집,"인천광역시 중구 하늘별빛로 111 (중산동, 스카이시티자이)",37.49219458,126.5589448
인천광역시,중구,오션하임어린이집,"인천광역시 중구 두미포로 112 (중산동, e편한세상 영종국제도시오션하임)",37.49426601,126.5665962
인천광역시,중구,더키즈어린이집,인천광역시 중구 은하수로 412 102동 102호,37.48948787,126.5496027
인천광역시,중구,파크드림어린이집,인천광역시 중구 하늘별빛로 112 관리동 어린이집,37.49320556,126.5595877
인천광역시,중구,스위첸어린이집,인천광역시 중구 은하수로 380 ,37.49259029,126.5527811
인천광역시,중구,운서한내들어린이집,인천광역시 중구 영종대로252번길 38 관리동 어린이집,37.48688952,126.4990592
인천광역시,중구,별빛드림어린이집,인천광역시 중구 하늘별빛로 112 893동 102호,37.49320556,126.5595877
인천광역시,중구,아가별어린이집,인천광역시 중구 은하수로 412 108동 101호,37.48948787,126.5496027
인천광역시,중구,조이어린이집,"인천광역시 중구 은하수로 380 106동 102호(중산동, 영종하늘도시 KCC스위첸)",37.49259029,126.5527811
인천광역시,중구,영종한신더휴어린이집,인천광역시 중구 은하수로 229 ,37.50091299,126.5629116
인천광역시,중구,이편한숲쟁이어린이집,인천광역시 중구 숲쟁이로 12 ,37.47807679,126.5132975
인천광역시,중구,행복누리어린이집,인천광역시 중구 두미포로 140 (중산동),37.49458501,126.5700844
인천광역시,중구,해담어린이집,인천광역시 중구 하늘별빛로 111 110동 104호,37.49219458,126.5589448
인천광역시,중구,푸른하늘어린이집,인천광역시 중구 흰바위로 277 ,37.48035054,126.5059562
인천광역시,중구,SK뷰꿈나래어린이집,"인천광역시 중구 흰바위로 203 (운서동, 운서SK뷰 스카이시티 1차)",37.48142372,126.5009403
인천광역시,중구,인천중부경찰서어린이집,인천광역시 중구 신포로35번길 49 ,37.47315385,126.6231551
인천광역시,중구,호반숲속어린이집,인천광역시 중구 두미포로 113 ,37.49434228,126.5680116
인천광역시,중구,지혜숲어린이집,인천광역시 중구 흰바위로 249 ,37.48069827,126.5019937
인천광역시,중구,우미파크어린이집,"인천광역시 중구 은하수로 351 관리동1층(중산동,우미린1단지)",37.49330252,126.5550225
인천광역시,중구,우미아이숲어린이집,"인천광역시 중구 하늘달빛로 113 (중산동,우미린2단지)",37.48703111,126.5536855
인천광역시,중구,유보라어린이집,인천광역시 중구 영종대로196번길 15-25 1층,37.48950102,126.4989224
인천광역시,중구,영종바다숲어린이집,인천광역시 중구 은하수로 436 화성파크드림2차,37.48742371,126.5493977
인천광역시,중구,센텀베뉴어린이집,인천광역시 중구 하늘달빛로 139 관리동 1층,37.48999643,126.5517903
인천광역시,중구,하랑어린이집,인천광역시 중구 하늘달빛로 139 773동 103호,37.48999643,126.5517903
인천광역시,중구,유림숲속어린이집,인천광역시 중구 서해대로 278 ,37.45179654,126.6272098
인천광역시,중구,영종수자인어린이집,"인천광역시 중구 은하수로 377 관리동(중산동,한양수자인)",37.49070019,126.5535731
인천광역시,중구,마리나포레어린이집,인천광역시 중구 하늘중앙로 272 ,37.48463915,126.554215
인천광역시,중구,한신하늘숲어린이집,인천광역시 중구 은하수로 306 영종하늘도시 한신더휴2차,37.49681581,126.5573779
인천광역시,중구,하늘초롱어린이집,인천광역시 중구 영종대로277번길 47-10 금강펜테리움,37.49010712,126.503317
인천광역시,중구,초록숲어린이집,인천광역시 중구 은하수로 306 102동 103호,37.49681581,126.5573779
인천광역시,중구,이다음별빛숲어린이집,인천광역시 중구 하늘별빛로 142 관리동,37.4947406,126.5568423
인천광역시,중구,동원미단시티어린이집,인천광역시 중구 자연대로 667 관리동,37.52517145,126.5046031
인천광역시,중구,영종자이어린이집,인천광역시 중구 운남서로 7 관리동,37.48792722,126.5313406
인천광역시,중구,호반하늘정원어린이집,인천광역시 중구 숲쟁이로 11 ,37.4781032,126.5117938
인천광역시,중구,서희별빛어린이집,인천광역시 중구 은하수로 350 ,37.49364703,126.5541284
인천광역시,중구,오션브릿지하늘꿈어린이집,인천광역시 중구 은하수로 183 ,37.50143424,126.5650417
인천광역시,중구,베르힐키즈어린이집,인천광역시 중구 찬들로 141 ,37.47994505,126.5310623
인천광역시,중구,수자인라움어린이집,인천광역시 중구 하늘중앙로 271 ,37.48463576,126.5555155
인천광역시,중구,공항꿈나무제3어린이집,인천광역시 중구 공항로424번길 89 ,37.44102646,126.4652219
인천광역시,중구,베르힐라온어린이집,인천광역시 중구 찬들로 141 522동103호,37.47994505,126.5310623
인천광역시,중구,늘봄어린이집,인천광역시 중구 찬들로 141 526동101호,37.47994505,126.5310623
인천광역시,중구,드림키즈어린이집,인천광역시 중구 은하수로 436 646동103호,37.48742371,126.5493977
인천광역시,중구,젤리어린이집,인천광역시 중구 흰바위로 203 216동103호,37.48142372,126.5009403
인천광역시,중구,제일풍경채디오션어린이집,인천광역시 중구 찬들로 142 ,37.47928066,126.5311776
인천광역시,중구,해솔어린이집,인천광역시 중구 흰바위로 249 236동104호,37.48069827,126.5019937
인천광역시,동구,동산어린이집,인천광역시 동구 새천년로 29 (송림동),37.47140278,126.649242
인천광역시,동구,만석어린이집,인천광역시 동구 제물량로 345  -2 ,37.48157836,126.6207708
인천광역시,동구,신나는어린이집,인천광역시 동구 인중로 653 송현주공아파트 관리동내 (송현동),37.48174276,126.6446731
인천광역시,동구,동구사랑어린이집,인천광역시 동구 송림로82번길 12 (송림동),37.47504722,126.6438391
인천광역시,동구,송현초어린이집,인천광역시 동구 송화로 45 송현초등학교내 (송현동),37.48190454,126.6340347
인천광역시,동구,민들레어린이집,인천광역시 동구 화수로 38 3동 101호(송현동),37.48191148,126.6351991
인천광역시,동구,아이조아어린이집,"인천광역시 동구 송현로 50 115동 102호(송현동, 솔빛마을주공1차아파트)",37.47878636,126.6375473
인천광역시,동구,우리어린이집,"인천광역시 동구 화도진로 183 106동 1층(만석동, 만석비치주공아파트)",37.48516778,126.6226867
인천광역시,동구,예주어린이집,인천광역시 동구 송현로16번길 13-5 ,37.4771134,126.6346872
인천광역시,동구,화도보듬이나눔이 어린이집,인천광역시 동구 제물량로 412-13 ,37.48367968,126.628055
인천광역시,동구,꼬마별어린이집,인천광역시 동구 화수로47번길 13 (화수동),37.48296096,126.6321468
인천광역시,동구,정원어린이집,인천광역시 동구 새천년로38번길 10-6 ,37.47152568,126.6502455
인천광역시,동구,예린어린이집,"인천광역시 동구 화도진로 187 115동 103호(만석동, 만석비치타운주공아파트)",37.48426693,126.6201457
인천광역시,동구,화평어린이집,인천광역시 동구 송화로23번길 4 (화평동),37.47950456,126.6318957
인천광역시,동구,풍림미소어린이집,인천광역시 동구 송미로 6 풍림아이원아파트 관리동 (송림동),37.48225361,126.6506481
인천광역시,동구,꼬마궁전어린이집,"인천광역시 동구 송현로 50 101동 104호(송현동, 솔빛마을주공1차아파트)",37.47878636,126.6375473
인천광역시,동구,송림휴먼시아어린이집,인천광역시 동구 송향로 31 송림동. 송림휴먼시아1단지아파트(관리동),37.4807277,126.6518501
인천광역시,동구,토마토어린이집,"인천광역시 동구 송향로 31 107동 102호(송림동, 송림휴먼시아1단지)",37.4807277,126.6518501
인천광역시,동구,꽃동산어린이집,인천광역시 동구 새천년로38번길 11 동산휴먼시아아파트 관리동내 (송림동),37.47423035,126.6494057
인천광역시,동구,꼬마대통령어린이집,"인천광역시 동구 송현로 50 114동 102호(송현동, 솔빛마을주공1차아파트)",37.47878636,126.6375473
인천광역시,동구,햇살나무어린이집,"인천광역시 동구 화수로 8-10 204동 101호(송현동, 솔빛주공2차아파트)",37.4811075,126.6365969
인천광역시,동구,금창어린이집,인천광역시 동구 금곡로 49 (금곡동),37.47360198,126.6412086
인천광역시,동구,현대제철 인천 어린이집,인천광역시 동구 염전로 30 (송림동 344),37.48439269,126.6475851
인천광역시,동구,동국제강인천어린이집,"인천광역시 동구 송미로 6 110동 102호(송림동, 풍림아이원아파트)",37.48225361,126.6506481
인천광역시,동구,인천의료원어린이집,인천광역시 동구 방축로 217 ,37.47881528,126.6686645
인천광역시,동구,송림어린이집,인천광역시 동구 샛골로184번길 10 ,37.47843675,126.6458885
인천광역시,동구,브리즈힐어린이집,인천광역시 동구 송림로162번길 9 ,37.47723482,126.6529981
인천광역시,동구,푸르지오어린이집,인천광역시 동구 화도진로 16 ,37.47510914,126.6356864
인천광역시,동구,작은별재능어린이집,인천광역시 동구 송현로 50 ,37.47878636,126.6375473
인천광역시,동구,한울어린이집,"인천광역시 동구 송현로 50 (송현동, 솔빛마을주공1차아파트 관리동)",37.47878636,126.6375473
인천광역시,미추홀구,개나리어린이집,인천광역시 미추홀구 재넘이길19번길 18 (학익동),37.44671105,126.6655403
인천광역시,미추홀구,미추홀구청어린이집,인천광역시 미추홀구 경인로70번길 24 (숭의동),37.46407343,126.650999
인천광역시,미추홀구,미추홀어린이집,인천광역시 미추홀구 염창로 97 (주안동),37.46559847,126.6849558
인천광역시,미추홀구,백암어린이집,인천광역시 미추홀구 매소홀로418번길 14-57 백암어린이집 (학익동),37.43866722,126.6668301
인천광역시,미추홀구,제물포어린이집,인천광역시 미추홀구 석정로140번길 17 (숭의동),37.46802658,126.6510861
인천광역시,미추홀구,인천삼성어린이집,인천광역시 미추홀구 주안로160번길 67 (주안동),37.46055708,126.6876793
인천광역시,미추홀구,문학어린이집,인천광역시 미추홀구 문학길 136 (문학동),37.43436668,126.6848296
인천광역시,미추홀구,한울타리어린이집,인천광역시 미추홀구 주승로 94 (주안동),37.44467861,126.6807438
인천광역시,미추홀구,밝음어린이집,인천광역시 미추홀구 길파로29번길 9 (주안동),37.46847876,126.6790124
인천광역시,미추홀구,애향어린이집,인천광역시 미추홀구 석정로329번길 32 (도화동),37.46909555,126.6711036
인천광역시,미추홀구,사랑어린이집,"인천광역시 미추홀구 장천로14번길 34-1 5동 103호(숭의동, 대광빌라)",37.45832304,126.6483923
인천광역시,미추홀구,꿈꾸는어린이집,인천광역시 미추홀구 수봉로33번길 69 (숭의동),37.46399284,126.6604493
인천광역시,미추홀구,종달새어린이집,인천광역시 미추홀구 인하로47번길 92 (용현동),37.45308417,126.6587056
인천광역시,미추홀구,참빛어린이집,인천광역시 미추홀구 독정이로54번길 24 (숭의동),37.46121825,126.653855
인천광역시,미추홀구,두리숲어린이집,인천광역시 미추홀구 경원대로852번길 57-17 실제 주소 57-17,37.46003622,126.692114
인천광역시,미추홀구,샤론어린이집,인천광역시 미추홀구 토금남로4번길 5-13 ,37.45261372,126.633333
인천광역시,미추홀구,양지어린이집,인천광역시 미추홀구 인주대로237번길 69-22 ,37.45572287,126.6662759
인천광역시,미추홀구,소리엘어린이집,인천광역시 미추홀구 경원대로716번길 16 소리엘어린이집,37.44637896,126.6910011
인천광역시,미추홀구,별삐아제어린이집,인천광역시 미추홀구 수봉로182번길 64 (주안동),37.45694166,126.6663382
인천광역시,미추홀구,별하어린이집,인천광역시 미추홀구 한나루로490번길 93 (주안동),37.45030333,126.6726036
인천광역시,미추홀구,아이꿈터어린이집,"인천광역시 미추홀구 토금남로 53 3동 106호(용현동, 한양아파트)",37.45081807,126.6380872
인천광역시,미추홀구,새싹어린이집,인천광역시 미추홀구 염창로 106 (주안동),37.46508648,126.6856541
인천광역시,미추홀구,샛별어린이집,인천광역시 미추홀구 석바위로 7 (도화동),37.46124982,126.6739532
인천광역시,미추홀구,영락어린이집,인천광역시 미추홀구 인하로 314 (주안동),37.44767709,126.6829204
인천광역시,미추홀구,파란새싹어린이집,인천광역시 미추홀구 경원대로834번길 3 (주안동),37.45720771,126.6898182
인천광역시,미추홀구,해오름어린이집,인천광역시 미추홀구 인하로330번길 29 (주안동),37.44641081,126.6857555
인천광역시,미추홀구,용화어린이집,인천광역시 미추홀구 주염로 29 (주안동),37.4681085,126.6816307
인천광역시,미추홀구,유미예능어린이집,인천광역시 미추홀구 석정로302번길 16 (도화동),37.46725545,126.6687552
인천광역시,미추홀구,성지어린이집,인천광역시 미추홀구 미추홀대로 498-15 ,37.44203712,126.6791487
인천광역시,미추홀구,늘푸른어린이집,인천광역시 미추홀구 매소홀로428번길 14 (학익동),37.43928549,126.6691353
인천광역시,미추홀구,그루터기어린이집,인천광역시 미추홀구 염창로 25 그루터기 어린이집 (주안동),37.4660416,126.6767218
인천광역시,미추홀구,은하어린이집,인천광역시 미추홀구 소성로 120 동아풍림아파트 관리동어린이집,37.44170089,126.6621802
인천광역시,미추홀구,기쁨숲어린이집,인천광역시 미추홀구 독정이로54번길 46 (숭의동),37.46184975,126.6548669
인천광역시,미추홀구,하이얀어린이집,인천광역시 미추홀구 인하로 353 (주안동),37.44837185,126.6876215
인천광역시,미추홀구,꼬마대통령어린이집,인천광역시 미추홀구 한나루로357번길 5-42 ,37.43956361,126.661522
인천광역시,미추홀구,금호어린이집,인천광역시 미추홀구 매소홀로 68 금호2차아파트내 금호어린이집,37.44739422,126.6326813
인천광역시,미추홀구,신창어린이집,인천광역시 미추홀구 매소홀로 171 관리동 1층,37.44515359,126.6421979
인천광역시,미추홀구,사랑과믿음어린이집,인천광역시 미추홀구 경원대로670번길 26 (관교동),37.44358753,126.6930046
인천광역시,미추홀구,다솜어린이집,인천광역시 미추홀구 길파로27번길 28 (주안동),37.4684755,126.6779802
인천광역시,미추홀구,성신어린이집,인천광역시 미추홀구 능해길60번길 7 성신어린이집,37.45806267,126.6406717
인천광역시,미추홀구,주안24시어린이집,인천광역시 미추홀구 미추홀대로669번길 20 (주안동),37.45744927,126.6787566
인천광역시,미추홀구,옹달샘어린이집,인천광역시 미추홀구 인하로318번길 29-17 ,37.44661347,126.6840754
인천광역시,미추홀구,꼬마별하어린이집,인천광역시 미추홀구 미추홀대로587번길 15 (주안동),37.44966819,126.6786696
인천광역시,미추홀구,영랑어린이집,인천광역시 미추홀구 석정로 298-1 ,37.46786115,126.6685463
인천광역시,미추홀구,파란나라어린이집,인천광역시 미추홀구 인하로163번길 57 (용현동),37.45166173,126.6665255
인천광역시,미추홀구,글로벌수어린이집,인천광역시 미추홀구 석정로252번길 23 ,37.46729568,126.6637643
인천광역시,미추홀구,가온누리어린이집,인천광역시 미추홀구 승학길 77-1 ,37.44298321,126.6794262
인천광역시,미추홀구,호산나어린이집,인천광역시 미추홀구 동주길119번길 15-32 ,37.45591113,126.6839587
인천광역시,미추홀구,학익어린이집,"인천광역시 미추홀구 소성로 120 108동 104호(학익동, 동아풍림)",37.44170089,126.6621802
인천광역시,미추홀구,도담어린이집,"인천광역시 미추홀구 매소홀로 171 101동 106호(용현동, 신창미션힐)",37.44515359,126.6421979
인천광역시,미추홀구,보물섬어린이집,"인천광역시 미추홀구 낙섬중로 4 7동 103호(용현동, 대림아파트)",37.44893109,126.6353039
인천광역시,미추홀구,동화나라어린이집,"인천광역시 미추홀구 낙섬동로 9 8동 104호(용현동, 금호타운아파트)",37.44780405,126.6367798
인천광역시,미추홀구,눈초롱발도르프어린이집,인천광역시 미추홀구 경원대로652번길 20 (관교동),37.44175199,126.6942212
인천광역시,미추홀구,곰돌이어린이집,"인천광역시 미추홀구 매소홀로475번길 18 18동 107호(학익동, 신동아아파트)",37.44103092,126.6755697
인천광역시,미추홀구,사랑나무어린이집,"인천광역시 미추홀구 낙섬중로 100 6동 104호(용현동, 유원용현아파트)",37.4562046,126.64123
인천광역시,미추홀구,승학자연어린이집,인천광역시 미추홀구 승학길104번길 7 (주안동),37.44425155,126.6803527
인천광역시,미추홀구,이삭어린이집,"인천광역시 미추홀구 학익소로61번길 83 47동 103호(학익동, 주안신동아7차아파트)",37.44293533,126.6743034
인천광역시,미추홀구,키즈스마일어린이집,인천광역시 미추홀구 장고개로36번길 36 굿모닝아파트106호,37.47003713,126.6681472
인천광역시,미추홀구,꿈터어린이집,인천광역시 미추홀구 소성로 270-20 ,37.43720148,126.6768342
인천광역시,미추홀구,해뜨는어린이집,인천광역시 미추홀구 남주길125번길 59-1 ,37.45656549,126.6761867
인천광역시,미추홀구,샛별관교어린이집,"인천광역시 미추홀구 주승로 231 6동 103호(관교동, 쌍용아파트)",37.4423613,126.6950059
인천광역시,미추홀구,꿈나무어린이집,인천광역시 미추홀구 주안서로33번길 14 (도화동),37.46188562,126.6769579
인천광역시,미추홀구,엄마사랑어린이집,인천광역시 미추홀구 소성로 120 114동 101호,37.44170089,126.6621802
인천광역시,미추홀구,원일어린이집,인천광역시 미추홀구 독정이로16번길 19 (용현동),37.45814913,126.6553286
인천광역시,미추홀구,숭의어린이집,인천광역시 미추홀구 수봉로 68 (숭의동),37.46062799,126.6584679
인천광역시,미추홀구,인천서화어린이집,인천광역시 미추홀구 송림로 250 서화초등학교내 서화어린이집,37.47405697,126.6613188
인천광역시,미추홀구,예인아트어린이집,인천광역시 미추홀구 석바위로33번길 12-1 예인아트어린이집,37.46135576,126.6769309
인천광역시,미추홀구,주안남어린이집,인천광역시 미추홀구 인주대로434번길 11 ,37.44954937,126.6850386
인천광역시,미추홀구,예닮어린이집,인천광역시 미추홀구 승학길26번길 31 1층,37.44058558,126.6812076
인천광역시,미추홀구,한결어린이집,인천광역시 미추홀구 경인남길102번길 146 (용현동),37.45048097,126.6655726
인천광역시,미추홀구,휴먼빌어린이집,"인천광역시 미추홀구 한나루로550번길 63 101동 107호(주안동, 휴먼빌A 101동)",37.45543105,126.6736718
인천광역시,미추홀구,국현어린이집,인천광역시 미추홀구 미추홀대로614번길 60 국현어린이집 (주안동),37.45173511,126.6833089
인천광역시,미추홀구,한아름어린이집,인천광역시 미추홀구 경원대로 714 (관교동),37.44625854,126.6903305
인천광역시,미추홀구,LH아이세상어린이집,"인천광역시 미추홀구 낙섬동로 135 208동 102호(용현동, LH미추홀퍼스트)",37.4565753,126.6447297
인천광역시,미추홀구,해솔어린이집,인천광역시 미추홀구 토금남로27번길 22 구립해솔어린이집,37.45263068,126.6361965
인천광역시,미추홀구,슈어린이집,"인천광역시 미추홀구 매소홀로 338 126동 103호(학익동, 풍림아이원)",37.44151756,126.6596469
인천광역시,미추홀구,숲속어린이집,"인천광역시 미추홀구 매소홀로 338 120동 103호(학익동, 풍림아이원)",37.44151756,126.6596469
인천광역시,미추홀구,푸른나무어린이집,인천광역시 미추홀구 염창로 101 선정아파트 102호 (주안동),37.46547096,126.6855597
인천광역시,미추홀구,엄마마음어린이집,인천광역시 미추홀구 소성로 346 국일 아파트 101호 (문학동),37.43713135,126.6856085
인천광역시,미추홀구,피카소어린이집,인천광역시 미추홀구 낙섬서로18번길 13 피카소어린이집,37.45106172,126.6350757
인천광역시,미추홀구,장미어린이집,"인천광역시 미추홀구 소성로 72 5동 106호 (학익동, 장미아파트)",37.44518065,126.6575686
인천광역시,미추홀구,미래클어린이집,인천광역시 미추홀구 미추로6번길 5 (숭의동),37.46087873,126.6482367
인천광역시,미추홀구,사과나무어린이집,인천광역시 미추홀구 인주대로446번길 21-17 ,37.45002134,126.6864342
인천광역시,미추홀구,아이뜰어린이집,인천광역시 미추홀구 미추로6번길 65 (숭의동),37.46215724,126.6512676
인천광역시,미추홀구,꽃동네어린이집,인천광역시 미추홀구 문화로169번길 113 (주안동),37.45611199,126.6941041
인천광역시,미추홀구,은하수어린이집,"인천광역시 미추홀구 매소홀로 171 107동 104호(용현동, 신창미션힐)",37.44515359,126.6421979
인천광역시,미추홀구,현광어린이집,"인천광역시 미추홀구 매소홀로418번길 14-13 101동 106호(학익동, 학익현광2차아파트)",37.43917255,126.6677092
인천광역시,미추홀구,웃음어린이집,"인천광역시 미추홀구 매소홀로475번길 60 103동 105호(학익동, 신동아아파트)",37.44146492,126.6752028
인천광역시,미추홀구,블루밍어린이집,"인천광역시 미추홀구 경원대로 884 111동 101호(주안동, 주안더월드스테이트)",37.4623604,126.6944531
인천광역시,미추홀구,고은별어린이집,인천광역시 미추홀구 경원대로 884 더월드스테이트아파트 106동 101호,37.4623604,126.6944531
인천광역시,미추홀구,키즈스쿨어린이집,"인천광역시 미추홀구 경원대로 884 121동 104호(주안동, 주안더월드스테이트)",37.4623604,126.6944531
인천광역시,미추홀구,예은어린이집,인천광역시 미추홀구 토금중로51번길 7 (용현동),37.45256236,126.6390115
인천광역시,미추홀구,딩동댕어린이집,인천광역시 미추홀구 석정로10번길 70 (숭의동),37.45924512,126.645524
인천광역시,미추홀구,아이원어린이집,인천광역시 미추홀구 매소홀로 338 풍림아이원아파트 관리소 1층,37.44151756,126.6596469
인천광역시,미추홀구,숲속실로암영재어린이집,인천광역시 미추홀구 수봉로33번길 102-86 숲속 실로암 영재 어린이집 (도화동),37.46297288,126.6620137
인천광역시,미추홀구,해피아이어린이집,"인천광역시 미추홀구 주안로 189 102동 102호(주안동, 주안극동스타클래스더로얄A)",37.46391103,126.6901936
인천광역시,미추홀구,아이꽃어린이집,인천광역시 미추홀구 주안동로 28-1 아이꽃어린이집 (주안동),37.46071033,126.6860101
인천광역시,미추홀구,푸른어린이집,"인천광역시 미추홀구 낙섬동로 104 101동 102호(용현동, 용현동성원상떼빌)",37.45397895,126.6449375
인천광역시,미추홀구,예목어린이집,"인천광역시 미추홀구 낙섬동로 104 105동 102호(용현동, 용현동성원상떼빌)",37.45397895,126.6449375
인천광역시,미추홀구,푸른섬어린이집,"인천광역시 미추홀구 소성로 120 112동 102호(학익동, 동아풍림아파트)",37.44170089,126.6621802
인천광역시,미추홀구,푸른바다어린이집,인천광역시 미추홀구 아암대로29번길 13 관리동 1층(용현대우푸르지오),37.45852662,126.6375506
인천광역시,미추홀구,청송어린이집,인천광역시 미추홀구 수봉남로17번길 40-16 ,37.45892147,126.6557308
인천광역시,미추홀구,새이룸어린이집,인천광역시 미추홀구 주안로174번길 16 (주안동),37.46282729,126.6887847
인천광역시,미추홀구,미추어린이집,인천광역시 미추홀구 미추로19번길 10-18 ,37.46212206,126.6468253
인천광역시,미추홀구,큰별어린이집,"인천광역시 미추홀구 낙섬중로 100 8동 104호(용현동, 유원용현아파트)",37.4562046,126.64123
인천광역시,미추홀구,대우태양어린이집,"인천광역시 미추홀구 아암대로29번길 13 106동 101호(용현동, 용현대우아파트)",37.45852662,126.6375506
인천광역시,미추홀구,큰사랑어린이집,"인천광역시 미추홀구 한나루로357번길 165 103동 103호(학익동, 학익현광1차아파트)",37.43791838,126.6546453
인천광역시,미추홀구,예니숲어린이집,인천광역시 미추홀구 낙섬동로 104 성원상떼빌 단지내 (용현동),37.45397895,126.6449375
인천광역시,미추홀구,키즈맘어린이집,"인천광역시 미추홀구 경원대로 717 107동 105호(주안동, 관교한신휴플러스)",37.44708339,126.6852052
인천광역시,미추홀구,인천법원어린이집,인천광역시 미추홀구 학익소로63번길 31 (학익동),37.44155063,126.672047
인천광역시,미추홀구,아이랑어린이집,인천광역시 미추홀구 경원대로864번길 114 더월드스테이트 아파트 2단지 관리소 1층,37.46195519,126.6959808
인천광역시,미추홀구,현대아이사랑어린이집,"인천광역시 미추홀구 경인로 395 1동 104호(주안동, 현대아파트)",37.45959368,126.683097
인천광역시,미추홀구,하버드 어린이집,인천광역시 미추홀구 낙섬중로94번길 4 (용현동),37.45562309,126.6409645
인천광역시,미추홀구,사랑의열매어린이집,인천광역시 미추홀구 주안서로53번길 34 (주안동),37.4634694,126.6759977
인천광역시,미추홀구,연지어린이집,인천광역시 미추홀구 석정로462번길 13 (주안동),37.46549206,126.6868903
인천광역시,미추홀구,리틀하버드어린이집,인천광역시 미추홀구 낙섬중로113번길 17-24 ,37.45733766,126.6407709
인천광역시,미추홀구,별마로어린이집,인천광역시 미추홀구 염전로202번길 49 (도화동),37.47559206,126.6612725
인천광역시,미추홀구,큰빛어린이집,"인천광역시 미추홀구 경인로 203 3동 102호(도화동, 동아아파트)",37.46531575,126.6654591
인천광역시,미추홀구,주안어린이집,인천광역시 미추홀구 미추홀대로597번길 81-9 주안어린이집,37.45083851,126.6751099
인천광역시,미추홀구,두산키즈어린이집,인천광역시 미추홀구 노적산로 43 두산위브 아파트 부대복리동 1층,37.44306266,126.6557739
인천광역시,미추홀구,예능어린이집,인천광역시 미추홀구 낙섬동로109번길 4-1 ,37.45522032,126.6433093
인천광역시,미추홀구,쌍용햇살가득어린이집,"인천광역시 미추홀구 인하로 292 3동 101호(주안동, 쌍용주안아파트)",37.44718711,126.6798112
인천광역시,미추홀구,엑슬루어린이집,"인천광역시 미추홀구 아암대로29번길 16 101동 1층(용현동, 엑슬루타워)",37.45666052,126.6380152
인천광역시,미추홀구,꿈마루어린이집,인천광역시 미추홀구 소성로163번길 49 인천지방검찰청,37.44317678,126.6693312
인천광역시,미추홀구,신동아푸른나무어린이집,인천광역시 미추홀구 송림로 178 신동아파밀리에 관리사무소 옆(도화동),37.47721469,126.6536934
인천광역시,미추홀구,도화보듬이나눔이어린이집,인천광역시 미추홀구 장고개로50번길 19 ,37.47176204,126.6689275
인천광역시,미추홀구,스카이뷰어린이집,인천광역시 미추홀구 용정공원로 33 SK스카이뷰 123동 104호,37.45201495,126.6450629
인천광역시,미추홀구,SK행복아이사랑어린이집,인천광역시 미추홀구 용정공원로 33 SK스카이뷰 126동 101호,37.45201495,126.6450629
인천광역시,미추홀구,아이라온어린이집,인천광역시 미추홀구 용정공원로 33 102동 101호,37.45201495,126.6450629
인천광역시,미추홀구,SK아이숲어린이집,"인천광역시 미추홀구 용정공원로 33 106동 101호(용현동,SK스카이뷰)",37.45201495,126.6450629
인천광역시,미추홀구,SK해사랑어린이집,인천광역시 미추홀구 용정공원로 33 sk스카이뷰아파트 관리동 어린이집,37.45201495,126.6450629
인천광역시,미추홀구,흰돌어린이집,인천광역시 미추홀구 숙골로112번길 12 관리동어린이집,37.47197085,126.6636459
인천광역시,미추홀구,푸른숲어린이집,"인천광역시 미추홀구 용정공원로 33 121동102호 (용현동, SK스카이뷰)",37.45201495,126.6450629
인천광역시,미추홀구,꾸미어린이집,"인천광역시 미추홀구 숙골로112번길 11 509동104호(도화동, 도화e편한세상)",37.4740307,126.6624979
인천광역시,미추홀구,하람어린이집,"인천광역시 미추홀구 숙골로88번길 46 609동104호(도화동, e편한세상 도화6-1단지)",37.47472939,126.6656222
인천광역시,미추홀구,모모어린이집,인천광역시 미추홀구 용정공원로 33 103동101호 (용현동.sk스카이뷰),37.45201495,126.6450629
인천광역시,미추홀구,도화잘자람어린이집,인천광역시 미추홀구 숙골로112번길 11 e편한세상 도화5단지 관리동 어린이집(도화동),37.4740307,126.6624979
인천광역시,미추홀구,도화다누리어린이집,인천광역시 미추홀구 숙골로88번길 46 e편한세상 도화6-1단지 관리동어린이집(도화동),37.47472939,126.6656222
인천광역시,미추홀구,도화e편한어린이집,인천광역시 미추홀구 숙골로88번길 56 ,37.47501371,126.6649416
인천광역시,미추홀구,행복한용마루어린이집,인천광역시 미추홀구 낙섬중로 129 ,37.4582401,126.6427291
인천광역시,미추홀구,꿈별어린이집,인천광역시 미추홀구 낙섬동로 135 LH미추홀퍼스트 관리동 어린이집,37.4565753,126.6447297
인천광역시,미추홀구,정부인천지방합동청사 초롱어린이집,"인천광역시 미추홀구 석정로 239 (도화동, 정부인천지방합동청사)",37.46886321,126.6619823
인천광역시,미추홀구,옹진군청직장어린이집,인천광역시 미추홀구 매소홀로 120 옹진군청,37.44657047,126.6367454
인천광역시,미추홀구,두리하나어린이집,인천광역시 미추홀구 숙골로112번길 22 ,37.47273375,126.6642567
인천광역시,미추홀구,더샵나다운어린이집,"인천광역시 미추홀구 숙골로87번길 5 (도화동, 더샵인천스카이타워 2단지)",37.4694746,126.6632619
인천광역시,미추홀구,더샵노리숲어린이집,"인천광역시 미추홀구 숙골로88번길 12 (도화동, 더샵인천스카이타워 1단지)",37.46953055,126.6645932
인천광역시,미추홀구,더샵키즈어린이집,"인천광역시 미추홀구 숙골로88번길 12 108동 206호(도화동, 더샵 인천스카이타워 1단지)",37.46953055,126.6645932
인천광역시,미추홀구,금강꿈채운어린이집,"인천광역시 미추홀구 송림로257번길 6 (도화동, 도화역금강펜테리움센트럴파크)",37.47554192,126.6620761
인천광역시,미추홀구,해든어린이집,"인천광역시 미추홀구 독배로251번길 24 (학익동, 힐스테이트학익)",37.4437747,126.648689
인천광역시,미추홀구,해담어린이집,"인천광역시 미추홀구 염전로 414 (주안동, 주안역센트레빌)",37.46878069,126.6861912
인천광역시,미추홀구,미추홀경찰서어린이집,인천광역시 미추홀구 매소홀로290번길 32 미추홀경찰서,37.44270389,126.653373
인천광역시,미추홀구,스타디움어린이집,인천광역시 미추홀구 참외전로 268 스타디움센트럴시티 관리동,37.46764233,126.6430116
인천광역시,미추홀구,하임어린이집,인천광역시 미추홀구 참외전로 268 105동 103호,37.46764233,126.6430116
인천광역시,미추홀구,라온어린이집,"인천광역시 미추홀구 경원대로780번길 22 101동 102호(주안동, 주안캐슬앤더샵에듀포레)",37.45397016,126.6928006
인천광역시,미추홀구,에듀포레어린이집,인천광역시 미추홀구 경원대로780번길 22 주안캐슬앤더샵에듀포레,37.45397016,126.6928006
인천광역시,미추홀구,포레나어린이집,인천광역시 미추홀구 경인로 372 포레나인천미추홀 단지 내,37.4580182,126.6811632
인천광역시,미추홀구,아인어린이집,인천광역시 미추홀구 인주대로 425-1 ,37.45141146,126.6840481
인천광역시,미추홀구,꼬마세상어린이집,"인천광역시 미추홀구 낙섬동로 9 1동 104호(용현동, 금호타운)",37.44780405,126.6367798
인천광역시,미추홀구,주안파크자이어린이집,인천광역시 미추홀구 인하로222번길 20 관리동 어린이집,37.44784675,126.6721571
인천광역시,미추홀구,자이러블리어린이집,인천광역시 미추홀구 인하로222번길 20 313동 101호,37.44784675,126.6721571
인천광역시,미추홀구,주안자이어린이집,인천광역시 미추홀구 인하로222번길 20 312동 105호,37.44784675,126.6721571
인천광역시,미추홀구,트루엘파크어린이집,인천광역시 미추홀구 학익소로9번길 24 관리동 어린이집,37.44680939,126.6689774
인천광역시,미추홀구,꿈노리어린이집,인천광역시 미추홀구 남주길 150 관리동 어린이집,37.45343014,126.6768057
인천광역시,미추홀구,한우리어린이집,인천광역시 미추홀구 경원대로 717 관리동 어린이집,37.44708339,126.6852052
인천광역시,미추홀구,고운어린이집,인천광역시 미추홀구 낙섬동로 134 (관리동 어린이집)105동 맞은편,37.45660937,126.6464741
인천광역시,미추홀구,꿈가득어린이집,인천광역시 미추홀구 낙섬동로 134 (관리동어린이집)102동 맞은편,37.45660937,126.6464741
인천광역시,미추홀구,별가온어린이집,인천광역시 미추홀구 낙섬동로 134 115동 103호,37.45660937,126.6464741
인천광역시,미추홀구,자이숲어린이집,인천광역시 미추홀구 낙섬동로 134 109동 102호,37.45660937,126.6464741
인천광역시,미추홀구,아이가온어린이집,"인천광역시 미추홀구 학익로 116 (학익동, 시티오씨엘 1단지 105동 어린이집)",37.44195138,126.6432654
인천광역시,미추홀구,국공립예일어린이집,"인천광역시 미추홀구 구월로8번길 18-62 (주안동, 더샵아르테)",37.45643506,126.6918017
인천광역시,미추홀구,별담어린이집,인천광역시 미추홀구 아암대로 118 용현오션뷰경남아너스빌,37.45240494,126.631098
인천광역시,미추홀구,아르테키즈어린이집,"인천광역시 미추홀구 구월로8번길 18-62 109동 102호(주안동, 더샵아르테)",37.45643506,126.6918017
인천광역시,미추홀구,학익SK뷰어린이집,"인천광역시 미추홀구 매소홀로 385 (학익동, 학익SK뷰)",37.44098052,126.6633452
인천광역시,미추홀구,SK채움어린이집,"인천광역시 미추홀구 매소홀로 385 103동 102호(학익동, 학익SK뷰)",37.44098052,126.6633452
인천광역시,미추홀구,시티오씨엘3단지숲어린이집,"인천광역시 미추홀구 학익로80번길 11 (학익동, 시티오씨엘3단지)",37.44022472,126.6463944
인천광역시,미추홀구,다온빛어린이집,"인천광역시 미추홀구 학익로 30 (학익1동, 시티오씨엘4단지 어린이집)",37.43976387,126.6505802
인천광역시,미추홀구,아리솔어린이집,"인천광역시 미추홀구 인주대로 5 (숭의동, 힐스테이트 숭의역)",37.46135387,126.6388698
인천광역시,미추홀구,이편한키즈어린이집,인천광역시 미추홀구 주승로 51 이편한세상주안에듀서밋 관리동,37.44456722,126.6765263
인천광역시,미추홀구,아람어린이집,"인천광역시 미추홀구 독정이로 82 (숭의동, 두산위브더제니스센트럴여의)",37.46357766,126.6517204
인천광역시,미추홀구,두산위브더제니스어린이집,인천광역시 미추홀구 독정이로 82 두산위브더제니스센트럴여의 102동 103호,37.46357766,126.6517204
인천광역시,연수구,애플어린이집,인천광역시 연수구 원인재로 59 한양2차 아파트 단지내 애플어린이집,37.40534958,126.6706444
인천광역시,연수구,하나키즈어린이집,인천광역시 연수구 용담로 14 하나아파트 단지내,37.41930318,126.6683298
인천광역시,연수구,선학어린이집,인천광역시 연수구 비류대로 602 (선학동),37.42267814,126.7015051
인천광역시,연수구,연화예술어린이집,인천광역시 연수구 새말로 134 세경아파트 관리동 2층(1층일부) (연수동),37.4163114,126.682423
인천광역시,연수구,여성의광장어린이집,인천광역시 연수구 앵고개로 183 (동춘동),37.41213315,126.6659867
인천광역시,연수구,뜨락어린이집,인천광역시 연수구 한나루로105번길 68 현대4차아파트 관리동 1층 (옥련동),37.42578255,126.6509325
인천광역시,연수구,미래클예능어린이집,인천광역시 연수구 넘말로29번길 27 (선학동),37.42831481,126.696382
인천광역시,연수구,새샘어린이집,인천광역시 연수구 계림로112번길 21 새샘어린이집 (청학동),37.42669125,126.6694009
인천광역시,연수구,연수구청어린이집,인천광역시 연수구 원인재로 115 연수구청 별관 1층,37.40949381,126.6783379
인천광역시,연수구,하은어린이집,인천광역시 연수구 청능대로78번길 29-5 ,37.41417298,126.673248
인천광역시,연수구,해맑은어린이집,인천광역시 연수구 독배로 58 현대2차아파트 단지 내 (옥련동),37.42639094,126.6465743
인천광역시,연수구,세화어린이집,인천광역시 연수구 원인재로 315 주공아파트 관리동 1층 (연수동),37.42132237,126.6908761
인천광역시,연수구,예일어린이집,인천광역시 연수구 동곡재로 43 (동춘동),37.41434049,126.6720796
인천광역시,연수구,산울음높이어린이집,인천광역시 연수구 원인재로 212 연수1차아파트 단지내,37.4150145,126.687503
인천광역시,연수구,솔잎어린이집,인천광역시 연수구 옥련로97번길 13 (옥련동),37.42683677,126.650944
인천광역시,연수구,오렌지어린이집,인천광역시 연수구 능허대로151번길 23 (옥련동),37.42148709,126.6468464
인천광역시,연수구,송도숲어린이집,인천광역시 연수구 한나루로180번길 9 (옥련동),37.42532387,126.6569734
인천광역시,연수구,느티나무어린이집,인천광역시 연수구 원인재로 222 (연수동) 느티나무 어린이집,37.41561909,126.6870634
인천광역시,연수구,중앙초등학교어린이집,인천광역시 연수구 새말로 153 중앙초등학교 내(연수동),37.4172395,126.6861864
인천광역시,연수구,엘림어린이집,"인천광역시 연수구 경원대로119번길 21 101동 105호(동춘동, 풍림2차아파트)",37.4002996,126.673092
인천광역시,연수구,새싹어린이집,인천광역시 연수구 경원대로467번길 38 1층 (선학동),37.42644213,126.6966921
인천광역시,연수구,풍림햇살어린이집,인천광역시 연수구 신송로118번길 6 풍림아이원아파트 1단지 관리소 1층 (송도동),37.39571613,126.6536002
인천광역시,연수구,공룡숲어린이집,인천광역시 연수구 비류대로256번길 7-9 ,37.42657272,126.6639229
인천광역시,연수구,무지개어린이집,"인천광역시 연수구 원인재로 14 111동 102호(동춘동, 무지개아파트)",37.401285,126.6700271
인천광역시,연수구,푸른솔어린이집,인천광역시 연수구 해돋이로84번길 29 송도신도시풍림아이원 3단지 관리소 1층 (송도동),37.3924269,126.65318
인천광역시,연수구,아이웰어린이집,인천광역시 연수구 청량로194번길 8 (옥련동),37.42412724,126.653055
인천광역시,연수구,열린우리어린이집,"인천광역시 연수구 새말로 154 관리동2층 (연수동, 연수주공3차아파트)",37.41566163,126.6847624
인천광역시,연수구,행복한어린이집,인천광역시 연수구 해돋이로120번길 16 풍림아이원 2단지 관리동1층 (송도동),37.39425811,126.6521308
인천광역시,연수구,아이원키즈어린이집,인천광역시 연수구 신송로82번길 6 풍림아이원아파트 4단지 관리동 (송도동),37.39305351,126.6564332
인천광역시,연수구,좋은친구어린이집,"인천광역시 연수구 먼우금로 69 2동 102호(동춘동, 대동아파트)",37.406342,126.6687876
인천광역시,연수구,푸른세상어린이집,"인천광역시 연수구 원인재로 14 관리동 1층(동춘동, 무지개아파트)",37.401285,126.6700271
인천광역시,연수구,피터팬어린이집,인천광역시 연수구 청량로 210 쌍용아파트 관리동 1층 (옥련동),37.42507598,126.6533211
인천광역시,연수구,작은꽃어린이집,인천광역시 연수구 솔샘로43번길 15 성호아파트 단지내 (청학동),37.42237394,126.6673083
인천광역시,연수구,해솔어린이집,"인천광역시 연수구 원인재로 59 33동 105호(동춘동, 한양2차아파트)",37.40534958,126.6706444
인천광역시,연수구,남인천어린이집,인천광역시 연수구 청학로6번길 52 ,37.42704126,126.6660895
인천광역시,연수구,다예린어린이집,인천광역시 연수구 넘말로79번길 55-1 (선학동),37.42950036,126.6949442
인천광역시,연수구,꿈나무어린이집,"인천광역시 연수구 먼우금로 302 102동 105호(연수동, 유천아파트)",37.42347342,126.6830711
인천광역시,연수구,풍림예랑어린이집,"인천광역시 연수구 경원대로119번길 21 104동 101호(동춘동, 연수풍림2차아파트)",37.4002996,126.673092
인천광역시,연수구,예원어린이집,"인천광역시 연수구 랜드마크로 68 102동 102호(송도동, 랜드마크시티센트럴더샵)",37.41511724,126.6182221
인천광역시,연수구,우성어린이집,"인천광역시 연수구 청능대로 175 116동 102호(연수동, 연수우성1차아파트)",37.4108248,126.6835474
인천광역시,연수구,혜성어린이집,"인천광역시 연수구 해돋이로120번길 16 201동 102호(송도동, 풍림아이원아파트)",37.39425811,126.6521308
인천광역시,연수구,아이마음어린이집,"인천광역시 연수구 원인재로 180 212동 105호(연수동, 연수우성2차아파트)",37.41227928,126.6839421
인천광역시,연수구,큰별재능어린이집,"인천광역시 연수구 청능대로 175 103동 102호(연수동, 연수우성1차아파트)",37.4108248,126.6835474
인천광역시,연수구,어깨동무어린이집,"인천광역시 연수구 먼우금로 126 207동 104호(동춘동, 현대대림2차아파트)",37.40927422,126.6740872
인천광역시,연수구,아이들세상어린이집,"인천광역시 연수구 먼우금로 126 212동 101호(동춘동, 현대대림2차아파트)",37.40927422,126.6740872
인천광역시,연수구,딸기어린이집,"인천광역시 연수구 선학로 100 2동 104호(선학동, 금호아파트)",37.42602459,126.7009333
인천광역시,연수구,둘리어린이집,"인천광역시 연수구 원인재로 124 101동 103호(동춘동, 한양아파트)",37.40813548,126.6811128
인천광역시,연수구,아이사랑어린이집,"인천광역시 연수구 해돋이로120번길 16 214동 104호(송도동, 송도신도시풍림아이원)",37.39425811,126.6521308
인천광역시,연수구,해와달어린이집,"인천광역시 연수구 먼우금로 19 104동 101호(동춘동, 동남아파트)",37.40072324,126.6674334
인천광역시,연수구,예지어린이집,"인천광역시 연수구 원인재로 232 102동 101호(연수동, 솔밭마을아파트)",37.41524121,126.689457
인천광역시,연수구,사과나무어린이집,"인천광역시 연수구 독배로 58 204동 101호(옥련동, 현대2차아파트)",37.42639094,126.6465743
인천광역시,연수구,팅커벨어린이집,"인천광역시 연수구 청량로185번길 16 101동 105호(옥련동, 서해아파트)",37.42382593,126.652038
인천광역시,연수구,해오름어린이집,"인천광역시 연수구 해돋이로84번길 29 301동 101호(송도동, 송도신도시풍림아이원)",37.3924269,126.65318
인천광역시,연수구,칼비테어린이집,"인천광역시 연수구 솔샘로 20 102동 106호(청학동, 삼용아파트)",37.42377011,126.6677439
인천광역시,연수구,예쁜어린이집,"인천광역시 연수구 원인재로 300 107동 102호(연수동, 대림아파트)",37.41944714,126.694224
인천광역시,연수구,영재어린이집,"인천광역시 연수구 독배로 58 203동 104호(옥련동, 현대2차아파트)",37.42639094,126.6465743
인천광역시,연수구,열린미래어린이집,"인천광역시 연수구 능허대로79번길 30 107동 104호(옥련동, 럭키송도아파트)",37.42486434,126.6416
인천광역시,연수구,모아어린이집,"인천광역시 연수구 선학로 101 107동 101호(선학동, 뉴서울아파트)",37.42561319,126.7006837
인천광역시,연수구,단비어린이집,"인천광역시 연수구 독배로40번길 18 4동 108호(옥련동, 삼성아파트)",37.42422357,126.6462476
인천광역시,연수구,물댄동산어린이집,"인천광역시 연수구 청능대로 38 101동 109호(동춘동, 태평2차아파트)",37.41682822,126.6703089
인천광역시,연수구,키즈월드어린이집,인천광역시 연수구 원인재로 180 우성아파트 단지내 213동 옆 (연수동),37.41227928,126.6839421
인천광역시,연수구,파란나라어린이집,"인천광역시 연수구 먼우금로 302 103동 106호(연수동, 유천아파트)",37.42347342,126.6830711
인천광역시,연수구,포근한어린이집,"인천광역시 연수구 원인재로 315 208동 103호(연수동, 주공아파트)",37.42132237,126.6908761
인천광역시,연수구,구립초록숲어린이집,인천광역시 연수구 함박안로 217 ,37.42598805,126.6871629
인천광역시,연수구,성지어린이집,"인천광역시 연수구 신송로6번길 7 112동 101호(송도동, 송도성지리벨루스)",37.38940224,126.662291
인천광역시,연수구,다솜어린이집,"인천광역시 연수구 원인재로 232 105동 108호(연수동, 솔밭마을아파트)",37.41524121,126.689457
인천광역시,연수구,해모로키즈어린이집,인천광역시 연수구 해돋이로6번길 33 송도해모로아파트 관리동 1층 (송도동),37.38903255,126.6587442
인천광역시,연수구,이화예능어린이집,인천광역시 연수구 동곡재로160번길 8 (동춘동),37.41366747,126.6658211
인천광역시,연수구,현대어린이집,인천광역시 연수구 해돋이로6번길 7 아이파크송도 관리동 1층 (송도동),37.38861778,126.6580446
인천광역시,연수구,금호어린이집,인천광역시 연수구 해돋이로84번길 30 금호어울림아파트 관리동 (송도동),37.3904919,126.6563375
인천광역시,연수구,아기천사어린이집,"인천광역시 연수구 먼우금로 19 106동 104호(동춘동, 동남아파트)",37.40072324,126.6674334
인천광역시,연수구,꼬마천사어린이집,"인천광역시 연수구 신송로118번길 6 104동 102호(송도동, 송도풍림아이원1단지아파트)",37.39571613,126.6536002
인천광역시,연수구,옹달샘어린이집,"인천광역시 연수구 원인재로 88 106동 104호(동춘동, 대우삼환아파트)",37.40648628,126.6782943
인천광역시,연수구,사랑어린이집,"인천광역시 연수구 능허대로79번길 30 115동 104호(옥련동, 럭키송도아파트)",37.42486434,126.6416
인천광역시,연수구,리틀하우스어린이집,"인천광역시 연수구 원인재로 81 103동 101호(동춘동, 삼성럭키아파트)",37.40699487,126.6754458
인천광역시,연수구,셀트리온어린이집,"인천광역시 연수구 해돋이로6번길 7 113동 102호(송도동, 송도신도시현대아이파크)",37.38861778,126.6580446
인천광역시,연수구,리틀킹어린이집,"인천광역시 연수구 신송로118번길 6 113동 103호(송도동, 송도풍림아이원1단지아파트)",37.39571613,126.6536002
인천광역시,연수구,포스코어린이집,인천광역시 연수구 해돋이로 107 더 퍼스트월드아파트 관리동 (송도동),37.39253502,126.6479941
인천광역시,연수구,해양경찰청어린이집,인천광역시 연수구 해돋이로 130 해양경찰청내 어린이집 (송도동),37.39361981,126.6496809
인천광역시,연수구,하늘꿈어린이집,"인천광역시 연수구 함박뫼로 128 101동 101호(연수동, 대명아파트)",37.42184936,126.6805682
인천광역시,연수구,포스코세상어린이집,인천광역시 연수구 컨벤시아대로42번길 95 더샵엑스포아파트 10단지 관리동 (송도동),37.40389545,126.6432292
인천광역시,연수구,포스코나라어린이집,인천광역시 연수구 컨벤시아대로42번길 77 더샵엑스포아파트 9단지 관리동 (송도동),37.40270925,126.6448429
인천광역시,연수구,다온어린이집,"인천광역시 연수구 원인재로 124 105동 102호(동춘동, 한양1차아파트)",37.40813548,126.6811128
인천광역시,연수구,꼬마별어린이집,"인천광역시 연수구 해돋이로6번길 7 105동 103호(송도동, 송도국제도시현대아이파크)",37.38861778,126.6580446
인천광역시,연수구,오즈나라어린이집,"인천광역시 연수구 새말로 134 102동 107호(연수동, 세경아파트)",37.4163114,126.682423
인천광역시,연수구,포스코아이어린이집,인천광역시 연수구 컨벤시아대로42번길 96 더샵 엑스포아파트 6단지 (송도동),37.40526651,126.6442727
인천광역시,연수구,우리아이어린이집,"인천광역시 연수구 신송로82번길 6 404동 103호(송도동, 송도풍림아이원4단지아파트)",37.39305351,126.6564332
인천광역시,연수구,이든아이어린이집,인천광역시 연수구 해송로30번길 20 웰카운티4단지 관리동 (송도동),37.38167554,126.6456295
인천광역시,연수구,아띠어린이집,인천광역시 연수구 해송로30번길 19 웰카운티3단지 관리동 (송도동),37.38215487,126.6474942
인천광역시,연수구,한양어린이집,"인천광역시 연수구 원인재로 124 102동 103호(동춘동, 한양1차아파트)",37.40813548,126.6811128
인천광역시,연수구,센트럴파크1어린이집,인천광역시 연수구 센트럴로 232 센트럴파크1단지 관리동 1층 (송도동),37.3974223,126.6366413
인천광역시,연수구,셀트리온제2어린이집,인천광역시 연수구 송도과학로27번길 15 송도아메리칸타운 104동 246호,37.3854252,126.6616484
인천광역시,연수구,아이꿈어린이집,인천광역시 연수구 새말로 6 효정A103-105,37.42399845,126.6713605
인천광역시,연수구,더샵감동어린이집,인천광역시 연수구 아트센터대로97번길 75 더샵하버뷰 13단지 관리동,37.39858691,126.6473668
인천광역시,연수구,하버뷰어린이집,인천광역시 연수구 아트센터대로97번길 76 더샵하버뷰 14단지 관리동,37.39700013,126.645892
인천광역시,연수구,아이비리그어린이집,"인천광역시 연수구 독배로40번길 48 103동 101호 (옥련동, 우성아파트)",37.42428608,126.6476885
인천광역시,연수구,더샵향기어린이집,"인천광역시 연수구 센트럴로 194 A 201동 1층 (송도동, 더 샵 센트럴파크2)",37.39378627,126.6418742
인천광역시,연수구,지제크키즈어린이집,"인천광역시 연수구 아트센터대로97번길 56 관리동 1층(송도동,더샵하버뷰2)",37.39862142,126.6432227
인천광역시,연수구,다사랑어린이집,"인천광역시 연수구 청량로185번길 16 102동 101호 (옥련동, 서해아파트)",37.42382593,126.652038
인천광역시,연수구,아기숲어린이집,"인천광역시 연수구 청능대로 124 113동 101호(동춘동, 금호동아아파트)",37.41065629,126.6772064
인천광역시,연수구,아이파크어린이집,"인천광역시 연수구 해돋이로6번길 7 106동 101호 (송도동, 송도국제도시현대아이파크)",37.38861778,126.6580446
인천광역시,연수구,행복나무어린이집,"인천광역시 연수구 한진로 49 503동 101호 (옥련동, 현대5차아파트)",37.42690751,126.6472428
인천광역시,연수구,하모니어린이집,"인천광역시 연수구 벚꽃로 172 104동 101호 (연수동, 대동아파트)",37.41441988,126.6830188
인천광역시,연수구,키즈베어어린이집,"인천광역시 연수구 청량로 210 104동 103호 (옥련동, 쌍용아파트)",37.42507598,126.6533211
인천광역시,연수구,아이나무어린이집,"인천광역시 연수구 앵고개로264번길 41 31동 103호 (동춘동, 한양2차아파트)",37.40637956,126.6710747
인천광역시,연수구,다솔어린이집,"인천광역시 연수구 원인재로 56 107동 102호 (동춘동,현대아파트)",37.40350018,126.6758696
인천광역시,연수구,라온어린이집,"인천광역시 연수구 청량로199번길 29 101동 106호 (옥련동, 한국아파트)",37.42376394,126.6498123
인천광역시,연수구,그린애비뉴어린이집,"인천광역시 연수구 컨벤시아대로42번길 35 708동 201호 (송도동, 송도더샵 그린애비뉴)",37.40062572,126.648122
인천광역시,연수구,주명어린이집,"인천광역시 연수구 먼우금로 282 105동 106호 (연수동, 태산아파트)",37.42070452,126.6812649
인천광역시,연수구,포키즈어린이집,인천광역시 연수구 인천타워대로 241 (주)포스코이앤씨 송도사옥 2층 (송도동),37.39235866,126.6343256
인천광역시,연수구,미소가득어린이집,"인천광역시 연수구 컨벤시아대로130번길 32 204동 101호 (송도동, 자이하버뷰2단지)",37.39553957,126.6434875
인천광역시,연수구,햇빛나무어린이집,인천광역시 연수구 아트센터대로 175 G-TOWER 문화동 1층,37.39574754,126.6337953
인천광역시,연수구,국공립송도누리숲어린이집,인천광역시 연수구 인천타워대로54번길 15-7 ,37.37951575,126.6457938
인천광역시,연수구,사랑나무어린이집,"인천광역시 연수구 아트센터대로97번길 56 1502동 205호(송도동, 송도더샵하버뷰2)",37.39862142,126.6432227
인천광역시,연수구,더샵해피어린이집,"인천광역시 연수구 랜드마크로 68 107동 105호(송도동, 랜드마크시티센트럴더샵)",37.41511724,126.6182221
인천광역시,연수구,아기나무어린이집,"인천광역시 연수구 송도과학로51번길 136 202동 104호(송도동, 캐슬앤해모로)",37.38501674,126.6768096
인천광역시,연수구,구립송도국제어린이집,인천광역시 연수구 컨벤시아대로130번길 80 단지내(송도푸르지오하버뷰아파트),37.39828339,126.6397577
인천광역시,연수구,니트꿈나무어린이집,"인천광역시 연수구 컨벤시아대로 165 2층(송도동, 니트타워제1호)",37.38914089,126.6444427
인천광역시,연수구,그린워크어린이집,"인천광역시 연수구 아트센터대로97번길 30 1604동 202호 (송도동, 더샵 그린워크1차)",37.3982977,126.6414413
인천광역시,연수구,삼성바이오드림파크어린이집,인천광역시 연수구 송도바이오대로 300 ,37.36795684,126.6603601
인천광역시,연수구,구립그린워크1차어린이집,인천광역시 연수구 아트센터대로97번길 30 1605동 1층,37.3982977,126.6414413
인천광역시,연수구,구립그린워크2차어린이집,인천광역시 연수구 아트센터대로97번길 15 1106동 1층,37.4014099,126.6406114
인천광역시,연수구,푸르미어린이집,"인천광역시 연수구 센트럴로 160 102동 1층(송도동, 송도센트럴파크푸르지오)",37.39315325,126.6428401
인천광역시,연수구,생명나무어린이집,"인천광역시 연수구 송도과학로27번길 30 304동 101호(송도동, 송도해모로월드뷰아파트)",37.38454454,126.6644632
인천광역시,연수구,마스터뷰어린이집,인천광역시 연수구 컨벤시아대로274번길 15 2301동 201호,37.38129479,126.6329904
인천광역시,연수구,꼬마나무어린이집,"인천광역시 연수구 송도문화로28번길 28 103동 203호(송도동, 송도글로벌캠퍼스푸르지오)",37.37807821,126.654642
인천광역시,연수구,아트윈도담어린이집,"인천광역시 연수구 인천타워대로 253-25 관리동 1층, (송도동, 아트윈푸르지오아파트)",37.39285106,126.6316528
인천광역시,연수구,그린키즈어린이집,"인천광역시 연수구 아트센터대로97번길 20 관리동(1층)(송도동, 그린워크3차 17블럭)",37.39938622,126.6397811
인천광역시,연수구,송도러브앤키즈어린이집,"인천광역시 연수구 컨벤시아대로130번길 100 관리동 1층(송도동, 송도더샵그린워크3차 18블럭)",37.39833005,126.6372197
인천광역시,연수구,에듀포레어린이집,"인천광역시 연수구 송도문화로84번길 24 201동 205호(송도동, 송도에듀포레푸르지오)",37.3743122,126.660485
인천광역시,연수구,웰키즈어린이집,"인천광역시 연수구 해송로 143 123동 1층(송도동, 송도웰카운티1단지)",37.37905376,126.6477718
인천광역시,연수구,국공립캠퍼스타운어린이집,"인천광역시 연수구 송도과학로27번길 55 관리동(송도동,롯데캐슬캠퍼스타운)",37.38923632,126.6651276
인천광역시,연수구,국공립마스터뷰2단지어린이집,"인천광역시 연수구 컨벤시아대로274번길 35 관리동(송도동,송도더샵마스터뷰22BL)",37.38221274,126.6314245
인천광역시,연수구,꿈트리키즈어린이집,"인천광역시 연수구 컨벤시아대로274번길 55 관리동 1층(송도4동, 송더 더샵 마스터뷰 21BL)",37.38331712,126.6298102
인천광역시,연수구,셀트리온제3어린이집,"인천광역시 연수구 해돋이로6번길 7 113동 103호(송도1동, 아이파크송도)",37.38861778,126.6580446
인천광역시,연수구,베르디움어린이집,인천광역시 연수구 송도문화로84번길 84 베르디움퍼스트아파트 104동 105호,37.36973764,126.6540568
인천광역시,연수구,리틀뷰어린이집,"인천광역시 연수구 컨벤시아대로274번길 15 (송도동, 송도더샵마스터뷰 23-1BL 관리동)",37.38129479,126.6329904
인천광역시,연수구,미소천사어린이집,"인천광역시 연수구 송도문화로28번길 81 112동 102호(송도동,더샵그린스퀘어)",37.37378715,126.6540402
인천광역시,연수구,국공립송도에듀포레푸르지오어린이집,"인천광역시 연수구 송도문화로84번길 24 관리동(송도동,송도에듀포레푸르지오)",37.3743122,126.660485
인천광역시,연수구,국공립퍼스트키즈어린이집,"인천광역시 연수구 송도문화로84번길 84 관리동(송도동,베르디움더퍼스트)",37.36973764,126.6540568
인천광역시,연수구,국공립글로벌파크어린이집,"인천광역시 연수구 송도문화로28번길 27 관리동(송도동,송도글로벌파크베르디움)",37.37471367,126.6548135
인천광역시,연수구,국공립해모로월드뷰어린이집,"인천광역시 연수구 송도과학로27번길 30 관리동(송도동,송도해모로월드뷰)",37.38454454,126.6644632
인천광역시,연수구,퍼스트어린이집,"인천광역시 연수구 아카데미로 442 304동 102호(송도동, 힐스테이트레이크3차)",37.39457987,126.6184483
인천광역시,연수구,롤리팝어린이집,"인천광역시 연수구 컨벤시아대로252번길 30 1504동 201호(송도동,더샵퍼스트파크)",37.38685022,126.6353864
인천광역시,연수구,하늘의별어린이집,"인천광역시 연수구 송도문화로84번길 84 101동 102호(송도동,베르디움더퍼스트)",37.36973764,126.6540568
인천광역시,연수구,꼬마캐슬어린이집,"인천광역시 연수구 송도과학로27번길 55 105동 204호(송도동,롯데캐슬캠퍼스타운)",37.38923632,126.6651276
인천광역시,연수구,국공립송도센트럴시티어린이집,"인천광역시 연수구 송도국제대로 261 관리동(송도동,송도더샵센트럴시티)",37.37421077,126.6499855
인천광역시,연수구,송도센트럴어린이집,"인천광역시 연수구 송도문화로84번길 84 107동 102호(송도동,베르디움 더퍼스트)",37.36973764,126.6540568
인천광역시,연수구,국공립아이편한어린이집,"인천광역시 연수구 랜드마크로 113 관리동(송도동,e편한세상송도)",37.4134476,126.6177017
인천광역시,연수구,국공립퍼스트파크13어린이집,"인천광역시 연수구 컨벤시아대로252번길 70 관리동(송도동,송도더샵퍼스트파크F13-1BL)",37.38910925,126.6320679
인천광역시,연수구,국공립퍼스트파크14어린이집,"인천광역시 연수구 컨벤시아대로252번길 50 관리동(송도동,송도더샵퍼스트파크F14BL)",37.38800888,126.6337363
인천광역시,연수구,국공립퍼스트파크15어린이집,"인천광역시 연수구 컨벤시아대로252번길 30 관리동(송도동,송도더샵퍼스트파크F15BL)",37.38685022,126.6353864
인천광역시,연수구,대림큰별어린이집,"인천광역시 연수구 랜드마크로 113 101동 104호(송도동, e편한세상송도)",37.4134476,126.6177017
인천광역시,연수구,이편한어린이집,"인천광역시 연수구 랜드마크로 113 102동 103호(송도동,e편한세상송도)",37.4134476,126.6177017
인천광역시,연수구,구립늘품어린이집,인천광역시 연수구 봉재산로54번길 30 ,37.40777801,126.6639242
인천광역시,연수구,더샵센시티어린이집,"인천광역시 연수구 송도국제대로 261 215동 203호(송도동,송도더샵센트럴시티)",37.37421077,126.6499855
인천광역시,연수구,포스코타워꿈나무어린이집,인천광역시 연수구 컨벤시아대로 165 포스코타워3층(송도동),37.38914089,126.6444427
인천광역시,연수구,제2포키즈어린이집,인천광역시 연수구 인천타워대로 241 (주)포스코이앤씨 송도사옥 3층 (송도동),37.39235866,126.6343256
인천광역시,연수구,앰코어린이집,인천광역시 연수구 송도미래로 150 (송도동),37.36005429,126.6564762
인천광역시,연수구,늘푸른어린이집,인천광역시 연수구 독배로 68 유진메디타워 301호,37.42667037,126.6451994
인천광역시,연수구,드림키즈어린이집,인천광역시 연수구 랜드마크로 113 105동 105호,37.4134476,126.6177017
인천광역시,연수구,국공립그랑블1단지어린이집,인천광역시 연수구 봉재산로 20 ,37.40919388,126.6658352
인천광역시,연수구,국공립파크애비뉴어린이집,인천광역시 연수구 컨벤시아대로252번길 10 ,37.38584413,126.6368749
인천광역시,연수구,국공립아메리칸타운어린이집,인천광역시 연수구 송도과학로27번길 15 ,37.3854252,126.6616484
인천광역시,연수구,푸른별어린이집,"인천광역시 연수구 능허대로 343 1010동 102호(동춘동, 송도동일하이빌파크레인아파트)",37.40859368,126.6567949
인천광역시,연수구,그린나래어린이집,"인천광역시 연수구 아카데미로312번길 177 104동 101호(송도동, 힐스테이트레이크송도아파트)",37.4018417,126.6203524
인천광역시,연수구,키즈랜드어린이집,"인천광역시 연수구 랜드마크로 19 109동 101호(송도동, 송도에스케이뷰아파트)",37.41411745,126.6249716
인천광역시,연수구,라라어린이집,"인천광역시 연수구 랜드마크로 19 103동 102호(송도동, 송도에스케이뷰아파트)",37.41411745,126.6249716
인천광역시,연수구,국공립그랑블3단지어린이집,인천광역시 연수구 봉재산로 76 국공립그랑블3단지어린이집,37.40593265,126.6677195
인천광역시,연수구,국공립다숲어린이집,인천광역시 연수구 능허대로446번길 12 국공립다숲어린이집,37.40120333,126.6641585
인천광역시,연수구,국공립파크자이어린이집,인천광역시 연수구 앵고개로104번길 22 국공립파크자이어린이집,37.41107893,126.6553337
인천광역시,연수구,국공립파크레인어린이집,인천광역시 연수구 능허대로 343 국공립파크레인어린이집,37.40859368,126.6567949
인천광역시,연수구,국공립레이크어린이집,인천광역시 연수구 아카데미로312번길 177 국공립레이크어린이집,37.4018417,126.6203524
인천광역시,연수구,국공립에스케이뷰도담어린이집,인천광역시 연수구 랜드마크로 19 국공립에스케이뷰도담어린이집,37.41411745,126.6249716
인천광역시,연수구,달콤어린이집,인천광역시 연수구 랜드마크로 19 105동 101호,37.41411745,126.6249716
인천광역시,연수구,애플키즈어린이집,"인천광역시 연수구 랜드마크로 19 107동 102호(송도4, 에스케이뷰아파트)",37.41411745,126.6249716
인천광역시,연수구,스마트밸리어린이집,인천광역시 연수구 송도미래로 30 스마트밸리 D동 101호,37.36664055,126.6472802
인천광역시,연수구,국공립햇살어린이집,"인천광역시 연수구 송도과학로51번길 136 (관리동, 송도캐슬앤해모로어린이집)",37.38501674,126.6768096
인천광역시,연수구,국공립해늘어린이집,"인천광역시 연수구 송도과학로27번길 70 (관리동, 롯데캐슬아파트)",37.38798082,126.6672572
인천광역시,연수구,국공립레이크2차어린이집,"인천광역시 연수구 아카데미로 446 (관리동, 힐스테이트레이크송도2차아파트)",37.39809814,126.6202907
인천광역시,연수구,국공립베르디움어린이집,"인천광역시 연수구 랜드마크로 110 (관리동, 호반베르디움 EDU CITY 아파트)",37.41612907,126.6150246
인천광역시,연수구,조이플어린이집,인천광역시 연수구 아카데미로 446 201동 103호 (힐스테이트레이크송도2차),37.39809814,126.6202907
인천광역시,연수구,레이크숲어린이집,인천광역시 연수구 아카데미로 446 205동 102호(힐스테이트레이크2차),37.39809814,126.6202907
인천광역시,연수구,꼬꼬마어린이집,인천광역시 연수구 랜드마크로 19 sk뷰 101동 101호,37.41411745,126.6249716
인천광역시,연수구,호반어린이집,인천광역시 연수구 랜드마크로 110 108동 103호,37.41612907,126.6150246
인천광역시,연수구,호반에듀시티어린이집,인천광역시 연수구 랜드마크로 110 107동 101호,37.41612907,126.6150246
인천광역시,연수구,국공립마리나베이어린이집,인천광역시 연수구 랜드마크로 160 ,37.41604621,126.6108771
인천광역시,연수구,인천글로벌캠퍼스어린이집,인천광역시 연수구 송도문화로 119 지원센터 내 어린이집,37.37520565,126.6687781
인천광역시,연수구,국공립송도랜드마크시티어린이집,인천광역시 연수구 랜드마크로 68 ,37.41511724,126.6182221
인천광역시,연수구,연수경찰서어린이집,인천광역시 연수구 원인재로 138 ,37.41016746,126.6813825
인천광역시,연수구,마리나엔젤어린이집,인천광역시 연수구 랜드마크로 160 115동 103호 (마리나베이아파트),37.41604621,126.6108771
인천광역시,연수구,드림아이어린이집,인천광역시 연수구 랜드마크로 160 122동 104호(마리나베이아파트),37.41604621,126.6108771
인천광역시,연수구,마리나키즈어린이집,인천광역시 연수구 랜드마크로 160 104동 103호(마리나베이아파트),37.41604621,126.6108771
인천광역시,연수구,키즈하임어린이집,인천광역시 연수구 랜드마크로 160 112동 102호(마리나베이아파트),37.41604621,126.6108771
인천광역시,연수구,아이세상랜드마크어린이집,인천광역시 연수구 랜드마크로 68 108동 102호(랜드마크시티센트럴더샵),37.41511724,126.6182221
인천광역시,연수구,가온어린이집,인천광역시 연수구 랜드마크로 160 121동 102호 (마리나베이아파트),37.41604621,126.6108771
인천광역시,연수구,랜시티센트럴어린이집,인천광역시 연수구 랜드마크로 68 104동 105호(랜드마크시티센트럴더샵아파트),37.41511724,126.6182221
인천광역시,연수구,꼬마마리나어린이집,인천광역시 연수구 랜드마크로 160 마리나베이아파트 119동 101호,37.41604621,126.6108771
인천광역시,연수구,마리나단비어린이집,인천광역시 연수구 랜드마크로 160 110동 103호(마리나베이아파트),37.41604621,126.6108771
인천광역시,연수구,마리나애플어린이집,인천광역시 연수구 랜드마크로 160 105동 104호(마리나베이아파트),37.41604621,126.6108771
인천광역시,연수구,국공립에스케이뷰센트럴어린이집,"인천광역시 연수구 하모니로188번길 17 관리동(송도동, 송도에스케이뷰센트럴)",37.38215473,126.6395541
인천광역시,연수구,삼성바이오에피스이솝빌어린이집,인천광역시 연수구 송도교육로 76 ,37.37040334,126.6596538
인천광역시,연수구,국공립코끼리어린이집,인천광역시 연수구 먼우금로 299 4동 105호,37.42263487,126.6821755
인천광역시,연수구,국공립송도베베맘어린이집,인천광역시 연수구 해돋이로6번길 33 110동 104호,37.38903255,126.6587442
인천광역시,연수구,국공립더테라스어린이집,"인천광역시 연수구 센트럴로 415 (송도동, 힐스테이트송도더테라스)",37.41087643,126.6269414
인천광역시,연수구,늘솔어린이집,인천광역시 연수구 먼우금로83번길 49 대림3차아파트 관리동,37.4076594,126.6665506
인천광역시,연수구,국공립글로벌키즈어린이집,"인천광역시 연수구 송도문화로28번길 28 (송도동, 송도글로벌캠퍼스푸르지오)",37.37807821,126.654642
인천광역시,연수구,국공립그린스퀘어어린이집,"인천광역시 연수구 송도문화로28번길 81 (송도동, 송도더샵그린스퀘어)",37.37378715,126.6540402
인천광역시,연수구,근로복지공단송도어린이집,인천광역시 연수구 센트럴로 420 (근로복지공단송도어린이집),37.41109684,126.6288956
인천광역시,연수구,천사들의어린이집,"인천광역시 연수구 랜드마크로 110 106동 104호(송도동, 송도오션파크베르디움)",37.41612907,126.6150246
인천광역시,연수구,국공립프라임뷰어린이집,인천광역시 연수구 인천타워대로231번길 97 관리동,37.38600397,126.6287481
인천광역시,연수구,국공립현대5차어린이집,인천광역시 연수구 한진로 49 관리동,37.42690751,126.6472428
인천광역시,연수구,국공립예쁜아이어린이집,인천광역시 연수구 먼우금로 302 101동 103호,37.42347342,126.6830711
인천광역시,연수구,국공립센트럴파크3차어린이집,인천광역시 연수구 인천타워대로180번길 11 ,37.38962069,126.638324
인천광역시,연수구,국공립호반써밋송도어린이집,인천광역시 연수구 랜드마크로 20 ,37.41607524,126.6245367
인천광역시,연수구,국공립리벨루스어린이집,"인천광역시 연수구 신송로6번길 7 관리동 1층(송도동, 송도 성지리벨루스)",37.38940224,126.662291
인천광역시,연수구,더샵키즈빌어린이집,"인천광역시 연수구 랜드마크로 160 123동 102호(송도동, 더샵 송도 마리나베이)",37.41604621,126.6108771
인천광역시,연수구,써밋키즈어린이집,"인천광역시 연수구 랜드마크로 20 105동 204호(송도동, 호반써밋 송도)",37.41607524,126.6245367
인천광역시,연수구,예꼴어린이집,"인천광역시 연수구 랜드마크로 20 104동 203호(송도동, 호반써밋 송도)",37.41607524,126.6245367
인천광역시,연수구,국공립센터니얼어린이집,인천광역시 연수구 컨벤시아대로274번길 62 ,37.38623419,126.629961
인천광역시,연수구,누리어린이집,"인천광역시 연수구 송도문화로84번길 24 202동 201호(송도동, 송도 에듀포레 푸르지오)",37.3743122,126.660485
인천광역시,연수구,더샵키즈어린이집,"인천광역시 연수구 송도국제대로 261 214동 203호(송도동, 송도더샵센트럴시티)",37.37421077,126.6499855
인천광역시,연수구,스마일어린이집,"인천광역시 연수구 랜드마크로 20 109동 204호(송도동, 호반써밋 송도)",37.41607524,126.6245367
인천광역시,연수구,국공립송도디에트르어린이집,인천광역시 연수구 인천타워대로 393 (송도동),37.40471696,126.6265586
인천광역시,연수구,국공립아이포레나어린이집,"인천광역시 연수구 넘말로 81 (선학동, 한화포레나인천연수)",37.43143453,126.6962254
인천광역시,연수구,국공립레이크3차어린이집,인천광역시 연수구 아카데미로 442 관리동,37.39457987,126.6184483
인천광역시,연수구,포레스트키즈어린이집,"인천광역시 연수구 랜드마크로 68 101동 104호(송도동, 랜드마크시티센트럴더샵)",37.41511724,126.6182221
인천광역시,연수구,국공립파랑새어린이집,인천광역시 연수구 용담로 25 ,37.42080326,126.6721691
인천광역시,연수구,국공립웰카운티어린이집,인천광역시 연수구 해송로 70 웰카운티2단지아파트 203동 1층 국공립웰카운티어린이집,37.37902407,126.6485446
인천광역시,연수구,인천대학교해둥실어린이집,인천광역시 연수구 아카데미로 119 인천대학교 25호관,37.37807422,126.6325101
인천광역시,연수구,미소어린이집,"인천광역시 연수구 랜드마크로 20 107동 206호(송도동, 호반써밋송도)",37.41607524,126.6245367
인천광역시,연수구,국공립그랑블에듀파크어린이집,인천광역시 연수구 봉재산로 10 관리동 (국공립그랑블에듀파크어린이집),37.41069464,126.6628602
인천광역시,연수구,포스코더샵어린이집,"인천광역시 연수구 랜드마크로 68 103동 105호(송도동, 랜드마크시티센트럴더샵)",37.41511724,126.6182221
인천광역시,연수구,국공립송도더스카이어린이집,인천광역시 연수구 인천타워대로 365 관리동 (국공립송도더스카이어린이집),37.40208006,126.6282476
인천광역시,연수구,국공립크리스탈오션어린이집,인천광역시 연수구 랜드마크로360번길 40 관리동 (국공립크리스탈오션어린이집),37.38663074,126.6115885
인천광역시,연수구,국공립송도자이더스타어린이집,인천광역시 연수구 아카데미로343번길 63 관리동(국공립송도자이더스타어린이집),37.38455881,126.6132804
인천광역시,연수구,아이온어린이집,"인천광역시 연수구 컨벤시아대로42번길 21 102동 1층(송도동, 송도하늘채아이비원)",37.39926468,126.6500443
인천광역시,연수구,해누리어린이집,인천광역시 연수구 독배로90번길 26 해누리어린이집,37.42808837,126.6469391
인천광역시,연수구,아이누리어린이집,"인천광역시 연수구 아카데미로343번길 63 106동 101호(송도동, 자이더스타)",37.38455881,126.6132804
인천광역시,연수구,국공립럭스오션SK뷰어린이집,"인천광역시 연수구 랜드마크로 350 관리동, 국공립럭스오션SK뷰어린이집",37.39331813,126.6123694
인천광역시,연수구,키즈오션어린이집,"인천광역시 연수구 랜드마크로 350 101동 101호(송도동, 럭스오션SK뷰)",37.39331813,126.6123694
인천광역시,연수구,바다의별어린이집,"인천광역시 연수구 아카데미로343번길 63 103동 106호(송도동, 자이더스타)",37.38455881,126.6132804
인천광역시,연수구,국공립송도아크베이어린이집,"인천광역시 연수구 워터프런트로 150 관리동, 어린이집",37.39922886,126.6287273
인천광역시,연수구,아이뜰센시티어린이집,인천광역시 연수구 송도국제대로 261 207동 204호,37.37421077,126.6499855
인천광역시,연수구,국공립레이크4차어린이집,인천광역시 연수구 아카데미로312번길 31 관리동 1층,37.39152415,126.6156911
인천광역시,연수구,참예쁜어린이집,인천광역시 연수구 랜드마크로 113 104동 102호,37.4134476,126.6177017
인천광역시,연수구,리틀포레스트직장어린이집,인천광역시 연수구 연구단지로 38 1층,37.37778595,126.6605653
인천광역시,남동구,아이랑어린이집,인천광역시 남동구 백범로161번길 6 아이랑어린이집,37.45689043,126.7296007
인천광역시,남동구,논현다올어린이집,"인천광역시 남동구 청능대로715번길 59 , 관리동 (논현동, 산뒤마을논현주공12단지아파트)",37.40836007,126.7351947
인천광역시,남동구,근로복지공단남동어린이집,인천광역시 남동구 독곡로 80-1 (서창동),37.43368334,126.7527292
인천광역시,남동구,늘푸른어린이집,인천광역시 남동구 장승남로69번길 27 (만수동),37.44472883,126.7399526
인천광역시,남동구,목민어린이집,인천광역시 남동구 백범로180번길 37  -1 ,37.45960248,126.7297638
인천광역시,남동구,신월초등학교어린이집,인천광역시 남동구 인주대로776번길 14 (구월동),37.44759278,126.7237819
인천광역시,남동구,남부어린이집,인천광역시 남동구 호구포로739번길 19 (구월동),37.44821469,126.7173962
인천광역시,남동구,남동구청어린이집,"인천광역시 남동구 소래로 633 (만수동,남동구청)",37.44738839,126.7306774
인천광역시,남동구,고잔어린이집,인천광역시 남동구 논현고잔로128번길 37-21 (고잔동),37.39389696,126.7152071
인천광역시,남동구,만월어린이집,인천광역시 남동구 만수서로 97-7 (만수동),37.46184553,126.7367451
인천광역시,남동구,남동어린이집,인천광역시 남동구 간석로72번길 39-11 (간석동),37.46472517,126.7164614
인천광역시,남동구,개나리어린이집,"인천광역시 남동구 백범로124번길 43 , 216동 102호(만수동, 만수주공2단지아파트)",37.45826563,126.734725
인천광역시,남동구,두루미어린이집,인천광역시 남동구 정각로 29 인천광역시청 (구월동),37.45604996,126.7052557
인천광역시,남동구,주공예능어린이집,인천광역시 남동구 호구포로 294 주공1단지 아파트 관리소내 어린이집,37.40983956,126.7134086
인천광역시,남동구,주공어린이집,인천광역시 남동구 함박뫼로 439 주공아파트2단지 관리동(논현동),37.41187635,126.7111312
인천광역시,남동구,꿈의보람어린이집,인천광역시 남동구 인주대로721번길 50 ,37.45162036,126.7175174
인천광역시,남동구,제비어린이집,인천광역시 남동구 문화로169번길 21 (구월동),37.45462239,126.698962
인천광역시,남동구,아이젠어린이집,인천광역시 남동구 구월로56번길 24 (간석동),37.45613946,126.6962302
인천광역시,남동구,새라어린이집,인천광역시 남동구 문화서로3번길 14-14 (구월동),37.44662923,126.6952933
인천광역시,남동구,새인예어린이집,인천광역시 남동구 구월남로 52-1 (구월동),37.45362707,126.6950685
인천광역시,남동구,석암어린이집,인천광역시 남동구 당좌로 15-1 (구월동),37.45751643,126.7180267
인천광역시,남동구,하람터어린이집,인천광역시 남동구 성리로 53 (구월동),37.44749215,126.708666
인천광역시,남동구,해와달어린이집,인천광역시 남동구 호구포로535번길 67 (남촌동),37.42924394,126.7146479
인천광역시,남동구,온누리어린이집,"인천광역시 남동구 청능대로718번길 7 109동 102호(논현동, 소래마을풍림아파트)",37.40586128,126.7383123
인천광역시,남동구,동화그림어린이집,"인천광역시 남동구 오봉로 33 204동 101호(도림동, 도림주공그린빌2단지아파트)",37.41864107,126.7307037
인천광역시,남동구,파이디온어린이집,인천광역시 남동구 남촌로 68-17 ,37.42818179,126.7160183
인천광역시,남동구,크니크니어린이집,"인천광역시 남동구 오봉로 15 208동 103호(도림동, 주공그린빌2차아파트)",37.41707429,126.7289664
인천광역시,남동구,도림어린이집,"인천광역시 남동구 오봉로 33 (도림동,주공아파트)",37.41864107,126.7307037
인천광역시,남동구,씨튼어린이집,"인천광역시 남동구 서창남로 2 관리동(서창동, 인천서창LH12단지)",37.41979174,126.7529746
인천광역시,남동구,다민어린이집,인천광역시 남동구 만수로94번길 22 (만수동),37.46285035,126.7378846
인천광역시,남동구,해든어린이집,"인천광역시 남동구 만수서로105번길 40-18 , 관리동 (만수동, 만수주공11단지아파트)",37.46206037,126.7397291
인천광역시,남동구,서창어린이집,인천광역시 남동구 걸재천로39번길 19 (서창동),37.43512474,126.7540019
인천광역시,남동구,참아동어린이집,인천광역시 남동구 만수서로37번길 74 ,37.46026065,126.7274404
인천광역시,남동구,리라몬테소리어린이집,인천광역시 남동구 하촌로48번길 18-4 (만수동),37.45225902,126.7337138
인천광역시,남동구,꼬마장수어린이집,"인천광역시 남동구 장수로 27 (장수동 ,장수주공아파트)",37.45176332,126.7485357
인천광역시,남동구,꿀단지어린이집,"인천광역시 남동구 서판로 35 110동 106호(만수동, 햇빛마을벽산아파트)",37.46390072,126.7238313
인천광역시,남동구,송이랑어린이집,인천광역시 남동구 백범로226번길 22-3 ,37.46143541,126.7248096
인천광역시,남동구,꿈이있는어린이집,인천광역시 남동구 인수로32번길 4-8 (만수동),37.45502283,126.7376814
인천광역시,남동구,아이린어린이집,"인천광역시 남동구 포구로 98 (논현동,논현주공 13단지 푸르내마을아파트) 관리동",37.4073601,126.7356668
인천광역시,남동구,재롱둥이어린이집,"인천광역시 남동구 백범로124번길 126 411동 104호(만수동, 주공아파트)",37.45998353,126.7405451
인천광역시,남동구,피노키오어린이집,인천광역시 남동구 성말로53번길 55-4 ,37.44769415,126.7066227
인천광역시,남동구,행복한어린이집,인천광역시 남동구 서판로 57 (만수동),37.46402933,126.7261696
인천광역시,남동구,미소어린이집,"인천광역시 남동구 구월로 65 101동 101호(간석동, 현대홈타운)",37.45753839,126.6981018
인천광역시,남동구,키즈엘어린이집,인천광역시 남동구 백범로281번길 9 (간석동),37.46146718,126.7180653
인천광역시,남동구,아침빛어린이집,인천광역시 남동구 석산로 138 (간석동 금호어울림아파트)109동104호,37.46004025,126.7066985
인천광역시,남동구,참조은어린이집,인천광역시 남동구 구월로137번길 63 ,37.45971341,126.7053799
인천광역시,남동구,한양어린이집,인천광역시 남동구 간석로 56 (간석동),37.46613083,126.7137691
인천광역시,남동구,사과나무어린이집,인천광역시 남동구 석산로207번길 12-9 (간석동),37.46131684,126.7155991
인천광역시,남동구,창의력꿈터어린이집,"인천광역시 남동구 석산로 138 110동 104호(간석2동, 어울림마을)",37.46004025,126.7066985
인천광역시,남동구,성광예능어린이집,인천광역시 남동구 경인로644번길 53 (간석동),37.46644022,126.7110232
인천광역시,남동구,꿈돌이어린이집,"인천광역시 남동구 담방로21번길 3 104동 108호(만수동, 한국아파트)",37.44124309,126.7385263
인천광역시,남동구,아이세움어린이집,인천광역시 남동구 담방로60번길 42-13 (만수동),37.44498215,126.7415335
인천광역시,남동구,금별어린이집,"인천광역시 남동구 장승남로 34 , 관리동(만수동, 만수주공9,10단지아파트)",37.44204621,126.7357912
인천광역시,남동구,큰솔어린이집,"인천광역시 남동구 담방로21번길 23 101동 110호(만수동, 한국아파트)",37.44128184,126.7365006
인천광역시,남동구,성민어린이집,인천광역시 남동구 매소홀로 1030 (만수동),37.43909314,126.7373261
인천광역시,남동구,간석성령의열매어린이집,인천광역시 남동구 간석로 47-2 (간석동),37.46674367,126.7130526
인천광역시,남동구,소나무어린이집,"인천광역시 남동구 백범로124번길 43 213동 108호(만수동, 주공아파트)",37.45826563,126.734725
인천광역시,남동구,밤비니어린이집,"인천광역시 남동구 방축로 501 3동 107호(간석동, 우성)",37.46685281,126.6935059
인천광역시,남동구,신나는예능어린이집,인천광역시 남동구 만수로 121-1 ,37.46560316,126.7386794
인천광역시,남동구,으뜸에듀센터어린이집,인천광역시 남동구 남동대로711번길 26-6 ,37.44628054,126.7055678
인천광역시,남동구,숲속어린이집,"인천광역시 남동구 석산로 138 112동 104호(간석동,금호어울림)",37.46004025,126.7066985
인천광역시,남동구,리틀코넬어린이집,인천광역시 남동구 인주대로612번길 21 (구월동),37.44877993,126.7048744
인천광역시,남동구,이든어린이집,"인천광역시 남동구 구월로 78 5동 103호(간석동, 극동아파트)",37.45633299,126.6982661
인천광역시,남동구,동산마을어린이집,"인천광역시 남동구 소래역로 119 ,1층 관리동 (논현동, 동산마을주공아파트8단지)",37.40498791,126.7280072
인천광역시,남동구,돌고래어린이집,"인천광역시 남동구 청능대로715번길 24 , 관리동 (논현동, 등대마을논현주공14단지)",37.40794464,126.7363349
인천광역시,남동구,하늘땅어린이집,인천광역시 남동구 호구포로765번길 29 (구월동),37.45075315,126.7169227
인천광역시,남동구,명지어린이집,인천광역시 남동구 석정로497번길 52 (간석동),37.46797808,126.6921224
인천광역시,남동구,에벤에셀어린이집,인천광역시 남동구 경인로 664-7 에벤에셀어린이집,37.46903376,126.7082657
인천광역시,남동구,새희망어린이집,"인천광역시 남동구 청능대로718번길 7 , 110동 101호(논현동, 소래마을풍림아파트)",37.40586128,126.7383123
인천광역시,남동구,이레어린이집,"인천광역시 남동구 백범로124번길 43 202동 109호(만수동,주공아파트)",37.45826563,126.734725
인천광역시,남동구,삼환어린이집,"인천광역시 남동구 소래로 677 201동 112호(만수동, 삼환아파트2단지)",37.45043576,126.7338028
인천광역시,남동구,초콜릿어린이집,"인천광역시 남동구 남촌동로 8 203동 104호(남촌동, 풍림2차아파트)",37.43267139,126.7177975
인천광역시,남동구,꿈사랑어린이집,"인천광역시 남동구 논현로 105 , 관리동 (논현동, 논현휴먼시아달맞이마을5단지아파트)",37.40268298,126.7188989
인천광역시,남동구,신동아어린이집,"인천광역시 남동구 염전로 440 103동 103호(간석동, 신동아파밀리에명품아파트)",37.46799754,126.6891608
인천광역시,남동구,행복아이어린이집,"인천광역시 남동구 구월로 192 1116동 104호(구월동, 롯데캐슬골드)",37.45647931,126.7104379
인천광역시,남동구,라온뜰어린이집,"인천광역시 남동구 구월로 192 1505동 101호(구월동, 구월힐스테이트)",37.45647931,126.7104379
인천광역시,남동구,꼬마어린이집,"인천광역시 남동구 구월로 192 1101동 103호(구월동, 구월힐스테이트)",37.45647931,126.7104379
인천광역시,남동구,꽃들어린이집,"인천광역시 남동구 구월로 192 1307동 103호(구월동, 구월힐스테이트)",37.45647931,126.7104379
인천광역시,남동구,프뢰벨어린이집,"인천광역시 남동구 호구포로 803 2410동 104호(구월동, 롯데캐슬골드)",37.45492743,126.7149698
인천광역시,남동구,신나는현대어린이집,"인천광역시 남동구 구월로 192 1202동 102호(구월동, 힐스테이트롯데캐슬골드1단지아파트)",37.45647931,126.7104379
인천광역시,남동구,다인어린이집,"인천광역시 남동구 구월로 192 1309동 101호(구월동, 구월힐스테이트)",37.45647931,126.7104379
인천광역시,남동구,보물단지어린이집,"인천광역시 남동구 호구포로 803 2411동 101호(구월동, 롯데캐슬골드)",37.45492743,126.7149698
인천광역시,남동구,작은별재능어린이집,"인천광역시 남동구 호구포로 803 2402동 103호(구월동, 롯데캐슬골드)",37.45492743,126.7149698
인천광역시,남동구,바른아이어린이집,"인천광역시 남동구 구월로 192 1114동 104호(구월동, 롯데캐슬골드)",37.45647931,126.7104379
인천광역시,남동구,현대숲향기어린이집,인천광역시 남동구 구월로 192 1111동 101호,37.45647931,126.7104379
인천광역시,남동구,힐스키즈어린이집,"인천광역시 남동구 구월로 192 1211동 101호(구월동, 구월힐스테이트)",37.45647931,126.7104379
인천광역시,남동구,해맑은어린이집,인천광역시 남동구 하촌서로47번길 43 ,37.45302348,126.7274487
인천광역시,남동구,해오름키즈어린이집,"인천광역시 남동구 석산로 35 101동 102,103호(간석동, 간석마을풍림아이원아파트)",37.4624436,126.6975827
인천광역시,남동구,냇마을어린이집,"인천광역시 남동구 소래역로 93 906동 102호(논현동, 냇마을신영지웰9단지아파트)",37.4037383,126.7305291
인천광역시,남동구,아이누리어린이집,"인천광역시 남동구 소래역로 94 1103동 102호(논현동, 논현단풍마을트리플에듀)",37.40569436,126.7344487
인천광역시,남동구,해심어린이집,인천광역시 남동구 석촌로20번길 43 (간석동 석우빌라)101호,37.46240416,126.7115796
인천광역시,남동구,신일해피키즈어린이집,"인천광역시 남동구 은봉로 288 705동 102호(논현동, 논현신일해피트리)",37.40400238,126.7228072
인천광역시,남동구,숲속의어린이집,인천광역시 남동구 도림북로19번길 2-1 ,37.42470586,126.7310049
인천광역시,남동구,햇빛마을어린이집,"인천광역시 남동구 호구포로 924 113동 103호(만수동, 햇빛마을벽산아파트)",37.46459029,126.7247287
인천광역시,남동구,다사랑어린이집,"인천광역시 남동구 소래역로 93 904동 101호(논현동, 냇마을신영지웰9단지아파트)",37.4037383,126.7305291
인천광역시,남동구,예다솜어린이집,인천광역시 남동구 구월로372번길 21-11 (만수동),37.45391602,126.732573
인천광역시,남동구,롯데그린어린이집,인천광역시 남동구 호구포로 803 (구월동.롯데캐슬골드아파트),37.45492743,126.7149698
인천광역시,남동구,꼬마랑어린이집,"인천광역시 남동구 남동대로 860 109동 102호(간석동, 간석래미안자이아파트)",37.4600983,126.7089699
인천광역시,남동구,네잎클로버어린이집,인천광역시 남동구 구월로 192 구월힐스테이트1단지아파트 관리동(구월동),37.45647931,126.7104379
인천광역시,남동구,호구포어린이집,"인천광역시 남동구 은봉로166번길 27 , 관리동(논현동, 범마을휴먼시아2단지)",37.40333623,126.7096945
인천광역시,남동구,은행나무어린이집,"인천광역시 남동구 논현로 45 , 관리동(논현동, 논현휴먼시아하늘마을)",37.40344045,126.7145683
인천광역시,남동구,래미안자이뜰어린이집,인천광역시 남동구 남동대로 860-1 간석래미안자이아파트 관리동(간석동),37.45720373,126.7107345
인천광역시,남동구,유진어린이집,"인천광역시 남동구 호구포로 858 5동 105호(구월동, 신세계아파트)",37.45743156,126.7211811
인천광역시,남동구,에코비아이친구어린이집,"인천광역시 남동구 장아산로 158 114동 101호(서창동, 임광그대가아파트)",37.43791629,126.7482804
인천광역시,남동구,파란하늘어린이집,인천광역시 남동구 은봉로165번길 20 숲속마을휴먼시아아파트 관리동,37.40638956,126.7092019
인천광역시,남동구,가인어린이집,"인천광역시 남동구 은봉로165번길 24 101동 101호(논현동, 논현휴먼시아숲속마을)",37.40654659,126.7103708
인천광역시,남동구,아낌없이주는나무어린이집,"인천광역시 남동구 장아산로 157 (서창동, 자이아파트) 서창자이아파트 관리동",37.43797894,126.7498685
인천광역시,남동구,한울타리어린이집,인천광역시 남동구 논고개로 17 한화에코메트로아파트 1119-101,37.39535776,126.730772
인천광역시,남동구,맘스어린이집,"인천광역시 남동구 논고개로 10 1212동 101호(논현동,에코메트로12단지한화꿈에그린아파트)",37.39787733,126.7337011
인천광역시,남동구,그린나래어린이집,"인천광역시 남동구 논고개로 17 1116동 101호(논현동,에코메트로11단지한화꿈에그린아파트)",37.39535776,126.730772
인천광역시,남동구,나무향기어린이집,"인천광역시 남동구 논고개로 10 1211동 103호(논현동, 에코메트로12단지한화꿈에그린아파트)",37.39787733,126.7337011
인천광역시,남동구,꿈나무어린이집,인천광역시 남동구 남촌로100번길 19 (남촌동),37.43043697,126.7147217
인천광역시,남동구,아이뜰어린이집,인천광역시 남동구 남촌동로26번길 8-1 ,37.43249745,126.7159731
인천광역시,남동구,에코꿈나무어린이집,인천광역시 남동구 논고개로 17 한화에코메트로 11단지 관리동,37.39535776,126.730772
인천광역시,남동구,지현어린이집,"인천광역시 남동구 경원대로 950 3동 102호(간석동, 영남아파트)",37.46727244,126.6905783
인천광역시,남동구,숲소리어린이집,"인천광역시 남동구 호구포로 294 113동 101호(논현동, 주공아파트)",37.40983956,126.7134086
인천광역시,남동구,남동보듬이나눔이어린이집,인천광역시 남동구 인주대로681번길 62-11 (구월동),37.45235784,126.713591
인천광역시,남동구,은빛도담어린이집,인천광역시 남동구 용천로205번길 21 (간석동),37.46802468,126.713626
인천광역시,남동구,하늘다솜어린이집,"인천광역시 남동구 남동대로215번길 30 , 1층 (고잔동)",37.40519625,126.6959462
인천광역시,남동구,에코하임어린이집,"인천광역시 남동구 논고개로 10 , 관리동(논현동, 에코메트로12단지한화꿈에그린아파트)",37.39787733,126.7337011
인천광역시,남동구,단풍마을어린이집,"인천광역시 남동구 소래역로 94 관리동(논현동,논현단풍마을트리플에듀)",37.40569436,126.7344487
인천광역시,남동구,푸른숲어린이집,인천광역시 남동구 서판로59번길 3 (만수동),37.46411964,126.7262204
인천광역시,남동구,해마루어린이집,"인천광역시 남동구 앵고개로815번길 22 (논현동, 소래휴먼시아3단지)",37.3981602,126.7247871
인천광역시,남동구,산하어린이집,"인천광역시 남동구 논현로 106 604동 101호(논현동, 어진마을한화꿈에그린6단지아파트)",37.40104731,126.7203597
인천광역시,남동구,아띠어린이집,"인천광역시 남동구 소래역로 119 801동 104호(논현동, 주공뜨란채8단지아파트)",37.40498791,126.7280072
인천광역시,남동구,소래휴먼시아어린이집,"인천광역시 남동구 앵고개로815번길 56 (논현동, 소래휴먼시아1단지)",37.39657874,126.7231303
인천광역시,남동구,나래어린이집,"인천광역시 남동구 아암대로1503번길 21 관리동 (논현동, 에코메트로10단지한화꿈에그린아파트)",37.39123448,126.7280409
인천광역시,남동구,하늘숲어린이집,"인천광역시 남동구 만수서로 55 관리동(만수동, 포레시안)",37.46355897,126.7336011
인천광역시,남동구,에코그린어린이집,"인천광역시 남동구 소래역남로 39 관리동 (논현동,에코메트로5단지한화꿈에그린아파트)",37.39863722,126.7307837
인천광역시,남동구,에코랜드어린이집,인천광역시 남동구 에코중앙로 96 ,37.38731454,126.7222462
인천광역시,남동구,에코키즈어린이집,인천광역시 남동구 에코중앙로 163 한화에코메트로 7단지 관리동,37.39365862,126.7257543
인천광역시,남동구,간석초어린이집,인천광역시 남동구 석산로208번길 37 간석초등학교 내 (구월동),37.4592979,126.715468
인천광역시,남동구,아람어린이집,"인천광역시 남동구 만수서로 55 107동 104호 (만수동, 포레시안아파트)",37.46355897,126.7336011
인천광역시,남동구,아이별어린이집,인천광역시 남동구 만수서로 55 향촌휴먼시아 125동 103호,37.46355897,126.7336011
인천광역시,남동구,예다움숲어린이집,"인천광역시 남동구 논고개로68번길 49 관리동 (논현동, 인천 논현 힐스테이트)",37.40094061,126.7294896
인천광역시,남동구,서창새빛어린이집,"인천광역시 남동구 서창남로 17 , 관리동 (서창동, 서창베라체아파트)",37.41962321,126.7510666
인천광역시,남동구,코끼리맘어린이집,"인천광역시 남동구 담방로21번길 24 101동 103호(만수동,광명아파트)",37.44184115,126.7368045
인천광역시,남동구,향촌꼬마숲어린이집,"인천광역시 남동구 만수서로 36 (만수동,향촌휴먼시아2단지)향촌휴먼시아2단지 관리동",37.46118721,126.7306473
인천광역시,남동구,근혜어린이집,"인천광역시 남동구 구월로 192 1204동 102호(구월동,구월힐스테이트아파트)",37.45647931,126.7104379
인천광역시,남동구,애플어린이집,인천광역시 남동구 서창남순환로 190-15 인천서창LH7단지아파트 관리동(서창동),37.42320966,126.7449604
인천광역시,남동구,에코비천사어린이집,"인천광역시 남동구 서창남순환로 190-15 , 715동 102호(서창동, 서창퍼스트뷰아파트)",37.42320966,126.7449604
인천광역시,남동구,샤론어린이집,"인천광역시 남동구 장승남로33번길 21 102동 101호(만수동,대동아파트)",37.44424702,126.7336596
인천광역시,남동구,고운맘어린이집,"인천광역시 남동구 은봉로165번길 24 104동 104호(논현동, 논현파크포레)",37.40654659,126.7103708
인천광역시,남동구,초록나무어린이집,"인천광역시 남동구 은봉로165번길 24 109동 104호(논현동,숲속마을휴먼시아아파트)",37.40654659,126.7103708
인천광역시,남동구,사랑나무어린이집,"인천광역시 남동구 함박뫼로 439 210동 103호(논현동,논현주공아파트)",37.41187635,126.7111312
인천광역시,남동구,에버그린어린이집,"인천광역시 남동구 호구포로 803 , 2209동 106호(구월동, 롯데캐슬골드)",37.45492743,126.7149698
인천광역시,남동구,다빈치어린이집,"인천광역시 남동구 호구포로 803 2201동 101호(구월동,롯데캐슬골드아파트)",37.45492743,126.7149698
인천광역시,남동구,꼬꼬별어린이집,"인천광역시 남동구 만수서로 55 105동 101호(만수동,향촌휴먼시아1단지아파트)",37.46355897,126.7336011
인천광역시,남동구,아름드리어린이집,"인천광역시 남동구 남동대로 860 , 105동 102호(간석동, 간석래미안자이아파트)",37.4600983,126.7089699
인천광역시,남동구,서창다소니어린이집,"인천광역시 남동구 서창남로 17 (서창동, 서창베라체아파트)",37.41962321,126.7510666
인천광역시,남동구,단비어린이집,인천광역시 남동구 구월말로3번길 70 (구월동),37.44952276,126.7204164
인천광역시,남동구,향기보듬이나눔이어린이집,인천광역시 남동구 논현고잔로 26 (논현동),37.38547517,126.711285
인천광역시,남동구,키즈스토리어린이집,"인천광역시 남동구 포구로 35 관리동(논현동, 유호N시티)",37.4011609,126.7380514
인천광역시,남동구,옹달샘어린이집,"인천광역시 남동구 서창남순환로 201 관리동(서창동, 센트라스아파트))",37.42594927,126.7456616
인천광역시,남동구,에코누리어린이집,"인천광역시 남동구 아암대로1503번길 98 (논현동, 에코메트로6단지관리동)",37.39475711,126.7285522
인천광역시,남동구,간석LH1단지어린이집,인천광역시 남동구 백범로294번길 15 인천간석LH 1블럭내,37.46371012,126.7172606
인천광역시,남동구,간석키즈어린이집,"인천광역시 남동구 백범로294번길 16 관리동(간석동, 인천간석엘에이치2단지)",37.46247635,126.7185722
인천광역시,남동구,푸른바다어린이집,"인천광역시 남동구 논고개로68번길 34 관리동 (논현동, 인천소래LH4단지)",37.39858916,126.7284421
인천광역시,남동구,새솔어린이집,"인천광역시 남동구 서창남순환로 124-14 , 관리동 (서창동, 인천서창LH1단지)",37.4304258,126.7438378
인천광역시,남동구,서창엔젤숲어린이집,"인천광역시 남동구 서창남순환로 190-100 , 관리동 (서창동, 에코에비뉴)",37.4243645,126.7407407
인천광역시,남동구,더타워지혜어린이집,"인천광역시 남동구 소래역남로 40 관리동1층(논현동,에코메트로3차더타워아파트)",37.40018486,126.7322719
인천광역시,남동구,서창그린어린이집,인천광역시 남동구 매소홀로1104번길 17 (서창동),37.43758586,126.7455342
인천광역시,남동구,예슬어린이집,"인천광역시 남동구 선수촌공원로 96 ,1층 관리동(구월동,구월아시아드선수촌2단지아파트)",37.44819394,126.7149074
인천광역시,남동구,서창둥지어린이집,"인천광역시 남동구 서창남순환로 110 ,관리동1층(서창동,인천LH3단지아파트)관리동어린이집",37.43014011,126.746604
인천광역시,남동구,늘해랑어린이집,"인천광역시 남동구 선수촌공원로 85 , 관리동 (구월동, 구월아시아드선수촌1단지)",37.44661598,126.7117403
인천광역시,남동구,구월나래어린이집,"인천광역시 남동구 선수촌로 56 , 관리동 (구월동, 구월아시아드선수촌5단지)",37.4445735,126.7174983
인천광역시,남동구,가온사랑어린이집,"인천광역시 남동구 선수촌로 27 , 관리동 (구월동, 구월아시아드선수촌6단지)",37.44148235,126.7128418
인천광역시,남동구,빛솔어린이집,"인천광역시 남동구 선수촌로 8 , 관리동 (구월동, 구월아시아드선수촌8단지)",37.44109427,126.7169084
인천광역시,남동구,인천경찰청어린이집,"인천광역시 남동구 예술로152번길 9 1층~3층(구월동,인천지방결찰청 직장어린이집)",37.44916031,126.7012765
인천광역시,남동구,가천어린이집,인천광역시 남동구 남동대로 769 1층(구월동),37.45118183,126.7075164
인천광역시,남동구,늘찬사랑어린이집,"인천광역시 남동구 선수촌로 55 , 관리동 (구월동, 구월아시아드선수촌센트럴자이)",37.4433494,126.7124583
인천광역시,남동구,e편한어린이집,"인천광역시 남동구 서창남순환로 9 1001동101호(서창동,이편한세상서창아파트)",37.42514358,126.749928
인천광역시,남동구,만수어린이집,"인천광역시 남동구 담방로 105 , 관리동 (만수동, 만수주공7,8단지아파트)",37.45042788,126.7398942
인천광역시,남동구,서창누리어린이집,"인천광역시 남동구 서창남순환로 200 , 관리동 (서창동, 호반베르디움)",37.42359245,126.7471606
인천광역시,남동구,서창꿈별어린이집,"인천광역시 남동구 서창남순환로 9 , 관리동 (서창동, 이편한세상서창)",37.42514358,126.749928
인천광역시,남동구,IBK남동사랑어린이집,"인천광역시 남동구 남동대로239번길 72-19 ,3층(논현동)",37.40883504,126.6953662
인천광역시,남동구,서창푸른빛어린이집,"인천광역시 남동구 서창남순환로 82 , 관리동 (서창동, 청광플러스원아파트)",37.43130741,126.7477608
인천광역시,남동구,서창푸르른어린이집,"인천광역시 남동구 서창남순환로 55 , 관리동(서창동, 서창센트럴푸르지오)",37.42968558,126.7481369
인천광역시,남동구,논현라온어린이집,"인천광역시 남동구 논현로 81 , 관리동 (논현동, 논현하늘마을LH4단지)",37.40278681,126.7157482
인천광역시,남동구,구월한별어린이집,"인천광역시 남동구 선수촌로 75 , 관리동 (구월동, 구월유승한내들퍼스티지)",37.44639855,126.7163918
인천광역시,남동구,서창햇살그린어린이집,"인천광역시 남동구 운연천로 11 , 관리동(서창동, 인천서창꿈에그린)",37.43095036,126.756275
인천광역시,남동구,해솔어린이집,인천광역시 남동구 운연천로 11 1305동 105호,37.43095036,126.756275
인천광역시,남동구,한내들어린이집,인천광역시 남동구 에코중앙로66번길 6 논현유승한내들 와이드오션아파트 관리동,37.38457707,126.7179867
인천광역시,남동구,논현솔내어린이집,"인천광역시 남동구 포구로 40 , 관리동 (논현동, 논현푸르지오 더퍼스트)",37.40303619,126.7384971
인천광역시,남동구,LH인천어린이집,인천광역시 남동구 논현로46번길 23 ,37.40103595,126.712021
인천광역시,남동구,서창행복나무어린이집,"인천광역시 남동구 운연천로 9 관리동 (서창동, 인천서창엘에이치14단지)",37.42815105,126.758054
인천광역시,남동구,서창설래숲어린이집,"인천광역시 남동구 서창남순환로 140 , 관리동(서창동, 더포레스트)",37.42760734,126.744464
인천광역시,남동구,우리누리어린이집,인천광역시 남동구 인주대로 585 2층,37.4510261,126.7019835
인천광역시,남동구,간석푸르니어린이집,"인천광역시 남동구 석정로461번길 50 , 관리동 (간석동, 간석한신더휴)",37.46837958,126.6880011
인천광역시,남동구,꼬마거북어린이집,"인천광역시 남동구 남동대로799번길 34 , 관리동 (구월동, 신영구월지웰시티푸르지오)",37.45439465,126.7071878
인천광역시,남동구,만수스토리어린이집,"인천광역시 남동구 구월로372번길 90 관리동 (만수동, 하우스토리 만수)",37.45044121,126.7310384
인천광역시,남동구,예꿈나무어린이집,"인천광역시 남동구 염전로 440 , 관리동 1층(간석동, 신동아파밀리에아파트)",37.46799754,126.6891608
인천광역시,남동구,구월예드림어린이집,"인천광역시 남동구 선수촌로 7 관리동(구월동, 구월아시아드선수촌7단지)",37.44051012,126.7129383
인천광역시,남동구,케이원어린이집,인천광역시 남동구 비류대로 622 227호,37.42224107,126.7035892
인천광역시,남동구,다복어린이집,"인천광역시 남동구 용천로105번길 8 관리동(구월동, 한화포레나 인천구월)",37.46000655,126.7141629
인천광역시,남동구,서창키즈트리어린이집,"인천광역시 남동구 서창남로 109 관리동(서창동, 인천서창엘이이치15단지)",37.42954309,126.7468101
인천광역시,남동구,도담힐어린이집,"인천광역시 남동구 구월로37번길 10 관리동(간석동, 인천시청역 힐스테이트)",37.45784435,126.6950063
인천광역시,부평구,예원어린이집,인천광역시 부평구 동수천로 118 주공7단지 관리동(1층) (부개동),37.49587407,126.7395236
인천광역시,부평구,이웃사랑어린이집,인천광역시 부평구 굴포로7번길 27 (3층 건물전체) (갈산동),37.51312972,126.7227021
인천광역시,부평구,샬롬에덴 어린이집,인천광역시 부평구 일신로13번길 14-1 외(1~2층 건물전체) (일신동),37.48334575,126.746093
인천광역시,부평구,꿈꾸는어린이집,"인천광역시 부평구 일신로 120 103동 101호(구산동, 부평자이아파트)",37.47771998,126.7496117
인천광역시,부평구,구세군산곡어린이집,인천광역시 부평구 화랑로 111 (1층/3층중) (산곡동),37.4922118,126.7019949
인천광역시,부평구,중부어린이집,인천광역시 부평구 경원대로1418번길 13 (1~2층/5층중) (부평동),37.49049015,126.7265781
인천광역시,부평구,청천1동어린이집,인천광역시 부평구 산청로 90 ,37.51693492,126.7023763
인천광역시,부평구,목련어린이집,인천광역시 부평구 마장로361번길 12 3층 전체(산곡동),37.51063719,126.7030228
인천광역시,부평구,부개3동어린이집,인천광역시 부평구 충선로 124-3 (4층 건물전체) (부개동),37.5003542,126.7362621
인천광역시,부평구,꼬마성어린이집,인천광역시 부평구 백범로488번길 16-6 (2층 건물전체) (십정동),37.46998409,126.6982373
인천광역시,부평구,아침나라어린이집,인천광역시 부평구 경원대로1256번길 25 (4층건물전체)(부평동),37.48833427,126.7107432
인천광역시,부평구,부평3동어린이집,인천광역시 부평구 신촌로 47-7 (3층 건물전체) (부평동),37.48766998,126.7102352
인천광역시,부평구,파랑새어린이집,"인천광역시 부평구 마장로 49 102동 105호(십정동, 부평대주파크빌)",37.48305668,126.7077244
인천광역시,부평구,아름다운어린이집,인천광역시 부평구 경원대로1347번길 40 (1~3층/6층중) (부평동),37.49288901,126.7201998
인천광역시,부평구,예일몬테소리어린이집,인천광역시 부평구 부평대로165번길 32-12 (3층 건물전체) (부평동),37.50529815,126.7187519
인천광역시,부평구,새롬Art어린이집,인천광역시 부평구 경인로 868-1 (5층 건물전체) (부평동),37.48435715,126.7171476
인천광역시,부평구,철마숲어린이집,인천광역시 부평구 원적로269번길 55-22 (4층 건물전체) (산곡동),37.50677106,126.6922082
인천광역시,부평구,햇살담은어린이집,인천광역시 부평구 마장로367번길 1 (1층/3층중) (산곡동),37.51089863,126.7034018
인천광역시,부평구,예크어린이집,인천광역시 부평구 주부토로104번길 3 (3층 건물전체) (부평동),37.50433172,126.7258731
인천광역시,부평구,다인어린이집,인천광역시 부평구 충선로8번길 19-5 (3층 건물전체) (부평동),37.49124702,126.7321358
인천광역시,부평구,경희어린이집,인천광역시 부평구 충선로73번길 47 (4층 건물전체) (부평동),37.49580376,126.7326939
인천광역시,부평구,진달래어린이집,인천광역시 부평구 부평문화로130번길 49 (2~3층/5층중) (부평동),37.49194042,126.731176
인천광역시,부평구,한화샛별어린이집,인천광역시 부평구 원적로 361 한화1단지아파트 관리동(1층)  (산곡동),37.50472615,126.7067293
인천광역시,부평구,새아기나라어린이집,인천광역시 부평구 원적로432번길 18 (3층 건물전체) (산곡동),37.50260838,126.7137572
인천광역시,부평구,보듬손어린이집,"인천광역시 부평구 안남로 91 206동 101호(산곡동, 현대2차아파트)",37.49317591,126.7080319
인천광역시,부평구,한솔키즈랜드어린이집,인천광역시 부평구 신트리로36번길 5 (3층 건물전체) (부평동),37.50547893,126.7252376
인천광역시,부평구,맑은샘어린이집,인천광역시 부평구 경인로962번길 38 (1층/부평교회3층중) (부평동),37.48574598,126.7260261
인천광역시,부평구,청천푸르지오어린이집,인천광역시 부평구 세월천로 16 청천푸르지오 관리동(1층) (청천동),37.51397049,126.7093035
인천광역시,부평구,동화나라금호어린이집,인천광역시 부평구 안남로 272 금호아파트 관리동(1층) (청천동),37.50656657,126.7107225
인천광역시,부평구,해피누리어린이집,인천광역시 부평구 안남로206번길 37 (3층 건물전체) (산곡동),37.50140023,126.7106913
인천광역시,부평구,경희대어린이집,인천광역시 부평구 마장로459번길 27 (3층 건물전체) (청천동),37.5190758,126.7027415
인천광역시,부평구,세실프리스쿨어린이집,인천광역시 부평구 화랑북로 32-19 (4층 건물전체) (산곡동),37.49534571,126.7069052
인천광역시,부평구,완두콩어린이집,인천광역시 부평구 청중로84번길 12 (1층/4층중) (청천동),37.51682879,126.7063429
인천광역시,부평구,5주공예능어린이집,인천광역시 부평구 영성중로 16 주공미래타운5단지 관리동(1층) (삼산동),37.51725531,126.7446791
인천광역시,부평구,4주공예능어린이집,인천광역시 부평구 영성중로 57 주공미래타운4단지 관리동(1층) (삼산동),37.52051252,126.7431423
인천광역시,부평구,갈월어린이집,"인천광역시 부평구 후정동로25번길 3-23 (5층 전체, 삼산동)",37.51925571,126.7365553
인천광역시,부평구,행복이가득한어린이집,인천광역시 부평구 경인로 863-1 (4층 건물전체) (부평동),37.48477384,126.7164245
인천광역시,부평구,삼보어린이집,인천광역시 부평구 후정동로47번길 4 삼보아파트 관리동(2층) (삼산동),37.52169977,126.737731
인천광역시,부평구,예능서머힐어린이집,인천광역시 부평구 길주남로 175 신명보람아파트 관리동(1층) (부개동),37.50456257,126.7403985
인천광역시,부평구,친구사랑어린이집,"인천광역시 부평구 부평문화로 37 10동 104호(부평동, 동아1차아파트)",37.49276896,126.7190826
인천광역시,부평구,이화어린이집,인천광역시 부평구 충선로 176-10 (2층/4층중) (부개동),37.50474298,126.7370704
인천광역시,부평구,두산행복한어린이집,인천광역시 부평구 수변로 333 삼산타운2단지 관리동(1층) (삼산동),37.51682739,126.7370228
인천광역시,부평구,자연어린이집,인천광역시 부평구 체육관로 111 삼산타운주공4단지 관리동(1층) (삼산동),37.51219785,126.7429963
인천광역시,부평구,미소지움어린이집,인천광역시 부평구 수변로 334 신성미소지움 관리동(1층) (삼산동),37.51510908,126.7398273
인천광역시,부평구,귀여운어린이집,"인천광역시 부평구 안남로222번길 30 201동 110호(산곡동, 경남2차아파트)",37.50130338,126.708679
인천광역시,부평구,삼산그린어린이집,인천광역시 부평구 체육관로 27 삼산타운7단지 관리동(1층) (삼산동),37.50896069,126.7322282
인천광역시,부평구,예사랑어린이집,"인천광역시 부평구 주부토로 193 102동 103호(갈산동, 대동1차아파트)",37.51269121,126.7246287
인천광역시,부평구,팬더어린이집,인천광역시 부평구 마분로4번길 10 (3층 건물전체) (부개동),37.4853954,126.7370918
인천광역시,부평구,부개아트어린이집,인천광역시 부평구 충선로 31 (4층 건물전체) (부평동),37.49291621,126.7333664
인천광역시,부평구,꿈동산어린이집,"인천광역시 부평구 부영로 196 1동 102호(부평동, 대림아파트)",37.50265265,126.7181184
인천광역시,부평구,나무와숲어린이집,인천광역시 부평구 함봉로36번길 15-6 (3층 건물전체) (십정동),37.48252186,126.6949344
인천광역시,부평구,소나무어린이집,인천광역시 부평구 배곶로 79-1 (3층 건물전체) (십정동),37.47507678,126.6953997
인천광역시,부평구,아름솔어린이집,"인천광역시 부평구 경원대로1110번길 20 105동 103호(십정동, 금호어울림아파트)",37.47856629,126.6973972
인천광역시,부평구,초록나라어린이집,"인천광역시 부평구 부평문화로 37 27동 102호(부평동, 동아1차아파트)",37.49276896,126.7190826
인천광역시,부평구,새다인어린이집,인천광역시 부평구 이규보로 79 뜨란채주공아파트 관리동 (십정동),37.47967383,126.7029088
인천광역시,부평구,행복한발도로프어린이집,인천광역시 부평구 배곶로 88 (5층건물전체) (십정동),37.47573549,126.6954989
인천광역시,부평구,한사랑어린이집,"인천광역시 부평구 부영로 196 6동 101호(부평동, 대림아파트)",37.50265265,126.7181184
인천광역시,부평구,새하늘어린이집,"인천광역시 부평구 동수천로 118 701동 101호(부개동, 부개주공7단지아파트)",37.49587407,126.7395236
인천광역시,부평구,예꼬어린이집,"인천광역시 부평구 경원대로 1269 120동 104호(산곡동, 현대1차아파트)",37.49053693,126.7066024
인천광역시,부평구,예꿈어린이집,"인천광역시 부평구 마장로220번길 65 101동 103호(산곡동, 프리상뜨아파트)",37.4983209,126.7065028
인천광역시,부평구,산곡사임당어린이집,"인천광역시 부평구 원적로 361 209동 104호(산곡동, 한화2단지아파트)",37.50472615,126.7067293
인천광역시,부평구,또래영재어린이집,"인천광역시 부평구 안남로 260 505동 103호(산곡동, 현대5차아파트)",37.50526024,126.7121019
인천광역시,부평구,서머힐어린이집,"인천광역시 부평구 안남로 91 212동 101호(산곡동, 현대2차아파트)",37.49317591,126.7080319
인천광역시,부평구,베베어린이집,"인천광역시 부평구 세월천로 16 110동 104호(청천동, 청천푸르지오아파트)",37.51397049,126.7093035
인천광역시,부평구,대우미키어린이집,"인천광역시 부평구 세월천로 16 119동 101호(청천동, 청천푸르지오아파트)",37.51397049,126.7093035
인천광역시,부평구,경남몬테소리어린이집,"인천광역시 부평구 안남로206번길 18 404동 101호(산곡동, 경남4차아파트)",37.50090925,126.7099114
인천광역시,부평구,꿈나무어린이집,"인천광역시 부평구 갈월서로 46 6동 101호(갈산동, 태화아파트)",37.51060604,126.7240974
인천광역시,부평구,우리랑어린이집,"인천광역시 부평구 주부토로 193 104동 101호(갈산동, 대동1차아파트)",37.51269121,126.7246287
인천광역시,부평구,신나는현대어린이집,"인천광역시 부평구 경원대로 1269 112동 101호(산곡동, 현대1차아파트)",37.49053693,126.7066024
인천광역시,부평구,은하수어린이집,"인천광역시 부평구 부평대로278번길 42 106동 101호(갈산동, 한국아파트)",37.5142879,126.7242571
인천광역시,부평구,쥬쥬어린이집,"인천광역시 부평구 길주로494번길 12 4동 106호(청천동, 쌍용아파트)",37.50683943,126.7163505
인천광역시,부평구,미소랑어린이집,"인천광역시 부평구 부평대로278번길 42 101동 102호(갈산동, 한국아파트)",37.5142879,126.7242571
인천광역시,부평구,아이천국어린이집,"인천광역시 부평구 수변로 333 214동 103호(삼산동, 삼산타운2단지)",37.51682739,126.7370228
인천광역시,부평구,아이꿈터어린이집,"인천광역시 부평구 후정동로 12 102동 103호(삼산동, 인천삼산벽산블루밍아파트)",37.51928417,126.7384137
인천광역시,부평구,미리내어린이집,"인천광역시 부평구 일신로14번길 23 109동 102호(일신동, 풍림아파트)",37.48217716,126.7440146
인천광역시,부평구,둥지어린이집,"인천광역시 부평구 체육관로 27 701동 102호(삼산동, 삼산타운7단지)",37.50896069,126.7322282
인천광역시,부평구,부평무지개어린이집,인천광역시 부평구 동수로 37 (3층/5층중) (부평동),37.48532776,126.7227927
인천광역시,부평구,신보람어린이집,"인천광역시 부평구 길주남로 175 204동 103호(부개동, 신명보람)",37.50456257,126.7403985
인천광역시,부평구,인천부마초등학교어린이집,인천광역시 부평구 안남로253번길 41 부마초교내(1층) (산곡동),37.50634715,126.7058972
인천광역시,부평구,해솔어린이집,"인천광역시 부평구 아트센터로 118 관리동 1층(십정동, 신동아아파트)",37.47754708,126.7043402
인천광역시,부평구,꿈꾸는나무어린이집,"인천광역시 부평구 일신로14번길 23 102동 103호(일신동, 풍림아파트)",37.48217716,126.7440146
인천광역시,부평구,리틀월드어린이집,"인천광역시 부평구 길주남로 143 101동 102호(부개동, 부개주공1단지아파트)",37.50527072,126.7380133
인천광역시,부평구,부평구청어린이집,인천광역시 부평구 부평대로 168 부평구청내(1층) (부평동),37.50706831,126.7218563
인천광역시,부평구,아이소리어린이집,"인천광역시 부평구 길주남로 144 306동 103호(부개동, 부개주공3단지아파트)",37.50213874,126.7387831
인천광역시,부평구,참사랑어린이집,"인천광역시 부평구 부개로 12 601동 102호(부개동, 부개주공6단지아파트)",37.50012576,126.7402329
인천광역시,부평구,그리심어린이집,인천광역시 부평구 경인로971번길 18-1 (3층 건물전체) (부평동),37.48836333,126.7279844
인천광역시,부평구,나래어린이집,인천광역시 부평구 배곶로 38 (1~4층/5층중) (십정동),37.47155715,126.6974557
인천광역시,부평구,목련사랑어린이집,인천광역시 부평구 굴포로 105 삼산타운주공1단지 관리동(1층) (삼산동),37.51206313,126.7337506
인천광역시,부평구,해바라기어린이집,"인천광역시 부평구 부흥로243번길 39 4동 102호(부평동, 욱일아파트)",37.50037018,126.718248
인천광역시,부평구,주안어린이집,"인천광역시 부평구 부영로 165 109동 107호(산곡동, 우성아파트)",37.50027883,126.7130488
인천광역시,부평구,소은어린이집,"인천광역시 부평구 부흥로 246 17동 103호(부평동, 동아2단지아파트)",37.49684049,126.7185863
인천광역시,부평구,색동원어린이집,인천광역시 부평구 부영로14번길 16 (3층 건물전체) (부평동),37.48642337,126.7184449
인천광역시,부평구,팰리스어린이집,인천광역시 부평구 마장로168번길 17 (1층/4층중) (산곡동),37.49367609,126.7052173
인천광역시,부평구,천사어린이집,"인천광역시 부평구 부영로 165 106동 110호(산곡동, 우성아파트)",37.50027883,126.7130488
인천광역시,부평구,아해뜰어린이집,인천광역시 부평구 경인로911번길 51 (3층 건물전체) (부평동),37.48750324,126.7189029
인천광역시,부평구,사과나무어린이집,인천광역시 부평구 부영로14번길 4 (4층 건물전체) (부평동),37.48640453,126.7177236
인천광역시,부평구,부평엘어린이집,인천광역시 부평구 남부역로 17-1 (1층) (부평동),37.48856709,126.7213905
인천광역시,부평구,새한신어린이집,인천광역시 부평구 마장로220번길 13 한신휴아파트 관리동(1층) (산곡동),37.49952022,126.703647
인천광역시,부평구,유경원어린이집,인천광역시 부평구 부평문화로 145 (4층 건물전체) (부평동),37.49415077,126.732568
인천광역시,부평구,청천예어린이집,인천광역시 부평구 마장로 330 (2층 건물전체) (산곡동),37.50728392,126.7038791
인천광역시,부평구,큰별아이어린이집,인천광역시 부평구 안남로253번길 44 (4층 건물전체) (산곡동),37.50615512,126.7067557
인천광역시,부평구,해돋이어린이집,인천광역시 부평구 배곶남로6번길 26-9 해돋이 어린이집 (십정동),37.47163896,126.6961927
인천광역시,부평구,꾸러기어린이집,"인천광역시 부평구 부영로 196 3동 109호(부평동, 대림아파트)",37.50265265,126.7181184
인천광역시,부평구,대동아이숲어린이집,"인천광역시 부평구 부일로113번길 11 102동 104호(부개동, 대동아파트)",37.48930282,126.7404023
인천광역시,부평구,초록사랑어린이집,"인천광역시 부평구 영성중로 16 503동 103호(삼산동, 주공미래타운5단지)",37.51725531,126.7446791
인천광역시,부평구,부평사임당어린이집,인천광역시 부평구 부흥로360번길 10 (1층/3층중) (부평동),37.49760173,126.7315877
인천광역시,부평구,또래또어린이집,인천광역시 부평구 부흥북로 119 (5층 건물전체) (부개동),37.50088067,126.7355867
인천광역시,부평구,부개아이어린이집,인천광역시 부평구 부개로 11 주공5단지 관리동(1층) (부개동),37.49939537,126.7375654
인천광역시,부평구,애플어린이집,인천광역시 부평구 마장로426번길 12-7 (2층 건물전체) (청천동),37.51582623,126.7049969
인천광역시,부평구,부평키즈맘어린이집,"인천광역시 부평구 상정로 11 101동 111호(십정동, 십정동동보아파트)",37.48119167,126.7014484
인천광역시,부평구,키움어린이집,인천광역시 부평구 부일로 42 (부개동),37.48911675,126.7343987
인천광역시,부평구,한솔어린이집,인천광역시 부평구 마장로378번길 32 (3층 건물전체) (청천동),37.51198681,126.7053654
인천광역시,부평구,산곡아이사랑어린이집,"인천광역시 부평구 안남로222번길 27 106동 101호(산곡동, 경남1차아파트)",37.50344128,126.711765
인천광역시,부평구,좋은아이들어린이집,인천광역시 부평구 부개로 58 푸른마을삼부아파트 관리동(1층) (부개동),37.50079544,126.740216
인천광역시,부평구,사랑채움어린이집,인천광역시 부평구 부개로 12 주공6단지 관리동(1층) (부개동),37.50012576,126.7402329
인천광역시,부평구,열린마음어린이집,인천광역시 부평구 열우물로101번길 7-3 (3층 건물전체) (십정동),37.47549669,126.6963586
인천광역시,부평구,청천행복한어린이집,인천광역시 부평구 청중로51번길 11 (3층 건물전체) (청천동),37.51818214,126.7025785
인천광역시,부평구,아이숲어린이집,"인천광역시 부평구 동수로120번길 11 101동 102호(부개동, 한국아파트)",37.4837847,126.730742
인천광역시,부평구,민들레어린이집,"인천광역시 부평구 부일로113번길 11 5동 110호(부개동, 대동아파트)",37.48930282,126.7404023
인천광역시,부평구,부평자이어린이집,인천광역시 부평구 일신로 120 부평자이아파트 관리동(1층) (일신동),37.47771998,126.7496117
인천광역시,부평구,인천진산초등학교어린이집,"인천광역시 부평구 굴포로 194-10 (삼산동, 진산초등학교 2층)",37.51297308,126.7415129
인천광역시,부평구,우람어린이집,인천광역시 부평구 부흥로385번길 9 (4층 건물전체) (부개동),37.49833097,126.7346415
인천광역시,부평구,하늘어린이집,인천광역시 부평구 장제로222번길 25-3 (부개동),37.5054324,126.7325635
인천광역시,부평구,동암아이사랑어린이집,인천광역시 부평구 동암산로 67 (4층 건물전체) (십정동),37.47509958,126.7043731
인천광역시,부평구,신나는어린이집,"인천광역시 부평구 안남로 272 103동 102호(청천동, 금호아파트)",37.50656657,126.7107225
인천광역시,부평구,두산해피어린이집,"인천광역시 부평구 갈월동로 45 103동 106호(갈산동, 두산아파트)",37.5111211,126.7288271
인천광역시,부평구,아기사랑어린이집,"인천광역시 부평구 길주남로10번길 21 113동 102호(부평동, 래미안 부평)",37.50277778,126.7234855
인천광역시,부평구,예쁜우주어린이집,인천광역시 부평구 길주로494번길 26 (1층/4층중) (청천동),37.50639129,126.7167716
인천광역시,부평구,푸른별어린이집,"인천광역시 부평구 마장로272번길 76 306동 103호(산곡동, 경남3차아파트)",37.50212607,126.7082326
인천광역시,부평구,소중한어린이집,"인천광역시 부평구  세월천로 16 103동 104호(청천동, 청천푸르지오아파트)",37.51397049,126.7093035
인천광역시,부평구,부개사랑어린이집,"인천광역시 부평구 길주남로 144 305동 101호(부개동, 부개주공3단지아파트)",37.50213874,126.7387831
인천광역시,부평구,두레어린이집,"인천광역시 부평구 주부토로66번길 14 101호(부평동, 신성프리뷰)",37.50059884,126.7261339
인천광역시,부평구,에벤에셀어린이집,"인천광역시 부평구 세월천로 16 102동 103호(청천동, 청천푸르지오아파트)",37.51397049,126.7093035
인천광역시,부평구,한화단단이어린이집,"인천광역시 부평구 원적로 361 217동 102호(산곡동, 한화2단지아파트)",37.50472615,126.7067293
인천광역시,부평구,엠코어린이집,인천광역시 부평구 후정로 7 엠코아파트 관리동(1층) (삼산동),37.52060319,126.7338347
인천광역시,부평구,산호어린이집,"인천광역시 부평구 후정로 7 106동 102호(삼산동, 엠코타운아파트)",37.52060319,126.7338347
인천광역시,부평구,해뜰어린이집,"인천광역시 부평구 부평북로 432 206동 101호(삼산동, 주공미래타운2단지)",37.52091372,126.7419355
인천광역시,부평구,아이랑어린이집,"인천광역시 부평구 안남로 272 302동 102호(청천동, 금호아파트)",37.50656657,126.7107225
인천광역시,부평구,소담어린이집,인천광역시 부평구 마장로384번길 30-19 (2층 건물전체) (청천동),37.51196044,126.7059906
인천광역시,부평구,사랑어린이집,인천광역시 부평구 신트리로46번길 5 (3층 건물전체) (부평동),37.50531872,126.7262395
인천광역시,부평구,은성art어린이집,인천광역시 부평구 부흥로111번길 62-9 (4층 건물전체) (산곡동),37.50074039,126.7048488
인천광역시,부평구,A&E지혜어린이집,인천광역시 부평구 충선로 101 (4층 건물전체) (부개동),37.49838251,126.7356878
인천광역시,부평구,예삐어린이집,"인천광역시 부평구 갈월서로 27 1동 101호 (갈산동, 동남아파트)",37.51011741,126.7228954
인천광역시,부평구,호산나어린이집,"인천광역시 부평구 원적로 344 112동 103호(산곡동, 금호이수마운트밸리)",37.50399229,126.703948
인천광역시,부평구,금호이수어린이집,인천광역시 부평구 원적로 344 금호이수마운트밸리 관리동(1층)(산곡동),37.50399229,126.703948
인천광역시,부평구,채송화어린이집,"인천광역시 부평구 영성서로 10 104동 101호(삼산동, 삼산임광그대가아파트)",37.5187904,126.742874
인천광역시,부평구,십정1동어린이집,인천광역시 부평구 열우물로 103 (1층/십정1동주민센터 7층건물) (십정동),37.47580459,126.6961223
인천광역시,부평구,일신동어린이집,인천광역시 부평구 항동로75번길 36 일신초교내(1층) (일신동),37.48385816,126.7423924
인천광역시,부평구,한울어린이집,"인천광역시 부평구 안남로 260 502동 102호(산곡동, 현대5차아파트)",37.50526024,126.7121019
인천광역시,부평구,하늘땅별땅어린이집,"인천광역시 부평구 경인로 858 105동 101호(부평동, 신성미소지움아파트)",37.48372785,126.7155542
인천광역시,부평구,사랑이샘솟는어린이집,"인천광역시 부평구 안남로 272 108동 101호(청천동, 금호아파트)",37.50656657,126.7107225
인천광역시,부평구,리라어린이집,인천광역시 부평구 마분로 10 (4층 건물전체) (부개동),37.48514664,126.737782
인천광역시,부평구,산곡2동어린이집,인천광역시 부평구 마장로324번길 37 (1~2층/4층중) (산곡동),37.50682495,126.7055731
인천광역시,부평구,좋은나무어린이집,인천광역시 부평구 부일로 69 부개역푸르지오 관리동(1층) (부개동),37.48933413,126.7386287
인천광역시,부평구,삼산1동어린이집,인천광역시 부평구 영성동로18번길 19 휴먼시아1단지내(1층 단독) (삼산동),37.51992648,126.7480631
인천광역시,부평구,부개1동어린이집,인천광역시 부평구 동수로 166 (1~2층/4층중) (부개동),37.4855198,126.7370351
인천광역시,부평구,만나어린이집,"인천광역시 부평구 굴포로 105 117동 103호(삼산동, 삼산타운주공1단지)",37.51206313,126.7337506
인천광역시,부평구,갈산초등학교어린이집,인천광역시 부평구 갈월동로 55 (1층) (갈산동),37.5125544,126.7283474
인천광역시,부평구,큰나무어린이집,"인천광역시 부평구 안남로 272 101동 101호 (청천동, 금호아파트)",37.50656657,126.7107225
인천광역시,부평구,하늘정원어린이집,인천광역시 부평구 동수로120번길 43 부평 센트럴포레스트 203동 관리동(1층) (부평동),37.48390613,126.7296675
인천광역시,부평구,SK키즈빌어린이집,"인천광역시 부평구 동수천로 71 116동 102호(부평동, 부평SKVIEW해모로아파트)",37.49202234,126.7336911
인천광역시,부평구,사랑이가득한어린이집,"인천광역시 부평구 부평북로 432 관리동(삼산동, 삼산주공미래타운2단지)",37.52091372,126.7419355
인천광역시,부평구,사랑해어린이집,"인천광역시 부평구 굴포로 105 120동 103호 (삼산동, 삼산타운주공1단지)",37.51206313,126.7337506
인천광역시,부평구,하늘빛어린이집,"인천광역시 부평구 안남로 272 102동 104호 (청천동, 금호아파트)",37.50656657,126.7107225
인천광역시,부평구,IBK 참! 좋은 어린이집,인천광역시 부평구 부흥로 353 3층(부평동),37.49831532,126.7314268
인천광역시,부평구,통통따따어린이집,"인천광역시 부평구 부일로 69 110동 201호(부개동, 부개역푸르지오)",37.48933413,126.7386287
인천광역시,부평구,아이조아어린이집,"인천광역시 부평구 안남로 272 306동 101호(청천동, 금호아파트)",37.50656657,126.7107225
인천광역시,부평구,인천성모병원어린이집,"인천광역시 부평구 동수로 56 (부평동, 가톨릭대학교성모병원내 1층)",37.48413218,126.7252071
인천광역시,부평구,청천2동어린이집,인천광역시 부평구 원길로34번길 8 (청천동),37.50664118,126.7152132
인천광역시,부평구,해맑은어린이집,인천광역시 부평구 안남로 315 (2층 건물전체)(청천동),37.5116451,126.7086862
인천광역시,부평구,산곡3동어린이집,인천광역시 부평구 경원대로 1269-3 (2층 건물전체)(산곡동),37.49095261,126.7096128
인천광역시,부평구,한국지엠어린이집,인천광역시 부평구 세월천로25번길 7 (4층 건물전체)(청천동),37.51242285,126.7067953
인천광역시,부평구,래미안부평어린이집,인천광역시 부평구 길주남로10번길 21 ,37.50277778,126.7234855
인천광역시,부평구,드림키즈어린이집,"인천광역시 부평구 원적로 361 (산곡동, 한화아파트 관리동)",37.50472615,126.7067293
인천광역시,부평구,로이어린이집,"인천광역시 부평구 길주남로10번길 21 116동 101호(부평동, 래미안부평)",37.50277778,126.7234855
인천광역시,부평구,부평풀내음어린이집,인천광역시 부평구 평천로 447 ,37.51796068,126.7404915
인천광역시,부평구,부평맑은내어린이집,인천광역시 부평구 마장로468번길 12-6 ,37.51975194,126.7052701
인천광역시,부평구,제일어린이집,인천광역시 부평구 장제로205번길 52 (4층 건물전체) (부평동),37.50419045,126.7279407
인천광역시,부평구,갈산주공어린이집,"인천광역시 부평구 주부토로 206 (갈산주공2단지,관리동)",37.51297628,126.7284039
인천광역시,부평구,부평6동어린이집,인천광역시 부평구 육동로 13-3 (3층건물전체)(부평동),37.48645905,126.724483
인천광역시,부평구,협동조합 예슬어린이집,"인천광역시 부평구 갈월동로29번길 40-3 1층,(갈산동)",37.51000383,126.7275631
인천광역시,부평구,부평4동어린이집,인천광역시 부평구 부흥북로57번길 20 (부평동),37.50216072,126.7287875
인천광역시,부평구,해아뜰어린이집,"인천광역시 부평구 안남로 315 101동 101호(청천동,하우스디아파트)",37.5116451,126.7086862
인천광역시,부평구,십정2동어린이집,인천광역시 부평구 아트센터로44번길 15-12 동암마을센터 1층,37.47255507,126.703915
인천광역시,부평구,부개1동 꿈터어린이집,인천광역시 부평구 수변로9번길 10 101호,37.48783196,126.7388228
인천광역시,부평구,화성파크드림어린이집,인천광역시 부평구 동수로 80 부평역화성파크드림 103동 1층,37.485222,126.7271727
인천광역시,부평구,부평 코오롱하늘채어린이집,인천광역시 부평구 동수천로 117 부평 코오롱하늘채 105동 1층,37.49727163,126.7361577
인천광역시,부평구,부개2동 하나어린이집,인천광역시 부평구 동수천로 95 ,37.49403321,126.7363449
인천광역시,부평구,서희스타힐스어린이집,"인천광역시 부평구 상정로 41 관리동(십정동,서희스타힐스부평센트럴)",37.47909458,126.7003089
인천광역시,부평구,부개역코오롱하늘채어린이집,인천광역시 부평구 부평문화로 216 (부개동),37.49303184,126.7402973
인천광역시,부평구,열우물어린이집,인천광역시 부평구 상정로 35 ,37.47949138,126.7004492
인천광역시,부평구,쌍용더플래티넘어린이집,"인천광역시 부평구 원적로287번길 25 (산곡동,쌍용더플래티넘부평)",37.50603617,126.6975994
인천광역시,부평구,엘리더스어린이집,"인천광역시 부평구 안남로 269 관리동 1층 (산곡동,산곡푸르지오)",37.50780418,126.7067386
인천광역시,부평구,인천삼산경찰서어린이집,인천광역시 부평구 굴포로 104 ,37.51101248,126.7322407
인천광역시,부평구,더샵해솔어린이집,인천광역시 부평구 열우물로 90 더샵부평센트럴시티,37.47736242,126.7009931
인천광역시,부평구,더샵도담어린이집,인천광역시 부평구 열우물로 90 더샵부평센트럴시티,37.47736242,126.7009931
인천광역시,부평구,삼산1동 3주공예능어린이집,인천광역시 부평구 부평북로 463 주공미래타운3단지 관리동(1층)(삼산동),37.52252626,126.7453508
인천광역시,부평구,신일해피트리더루츠어린이집,"인천광역시 부평구 산곡로 31 관리동(산곡동, 신일해피트리)",37.50723407,126.6991238
인천광역시,부평구,브라운스톤어린이집,인천광역시 부평구 후정로 8 ,37.51999106,126.7330408
인천광역시,부평구,SK뷰해모로어린이집,인천광역시 부평구 동수천로 71 SK뷰해모로 관리동,37.49202234,126.7336911
인천광역시,부평구,두산위브더파크어린이집,인천광역시 부평구 마곡로 14 두산위브더파크아파트 관리동,37.5131806,126.6991291
인천광역시,부평구,삼산2동서해어린이집,인천광역시 부평구 굴포로 158 관리동,37.51151339,126.7386174
인천광역시,부평구,모아숲어린이집,인천광역시 부평구 부평북로 431 삼산주공미래타운1단지 관리동,37.52233732,126.7422322
인천광역시,부평구,꿈나무새싹어린이집,인천광역시 부평구 동수북로 188 부평역 한라비발디 트레비앙 아파트 관리동,37.48846503,126.7274265
인천광역시,부평구,해사랑어린이집,인천광역시 부평구 경인로1024번길 21 관리동(1층),37.48606544,126.7339366
인천광역시,부평구,부개3동푸른 어린이집,"인천광역시 부평구 부개로 58 101동 101호(부개동, 삼부아파트)",37.50079544,126.740216
인천광역시,부평구,힐스테이트 어린이집,"인천광역시 부평구 경원대로 1192 관리동(십정동, 힐스테이트부평)",37.48382688,126.7049407
인천광역시,부평구,우미린어린이집,"인천광역시 부평구 부흥북로 89 관리동(부평동, 인천부평우미린)",37.50169461,126.7320138
인천광역시,부평구,꿈자람어린이집,인천광역시 부평구 평천로74번길 20 ,37.52021656,126.7
인천광역시,부평구,아띠어린이집,인천광역시 부평구 경원대로 1192 102동 102호,37.48382688,126.7049407
인천광역시,부평구,또아어린이집,인천광역시 부평구 경원대로 1192 101동 102호,37.48382688,126.7049407
인천광역시,부평구,예랑어린이집,"인천광역시 부평구 체육관로 57 (삼산타운6단지, 관리동)",37.50869161,126.7376689
인천광역시,부평구,그랑힐스어린이집,인천광역시 부평구 산청로 97 그랑힐스 관리동,37.51900734,126.7009636
인천광역시,부평구,캐슬앤더샵퍼스트어린이집,인천광역시 부평구 산청로 60 캐슬앤더샵퍼스트 관리동,37.51677146,126.7034111
인천광역시,부평구,하이츠숲어린이집,인천광역시 부평구 안남로15번길 24 (관리동),37.48578602,126.7149202
인천광역시,부평구,산곡1동하나 어린이집,인천광역시 부평구 세월천로 83 ,37.51370372,126.7000488
인천광역시,부평구,푸르미어린이집,인천광역시 부평구 후정로 33 관리동(부평삼산 신원아침도시),37.52037475,126.736473
인천광역시,부평구,그랑i편한어린이집,인천광역시 부평구 산청로 97 209동 101호,37.51900734,126.7009636
인천광역시,부평구,숲속어린이집,인천광역시 부평구 동수로52번길 15-77 ,37.48257793,126.7215452
인천광역시,부평구,센트럴파크 어린이집,인천광역시 부평구 부영로 35 ,37.4882701,126.7171351
인천광역시,부평구,해링턴플레이스 어린이집,인천광역시 부평구 동수로 36 ,37.48472511,126.7230367
인천광역시,부평구,예쁜꿈사랑어린이집,"인천광역시 부평구 산청로 60 109동 103호(산곡동, 부평캐슬앤더샵퍼스트)",37.51677146,126.7034111
인천광역시,부평구,하나린어린이집,"인천광역시 부평구 부영로 34 106동 104호(부평동, e편한세상부평역센트럴파크)",37.48837963,126.7181787
인천광역시,부평구,해링턴키즈어린이집,인천광역시 부평구 동수로 36 109동 201호,37.48472511,126.7230367
인천광역시,계양구,구립작전어린이집,인천광역시 계양구 주부토로388번길 10-12 작전어린이집 (작전동),37.52957812,126.7296629
인천광역시,계양구,하나둘셋어린이집,"인천광역시 계양구 길마로 85 1층 (효성동,단비교회내)",37.53407143,126.7152617
인천광역시,계양구,마리보나어린이집,인천광역시 계양구 안남로490번길 7-2 ,37.52701821,126.7119067
인천광역시,계양구,기쁜소리어린이집,"인천광역시 계양구 아나지로299번길 17 2동 107호(작전동,미도아파트)",37.52737592,126.7239486
인천광역시,계양구,아리솔어린이집,인천광역시 계양구 효서로112번길 3 ,37.52759938,126.7083193
인천광역시,계양구,계양구청어린이집,인천광역시 계양구 계산새로 88 계양구청내(계산동),37.53744056,126.7377601
인천광역시,계양구,구립계양어린이집,인천광역시 계양구 용종로 106 (용종동),37.54325113,126.7424428
인천광역시,계양구,구립병방어린이집,인천광역시 계양구 장제로928번길 19 (병방동),37.54812826,126.7437864
인천광역시,계양구,열매몬테소리어린이집,인천광역시 계양구 임학서로20번길 3 (임학동),37.5448723,126.7331554
인천광역시,계양구,해밀어린이집,"인천광역시 계양구 도두리로 62 관리사무소 1층, (작전동, 도두리마믈동남롯데아파트)",37.53271781,126.7407023
인천광역시,계양구,전원어린이집,인천광역시 계양구 봉오대로735번길 1-12 ,37.53139729,126.7311089
인천광역시,계양구,영광어린이집,인천광역시 계양구 안남로 600 (효성동),37.53643925,126.7116585
인천광역시,계양구,아기둥지어린이집,인천광역시 계양구 안남로572번길 3 아기둥지어린이집 (효성동),37.53420135,126.7105144
인천광역시,계양구,해맑은어린이집,인천광역시 계양구 향교로18번길 6-1 ,37.5390896,126.7211773
인천광역시,계양구,해린어린이집,인천광역시 계양구 주부토로426번길 8 (작전동),37.53180472,126.7287021
인천광역시,계양구,꽃들에나라어린이집,인천광역시 계양구 경명대로1017번길 30 (계산동),37.54648175,126.7202321
인천광역시,계양구,주영어린이집,인천광역시 계양구 봉오대로477번길 20 태산아파트 단지내 관리동,37.53045414,126.7002051
인천광역시,계양구,리틀마리보나어린이집,인천광역시 계양구 안남로490번길 6 (효성동),37.52666159,126.7115719
인천광역시,계양구,피터팬어린이집,인천광역시 계양구 계산새로 109 동아아파트 단지내 관리동,37.53814834,126.7407993
인천광역시,계양구,포그니어린이집,"인천광역시 계양구 장제로663번길 13 102동 103호(작전1동, 동보2차아파트)",37.52605115,126.7313164
인천광역시,계양구,예인어린이집,인천광역시 계양구 계수로26번길 6-1 ,37.54555917,126.727843
인천광역시,계양구,조이어린이집,"인천광역시 계양구 오조산로62번길 10 관리동2층(계산동, 은행마을 태산아파트)",37.535537,126.7397462
인천광역시,계양구,무지개동산어린이집,인천광역시 계양구 순강길 33 (동양동),37.56094135,126.7548774
인천광역시,계양구,태화한진어린이집,"인천광역시 계양구 효서로 393 작전동,까치마을태화한진아파트 관리동 2층",37.52848443,126.7414289
인천광역시,계양구,솔찬어린이집,인천광역시 계양구 황어로115번길 12 ,37.5799224,126.7324313
인천광역시,계양구,동보영재어린이집,인천광역시 계양구 도두리로 52 도두리마을동보아파트 관리동,37.53145423,126.738975
인천광역시,계양구,서원어린이집,인천광역시 계양구 용종로 123 관리동1층 서원어린이집,37.54593757,126.741466
인천광역시,계양구,현대아트키즈어린이집,"인천광역시 계양구 새벌로112번길 12 (효성동,현대4차아파트 단지내)",37.52636086,126.7173225
인천광역시,계양구,루아어린이집,인천광역시 계양구 주부토로472번길 30 (작전동),37.5349546,126.730668
인천광역시,계양구,예쁜뜰어린이집,인천광역시 계양구 봉오대로655번길 10 (작전동),37.53152369,126.7218441
인천광역시,계양구,청개구리어린이집,인천광역시 계양구 장제로995번길 40 (박촌동),37.55513944,126.7413428
인천광역시,계양구,늘푸른어린이집,인천광역시 계양구 안남로573번길 30-3 (효성동),37.53419185,126.7091772
인천광역시,계양구,학마을서해어린이집,인천광역시 계양구 장제로 878 학마을서해아파트 관리동 1층,37.54479345,126.739483
인천광역시,계양구,영남어린이집,인천광역시 계양구 장제로 878 학마을 영남아파트 관리동,37.54479345,126.739483
인천광역시,계양구,새하늘어린이집,인천광역시 계양구 효서로282번길 8 (작전동),37.52746165,126.7269883
인천광역시,계양구,동화속어린이집,인천광역시 계양구 봉오대로601번길 9 (효성동),37.53144453,126.7157699
인천광역시,계양구,꿈에그린어린이집,"인천광역시 계양구 동양로 10 관리동 1층(박촌동, 한화꿈에그린아파트)",37.55532062,126.7467411
인천광역시,계양구,연세어린이집,"인천광역시 계양구 계산로 171 104동 103호(계산동, 현대아파트)",37.53766871,126.73334
인천광역시,계양구,한솔어린이집,"인천광역시 계양구 주부토로 538 102동 115호(계산동, 한국아파트)",37.54199067,126.728973
인천광역시,계양구,파란나라어린이집,"인천광역시 계양구 효서로 10 101동 103호 (효성동, 삼성홈타운)",37.52556739,126.6973418
인천광역시,계양구,꿈동산어린이집,"인천광역시 계양구 용종로 26 410동 103호(계산동, 은행마을아주아파트)",37.53682968,126.7432514
인천광역시,계양구,조은어린이집,"인천광역시 계양구 용종로 97 206동 101호(용종동, 용종마을신대진아파트)",37.54282384,126.7409853
인천광역시,계양구,해피아이어린이집,"인천광역시 계양구 경명대로1142번길 3 107동 103호(계산동, 주공아파트)",37.5412438,126.7340726
인천광역시,계양구,동화기차어린이집,"인천광역시 계양구 효서로 393 602동 101호(작전동, 까치마을태화아파트)",37.52848443,126.7414289
인천광역시,계양구,현대행복한어린이집,"인천광역시 계양구 봉오대로743번길 8 104동 104호(작전동, 현대아파트)",37.53162212,126.7335462
인천광역시,계양구,딩동댕어린이집,"인천광역시 계양구 효서로 381 202동 101호(작전동, 현대아파트)",37.52800661,126.737781
인천광역시,계양구,양지어린이집,"인천광역시 계양구 용종로 124 141동 106호(병방동, 학마을한진)",37.54519393,126.7432618
인천광역시,계양구,느티나무어린이집,"인천광역시 계양구 효서로 282 2동 104호(작전동, 한신아파트)",37.52784113,126.7275261
인천광역시,계양구,예일어린이집,인천광역시 계양구 박촌로 58 (박촌동),37.55644268,126.7431336
인천광역시,계양구,진주어린이집,"인천광역시 계양구 경명대로1142번길 3 103동 111호(계산동, 주공아파트)",37.5412438,126.7340726
인천광역시,계양구,꽃뜰어린이집,"인천광역시 계양구 황어로115번길 10 5동 102호(오류동, 신동아아파트)",37.57972717,126.7326777
인천광역시,계양구,숲속어린이집,인천광역시 계양구 장제로 1420-9 ,37.58633899,126.725217
인천광역시,계양구,세연어린이집,"인천광역시 계양구 서운로 34 109동 103호(서운동, 계양효성해링턴플레이스)",37.52995506,126.7444173
인천광역시,계양구,신나는어린이집,"인천광역시 계양구 봉오대로691번길 4 102동 101호(작전동, 코오롱아파트)",37.53132432,126.7269108
인천광역시,계양구,신도어린이집,"인천광역시 계양구 계양대로 215 102동 104호(계산동, 신도아파트)",37.54280804,126.7208844
인천광역시,계양구,꿈꾸는어린이집,인천광역시 계양구 용종로 26 은행마을 아주아파트 관리동 2층,37.53682968,126.7432514
인천광역시,계양구,대동몬테소리어린이집,"인천광역시 계양구 도두리로 68 단지내 1층 (작전동, 도두리대동아파트)",37.53340341,126.7417021
인천광역시,계양구,비젼아이어린이집,인천광역시 계양구 임학동로56번길 4 (임학동),37.54659441,126.7377119
인천광역시,계양구,아이맘해모로어린이집,"인천광역시 계양구 동양로 100 (동양동, 한진해모로아파트 단지내)",37.55804389,126.7573423
인천광역시,계양구,구립아이존어린이집,"인천광역시 계양구 양지로 7 102동 101호(동양동, 주공아파트1단지)",37.55900268,126.7552671
인천광역시,계양구,예능이스턴키즈어린이집,인천광역시 계양구 계양산로216번길 10 (임학동),37.54678882,126.7391278
인천광역시,계양구,해나라어린이집,"인천광역시 계양구 효서로 381 203동 102호(작전동, 현대아파트)",37.52800661,126.737781
인천광역시,계양구,봄소리어린이집,인천광역시 계양구 안남로551번길 12 (효성동),37.5322885,126.7092181
인천광역시,계양구,부평초등학교어린이집,인천광역시 계양구 어사대로 20 부평초등학교 내 어린이집 (계산동),37.5413709,126.723351
인천광역시,계양구,솔빛어린이집,인천광역시 계양구 향교로6번길 14-3 ,37.53808501,126.7210709
인천광역시,계양구,큰사랑어린이집,인천광역시 계양구 효서로364번길 3 (작전동),37.52755998,126.7369296
인천광역시,계양구,로뎀나무어린이집,인천광역시 계양구 아나지로198번길 12-1 ,37.52423928,126.7133599
인천광역시,계양구,구립다인어린이집,인천광역시 계양구 봉오대로628번길 16 구립다인어린이집 (효성동),37.52915209,126.7178231
인천광역시,계양구,우림카이저어린이집,인천광역시 계양구 아나지로 332 우림카이저팰리스 201동 1층 (작전동),37.52493197,126.728068
인천광역시,계양구,구립새대영아어린이집,"인천광역시 계양구 주부토로363번길 4 102동 113호(작전동, 유호아파트)",37.52766407,126.729244
인천광역시,계양구,한샘어린이집,인천광역시 계양구 당미1길 16 (동양동),37.55923313,126.7577039
인천광역시,계양구,아이엔젤어린이집,"인천광역시 계양구 당미길 43 101동 101호(동양동, 일신건영 휴먼빌아파트)",37.56331753,126.7581048
인천광역시,계양구,믿음어린이집,"인천광역시 계양구 새벌로112번길 12 404동 101호(효성동, 현대4차아파트)",37.52636086,126.7173225
인천광역시,계양구,예나어린이집,"인천광역시 계양구 장군봉길 12 106동 101호(귤현동, 귤현I-PARK)",37.56956102,126.7492774
인천광역시,계양구,계산초등학교어린이집,인천광역시 계양구 경명대로 1005 (계산동),37.54448381,126.7173629
인천광역시,계양구,구립샘터어린이집,인천광역시 계양구 경명대로1020번길 7 (계산동),37.54293385,126.7205138
인천광역시,계양구,한솔아트어린이집,인천광역시 계양구 주부토로459번길 8-3 ,37.5354434,126.7268644
인천광역시,계양구,푸른솔어린이집,"인천광역시 계양구 당미길 43 106동 106호(동양동, 일신건영 휴먼빌)",37.56331753,126.7581048
인천광역시,계양구,에코i숲어린이집,인천광역시 계양구 안남로466번길 5-1 ,37.5247401,126.7114197
인천광역시,계양구,구립신비어린이집,인천광역시 계양구 계양대로 132-1 ,37.53564788,126.7230944
인천광역시,계양구,다원어린이집,인천광역시 계양구 양지말1길 3 (동양동),37.56123447,126.7547178
인천광역시,계양구,애플트리어린이집,"인천광역시 계양구 새벌로 88 301동 106호(효성동, 뉴서울3차아파트)",37.52499234,126.7171765
인천광역시,계양구,서해어린이집,인천광역시 계양구 계산로 152 (계산동),37.53695405,126.7290326
인천광역시,계양구,보아스어린이집,인천광역시 계양구 효서로 417 임광그대가아파트 관리동,37.52815933,126.7433179
인천광역시,계양구,하늘키즈어린이집,인천광역시 계양구 아나지로 392 (작전동),37.52540526,126.7356863
인천광역시,계양구,구립장기어린이집,인천광역시 계양구 장기로 31-1 ,37.57890445,126.7340652
인천광역시,계양구,나린어린이집,인천광역시 계양구 양지말2길 5 (동양동),37.56184497,126.7554891
인천광역시,계양구,도두리어린이집,"인천광역시 계양구 도두리로 46 506동 104호(작전동, 도두리마을동보아파트)",37.53355181,126.7390853
인천광역시,계양구,귤현꿈나무어린이집,인천광역시 계양구 귤현길 12 ,37.56824919,126.748015
인천광역시,계양구,수자인아이나무어린이집,인천광역시 계양구 장제로 1004 한양수자인아파트 105-101,37.55510151,126.7458677
인천광역시,계양구,사랑샘어린이집,인천광역시 계양구 아나지로 199 효성동 뉴서울5차아파트 506-104,37.52615742,126.7149631
인천광역시,계양구,에코키즈어린이집,인천광역시 계양구 봉오대로477번길 20 태산아파트 105-104,37.53045414,126.7002051
인천광역시,계양구,한양수자인어린이집,"인천광역시 계양구 장제로 1004 관리동 (박촌동, 한양수자인아파트)",37.55510151,126.7458677
인천광역시,계양구,아기별어린이집,인천광역시 계양구 새벌로112번길 12 현대아파트 401-102,37.52636086,126.7173225
인천광역시,계양구,아가랑어린이집,인천광역시 계양구 도두리로 52 도두리마을동보아파트 507-102,37.53145423,126.738975
인천광역시,계양구,구립귤현어린이집,"인천광역시 계양구 장군봉길 12 102동104호 (귤현동,  I-PARK)",37.56956102,126.7492774
인천광역시,계양구,예쁜키즈어린이집,인천광역시 계양구 서운로 33-16 ,37.52946351,126.7432708
인천광역시,계양구,아이비키즈어린이집,인천광역시 계양구 황어로126번길 8 ,37.578958,126.7349985
인천광역시,계양구,해든어린이집,인천광역시 계양구 형제봉길 100 계양센트레빌아파트 1단지,37.56935275,126.7511694
인천광역시,계양구,구립은행나무어린이집,인천광역시 계양구 어사대로 4 구립은행나무어린이집,37.54292104,126.7244587
인천광역시,계양구,꼬망꼬망어린이집,인천광역시 계양구 굴재방터길 40 (귤현동),37.56671869,126.7489523
인천광역시,계양구,구립효성샛별어린이집,인천광역시 계양구 마장로 570 ,37.52896095,126.7056995
인천광역시,계양구,한림병원어린이집,"인천광역시 계양구 봉오대로743번길 8 102동 103호(작전동, 현대아파트)",37.53162212,126.7335462
인천광역시,계양구,구립코아루어린이집,인천광역시 계양구 계양문화로 119 코아루아파트 내 관리동어린이집,37.54173606,126.7388564
인천광역시,계양구,구립계양산어린이집,인천광역시 계양구 계수로 23-3 ,37.5462096,126.7279228
인천광역시,계양구,구립계양해링턴어린이집,인천광역시 계양구 서운로 34 ,37.52995506,126.7444173
인천광역시,계양구,구립e편한세상어린이집,인천광역시 계양구 효서로 145 ,37.52835763,126.7130538
인천광역시,계양구,더숲애플트리어린이집,인천광역시 계양구 안남로573번길 18 (효성동),37.53733259,126.7089046
인천광역시,계양구,구립서운산단어린이집,인천광역시 계양구 서운산단로5길 3 ,37.53433406,126.7555933
인천광역시,계양구,구립동보어린이집,인천광역시 계양구 장제로663번길 13 ,37.52605115,126.7313164
인천광역시,계양구,구립하늘채어린이집,인천광역시 계양구 박촌로 19 계양하늘채파크포레아파트 관리동,37.55250226,126.7405353
인천광역시,계양구,구립센트리어린이집,"인천광역시 계양구 형제봉길 1 관리동(귤현동,센트레빌3단지아파트)",37.56578222,126.7461001
인천광역시,계양구,구립트루엘키즈어린이집,인천광역시 계양구 경명대로1045번길 31 106동 1호,37.54736566,126.7222653
인천광역시,계양구,구립힐스테이트자이어린이집,인천광역시 계양구 봉오대로651번길 9 힐스테이트자이계양 아파트 후문,37.53111202,126.718044
인천광역시,계양구,구립학마을한진어린이집,"인천광역시 계양구 용종로 124 관리동 1층 (병방동, 학마을한진아파트)",37.54519393,126.7432618
인천광역시,계양구,구립풍경채새별어린이집,인천광역시 계양구 마장로544번길 10 A블록 관리동,37.52581389,126.7057846
인천광역시,계양구,구립풍경채하늘어린이집,인천광역시 계양구 안남로489번길 17 B블록 관리동 1층,37.52622471,126.7086059
인천광역시,서구,주은색동원어린이집,인천광역시 서구 승학로288번길 5-10 ,37.54820638,126.6751953
인천광역시,서구,신현어린이집,인천광역시 서구 새오개로54번길 11 (신현동),37.51504344,126.6667172
인천광역시,서구,가좌새봄어린이집,인천광역시 서구 여우재로 119 가좌두산위브트레지움아파트 208동 106호,37.48989207,126.6855847
인천광역시,서구,검단어린이집,인천광역시 서구 완정로188번2길 3 (마전동) 검단어린이집,37.60466442,126.656353
인천광역시,서구,석남어린이집,인천광역시 서구 서달로116번길 10 (석남동),37.50885225,126.6796564
인천광역시,서구,근로복지공단인천어린이집,인천광역시 서구 승학로197번길 20-10 ,37.54097197,126.6714654
인천광역시,서구,성모어린이집,인천광역시 서구 서달로221번길 8-4 ,37.51927284,126.6816153
인천광역시,서구,튼튼어린이집,인천광역시 서구 원당대로839번길 34 GS자이 아파트 708동 106호,37.5949099,126.698594
인천광역시,서구,나나어린이집,인천광역시 서구 검단로 788 동성아파트 단지내 (불로동),37.61640996,126.6882248
인천광역시,서구,영아나라어린이집,인천광역시 서구 가정로 396-17 ,37.52044014,126.6740725
인천광역시,서구,동심어린이집,인천광역시 서구 고산로45번길 28 ,37.59851211,126.6997849
인천광역시,서구,수정어린이집,인천광역시 서구 가경주로 10 (가정동),37.51422978,126.6735991
인천광역시,서구,색동에듀스쿨어린이집,인천광역시 서구 서달로179번길 4 색동 어린이집 (가정동),37.5147487,126.6784741
인천광역시,서구,뿌리어린이집,인천광역시 서구 검암로 53 풍림아이원2차 관리동보육실,37.56870005,126.6813244
인천광역시,서구,밤비니어린이집,"인천광역시 서구 검암로 53 112동 101호(검암동, 풍림2차아파트)",37.56870005,126.6813244
인천광역시,서구,은초록별어린이집,"인천광역시 서구 검암로10번길 39 403동 102호(검암동, 풍림3차아파트)",37.56629088,126.6843399
인천광역시,서구,신나는어린이집,인천광역시 서구 거북로109번길 29 (석남동),37.50578698,126.6740322
인천광역시,서구,해들마을어린이집,인천광역시 서구 승학로495번길 7 서해아파트 관리동1층 (검암동),37.56705529,126.6750445
인천광역시,서구,재현어린이집,인천광역시 서구 심곡로208번길 21 (공촌동),37.55160535,126.6845554
인천광역시,서구,조은어린이집,인천광역시 서구 탁옥로 42 (심곡동),37.54377174,126.6743
인천광역시,서구,한샘어린이집,인천광역시 서구 승학로 295 (연희동),37.54836971,126.6745972
인천광역시,서구,심곡예쁜아이들어린이집,인천광역시 서구 탁옥로86번길 8 (심곡동),37.54294859,126.6789064
인천광역시,서구,키즈프라임어린이집,"인천광역시 서구 심곡로 11 관리동 (심곡동,광명아파트)",37.5427737,126.6715307
인천광역시,서구,하늘의별어린이집,인천광역시 서구 새오개로85번길 2 (신현동),37.51808963,126.665282
인천광역시,서구,초록몬테소리어린이집,인천광역시 서구 승학로216번길 21-1 ,37.54172697,126.6750682
인천광역시,서구,해돋이어린이집,인천광역시 서구 새오개로78번길 7-18 ,37.51727657,126.6675165
인천광역시,서구,아가별어린이집,"인천광역시 서구 심곡로 135 102동 104호(심곡동, 대동아파트)",37.54515373,126.6799521
인천광역시,서구,예솔어린이집,인천광역시 서구 새오개로68번길 5 (신현동),37.51625436,126.6660038
인천광역시,서구,성심어린이집,인천광역시 서구 심곡로 19-10 ,37.54285757,126.6720457
인천광역시,서구,아이돌어린이집,인천광역시 서구 율도로77번길 6 (신현동),37.51400139,126.6709414
인천광역시,서구,아이사랑어린이집,인천광역시 서구 검단로 786 퀸스타운길훈아파트관리동,37.61363065,126.6860661
인천광역시,서구,예빈어린이집,인천광역시 서구 고산로 19 대한항공사원아파트 단지내 예빈어린이집 (원당동),37.59396874,126.7000518
인천광역시,서구,리라어린이집,"인천광역시 서구 봉수대로1440번길 9 103동 1층(왕길동, 마전주공아파트)",37.60343645,126.6492723
인천광역시,서구,제나어린이집,인천광역시 서구 완정로178번길 35 (마전동),37.60498629,126.659039
인천광역시,서구,대우늘푸른어린이집,인천광역시 서구 청마로 170 당하푸르지오아파트관리동,37.59263752,126.6787166
인천광역시,서구,아이원어린이집,인천광역시 서구 원당대로840번길 21 풍림아이원 관리동 아이원어린이집,37.5923411,126.694952
인천광역시,서구,함박웃음아이들어린이집,인천광역시 서구 원당대로685번길 23 관리소내 어린이집,37.59559631,126.6761897
인천광역시,서구,아이빌어린이집,인천광역시 서구 가정로152번길 12-4 ,37.49807458,126.6730541
인천광역시,서구,원당초등학교어린이집,인천광역시 서구 원당대로820번길 16 ,37.59251405,126.6913305
인천광역시,서구,태평홍익어린이집,인천광역시 서구 독정로25번길 26-6 태평샹베르 아파트 관리사무소 2층 태평홍익어린이집,37.58503987,126.6784951
인천광역시,서구,동아어린이집,인천광역시 서구 완정로34번길 20 동아아파트관리동,37.59605557,126.672639
인천광역시,서구,크니크니어린이집,인천광역시 서구 옻우물로 36-1 ,37.50958153,126.673344
인천광역시,서구,e-예빛어린이집,인천광역시 서구 경서로32번길 7-7 (경서동),37.55592911,126.654881
인천광역시,서구,예꿈어린이집,인천광역시 서구 승학로472번길 31 (검암동),37.56390106,126.6769354
인천광역시,서구,윤슬어린이집,인천광역시 서구 서달로 71 (석남동),37.50487191,126.6782041
인천광역시,서구,JK글로벌어린이집,인천광역시 서구 거북로 71 (석남동),37.50339686,126.6697717
인천광역시,서구,꽃망울어린이집,"인천광역시 서구 청라에메랄드로 30 105동 102호(연희동, 청라자이아파트)",37.52767404,126.6570669
인천광역시,서구,늘푸른어린이집,"인천광역시 서구 승학로 198 101동 106호(심곡동, 극동아파트)",37.5408517,126.6731903
인천광역시,서구,해맑은영재어린이집,인천광역시 서구 새오개로16번길 10-3 ,37.51128665,126.6664369
인천광역시,서구,예랑어린이집,인천광역시 서구 원당대로835번길 13 ,37.59525941,126.6943984
인천광역시,서구,사랑어린이집,인천광역시 서구 승학로506번안길 18 (검암동),37.56481539,126.6739865
인천광역시,서구,꼬마둥지어린이집,"인천광역시 서구 검단로 851 (불로동, 불로동부아파트 관리동)",37.61964875,126.6918314
인천광역시,서구,신나는대림어린이집,인천광역시 서구 고산후로 398 관리동 어린이집,37.61799849,126.6940424
인천광역시,서구,온누리어린이집,인천광역시 서구 새오개로16번길 11 (석남동),37.51150823,126.6664123
인천광역시,서구,마전어린이집,인천광역시 서구 완정로64번길 18 ,37.59690452,126.6690043
인천광역시,서구,나르샤어린이집,"인천광역시 서구 가현로 41 (마전동,대원레스피아아파트) 205동 101호",37.61385761,126.6582742
인천광역시,서구,상록수어린이집,인천광역시 서구 장고개로 270-5 ,37.48795926,126.6820236
인천광역시,서구,보물섬어린이집,인천광역시 서구 원당대로840번길 21 풍림아파트 814동 104호,37.5923411,126.694952
인천광역시,서구,푸른아이어린이집,"인천광역시 서구 원당대로685번길 23 203동 104호(마전동,당하3차풍림아이원아파트)",37.59559631,126.6761897
인천광역시,서구,행복가득어린이집,인천광역시 서구 금정로 12 신검단중앙역풍경채 4008-105,37.60561246,126.6989491
인천광역시,서구,신석에듀스쿨어린이집,인천광역시 서구 염곡로 297-1 ,37.51140992,126.6682947
인천광역시,서구,당하어린이집,인천광역시 서구 청마로51번길 19 ,37.59047297,126.6727443
인천광역시,서구,가좌초등학교어린이집,인천광역시 서구 장고개로309번길 5 가좌초등학교내 (가좌동),37.4901503,126.6835279
인천광역시,서구,The꿈나무 어린이집,인천광역시 서구 율도로16번길 3 ,37.51336425,126.6639171
인천광역시,서구,서연어린이집,인천광역시 서구 승학로506번길 17 (검암동 620-9 서연어린이집),37.5635892,126.6759379
인천광역시,서구,놀이숲어린이집,"인천광역시 서구 마전로99번길 8 (마전동, 대주파크빌아파트) 702동 105호",37.61010554,126.6681205
인천광역시,서구,작은꽃어린이집,인천광역시 서구 건지로250번길 18 (가좌동),37.49755981,126.6697105
인천광역시,서구,다사랑어린이집,"인천광역시 서구 검단로 788 202동 103호(불로동, 퀸스타운동성아파트)",37.61640996,126.6882248
인천광역시,서구,푸른들어린이집,"인천광역시 서구 고산후로 398 104동 104호(불로동, 대림이편한세상아파트)",37.61799849,126.6940424
인천광역시,서구,예일어린이집,"인천광역시 서구 검단로 788 203동 104호(불로동, 동성A 203-1)",37.61640996,126.6882248
인천광역시,서구,이솝어린이집,인천광역시 서구 청마로 124 kcc 스위첸 아파트 506동 102호,37.58841993,126.6790265
인천광역시,서구,월드어린이집,"인천광역시 서구 검단로 836 101동 104호(불로동, 월드아파트)",37.6184253,126.6930745
인천광역시,서구,트니크니어린이집,인천광역시 서구 가현로42번길 49 304동 101호,37.61279926,126.6581315
인천광역시,서구,누리보듬어린이집,인천광역시 서구 마전로99번길 8 대주파크빌 701동101호,37.61010554,126.6681205
인천광역시,서구,푸르니어린이집,"인천광역시 서구 청마로 170 306동 104호 (당하동,당하푸르지오아파트)",37.59263752,126.6787166
인천광역시,서구,꿀송이어린이집,인천광역시 서구 고산후로78번길 9 금호어울림(1차)304동101호,37.59177988,126.6994834
인천광역시,서구,파란하늘어린이집,인천광역시 서구 원당대로840번길 22 신안아파트 507동 105호,37.59257653,126.6924872
인천광역시,서구,어울림어린이집,"인천광역시 서구 고산로 13 201동 103호 (원당동,금호2차아파트)",37.59389724,126.7017014
인천광역시,서구,꼬꼬마어린이집,"인천광역시 서구 원당대로840번길 22 511동 107호(당하동,신안실크밸리아파트)",37.59257653,126.6924872
인천광역시,서구,꿈동산어린이집,"인천광역시 서구 원당대로840번길 21 ,805동 103호(당하동, 풍림아이원아파트)",37.5923411,126.694952
인천광역시,서구,은하어린이집,인천광역시 서구 고산후로 305 신검단중앙역 풍경채어바니티2차 4716-105,37.61193771,126.6951801
인천광역시,서구,새싹어린이집,"인천광역시 서구 원당대로685번길 23 208동 103호 (마전동,당하3차 풍림아이원아파트)",37.59559631,126.6761897
인천광역시,서구,신안꿈터어린이집,인천광역시 서구 원당대로820번길 15 신안실크밸리아파트관리동,37.59234797,126.692216
인천광역시,서구,아이뜰어린이집,인천광역시 서구 청마로 170 푸르지오아파트 303동 103호,37.59263752,126.6787166
인천광역시,서구,영주어린이집,인천광역시 서구 가정로126번길 30-6 ,37.49539465,126.6748225
인천광역시,서구,해그림어린이집,인천광역시 서구 고산로45번길 16 해그림어린이집,37.59743407,126.6999602
인천광역시,서구,태평뿌리어린이집,"인천광역시 서구 경서로31번길 47 (경서동, 가이아샹베르2차 관리동)",37.55736768,126.6511254
인천광역시,서구,베베스쿨어린이집,"인천광역시 서구 완정로34번길 20 111동 102호(마전동, 동아아파트)",37.59605557,126.672639
인천광역시,서구,영남어린이집,인천광역시 서구 완정로64번길 7 영남탑스빌아파트 관리동 2층 (마전동),37.59831996,126.6676222
인천광역시,서구,시온산어린이집,"인천광역시 서구 검단로 836 118동 104호(불로동, 월드아파트)",37.6184253,126.6930745
인천광역시,서구,미리내어린이집,"인천광역시 서구 완정로65번안길 10 관리동 (마전동,대주피오레아파트)",37.59637034,126.6648595
인천광역시,서구,호정숲속어린이집,인천광역시 서구 경서로14번길 52 ,37.55698869,126.6564926
인천광역시,서구,아이별어린이집,"인천광역시 서구 이음6로 33 3211동 102호(아라동, 검단신도시푸르지오더베뉴)",37.59756706,126.711339
인천광역시,서구,우리어린이집,인천광역시 서구 완정로65번안길 10 검단1차 대주피오레 104-103 (마전동),37.59637034,126.6648595
인천광역시,서구,검단무지개어린이집,인천광역시 서구 검단로487번길 52-5 ,37.60659266,126.6609457
인천광역시,서구,월드해랑어린이집,인천광역시 서구 신석로 71 월드메르디앙아파트 관리동 어린이집 (석남동),37.51160233,126.6687306
인천광역시,서구,단비어린이집,"인천광역시 서구 완정로34번길 20 113동 104호(마전동, 동아아파트)",37.59605557,126.672639
인천광역시,서구,꿈이있는아이뜰어린이집,인천광역시 서구 검단로501번길 71 (마전동921-7),37.60706691,126.660685
인천광역시,서구,킨더E스쿨어린이집,인천광역시 서구 장고개로280번길 5-1 ,37.48832954,126.6835893
인천광역시,서구,그림마을어린이집,인천광역시 서구 승학로 597 (검암동),37.56889893,126.6834448
인천광역시,서구,누리봄어린이집,"인천광역시 서구 청마로 124 505동 103호 (당하동, KCC스위첸아파트)",37.58841993,126.6790265
인천광역시,서구,아이맘어린이집,"인천광역시 서구 건지로 402 105동 104호(가좌동, 가좌한신휴플러스)",37.49526648,126.6844068
인천광역시,서구,현대꼬마대통령어린이집,인천광역시 서구 완정로92번길 28 아이파크아파트 관리동1층,37.60122522,126.6646683
인천광역시,서구,엔젤드림어린이집,"인천광역시 서구 검단로 446 (왕길동,이편한세상아파트) 107동 102호",37.60069656,126.6576527
인천광역시,서구,미추홀어린이집,인천광역시 서구 가정로336번길 27 (가정동),37.51483458,126.6759418
인천광역시,서구,(구립)검단평화어린이집,인천광역시 서구 고산후로161번안길 14 검단3동어린이집,37.59944969,126.6979174
인천광역시,서구,대림우정어린이집,인천광역시 서구 검단로 446 102동 로비층,37.60069656,126.6576527
인천광역시,서구,가온어린이집,인천광역시 서구 고산로40번1길 10-2 (원당동 원당지구 50블럭 1롯트),37.5972294,126.7012493
인천광역시,서구,도치파파어린이집,"인천광역시 서구 봉수대로1440번길 29 102동 101호(왕길동, 신명스카이뷰드림)",37.60257295,126.6531761
인천광역시,서구,예뜰어린이집,"인천광역시 서구 건지로 402 206동 102호(가좌동, 가좌한신휴플러스)",37.49526648,126.6844068
인천광역시,서구,꾸미어린이집,"인천광역시 서구 승학로495번길 7 102동 106호(검암동, 서해아파트)",37.56705529,126.6750445
인천광역시,서구,나누리어린이집,"인천광역시 서구 독정로25번길 26-6 103동 101호(당하동, 태평아파트)",37.58503987,126.6784951
인천광역시,서구,해솔어린이집,"인천광역시 서구 서곶로 818 111동 101호(당하동, 탑스빌신대진아파트)",37.59200163,126.6755322
인천광역시,서구,아이꽃어린이집,"인천광역시 서구 장고개로309번길 24 11동 102호(가좌동, 진주아파트)",37.49150579,126.6846127
인천광역시,서구,청아어린이집,인천광역시 서구 가정로223번길 28 금호어울림아파트 104동102호,37.5061343,126.6693608
인천광역시,서구,종합환경연구단지어린이집,인천광역시 서구 환경로 42 종합환경연구단지어린이집(경서동),37.56913865,126.6385344
인천광역시,서구,재미나라어린이집,"인천광역시 서구 검단로 832 103동 101호(불로동, 퀸스타운신명아파트)",37.6180467,126.6902453
인천광역시,서구,해와달어린이집,인천광역시 서구 완정로92번길 28 검단아이파크 101동 105호,37.60122522,126.6646683
인천광역시,서구,은지어린이집,인천광역시 서구 승학로572번길 22 (검암동) 은지초등학교 내,37.5646837,126.6853553
인천광역시,서구,토마토어린이집,"인천광역시 서구 승학로471번길 7 (검암동, 검암3차신명스카이뷰) 303동 104호",37.563737,126.6730759
인천광역시,서구,사랑해어린이집,"인천광역시 서구 검단로 836 118동 101호(불로동, 월드아파트)",37.6184253,126.6930745
인천광역시,서구,맘s어린이집,인천광역시 서구 가현로42번길 49 풍림아이원 304-102호,37.61279926,126.6581315
인천광역시,서구,도담어린이집,"인천광역시 서구 완정로64번길 7 108동 103호(마전동, 영남탑스빌아파트)",37.59831996,126.6676222
인천광역시,서구,또래모아어린이집,"인천광역시 서구 검단로744번3길 8 501동 104호 (불로동,삼보해피하임)",37.60999196,126.6859429
인천광역시,서구,혜인어린이집,인천광역시 서구 가남로 161-8 ,37.49619148,126.6749804
인천광역시,서구,예사랑어린이집,인천광역시 서구 단봉로 12 유승아파트 관리소동 (왕길동),37.60050615,126.6490239
인천광역시,서구,쥬디아이어린이집,"인천광역시 서구 봉수대로1440번길 19 201동 104호(왕길동, 동남디아망아파트)",37.60256596,126.6501978
인천광역시,서구,석남제일어린이집,인천광역시 서구 신석로111번길 13 (석남동),37.51114537,126.6742782
인천광역시,서구,큰사랑어린이집,"인천광역시 서구 청마로 160 404동 105호(당하동, 풍림아이원1차아파트)",37.59138654,126.6777063
인천광역시,서구,하늘채사임당어린이집,"인천광역시 서구 가정로 387 125동 105호(신현동, 신현E편한세상하늘채아파트)",37.52168122,126.6727509
인천광역시,서구,맘앤맘어린이집,"인천광역시 서구 가정로 387 112동  104호 (신현동,신현e-편한하늘채)",37.52168122,126.6727509
인천광역시,서구,작은별하어린이집,인천광역시 서구 가정로 387 이편한세상하늘채아파트104동101호,37.52168122,126.6727509
인천광역시,서구,회화나무어린이집,인천광역시 서구 가정로 387 신현이편한세상하늘채 102동102호,37.52168122,126.6727509
인천광역시,서구,서부여성회관어린이집,인천광역시 서구 서달로 12 (석남동),37.49950152,126.6787786
인천광역시,서구,사과나무어린이집,인천광역시 서구 검단로540번길 59 검단2차아이파크  203동 103호,37.59881067,126.6662609
인천광역시,서구,다솜어린이집,인천광역시 서구 가정로 387 신현이편한세상하늘채아파트 관리동 (신현동),37.52168122,126.6727509
인천광역시,서구,큰별어린이집,인천광역시 서구 청라에메랄드로 156 웰카운티아파트 관리동,37.53861347,126.657992
인천광역시,서구,청라민들레어린이집,"인천광역시 서구 청라라임로 109 251동 102호(청라동,호반베르디움)",37.53659336,126.6507292
인천광역시,서구,청라예일어린이집,"인천광역시 서구 청라라임로 109 253동 101호 (청라동, 호반베르디움아파트)",37.53659336,126.6507292
인천광역시,서구,i푸른숲어린이집,인천광역시 서구 봉화로 60-17 검단힐스테이트1단지아파트 관리동,37.60000516,126.6398586
인천광역시,서구,하하호호어린이집,인천광역시 서구 독정로 111 3604동 102호(검단 LH36단지),37.59042655,126.6803644
인천광역시,서구,중흥사랑어린이집,"인천광역시 서구 청라라임로 131 262동(청라동, 중흥S-클래스 1층 관리동)",37.53870993,126.6526687
인천광역시,서구,그랑블어린이집,인천광역시 서구 청라에메랄드로 65 서해그랑블아파트 단지내 관리동 (연희동),37.53053549,126.6561265
인천광역시,서구,예그리나어린이집,"인천광역시 서구 봉오대로318번길 23 203동 106호(가정동, 하나아파트)",37.52614367,126.683558
인천광역시,서구,옹달샘어린이집,인천광역시 서구 장고개로287번길 2-3 ,37.48942855,126.6837096
인천광역시,서구,해피베베어린이집,"인천광역시 서구 청라라임로 17 122동 103호(연희동, 힐데스하임아파트)",37.5277004,126.6505069
인천광역시,서구,웰카운티샛별어린이집,"인천광역시 서구 청라에메랄드로 156 205동 102호(연희동, 웰카운티아파트)",37.53861347,126.657992
인천광역시,서구,노랑병아리어린이집,"인천광역시 서구 청라라임로 17 125동 101호(연희동, 힐데스하임아파트)",37.5277004,126.6505069
인천광역시,서구,보물단지어린이집,"인천광역시 서구 청라에메랄드로 134 212동 102호(연희동, 호반베르디움아파트)",37.53671329,126.6570027
인천광역시,서구,햇살고운어린이집,"인천광역시 서구 청라에메랄드로 156 (연희동,웰카운티) 204동 104호",37.53861347,126.657992
인천광역시,서구,행복한뜰어린이집,"인천광역시 서구 청라커낼로 232 (경서동,휴먼시아) 412동 101호",37.52759333,126.6484014
인천광역시,서구,하임놀이스쿨어린이집,인천광역시 서구 청라라임로 17 힐데스하임 관리동,37.5277004,126.6505069
인천광역시,서구,뽀로롱아이어린이집,"인천광역시 서구 청라에메랄드로76번길 14 155동 202호(연희동, 호반베르디움)",37.53056348,126.6591312
인천광역시,서구,청라자연어린이집,"인천광역시 서구 청라에메랄드로76번길 14 (청라동,호반베르디움) 155동 201호",37.53056348,126.6591312
인천광역시,서구,호수아이어린이집,"인천광역시 서구 봉화로 18 관리동(왕길동,드림파크어울림1단지 아파트)",37.59565906,126.639264
인천광역시,서구,에이스키즈어린이집,인천광역시 서구 장고개로275번길 20-1 ,37.49028116,126.6824655
인천광역시,서구,호반2차어린이집,인천광역시 서구 청라에메랄드로 134 관리동,37.53671329,126.6570027
인천광역시,서구,자이앤키즈어린이집,인천광역시 서구 오동로 32 검단자이2단지 아파트 관리동(왕길동),37.59512149,126.6412297
인천광역시,서구,하랑어린이집,"인천광역시 서구 검암로10번길 36 (검암동,검암4차신명스카이뷰골드) 506동 101호",37.56528522,126.6851934
인천광역시,서구,수자인어린이집,"인천광역시 서구 비즈니스로 41 (경서동,한양수자인) 555동 102호",37.52611824,126.6209979
인천광역시,서구,호반놀이스쿨어린이집,인천광역시 서구 청라라임로 109 호반베르디움아파트  관리동,37.53659336,126.6507292
인천광역시,서구,미소베르디움어린이집,인천광역시 서구 청라에메랄드로76번길 14 호반베르디움아파트 155동 1층 (관리동),37.53056348,126.6591312
인천광역시,서구,서해어린이집,인천광역시 서구 승학로495번길 7 서해아파트 110동 104호,37.56705529,126.6750445
인천광역시,서구,아리솔어린이집,인천광역시 서구 청라커낼로 163 (경서동 호반베르디움) 482동 104호,37.52748815,126.637219
인천광역시,서구,라온어린이집,"인천광역시 서구 청라커낼로 163 495동 104호 (경서동,호반베르디움)",37.52748815,126.637219
인천광역시,서구,호반다솜어린이집,인천광역시 서구 청라커낼로 163 호반베르디움 491동 106호,37.52748815,126.637219
인천광역시,서구,아이꿈어린이집,인천광역시 서구 청라커낼로 163 487동 103호,37.52748815,126.637219
인천광역시,서구,꽃뜰어린이집,"인천광역시 서구 청라커낼로 163 489동 104호 (경서동,호반베리디움)",37.52748815,126.637219
인천광역시,서구,호반사랑어린이집,"인천광역시 서구 청라커낼로 163 492동 104호 (청라동,호반베르디움)",37.52748815,126.637219
인천광역시,서구,오즈나라어린이집,"인천광역시 서구 솔빛로 13 541동 103호 (경서동,동양엔파트)",37.52385225,126.6219043
인천광역시,서구,꿈담어린이집,인천광역시 서구 청라에메랄드로 112 관리동,37.53465234,126.6577751
인천광역시,서구,수피아어린이집,인천광역시 서구 경서로18번길 7-4 단독,37.55472652,126.6558592
인천광역시,서구,햇빛나무어린이집,인천광역시 서구 솔빛로 93 청라SK뷰 관리동,37.52612764,126.6298992
인천광역시,서구,가정보금자리어린이집,인천광역시 서구 봉오재3로 14 가정보금자리 3단지 313동 1층,37.53233704,126.6645242
인천광역시,서구,청라한화그린키즈어린이집,인천광역시 서구 크리스탈로 148 한화꿈에그린아파트 관리동,37.5367335,126.6398812
인천광역시,서구,동양엔파트어린이집,인천광역시 서구 솔빛로 13 동양엔파트 관리동,37.52385225,126.6219043
인천광역시,서구,포스코인터내셔널 푸른꿈직장어린이집,인천광역시 서구 크리스탈로74번길 7-21 더블유빌딩 2층,37.53257187,126.6387856
인천광역시,서구,프라임이화어린이집,인천광역시 서구 봉화로85번길 48 오류동 67블럭 6롯트,37.59778561,126.6365741
인천광역시,서구,홀리키즈어린이집,인천광역시 서구 청라한울로 95 경서동 청라제일풍경채 관리동,37.53864431,126.6487906
인천광역시,서구,하버드어린이집,"인천광역시 서구 비즈니스로28번길 13 565동 101호(경서동,동문굿모닝힐)",37.52663838,126.6229093
인천광역시,서구,검단아이다움어린이집,"인천광역시 서구 청마로34번길 6 503동102호(당하동, 검단5차힐스테이트아파트)",37.59134137,126.6692947
인천광역시,서구,청라누리어린이집,인천광역시 서구 담지로104번길 13 ,37.53899236,126.6612497
인천광역시,서구,하늘해어린이집,"인천광역시 서구 청라커낼로 163 관리동(경서동,호반베르디움)",37.52748815,126.637219
인천광역시,서구,키즈캐슬어린이집,"인천광역시 서구 청라커낼로 252 101동 204호 (경서동,롯데캐슬)",37.53025357,126.6477824
인천광역시,서구,가좌1동어린이집,"인천광역시 서구 건지로284번길 56-4 (가좌동, 가좌1동어린이집)",37.49416062,126.6733143
인천광역시,서구,꿈꾸는어린이집,"인천광역시 서구 비즈니스로 10 (경서동,반도유보라2차관리동)",37.52450442,126.6239427
인천광역시,서구,리틀핸즈어린이집,인천광역시 서구 백범로 884 학산문화재단 3층,37.48598005,126.6601883
인천광역시,서구,청라국제어린이집,인천광역시 서구 담지로 62 청라국제어린이집,37.53544844,126.6602034
인천광역시,서구,청라푸른어린이집,인천광역시 서구 청라한울로49번길 4 ,37.53936676,126.6423782
인천광역시,서구,청라보석보듬이나눔이어린이집,인천광역시 서구 청라한내로161번길 3-8 .,37.53953521,126.6277293
인천광역시,서구,힐사랑어린이집,인천광역시 서구 청마로34번길 6 (당하동 힐스테이트5차),37.59134137,126.6692947
인천광역시,서구,서동이어린이집,인천광역시 서구 승학로 264 ,37.54603977,126.6729792
인천광역시,서구,하늘정원어린이집,인천광역시 서구 고산후로161번길 28 ,37.5992537,126.6972742
인천광역시,서구,롯데캐슬어린이집,인천광역시 서구 청라커낼로 252 105동 1층 관리동,37.53025357,126.6477824
인천광역시,서구,엑슬루키즈어린이집,인천광역시 서구 중봉대로586번길 22 ,37.5308043,126.6513494
인천광역시,서구,아이존어린이집,인천광역시 서구 신진말로14번길 25-1 (가좌동),37.4907328,126.6770661
인천광역시,서구,키즈스토리어린이집,인천광역시 서구 크리스탈로74번길 26 더샵레이크파크아파트 관리동,37.53086108,126.6381434
인천광역시,서구,청라아이캔어린이집,인천광역시 서구 보석로 39 ,37.52304905,126.6237779
인천광역시,서구,아이노리어린이집,인천광역시 서구 청마로51번안길 11 검단힐스테이트6차 관리동어린이집,37.59188416,126.6707545
인천광역시,서구,솔어린이집,인천광역시 서구 청마로 92 검단힐스테이트 4차 407동 103호 (당하동),37.58554651,126.6727952
인천광역시,서구,키즈별어린이집,인천광역시 서구 청라커낼로 297 단지내상가 101호,37.53439905,126.6433077
인천광역시,서구,주은어린이집,인천광역시 서구 승학로402번길 10 검암동,37.55735335,126.6742092
인천광역시,서구,청라푸르지오어린이집,인천광역시 서구 크리스탈로102번길 25 ,37.53509128,126.6370084
인천광역시,서구,검단그린힐스어린이집,인천광역시 서구 버들로 46 검단힐스테이트3차아파트 관리동,37.59845005,126.6399145
인천광역시,서구,블루힐어린이집,인천광역시 서구 봉오재2로 37 봉오재2로 37 LH웨스턴블루힐아파트 관리동,37.53463294,126.6665551
인천광역시,서구,두루누리어린이집,인천광역시 서구 봉오재3로 45 ,37.52906034,126.6663555
인천광역시,서구,청라무지개어린이집,인천광역시 서구 담지로86번길 5-29 1층,37.53813499,126.6616311
인천광역시,서구,엘지마그나 어린이집,인천광역시 서구 경명대로 322 관리동 2층,37.55374959,126.64261
인천광역시,서구,이삭어린이집,인천광역시 서구 도요지로227번길 18 ,37.55845245,126.6758026
인천광역시,서구,청라보석어린이집,인천광역시 서구 보석로11번길 9 ,37.52035539,126.6242471
인천광역시,서구,미래희망어린이집,인천광역시 서구 드림로 227 ,37.58412836,126.6642648
인천광역시,서구,봄빛어린이집,인천광역시 서구 보석로 32 ,37.52226624,126.6250452
인천광역시,서구,제일퍼스트어린이집,인천광역시 서구 보석로12번길 21 ,37.52138124,126.6266832
인천광역시,서구,대성키즈어린이집,"인천광역시 서구 봉오재1로 15 108동 102호(신현동,대성베르힐)",37.52443714,126.6653355
인천광역시,서구,한가람어린이집,"인천광역시 서구 봉오재1로 15 104동 103호(신현동, 대성베르힐)",37.52443714,126.6653355
인천광역시,서구,하늘그림어린이집,"인천광역시 서구 봉오재1로 15 102동 103호(신현동, 대성베르힐)",37.52443714,126.6653355
인천광역시,서구,이소어린이집,인천광역시 서구 완정로64번길 68 ,37.59657561,126.6737124
인천광역시,서구,우주어린이집,인천광역시 서구 보석로18번길 24 1층,37.52166704,126.6267991
인천광역시,서구,두산어린이집,"인천광역시 서구 여우재로 119 203동 102호(가좌동,두산위브)",37.48989207,126.6855847
인천광역시,서구,센트럴타운가현어린이집,인천광역시 서구 봉오재1로 36 센트럴타운아파트,37.520482,126.6668257
인천광역시,서구,호반샛별어린이집,"인천광역시 서구 봉오재3로 75 106동 101호(가정동, 호반베르디움)",37.52933662,126.6681586
인천광역시,서구,호반베베어린이집,"인천광역시 서구 봉오재3로 75 104동 101호(가정동, 루원 호반베르디움 더센트럴)",37.52933662,126.6681586
인천광역시,서구,청라그루터기어린이집,"인천광역시 서구 청라한울로 96 331동 105호(경서동, 청라제일풍경채2차)",37.53668834,126.6487592
인천광역시,서구,청라다온어린이집,"인천광역시 서구 청라한울로 96 326동 105호(경서동, 제일풍경채2차)",37.53668834,126.6487592
인천광역시,서구,제일사랑어린이집,"인천광역시 서구 청라한울로 95 304동 101호 (청라2동, 제일풍경채1차)",37.53864431,126.6487906
인천광역시,서구,서밋(summit)어린이집,"인천광역시 서구 봉오재3로 11 404동 105호(가정동, 루원제일풍경채)",37.53107611,126.6673342
인천광역시,서구,모아키즈어린이집,인천광역시 서구 비즈니스로 165 603동 101호,37.53873646,126.6213197
인천광역시,서구,봄봄어린이집,인천광역시 서구 봉오재3로 66 루원시티프라디움 111동 103호,37.52747863,126.6643492
인천광역시,서구,루원풍경채노리숲어린이집,인천광역시 서구 봉오재3로 11 루원풍경채관리동 1층,37.53107611,126.6673342
인천광역시,서구,대성할아이어린이집,인천광역시 서구 봉오재1로 15 루원시티대성베르힐아파트,37.52443714,126.6653355
인천광역시,서구,두손어린이집,인천광역시 서구 독정로 17 SK뷰아파트관리동,37.58490719,126.6778798
인천광역시,서구,루원사과나무어린이집,인천광역시 서구 봉오재3로 75 루원호반베르디움더센트럴아파트관리동,37.52933662,126.6681586
인천광역시,서구,루에블리어린이집,인천광역시 서구 봉오재1로 49 루원시티루에블리아파트관리동,37.52394151,126.6670941
인천광역시,서구,베베키즈어린이집,인천광역시 서구 열우물로240번길 20 110동 105호,37.48491433,126.6866483
인천광역시,서구,프라디움어린이집,인천광역시 서구 봉오재3로 66 루원시티프라디움아파트관리동,37.52747863,126.6643492
인천광역시,서구,세연어린이집,인천광역시 서구 청라커낼로 300 106동 101호,37.5355844,126.6453998
인천광역시,서구,제일풍경채2차어린이집,인천광역시 서구 청라한울로 96 ,37.53668834,126.6487592
인천광역시,서구,국공립한양수자인어린이집,인천광역시 서구 청라한내로 132 한양수자인아파트 단지내,37.53844224,126.6310394
인천광역시,서구,청라대광어린이집,인천광역시 서구 비즈니스로 166 청라대광로제비앙아파트 단지 내,37.53854401,126.6223329
인천광역시,서구,아시아드대광어린이집,인천광역시 서구 모월곶로 41 아시아드대광아파트 내,37.55689268,126.6668808
인천광역시,서구,에일린의뜰어린이집,인천광역시 서구 청라커낼로 300 에일린의뜰 아파트 내,37.5355844,126.6453998
인천광역시,서구,모아미래도어린이집,인천광역시 서구 비즈니스로 165 ,37.53873646,126.6213197
인천광역시,서구,꿈크는어린이집,"인천광역시 서구 비즈니스로 166 614동 104호(청라동, 청라국제도시대광로제비앙)",37.53854401,126.6223329
인천광역시,서구,싱글벙글어린이집,"인천광역시 서구 비즈니스로 166 617동 104호(청라동, 청라국제도시대광로제비앙)",37.53854401,126.6223329
인천광역시,서구,우방-i어린이집,인천광역시 서구 완정로 208 우방아이유쉘아파트 관리동,37.60369743,126.6532865
인천광역시,서구,햇살그린어린이집,인천광역시 서구 여우재로 119 가좌두산위브트레지움2단지 관리동,37.48989207,126.6855847
인천광역시,서구,우방어린이집,인천광역시 서구 완정로 126 검단2차우방아이유쉘아파트 관리동,37.60117199,126.6624625
인천광역시,서구,레이크블루어린이집,"인천광역시 서구 청라한내로 132 651동 101호(청라3동, 청라한양수자인레이크블루)",37.53844224,126.6310394
인천광역시,서구,아이숲어린이집,인천광역시 서구 청라한내로 132 646동 102호,37.53844224,126.6310394
인천광역시,서구,국공립청라가람어린이집,인천광역시 서구 청라커낼로 232 관리동,37.52759333,126.6484014
인천광역시,서구,국공립루원더퍼스트어린이집,인천광역시 서구 봉오재2로 13 관리동,37.53346514,126.6651474
인천광역시,서구,국공립가좌3동하나어린이집,인천광역시 서구 건지로334번길 17-7 국공립가좌3동하나어린이집,37.49656092,126.6793104
인천광역시,서구,루원별빛어린이집,인천광역시 서구 봉오재2로 13 103동 104호 (엘에이치루원더퍼스트),37.53346514,126.6651474
인천광역시,서구,청라스카이어린이집,인천광역시 서구 청라라임로 85 린스트라우스 102동 1층 관리동어린이집,37.53466394,126.6526145
인천광역시,서구,국공립청라한신더휴어린이집,인천광역시 서구 청라한내로 40 관리동,37.52920007,126.6285596
인천광역시,서구,인천서부경찰서어린이집,인천광역시 서구 탁옥로 77 인천서부경찰서 내,37.54456486,126.6783344
인천광역시,서구,한신우정어린이집,인천광역시 서구 청라한내로 40 600동 103호(청라한신더휴아파트),37.52920007,126.6285596
인천광역시,서구,국공립엘지원당자이어린이집,인천광역시 서구 원당대로839번길 34 관리동 1층,37.5949099,126.698594
인천광역시,서구,국공립오류우방어린이집,인천광역시 서구 대촌로 26 관리동,37.59652554,126.6333011
인천광역시,서구,국공립아라금호어울림어린이집,인천광역시 서구 이음5로 65 관리동,37.59473373,126.7137493
인천광역시,서구,국공립아라호반써밋한별어린이집,인천광역시 서구 이음5로 15 관리동,37.59628481,126.7081316
인천광역시,서구,담비어린이집,인천광역시 서구 이음5로 65 2410동 102호(검단 금호어울림센트럴),37.59473373,126.7137493
인천광역시,서구,검단그루터기어린이집,인천광역시 서구 이음5로 65 2412동 102호(검단 금호어울림 센트럴),37.59473373,126.7137493
인천광역시,서구,국공립아라한신더휴어린이집,인천광역시 서구 이음3로 125 관리동,37.59020175,126.7049636
인천광역시,서구,국공립아라유승한내들어린이집,인천광역시 서구 이음3로 130 관리동,37.58789006,126.7053185
인천광역시,서구,국공립아라더베뉴푸른별어린이집,인천광역시 서구 이음6로 33 관리동,37.59756706,126.711339
인천광역시,서구,국공립아라이음어린이집,인천광역시 서구 이음3로 220 관리동,37.58879716,126.7158549
인천광역시,서구,금호사랑어린이집,인천광역시 서구 이음5로 65 2410동 104호(검단 금호어울림센트럴),37.59473373,126.7137493
인천광역시,서구,아이행복어린이집,"인천광역시 서구 이음5로 65 2413동 104호, 검단 금호어울림센트럴",37.59473373,126.7137493
인천광역시,서구,푸르지오창의나무어린이집,인천광역시 서구 이음6로 33 3202동 102호(검단푸르지오더베뉴),37.59756706,126.711339
인천광역시,서구,아라별어린이집,인천광역시 서구 이음3로 125 1109동 101호(검단신도시한신더휴캐널파크),37.59020175,126.7049636
인천광역시,서구,한내들어린이집,인천광역시 서구 이음3로 130 1203동 103호(유승한내들에듀파크),37.58789006,126.7053185
인천광역시,서구,국공립루원SK리더스뷰어린이집,인천광역시 서구 가정로 437 지상1층 KINDERGARTEN,37.52425246,126.6701177
인천광역시,서구,국공립아라우미린더가든어린이집,인천광역시 서구 이음5로 39 관리동,37.59651541,126.710599
인천광역시,서구,청라하나금융공동직장어린이집,인천광역시 서구 첨단동로 374 청라하나금융공동직장어린이집,37.55085908,126.6247668
인천광역시,서구,SK라온어린이집,"인천광역시 서구 가정로 437 102동105호(가정동,루원시티SK리더스뷰)",37.52425246,126.6701177
인천광역시,서구,국공립아라대방펠리체어린이집,인천광역시 서구 이음2로 30 대방디에트로더 펠리체 관리동,37.58511452,126.7098098
인천광역시,서구,국공립불로대광로제비앙어린이집,인천광역시 서구 검단로768번길 46 불로동 검단대광로제비앙 센트럴포레 관리동,37.61163357,126.6886349
인천광역시,서구,국공립검단양우내안애어린이집,인천광역시 서구 검단로609번길 23 마전동 양우내안애 퍼스트힐 관리동,37.61155044,126.6699808
인천광역시,서구,샛별어린이집,인천광역시 서구 이음2로 30 604동 102호,37.58511452,126.7098098
인천광역시,서구,아라숲어린이집,인천광역시 서구 이음2로 30 603동 104호,37.58511452,126.7098098
인천광역시,서구,즐거운놀이터어린이집,인천광역시 서구 이음2로 30 612동 103호,37.58511452,126.7098098
인천광역시,서구,국공립아라호반리틀써밋어린이집,"인천광역시 서구 이음2로 70 (당하동, 호반써밋프라임뷰), 관리동",37.58413771,126.7127753
인천광역시,서구,우리아이어린이집,인천광역시 서구 서로3로 225 검단파라곤보타닉파크 3304동 104호,37.60074135,126.7064891
인천광역시,서구,예미지어린이집,인천광역시 서구 서로4로 89 2713동 102호,37.60208809,126.7125786
인천광역시,서구,국공립아라파라곤한별어린이집,인천광역시 서구 서로3로 225 검단파라곤보타닉파크 관리동,37.60074135,126.7064891
인천광역시,서구,국공립아라파라곤센트럴어린이집,인천광역시 서구 이음2로 29 파라곤센트럴파크 공동주택,37.58746161,126.7099991
인천광역시,서구,국공립아라대광라포레어린이집,인천광역시 서구 서로3로 277 로제비앙라포레 관리동,37.60253454,126.7118103
인천광역시,서구,예쁜아이어린이집,인천광역시 서구 서로4로 89 2708동 101호(예미지트리플에듀),37.60208809,126.7125786
인천광역시,서구,행복한줌어린이집,인천광역시 서구 서로4로 89 2703동 102호,37.60208809,126.7125786
인천광역시,서구,국공립아라예미지예빛어린이집,"인천광역시 서구 서로4로 89 관리동(원당동,예미지트리플에듀)",37.60208809,126.7125786
인천광역시,서구,국공립아라신안꿈꾸는어린이집,"인천광역시 서구 이음1로 173 관리동(당하동,신안인스빌 어반퍼스트)",37.58239384,126.7114449
인천광역시,서구,아이솔어린이집,인천광역시 서구 이음2로 29 파라곤센트럴아파트 510동 104호,37.58746161,126.7099991
인천광역시,서구,신안별어린이집,인천광역시 서구 이음1로 173 신안인스빌어반퍼스트 305동 101호,37.58239384,126.7114449
인천광역시,서구,대광베베어린이집,인천광역시 서구 서로3로 277 대광로제비앙라포레 2805동 103호,37.60253454,126.7118103
인천광역시,서구,하늘빛어린이집,인천광역시 서구 서로4로 89 예미지트리플에듀 2709동 101호,37.60208809,126.7125786
인천광역시,서구,베베어린이집,인천광역시 서구 이음1로 173 신안인스빌어반퍼스트 303동 101호,37.58239384,126.7114449
인천광역시,서구,국공립아라더힐어린이집,"인천광역시 서구 서로3로 255 관리동(원당동, 검단신도시 대방디에트르더힐)",37.60100695,126.7093605
인천광역시,서구,룰루랄라어린이집,인천광역시 서구 이음1로 173 신안인스빌어반퍼스트 302동 102호,37.58239384,126.7114449
인천광역시,서구,아이미래어린이집,인천광역시 서구 서로3로 50 모아미래도 엘리트파크 805동 101호,37.58405863,126.7069213
인천광역시,서구,국공립아라우미린하늘숲어린이집,"인천광역시 서구 이음4로 94 관리동(원당동, 우미린 더헤리티지)",37.59189339,126.7201484
인천광역시,서구,국공립아라꿈모아어린이집,"인천광역시 서구 서로3로 50 관리동(당하동, 검단신도시 모아미래도 엘리트파크)",37.58405863,126.7069213
인천광역시,서구,국공립아라리버파크어린이집,"인천광역시 서구 이음1로 332 관리동(원당동, 대방디에트르 리버파크아파트)",37.59063789,126.7192114
인천광역시,서구,꿈나무어린이집,인천광역시 서구 서로3로 255 대방디에트르더힐 2901동 104호,37.60100695,126.7093605
인천광역시,서구,국공립마전힘찬하나어린이집,인천광역시 서구 완정로188번4길 28 ,37.60716717,126.6583053
인천광역시,서구,헤븐아인어린이집,인천광역시 서구 서로3로 255 대방디에트르더힐 2912동 102호,37.60100695,126.7093605
인천광역시,서구,라포레키즈어린이집,인천광역시 서구 서로3로 277 2804동 104호(로제비앙라포레아파트),37.60253454,126.7118103
인천광역시,서구,참새와나무어린이집,인천광역시 서구 서로3로 50 802동 104호(모아미래도 엘리트파크),37.58405863,126.7069213
인천광역시,서구,꼬마별어린이집,인천광역시 서구 이음2로 29 파라곤 센트럴 파크 512동 104호,37.58746161,126.7099991
인천광역시,서구,대성베베 어린이집,인천광역시 서구 이음1로 154 검단신도시 대성베르힐라프리미어아파트 708동 103호,37.5820752,126.7083429
인천광역시,서구,국공립루원포레나어린이집,인천광역시 서구 서곶로 120 관리동,37.52849038,126.6769903
인천광역시,서구,국공립아라대성큰별어린이집,인천광역시 서구 이음1로 154 관리동,37.5820752,126.7083429
인천광역시,서구,국공립루원지웰푸르지오어린이집,인천광역시 서구 가정로 406 관리동,37.52146299,126.6739523
인천광역시,서구,국공립아라서로어린이집,인천광역시 서구 서로3로 49 관리동,37.5848198,126.7050822
인천광역시,서구,이음아이어린이집,인천광역시 서구 이음1로 332 리버파크 1801동 102호,37.59063789,126.7192114
인천광역시,서구,리버파크라온어린이집,인천광역시 서구 이음1로 332 대방리버파크 1807동 102호,37.59063789,126.7192114
인천광역시,서구,미소어린이집,인천광역시 서구 서로3로 255 디에트르더힐 2905동 101호,37.60100695,126.7093605
인천광역시,서구,아라새봄어린이집,인천광역시 서구 이음1로 154 검단 대성베르힐 705동 101호,37.5820752,126.7083429
인천광역시,서구,사랑샘어린이집,인천광역시 서구 서로3로 49 LH13단지 1305동 107호,37.5848198,126.7050822
인천광역시,서구,팅커벨포레나어린이집,인천광역시 서구 서곶로 120 포레나루원시티 205동 203호,37.52849038,126.6769903
인천광역시,서구,아이잼어린이집,인천광역시 서구 봉오대로 270 105동 104호(sk리더스뷰 2차(루원시티)),37.52391674,126.6802366
인천광역시,서구,아름별어린이집,"인천광역시 서구 서곶로 120 210동 202호(가정동, 포레나 루원시티)",37.52849038,126.6769903
인천광역시,서구,국공립아라모아숲어린이집,"인천광역시 서구 이음4로 93 관리동(원당동, 모아엘가 그랑데)데",37.59306759,126.7188328
인천광역시,서구,국공립루원SK2꿈가득어린이집,"인천광역시 서구 봉오대로 270 관리동(가정동,루원시티2차 SK Leader's VIEW)",37.52391674,126.6802366
인천광역시,서구,한울어린이집,"인천광역시 서구 봉오재2로 37 209동 102호(가정1동, 루원시티어울림)",37.53463294,126.6665551
인천광역시,서구,루원별어린이집,"인천광역시 서구 봉오대로 270 102동 103호(가정2동, 루원2차 SK 리더스뷰)",37.52391674,126.6802366
인천광역시,서구,인천검단소방서직장어린이집,인천광역시 서구 원당대로 736 ,37.59363428,126.6824784
인천광역시,서구,국공립아라한신어반파크어린이집,인천광역시 서구 매밭로 130 관리동,37.58802101,126.707758
인천광역시,서구,아이스토리어린이집,인천광역시 서구 경서로31번길 15 북청라하우스토리 관리동 어린이집,37.5556412,126.6518274
인천광역시,서구,국공립루원베르힐센트로어린이집,인천광역시 서구 서곶로 50 관리동,37.52321575,126.6788022
인천광역시,서구,국공립루원앨리스린어린이집,인천광역시 서구 서곶로 45 관리동,37.52171875,126.6783127
인천광역시,서구,국공립검암로열파크씨티1단지어린이집,인천광역시 서구 한들로 33 관리동,37.57876607,126.6645957
인천광역시,서구,국공립검암로열파크씨티2단지어린이집,인천광역시 서구 한들로 73 관리동,37.57805243,126.6691396
인천광역시,서구,한들자연숲어린이집,인천광역시 서구 한들로 73 205동 105호 (로열파크시티푸르지오2단지),37.57805243,126.6691396
인천광역시,서구,국공립당하꿈어린이집,"인천광역시 서구 독정로 111 관리동(당하동, 인천검단엘에이치36단지)",37.59042655,126.6803644
인천광역시,서구,꼬마린어린이집,"인천광역시 서구 서곶로 45 103동 101호(가정동, 루원 린스트라우스  더 린시티)",37.52171875,126.6783127
인천광역시,서구,애플키즈어린이집,인천광역시 서구 한들로 33 109동 104호(검암역 로열파크푸르지오),37.57876607,126.6645957
인천광역시,서구,로얄베베어린이집,"인천광역시 서구 한들로 33 111동 101호(백석동, 검암역로열파크씨티푸르지오1단지)",37.57876607,126.6645957
인천광역시,서구,국공립아라푸른숲어린이집,"인천광역시 서구 이음2로 90 관리동(당하동, 우미린 파크뷰 2단지)",37.58299791,126.7154726
인천광역시,서구,국공립아라늘푸른어린이집,"인천광역시 서구 이음2로 89 관리동(당하동, 우미린 파크뷰 1단지)",37.58359513,126.7166889
인천광역시,서구,국공립아라리버포레어린이집,"인천광역시 서구 이음3로 221 관리동(원당동, 우미린 리버포레)",37.59027912,126.7159721
인천광역시,서구,드림어린이집,인천광역시 서구 열우물로240번길 20 109동102호,37.48491433,126.6866483
인천광역시,서구,로얄토리어린이집,"인천광역시 서구 한들로 33 101동105호(백석동,검암역로열파크씨티푸르지오1단지)",37.57876607,126.6645957
인천광역시,서구,국공립가좌트루엘어린이집,"인천광역시 서구 열우물로240번길 20 관리동(가좌4동, 가재울역트루엘에코시티아파트)",37.48491433,126.6866483
인천광역시,서구,루원유레카어린이집,"인천광역시 서구 서곶로 120 206동203호(가정동,포레나루원시티)",37.52849038,126.6769903
인천광역시,서구,채움어린이집,"인천광역시 서구 이음2로 90 206동101호(당하동,우미린파크뷰2단지)",37.58299791,126.7154726
인천광역시,서구,예미지리틀어린이집,"인천광역시 서구 이음1로 136 903동106호(당하동,예미지더시그너스)",37.58035224,126.7051182
인천광역시,서구,예미지아라어린이집,"인천광역시 서구 이음1로 136 906동101호(당하동,예미지더시그너스)",37.58035224,126.7051182
인천광역시,서구,자람어린이집,"인천광역시 서구 이음1로 136 901동106호(당하동,예미지더시그너스)",37.58035224,126.7051182
인천광역시,서구,한내들하나어린이집,"인천광역시 서구 이음3로 130 1208동102호(당하동,유승한내들 에듀파크)",37.58789006,126.7053185
인천광역시,서구,소미어린이집,"인천광역시 서구 이음2로 89 104동 101호(당하동, 우미린파크뷰1단지)",37.58359513,126.7166889
인천광역시,서구,국공립아라예미지어린이집,"인천광역시 서구 이음1로 136 관리동(아라동, 예미지더시그너스)",37.58035224,126.7051182
인천광역시,서구,국공립가정해누리어린이집,"인천광역시 서구 행복2로 40 관리동(가정1동, 행복주택아파트)",37.53838698,126.6645318
인천광역시,서구,더베뉴예뜰어린이집,"인천광역시 서구 이음6로 33 3205동102호(원당동,검단신도시푸르지오더베뉴)",37.59756706,126.711339
인천광역시,서구,국공립뷰티풀파크어린이집,인천광역시 서구 보듬로 158 미플존 1층 120호,37.59586706,126.6148993
인천광역시,서구,호반써밋어린이집,"인천광역시 서구 이음5로 15 3101동104호(원당동,호반써밋1차)",37.59628481,126.7081316
인천광역시,서구,국공립검단자이1단지어린이집,인천광역시 서구 버들로 27 관리동(검단자이1단지),37.59723961,126.6390411
인천광역시,서구,국공립아라더시글로어린이집,인천광역시 서구 원당대로 966 관리동,37.59135264,126.7089076
인천광역시,서구,은담어린이집,"인천광역시 서구 이음5로 39 3002동101호(원당동,우미린더시그니처)",37.59651541,126.710599
인천광역시,서구,조이어린이집,"인천광역시 서구 이음3로 125 1102동104호(당하동,한신더휴캐널파크)",37.59020175,126.7049636
인천광역시,서구,국공립아라도담어린이집,"인천광역시 서구 이음1로 420 관리동(아라동, LH26단지)",37.59865237,126.7155642
인천광역시,서구,국공립아라어반센트로어린이집,인천광역시 서구 이음3로 101 관리동(e편한세상 어반센트로),37.58910911,126.7012348
인천광역시,서구,루원SK올리원어린이집,"인천광역시 서구 가정로 437 103동104호(가정동,루원시티SK리더스뷰)",37.52425246,126.6701177
인천광역시,서구,사랑나무어린이집,"인천광역시 서구 가정로 437 104동102호(가정동,루원시티SK리더스뷰)",37.52425246,126.6701177
인천광역시,서구,국공립왕길로열파크씨티1단지어린이집,"인천광역시 서구 검단로 380 관리동(오류왕길동, 왕길로열파크씨티푸르지오)",37.59720293,126.6489554
인천광역시,서구,국공립석남브라운스톤어린이집,인천광역시 서구 서달로 91 ,37.50766998,126.6782393
인천광역시,서구,리틀하임어린이집,"인천광역시 서구 검단로 380 113동102호(왕길동,왕길역로열파크씨티푸르지오)",37.59720293,126.6489554
인천광역시,서구,국공립풍경채산들바람어린이집,인천광역시 서구 금정로 12 관리동(풍경채어바니티1차),37.60561246,126.6989491
인천광역시,서구,국공립힐스꿈어린이집,인천광역시 서구 고산후로 249 관리동(힐스테이트 검단웰카운티),37.60767705,126.6979529
인천광역시,서구,국공립푸른숲힐스테이트어린이집,인천광역시 서구 용해로 20 관리동(힐스테이트검단포레스트),37.61606335,126.6820755
인천광역시,서구,고운별어린이집,인천광역시 서구 금정로 12 신검단중앙역 풍경채어바니티 4014-102,37.60561246,126.6989491
인천광역시,서구,국공립스위첸뿌리어린이집,"인천광역시 서구 청마로 124 관리동(당하동, kcc스위첸아파트)",37.58841993,126.6790265
인천광역시,서구,햇님이놀러온어린이집,인천광역시 서구 금정로 12 신검단중앙역 풍경채어바니티 4004-102,37.60561246,126.6989491
인천광역시,서구,풍경채하랑어린이집,인천광역시 서구 금정로 12 검단중앙역 제일풍경채어바니티 4001동 101호,37.60561246,126.6989491
인천광역시,서구,힐스맘어린이집,인천광역시 서구 고산후로 249 힐스테이트검단웰카운티 4202-104,37.60767705,126.6979529
인천광역시,서구,호반나래어린이집,인천광역시 서구 이음5로 15 3112동 102호,37.59628481,126.7081316
인천광역시,서구,국공립풍경채하늘꿈어린이집,인천광역시 서구 고산후로 305 관리동(신검단중앙역 풍경채어바니티2차),37.61193771,126.6951801
인천광역시,서구,아라꽃어린이집,인천광역시 서구 고산후로 305 풍경채어바니티2차 4707-102,37.61193771,126.6951801
인천광역시,서구,국공립아라빛어린이집,"인천광역시 서구 원당대로 938 관리동(당하동, 아라역 금강펜테리움 더 시글로2차 아파트)",37.59127837,126.7070022
인천광역시,서구,국공립당하행복꿈어린이집,인천광역시 서구 독정로 77 관리동(인천검단LH37단지),37.58739186,126.6827071
인천광역시,서구,국공립클래스원어린이집,인천광역시 서구 금정로 11 관리동(신검단 중앙역 우미린클래스원),37.60659853,126.699136
인천광역시,서구,국공립금강여울빛어린이집,인천광역시 서구 동화시로 97 검단신도시 금강펜테리움3차 센트럴파크,37.61136703,126.6943783
인천광역시,강화군,길상군립어린이집,인천광역시 강화군 길상면 길상로95번길 37-11 ,37.63387732,126.5162888
인천광역시,강화군,코끼리어린이집,인천광역시 강화군 충렬사로 52-2 코끼리어린이집,37.7354611,126.4829025
인천광역시,강화군,한마음어린이집,인천광역시 강화군 강화읍 동문로152번길 41-14 ,37.75340136,126.5007467
인천광역시,강화군,강화군립어린이집,인천광역시 강화군 시리미로 193 ,37.7267486,126.4592235
인천광역시,강화군,늘푸른어린이집,인천광역시 강화군 강화읍 갑룡길73번길 41 ,37.7437569,126.4976811
인천광역시,강화군,불은군립어린이집,인천광역시 강화군 불은면 덕진로 216 ,37.65409466,126.5049695
인천광역시,강화군,하점군립어린이집,인천광역시 강화군 하점면 고려산로 464-14 ,37.75330968,126.3976007
인천광역시,강화군,강화남산군립어린이집,인천광역시 강화군 강화읍 충렬사로 155 ,37.72925474,126.4748517
인천광역시,강화군,삼산군립어린이집,인천광역시 강화군 삼산면 삼산남로 498-6 ,37.66859371,126.3458872
인천광역시,강화군,강화군청어린이집,인천광역시 강화군 강화읍 강화대로 394 ,37.7461586,126.4877407
인천광역시,강화군,서희군립어린이집,인천광역시 강화군 중앙로 162-31 104동 1층,37.73010027,126.4876017
인천광역시,강화군,콩콩이어린이집,인천광역시 강화군 강화읍 향나무길 12 신문2단지 203동 112호,37.74742117,126.4794452
인천광역시,옹진군,공립대청어린이집,인천광역시 옹진군 대청로244번길 116-22 ,37.83270338,124.695571
인천광역시,옹진군,백령어린이집,인천광역시 옹진군 백령면 백령로 846-17 ,37.95933076,124.6637742
인천광역시,옹진군,연평공립어린이집,인천광역시 옹진군 연평로137번길 47  -4 ,37.66212916,125.7003161
인천광역시,옹진군,공립영흥어린이집,인천광역시 옹진군 영흥면 영흥북로 246 ,37.27226785,126.4934955
인천광역시,옹진군,공립덕적어린이집,인천광역시 옹진군 덕적면 덕적북로133번길 71 ,37.22463082,126.1443919
인천광역시,옹진군,공립자월보듬이나눔이어린이집,인천광역시 옹진군 자월면 자월서로164번길 23 ,37.25450615,126.3082377
인천광역시,옹진군,영흥 빛누리 어린이집,인천광역시 옹진군 영흥면 영흥남로369번길 22 ,37.24994405,126.4546886
인천광역시,옹진군,해병대흑룡어린이집,인천광역시 옹진군 백령면 백령로 783 해병대 흑룡어린이집,37.96064802,124.6685206
인천광역시,옹진군,공립진촌어린이집,인천광역시 옹진군 백령면 백령로 359 ,37.97318823,124.7090052
인천광역시,옹진군,공립장봉어린이집,인천광역시 옹진군 북도면 장봉로 229 공립장봉어린이집,37.53117627,126.3686175
서울특별시,종로구,삼청어린이집,서울특별시 종로구 삼청로7길 26 (팔판동),37.58403216,126.980481
서울특별시,종로구,창신어린이집,서울특별시 종로구 창신5길 22 (창신동),37.57364777,127.0120173
서울특별시,종로구,아동회관어린이집,서울특별시 종로구 지봉로13길 14 아동회관어린이집,37.57894831,127.0144675
서울특별시,종로구,부암어린이집,서울특별시 종로구 세검정로6다길 10-7 ,37.60160465,126.9630991
서울특별시,종로구,낙산어린이집,서울특별시 종로구 창신길 210-11 낙산어린이집 (창신동),37.57954675,127.0101829
서울특별시,종로구,한빛어린이집,서울특별시 종로구 종로65길 10 (숭인동),37.57487529,127.0199617
서울특별시,종로구,세종마을어린이집,서울특별시 종로구 옥인길 89 (옥인동),37.5819677,126.9639411
서울특별시,종로구,조은어린이집,서울특별시 종로구 지봉로12가길 35 (숭인동),37.57566449,127.0169814
서울특별시,종로구,누상어린이집,서울특별시 종로구 옥인길 23-4 (누상동),37.5807933,126.9671944
서울특별시,종로구,무악어린이집,서울특별시 종로구 통일로18길 64 (무악동),37.5760945,126.9603603
서울특별시,종로구,가회어린이집,서울특별시 종로구 북촌로12길 12-2 가회어린이집 (가회동),37.58183287,126.9857427
서울특별시,종로구,상록수어린이집,서울특별시 종로구 송월1길 73-7 상록수어린이집,37.57276226,126.9646032
서울특별시,종로구,혜화어린이집,서울특별시 종로구 대학로14길 34 ,37.58477617,127.0025357
서울특별시,종로구,인왕어린이집,서울특별시 종로구 통일로18길 9 인왕산 아이파크단지내,37.57767072,126.9553549
서울특별시,종로구,청운별빛어린이집,서울특별시 종로구 자하문로35길 21 ,37.58837042,126.9660526
서울특별시,종로구,사직어린이집,서울특별시 종로구 필운대로1길 16-8 ,37.57811623,126.9687027
서울특별시,종로구,종로구청직장어린이집,서울특별시 종로구 새문안로 41 1층,37.56898165,126.9696457
서울특별시,종로구,숭인어린이집,서울특별시 종로구 지봉로 86 (숭인동),37.57782273,127.0156281
서울특별시,종로구,초동어린이집,서울특별시 종로구 돈화문로5가길 23 (돈의동),37.57175804,126.9912741
서울특별시,종로구,명륜어린이집,서울특별시 종로구 성균관로13길 66 (명륜1가),37.59135514,126.9949389
서울특별시,종로구,창신제일어린이집,서울특별시 종로구 낙산성곽동길 69 창신동,37.57855434,127.0085872
서울특별시,종로구,다솔 방과후교실 어린이집,서울특별시 종로구 통일로8길 16 (송월동),37.56941474,126.9653197
서울특별시,종로구,서울청사푸른빛어린이집,서울특별시 종로구 세종대로 209 서울청사관리소,37.57490789,126.9752073
서울특별시,종로구,서울대학교병원어린이집,서울특별시 종로구 대학로 101 1층,37.58045239,126.9971964
서울특별시,종로구,안동어린이집,서울특별시 종로구 북촌로7길 3-10 ,37.57992926,126.9843698
서울특별시,종로구,SK행복어린이집,서울특별시 종로구 종로 26 SK서린동빌딩 2층,37.56969128,126.9803037
서울특별시,종로구,KT혜화 어린이집,서울특별시 종로구 대학로 65 (연건동),37.57715324,127.0015492
서울특별시,종로구,무궁화어린이집,서울특별시 종로구 자하문로28길 8 외 1 (궁정동),37.58479663,126.9711012
서울특별시,종로구,대학로어린이집,서울특별시 종로구 이화장길 86-22 ,37.57935245,127.0054912
서울특별시,종로구,kids-sure어린이집,서울특별시 종로구 종로 14 (서린동),37.56981266,126.9788619
서울특별시,종로구,미래나무어린이집,서울특별시 종로구 종로33길 15 (연지동),37.57181233,127.0010001
서울특별시,종로구,교보생명다솜이어린이집,서울특별시 종로구 신문로2가 경희궁1가길 3 ,37.57206803,126.9693744
서울특별시,종로구,KIM&CHANG 어린이집,서울특별시 종로구 신문로2가 경희궁길 26 썬타워빌딩 1층,37.5722735,126.9709911
서울특별시,종로구,SK ecoplant 행복날개어린이집,서울특별시 종로구 율곡로2길 19 SK ecoplant 행복날개어린이집,37.57453722,126.9810189
서울특별시,종로구,현대다솜어린이집,서울특별시 종로구 창덕궁길 19 현대다솜어린이집,37.57823299,126.9885657
서울특별시,종로구,구기어린이집,서울특별시 종로구 진흥로22길 8-1 (구기동),37.60668076,126.9582999
서울특별시,종로구,종로숲어린이집,서울특별시 종로구 평창문화로 73-7 종로숲어린이집,37.60646886,126.968177
서울특별시,종로구,GS건설 꿈과 희망의 어린이집,서울특별시 종로구 종로 33 그랑서울 타워2  (2층),37.57096177,126.981438
서울특별시,종로구,LG광화문어린이집,서울특별시 종로구 신문로2가 새문안로 58 ,37.56926891,126.9715622
서울특별시,종로구,현대해상 온마음어린이집,서울특별시 종로구 신문로2가 경희궁1길 9 ,37.57112402,126.9710221
서울특별시,종로구,창경어린이집,서울특별시 종로구 성균관로1길 6-3 ,37.58343829,126.9977809
서울특별시,종로구,아이누리 어린이집,서울특별시 종로구 사직로8길 20 파크팰리스 제1층 제101호,37.57393033,126.9705923
서울특별시,종로구,SGI서울보증 어린이집,서울특별시 종로구 김상옥로 29 2층,37.57364622,127.0006022
서울특별시,종로구,서울경찰청어린이집,서울특별시 종로구 사직로8길 31 ,37.57494627,126.9719797
서울특별시,종로구,SC으뜸별 어린이집,서울특별시 종로구 종로 47 ,37.57112501,126.9824389
서울특별시,종로구,도담도담어린이집,서울특별시 종로구 숭인동길 47 ,37.577065,127.021862
서울특별시,종로구,경희궁자이어린이집,서울특별시 종로구 경교장길 35 306동 데크층,37.56885372,126.9651149
서울특별시,종로구,경희궁솔빛어린이집,서울특별시 종로구 송월길 99 210동 1층,37.5708611,126.9623523
서울특별시,종로구,동화속아이들어린이집,서울특별시 종로구 통일로 246-11 무악현대아파트 단지내,37.57521309,126.9591271
서울특별시,종로구,삼양어린이집,서울특별시 종로구 종로33길 31 ,37.57261088,127.0010937
서울특별시,종로구,선재어린이집,서울특별시 종로구 우정국로 51-4 ,37.57345432,126.9822515
서울특별시,종로구,라이나생명 키즈나루 어린이집,서울특별시 종로구 삼봉로 48 라이나타워 2층,37.57209229,126.9799796
서울특별시,종로구,서울지방국세청 우리누리어린이집,서울특별시 종로구 종로5길 86 ,37.57410276,126.9799674
서울특별시,종로구,로카키즈어린이집,서울특별시 종로구 새문안로2길 10 1층,37.56870301,126.971984
서울특별시,종로구,청정원 종로 어린이집,서울특별시 종로구 창경궁로 120 종로플레이스 2층,37.57298154,126.9982495
서울특별시,종로구,감사원어린이집,서울특별시 종로구 북촌로 127 ,37.58720177,126.9834572
서울특별시,종로구,연동어린이집,서울특별시 종로구 대학로3길 9 연지동,37.5739848,127.0013443
서울특별시,종로구,강북삼성병원 효석어린이집,서울특별시 종로구 경교장길 8 1층,37.56741607,126.9663051
서울특별시,종로구,KT광화문 어린이집,"서울특별시 종로구 세종대로 178 3층(세종로, KT 광화문빌딩 West)",37.57215064,126.9777916
서울특별시,중구,다산어린이집,서울특별시 중구 동호로15길 50 (신당동),37.55433289,127.0082945
서울특별시,중구,단우물 어린이집,서울특별시 중구 다산로48길 33 단우물어린이집(황학동),37.56747861,127.0180182
서울특별시,중구,중구청직장어린이집,서울특별시 중구 마른내로12길 17-19 ,37.56384707,127.0011983
서울특별시,중구,충무어린이집,서울특별시 중구 동호로27길 21 (묵정동),37.56026479,127.0017325
서울특별시,중구,신당중앙어린이집,서울특별시 중구 다산로 165 (신당동),37.55836749,127.0122146
서울특별시,중구,약수교회어린이집,서울특별시 중구 다산로8길 32 (신당동),37.55254906,127.0109232
서울특별시,중구,중림어린이집,서울특별시 중구 만리재로35길 12 (만리동1가),37.55566018,126.9677364
서울특별시,중구,필동어린이집,서울특별시 중구 퇴계로36가길 60 (필동2가),37.55769291,126.9954784
서울특별시,중구,회현어린이집,서울특별시 중구 퇴계로12가길 23 (회현동1가),37.55586783,126.9808297
서울특별시,중구,가명어린이집,서울특별시 중구 청파로 447-1 ,37.55919341,126.9669801
서울특별시,중구,신당동어린이집,서울특별시 중구 청구로8길 41 (신당동),37.56221957,127.0141323
서울특별시,중구,청구어린이집,서울특별시 중구 다산로24길 81 (신당동),37.55719861,127.0167127
서울특별시,중구,황학어린이집,서울특별시 중구 난계로15길 23 (황학동),37.56877864,127.022328
서울특별시,중구,영락교회어린이집,서울특별시 중구 수표로 33 (저동2가),37.56319489,126.9891046
서울특별시,중구,약수어린이집,서울특별시 중구 다산로6길 15 (신당동),37.55234053,127.0092779
서울특별시,중구,만리어린이집,서울특별시 중구 만리동2가 만리재로 175 (만리동2가),37.55479085,126.9644544
서울특별시,중구,신당5동어린이집,서울특별시 중구 퇴계로88가길 8-10 ,37.5630276,127.0207814
서울특별시,중구,남산숲어린이집,서울특별시 중구 동호로5길 193 남산숲어린이집 (신당동),37.54655209,127.0089754
서울특별시,중구,동화나라어린이집,서울특별시 중구 다산로38길 80 (신당동),37.56154463,127.0192972
서울특별시,중구,다솜어린이집,"서울특별시 중구 동호로10길 30 103동 101호(신당동, 약수하이츠)",37.5551916,127.0163594
서울특별시,중구,신당삼성어린이집,서울특별시 중구 동호로15길 21-36 ,37.55577702,127.0093122
서울특별시,중구,한솔어린이집,서울특별시 중구 다산로 32 남산타운 단지내  한솔어린이집,37.54715055,127.0057062
서울특별시,중구,아기사랑어린이집,서울특별시 중구 다산로32길 25 (신당동),37.56088047,127.0158732
서울특별시,중구,경동어린이집,서울특별시 중구 장충단로 204 ,37.56309561,127.0072109
서울특별시,중구,신일교회어린이집,서울특별시 중구 다산로 128-9 ,37.55502404,127.0115223
서울특별시,중구,SKT행복날개어린이집,서울특별시 중구 을지로2가 을지로 65 SK-T타워 3층,37.56648804,126.985128
서울특별시,중구,엔젤어린이집,"서울특별시 중구 중림로 10 106동 103호(중림동, 사이버빌리지)",37.55892666,126.9643209
서울특별시,중구,롯데캐슬어린이집,서울특별시 중구 청계천로 400 롯데캐슬베네치아아파트 103동7층관리동 (황학동),37.57081055,127.0214639
서울특별시,중구,우리누리 어린이집,서울특별시 중구 삼일대로 340 나라키움빌딩 2층 (저동1가),37.5650468,126.9881845
서울특별시,중구,남산타운어린이집,서울특별시 중구 다산로 32 (신당동),37.54715055,127.0057062
서울특별시,중구,한국은행 어린이집,서울특별시 중구 남대문로 39 한국은행 통합별관 5층,37.5625152,126.9797235
서울특별시,중구,햇살어린이집,"서울특별시 중구 동호로14길 11-8 B동 102호(신당동, 뉴타운빌)",37.5565652,127.0105214
서울특별시,중구,CJ키즈빌 어린이집,서울특별시 중구 동호로 330 (쌍림동),37.56397362,127.0032532
서울특별시,중구,리틀포도나무어린이집,서울특별시 중구 퇴계로90길 74 래미안하이베르아파트 관리동1층,37.56103798,127.0209858
서울특별시,중구,농협중앙회어린이집,서울특별시 중구 새문안로 16 ,37.56649912,126.9685556
서울특별시,중구,동화어린이집,서울특별시 중구 청구로 64 청구e편한세상아파트 106동 1층,37.55996016,127.015451
서울특별시,중구,해피맘어린이집,서울특별시 중구 청계천로 400 롯데캐슬베네치아 105동 704호,37.57081055,127.0214639
서울특별시,중구,무지개어린이집,"서울특별시 중구 청구로1길 23 113동 103호(신당동,신당삼성아파트)",37.55853588,127.0184475
서울특별시,중구,키즈숲 어린이집,"서울특별시 중구 다산로 32 15동 101호(신당동, 남산타운)",37.54715055,127.0057062
서울특별시,중구,예금보험공사어린이집,서울특별시 중구 청계천로 30 2층,37.56852962,126.9808043
서울특별시,중구,SK브로드밴드 행복한 어린이집,서울특별시 중구 퇴계로 24 남산소월타워 4층,37.55658764,126.9759644
서울특별시,중구,을지로 하나금융그룹 직장어린이집,서울특별시 중구 을지로2가 을지로 55 하나은행 2층,37.56640915,126.984024
서울특별시,중구,한화태평로어린이집,서울특별시 중구 태평로2가 세종대로 92 4층,37.56423328,126.9775718
서울특별시,중구,GKL행복어린이집,서울특별시 중구 남대문로5가 한강대로 416 서울스퀘어 5층,37.55550363,126.9737513
서울특별시,중구,롯데mom편한어린이집,"서울특별시 중구 회현동1가 소공로 35 남산롯데캐슬아이리스 210호, 211호",37.55822471,126.9817445
서울특별시,중구,우리은행어린이집,서울특별시 중구 회현동1가 소공로 51 ,37.55943907,126.9817507
서울특별시,중구,미담어린이집,서울특별시 중구 퇴계로 447 A동 204호,37.56604198,127.0217218
서울특별시,중구,IBK 참! 좋은 어린이집,서울특별시 중구 을지로2가 을지로 82 ,37.56570594,126.9870838
서울특별시,중구,LG서울역어린이집,서울특별시 중구 남대문로5가 후암로 98 2층,37.55392083,126.9749
서울특별시,중구,늘푸른어린이집,서울특별시 중구 만리동2가 만리재로21길 9 ,37.55281886,126.9630694
서울특별시,중구,신한꿈나무어린이집,서울특별시 중구 을지로2가 삼일대로 358 신한L타워 3층,37.56648901,126.9881037
서울특별시,중구,명동하나금융그룹직장어린이집,서울특별시 중구 을지로2가 을지로 66 하나금융그룹 명동사옥 2층,37.56515464,126.9850107
서울특별시,중구,교원&하나투어 공동직장어린이집,서울특별시 중구 을지로2가 을지로 55 교원명동빌딩 3층,37.56640915,126.984024
서울특별시,중구,푸르지오비씨 어린이집,서울특별시 중구 을지로4가 을지로 170 ,37.56613918,126.9973275
서울특별시,중구,신당하나어린이집,서울특별시 중구 왕십리로 407 신당파인힐하나유보라 103동 1층,37.56478,127.02471
서울특별시,중구,아이다움어린이집,서울특별시 중구 난계로 130 102동 102호,37.56334224,127.0244518
서울특별시,중구,농협중앙회 별관 어린이집,서울특별시 중구 새문안로 16 농협중앙회 별관 2층,37.56649912,126.9685556
서울특별시,중구,현대캐피탈 도담어린이집,서울특별시 중구 세종대로 14 그랜드센트럴 2층 현대캐피탈 도담어린이집,37.55783853,126.9744151
서울특별시,중구,세운어린이집,서울특별시 중구 을지로15길 32 힐스테이트 세운센트럴 2단지,37.56810001,126.9944136
서울특별시,중구,이마트 어린이집,서울특별시 중구 세종대로7길 37 1층(순화동),37.5607512,126.9724897
서울특별시,중구,새봄어린이집,서울특별시 중구 청계천로 400 101동 709호,37.57081055,127.0214639
서울특별시,중구,메리츠 어린이집,서울특별시 중구 서소문로 95 정안빌딩 1층,37.56282459,126.9718001
서울특별시,용산구,서계어린이집,서울특별시 용산구 청파로93길 25 서계어린이집,37.55396346,126.9678807
서울특별시,용산구,소월어린이집,서울특별시 용산구 신흥로18길 3-5 ,37.54613505,126.985826
서울특별시,용산구,용산교회어린이집,서울특별시 용산구 원효로1가 백범로77길 36 ,37.53989066,126.9656211
서울특별시,용산구,후암어린이집,서울특별시 용산구 두텁바위로1길 86 (후암동),37.54768838,126.9758702
서울특별시,용산구,새싹어린이집,서울특별시 용산구 원효로67길 13 (원효로2가),37.53758007,126.9638952
서울특별시,용산구,청파어린이집,서울특별시 용산구 청파로49길 19 (청파동2가),37.54529967,126.969038
서울특별시,용산구,절제어린이집,서울특별시 용산구 후암로57길 57 (동자동),37.55090358,126.9741195
서울특별시,용산구,원효어린이집,서울특별시 용산구 원효로41가길 14-19 ,37.53479369,126.9565572
서울특별시,용산구,이태원어린이집,서울특별시 용산구 녹사평대로40나길 38-3 ,37.5363015,126.9888448
서울특별시,용산구,이촌어린이집,서울특별시 용산구 이촌로14길 11-22 ,37.52689154,126.9543894
서울특별시,용산구,용산어린이집,서울특별시 용산구 한강로2가 한강대로38길 28 용산어린이집,37.52814026,126.9692278
서울특별시,용산구,도원어린이집,서울특별시 용산구 효창원로37마길 8 도원어린이집 (용문동),37.53827552,126.9585887
서울특별시,용산구,해방어린이집,서울특별시 용산구 소월로20길 43 해방어린이집 (용산동2가),37.54446163,126.9851504
서울특별시,용산구,솔어린이집,서울특별시 용산구 장문로 95 (보광동),37.5263092,127.0001733
서울특별시,용산구,동빙고어린이집,서울특별시 용산구 녹사평대로14길 7 (동빙고동),37.52360262,126.9940105
서울특별시,용산구,백송어린이집,서울특별시 용산구 효창원로76길 25-6 ,37.54361203,126.9634386
서울특별시,용산구,한남어린이집,서울특별시 용산구 대사관로5길 1 (한남동),37.53456471,127.0004949
서울특별시,용산구,청화어린이집,"서울특별시 용산구 보광로 14 A동 108호(보광동, 신동아1차아파트)",37.52584904,127.0022205
서울특별시,용산구,이태원삼성어린이집,서울특별시 용산구 이태원로27길 34-30 ,37.53534633,126.9953979
서울특별시,용산구,꿈동이어린이집,"서울특별시 용산구 이촌로87길 21 101동 101호(이촌동, 이촌코오롱)",37.52030091,126.9786385
서울특별시,용산구,상록어린이집,서울특별시 용산구 백범로45길 4 (효창동),37.54096329,126.9583119
서울특별시,용산구,꿈밭어린이집,서울특별시 용산구 이촌로81길 34 꿈밭어린이집,37.52065458,126.9773162
서울특별시,용산구,효창어린이집,서울특별시 용산구 효창원로69길 14-3 (효창동),37.54219005,126.9613605
서울특별시,용산구,반석어린이집,서울특별시 용산구 효창원로 178 (청파동3가),37.5436373,126.9626806
서울특별시,용산구,해솔어린이집,서울특별시 용산구 장문로19길 31 ,37.5264338,126.999239
서울특별시,용산구,새날어린이집,서울특별시 용산구 새창로8길 7 삼성래미안아파트 2단지내 관리동1층 (도원동),37.53967683,126.9562773
서울특별시,용산구,새꿈어린이집,서울특별시 용산구 후암로57길 26 (동자동),37.55240703,126.9735346
서울특별시,용산구,신태양 어린이집,서울특별시 용산구 만리재로 178 (서계동),37.55405919,126.9661131
서울특별시,용산구,새랑꿈이랑 어린이집,서울특별시 용산구 새창로 70 삼성래미안아파트 단지내 (도원동),37.53860305,126.9549435
서울특별시,용산구,선인방과후교실어린이집,서울특별시 용산구 효창원로8길 17 선인중앙교회 (원효로4가),37.53392819,126.9521381
서울특별시,용산구,참나무방과후 어린이집,서울특별시 용산구 새창로12길 11-18 용산제일교회내 참나무방과후교실 (도원동),37.53885759,126.9581384
서울특별시,용산구,완두콩어린이집,서울특별시 용산구 청파로71길 58 아이딜아파트 101호 (청파동1가),37.5494539,126.9669874
서울특별시,용산구,엘지유플러스어린이집,서울특별시 용산구 한강로3가 한강대로 32 ,37.52378796,126.9635089
서울특별시,용산구,영주어린이집,서울특별시 용산구 두텁바위로 91 (후암동),37.54745084,126.9817056
서울특별시,용산구,누리터어린이집,"서울특별시 용산구 백범로90길 74 102동 102호(문배동, 용산이안아파트)",37.53807675,126.9698651
서울특별시,용산구,하연어린이집,서울특별시 용산구 효창원로86라길 31-10 현대휴먼101호 (청파동1가),37.54811268,126.966712
서울특별시,용산구,아이제일어린이집,서울특별시 용산구 이태원로49길 24-7 아이제일어린이집 (한남동),37.53712986,126.9990567
서울특별시,용산구,푸른숲속어린이집,"서울특별시 용산구 효창원로 17 104동 103호(산천동, 리버힐삼성아파트)",37.53443266,126.9501826
서울특별시,용산구,늘해랑어린이집,"서울특별시 용산구 이촌로29길 21-7 103동 102호(한강로3가, 우림필유아파트)",37.52509385,126.9593018
서울특별시,용산구,예꿈어린이집,서울특별시 용산구 이촌로 347 1동 102호,37.51910028,126.9897372
서울특별시,용산구,한강로어린이집,서울특별시 용산구 서빙고로 35 111호~113호(용산시티파크1단지),37.52479757,126.9686524
서울특별시,용산구,용산구청직장어린이집,서울특별시 용산구 녹사평대로 150 종합행정타운 1층 (이태원동),37.53245229,126.9904788
서울특별시,용산구,맘앤키즈어린이집,"서울특별시 용산구 효창원로 17 107동 105호(산천동, 삼성리버힐아파트)",37.53443266,126.9501826
서울특별시,용산구,도원삼성어린이집,"서울특별시 용산구 새창로 70 112동 104호(도원동, 삼성래미안아파트)",37.53860305,126.9549435
서울특별시,용산구,서머힐어린이집,"서울특별시 용산구 장문로 27 상가동, 102호 (이태원동, 청화아파트)",37.52910718,126.9936729
서울특별시,용산구,서빙고어린이집,서울특별시 용산구 녹사평대로 66 대우푸르지오파크타운 208동앞,37.52472206,126.9931456
서울특별시,용산구,행복한어린이집,서울특별시 용산구 원효로 216 신계동49 이편한테마트 1층 101호,37.53672336,126.9665272
서울특별시,용산구,즐거운어린이집,서울특별시 용산구 이촌로 201 202동 101호(한가람아파트),37.52134838,126.9701562
서울특별시,용산구,생각이자라는어린이집,"서울특별시 용산구 이촌로 100-8 103동 102호 (이촌제2동, 동아그린아파트)",37.52448791,126.9579682
서울특별시,용산구,노벨어린이집,서울특별시 용산구 후암로22길 10 104호(후암동),37.54918761,126.9780212
서울특별시,용산구,IBK 참!좋은 어린이집,서울특별시 용산구 한남대로 72 4층,37.53506555,127.0070553
서울특별시,용산구,초록어린이집,"서울특별시 용산구 이촌로 181 108동 103호(이촌동, 한강대우아파트)",37.5221513,126.9706636
서울특별시,용산구,고운꿈어린이집,"서울특별시 용산구 이촌로 181 106동 102호(이촌동, 한강대우아파트)",37.5221513,126.9706636
서울특별시,용산구,미래어린이집,서울특별시 용산구 후암로16나길 13 ,37.54903719,126.9783078
서울특별시,용산구,DB손해보험 아이사랑 어린이집,서울특별시 용산구 후암로 107 게이트웨이타워 3층,37.55346166,126.9735641
서울특별시,용산구,숙명직장어린이집,서울특별시 용산구 청파로47길 100 사회교육관 1층(숙명여자대학교 제2캠퍼스),37.54547408,126.9650744
서울특별시,용산구,더프라임어린이집,"서울특별시 용산구 원효로90길 11 (원효로1가, 용산더프라임)",37.5403958,126.9697185
서울특별시,용산구,지구촌어린이집,서울특별시 용산구 회나무로28길 13 ,37.53937931,126.9921981
서울특별시,용산구,순천향대학교서울병원어린이집,서울특별시 용산구 독서당로20길 9-5 1층,37.53338224,127.0092912
서울특별시,용산구,샘물어린이집,서울특별시 용산구 원효로4가 원효로19길 49 ,37.53420937,126.9545934
서울특별시,용산구,푸른꿈어린이집,"서울특별시 용산구 백범로 260 효창파크푸르지오아파트 104동, 1층",37.54049594,126.9577964
서울특별시,용산구,새둥지어린이집,서울특별시 용산구 이촌로65가길 3 110동 101호,37.52232623,126.9719669
서울특별시,용산구,새순어린이집,"서울특별시 용산구 원효로35길 37-7 1,2층",37.53488815,126.9552212
서울특별시,용산구,늘봄어린이집,서울특별시 용산구 이촌로2가길 122 105동 106호,37.52546565,126.9544787
서울특별시,용산구,꿈나무어린이집,서울특별시 용산구 원효로1가 백범로 329 꿈나무어린이집,37.5389038,126.9650122
서울특별시,용산구,용문어린이집,서울특별시 용산구 효창원로 88 브라운스톤용산 104-103,37.53665117,126.9590341
서울특별시,용산구,아모레퍼시픽 서울어린이집,서울특별시 용산구 한강대로 100 (주)아모레퍼시픽 2층,37.52879118,126.9686736
서울특별시,용산구,맑은숲어린이집,서울특별시 용산구 한남대로40길 76 맑은숲어린이집,37.5450369,127.0032931
서울특별시,용산구,사랑나무어린이집,서울특별시 용산구 후암로 4-8 후암동,37.54635466,126.9788473
서울특별시,용산구,사랑꿈어린이집,서울특별시 용산구 원효로 216 관리동 1층,37.53672336,126.9665272
서울특별시,용산구,삼일어린이집,"서울특별시 용산구 한강대로 95 B동 4층 410호(한강로2가,래미안용산)",37.52881739,126.9666538
서울특별시,용산구,동부이촌어린이집,서울특별시 용산구 이촌로 193 관리동 1층,37.52159399,126.9683923
서울특별시,용산구,해늘어린이집,"서울특별시 용산구 이촌로34길 29 이촌동, 현대한강아파트 관리동",37.52363771,126.9566654
서울특별시,용산구,용산캐슬어린이집,"서울특별시 용산구 백범로 313 키즈클럽(효창동,롯데캐슬센터포레)",37.53930231,126.9629485
서울특별시,용산구,용산소방서직장어린이집,서울특별시 용산구 한강대로 167 용산소방서,37.53410744,126.9715065
서울특별시,용산구,국립중앙박물관 해누림 어린이집,서울특별시 용산구 서빙고로 137 국립중앙박물관,37.52470224,126.9777402
서울특별시,용산구,목멱어린이집,서울특별시 용산구 회나무로12나길 10 ,37.53820277,126.9906588
서울특별시,용산구,큰나래어린이집,"서울특별시 용산구 서빙고로 17 102동 1,2,3층",37.52690561,126.9665662
서울특별시,용산구,삼각지어린이집,"서울특별시 용산구 백범로99길 40 1,2층",37.53582586,126.9716393
서울특별시,용산구,원효루미니어린이집,서울특별시 용산구 원효로97길 15 1층,37.5414179,126.9693725
서울특별시,용산구,데시앙아띠어린이집,서울특별시 용산구 효창원로 227 106동 1층,37.5473793,126.9620391
서울특별시,성동구,꿈터 어린이집,서울특별시 성동구 용답중앙길 89-2 ,37.56233692,127.0551542
서울특별시,성동구,구립 홍익어린이집,서울특별시 성동구 마장로 141 (홍익동),37.56787682,127.02553
서울특별시,성동구,구립 금옥어린이집,서울특별시 성동구 매봉18길 1 (옥수동),37.54957135,127.0127321
서울특별시,성동구,구립 연꽃어린이집,서울특별시 성동구 한림말길 16-5 ,37.54046702,127.0127563
서울특별시,성동구,구립 금봉어린이집,서울특별시 성동구 독서당로57가길 24 금봉어린이집,37.55250646,127.0285701
서울특별시,성동구,구립 사근다솜어린이집,서울특별시 성동구 사근동길 37 (사근동),37.56149957,127.045326
서울특별시,성동구,구립 은행어린이집,서울특별시 성동구 고산자로10길 18 (행당동),37.55850972,127.0361515
서울특별시,성동구,구립 대현어린이집,서울특별시 성동구 행당로 15 (금호동1가),37.55485999,127.0216494
서울특별시,성동구,구립 마장어린이집,서울특별시 성동구 마장로44길 10 (마장동),37.56641189,127.04558
서울특별시,성동구,구립 금사어린이집,서울특별시 성동구 독서당로46길 26 (금호동4가),37.54718056,127.0223825
서울특별시,성동구,구립 성일어린이집,서울특별시 성동구 왕십리로16길 12-21 (성수동1가),37.55006172,127.0459169
서울특별시,성동구,구립 성수어린이집,서울특별시 성동구 광나루로2길 14 (성수동2가),37.54950681,127.0533848
서울특별시,성동구,구립 금호어린이집,서울특별시 성동구 금호동2가 매봉18길 125 금호어린이집,37.55687994,127.0190319
서울특별시,성동구,구립 무학어린이집,서울특별시 성동구 난계로 114-31 금호베스트빌아파트 임대관리동 (하왕십리동),37.56123125,127.0259523
서울특별시,성동구,구립 진터마루어린이집,서울특별시 성동구 둘레3길 18 (성수동1가),37.53875281,127.0473408
서울특별시,성동구,구립 응봉어린이집,서울특별시 성동구 독서당로60길 12-7 ,37.54896243,127.0305458
서울특별시,성동구,구립 행당어린이집,서울특별시 성동구 행당로 82 한진2차아파트 관리동2층 (행당동),37.55480888,127.0273997
서울특별시,성동구,구립 도선어린이집,서울특별시 성동구 왕십리로30길 17-1 ,37.56609866,127.0306118
서울특별시,성동구,성동구청 무지개 어린이집,서울특별시 성동구 왕십리로 281 (행당동)1층,37.55930723,127.0360064
서울특별시,성동구,구립 성덕어린이집,서울특별시 성동구 성수이로3길 14-7 ,37.53716632,127.0530726
서울특별시,성동구,본향어린이집,서울특별시 성동구 난계로 61  -46 본향어린이집,37.55766078,127.0242131
서울특별시,성동구,구립 서마어린이집,서울특별시 성동구 청계천로 546 (마장동),37.57170755,127.0368989
서울특별시,성동구,구립 성원어린이집,서울특별시 성동구 뚝섬로3길 18 (성수동1가),37.54203238,127.0496885
서울특별시,성동구,구립 동호어린이집,서울특별시 성동구 금호동3가 금호산9길 9 (금호동3가),37.54994483,127.0192718
서울특별시,성동구,구립 금일어린이집,서울특별시 성동구 난계로 18 (금호동1가),37.55373617,127.0248896
서울특별시,성동구,헤세드어린이집,서울특별시 성동구 독서당로 375 (응봉동),37.54953757,127.0290009
서울특별시,성동구,구립 단비어린이집,서울특별시 성동구 용답중앙길 49 (용답동),37.56478214,127.0517587
서울특별시,성동구,한양대학교 한양어린이집,서울특별시 성동구 왕십리로 222-1 한양대학교 내,37.55858154,127.0457157
서울특별시,성동구,성호 어린이집,서울특별시 성동구 금호산12길 10 (금호동3가),37.55162918,127.0202118
서울특별시,성동구,구립 송화어린이집,서울특별시 성동구 송정18가길 29 (송정동),37.55497104,127.0692697
서울특별시,성동구,예지어린이집,서울특별시 성동구 마장로27가길 15 ,37.56679616,127.0353407
서울특별시,성동구,구립 풍림아름다운어린이집,서울특별시 성동구 난계로 84 행당역풍림아이원아파트 관리동 (하왕십리동),37.55913142,127.0240799
서울특별시,성동구,구립 빛초롱어린이집,서울특별시 성동구 왕십리로 36 강변건영아파트 관리동 2층 (성수동1가),37.54046563,127.0442769
서울특별시,성동구,꼬마에디슨 어린이집,서울특별시 성동구 금호동1가 금호로 100 벽산아파트 관리동,37.55453147,127.0261866
서울특별시,성동구,구립 벽산어린이집,"서울특별시 성동구 금호동1가 행당로6길 2 (금호동1가, 금호벽산제2관리소 2층)",37.55539372,127.0253719
서울특별시,성동구,하니삐아제 어린이집,서울특별시 성동구 독서당로 272 대우아파트 관리사무소내 하니삐아제 어린이집,37.54533003,127.0179254
서울특별시,성동구,튼튼삐아제어린이집,서울특별시 성동구 행당로 75 대림아파트제2관리소2층,37.55660247,127.0275207
서울특별시,성동구,곤지잼잼 어린이집,"서울특별시 성동구 성수동2가 성수일로10길 33 1층 (성수동2가, 성락교회)",37.54657838,127.0539762
서울특별시,성동구,딩동댕어린이집,서울특별시 성동구 둘레13길 15 (성수동2가),37.53612192,127.0529907
서울특별시,성동구,피노키오어린이집,서울특별시 성동구 용답중앙15길 10 (용답동),37.56423044,127.0536214
서울특별시,성동구,세림 어린이집,"서울특별시 성동구 마장로42길 16 6동 104호(마장동, 세림아파트)",37.56504066,127.0460385
서울특별시,성동구,아이꿈어린이집,"서울특별시 성동구 행당로 79 122동 101호(행당동, 대림이편한세상아파트)",37.55820535,127.027507
서울특별시,성동구,아이사랑영재 어린이집,"서울특별시 성동구 고산자로 164 102동 104호(행당동, 행당한신)",37.55506876,127.0354241
서울특별시,성동구,하늘꿈어린이집,"서울특별시 성동구 고산자로 164 116동 104호(행당동, 한신아파트)",37.55506876,127.0354241
서울특별시,성동구,성동종합사회복지관 부설 방과후 어린이집,서울특별시 성동구 청계천로 506 성동종합사회복지관 부설 방과후어린이집 3층(늘푸른통합교실),37.5701624,127.0333487
서울특별시,성동구,서울숲미래연 어린이집,서울특별시 성동구 금호로 15 서울숲푸르지오아파트 관리동 1층 (금호동4가),37.54384751,127.0227642
서울특별시,성동구,한빛 어린이집,"서울특별시 성동구 행당로 79 110동 102호(행당동, 대림아파트)",37.55820535,127.027507
서울특별시,성동구,라온어린이집,"서울특별시 성동구 살곶이길 50 107동 102호(마장동, 현대아파트)",37.5696275,127.041524
서울특별시,성동구,두리두리어린이집,"서울특별시 성동구 왕십리로31나길 22 3동 109호(하왕십리동, 한신무학아파트)",37.56238971,127.0284837
서울특별시,성동구,고운꽃뜰 어린이집,"서울특별시 성동구 행당로 79 120동 102호(행당동, 대림이편한세상아파트)",37.55820535,127.027507
서울특별시,성동구,금빛 어린이집,"서울특별시 성동구 마장로37길 7 101동 102호(마장동, 대성유니드아파트)",37.56693855,127.0386845
서울특별시,성동구,옥수종합사회복지관 부설 좋은벗방과후교실어린이집,서울특별시 성동구 한림말길 16-5 옥수종합사회복지관 (옥수동),37.54046702,127.0127563
서울특별시,성동구,사랑 어린이집,"서울특별시 성동구 무학로 50 107동 107호(하왕십리동, 청계벽산아파트)",37.5691096,127.0326727
서울특별시,성동구,건영아이자람어린이집,"서울특별시 성동구 동일로 263 102동 101호(송정동, 건영아파트)",37.55627169,127.071436
서울특별시,성동구,꼬꼬마 어린이집,"서울특별시 성동구 동호로 100 106동 101호(금호동3가, 두산아파트)",37.55132847,127.0164165
서울특별시,성동구,아이나무어린이집,"서울특별시 성동구 마장로42길 16 1동 106호(마장동, 세림아파트)",37.56504066,127.0460385
서울특별시,성동구,구립 성모어린이집,서울특별시 성동구 청계천로 506 (성동종합사회복지관3층),37.5701624,127.0333487
서울특별시,성동구,꿈나무 어린이집,"서울특별시 성동구 독서당로 218 104동 103호(옥수동, 삼성아파트)",37.54262944,127.0155544
서울특별시,성동구,또또 어린이집,"서울특별시 성동구 행당로 82 111동 101호(행당동, 해모로한진타운)",37.55480888,127.0273997
서울특별시,성동구,구립 한솔어린이집,서울특별시 성동구 왕십리로11길 19 서울숲복합문화체육센터 1층,37.54916264,127.0414721
서울특별시,성동구,구립 행응어린이집,서울특별시 성동구 독서당로63길 34 (행당동),37.55317413,127.0313014
서울특별시,성동구,푸르지오 어린이집,"서울특별시 성동구 금호동4가 독서당로 272 102동 101호(금호동4가, 금호동대우아파트)",37.54533003,127.0179254
서울특별시,성동구,짐키드어린이집,"서울특별시 성동구 행당로 82 105동 104호(행당동, 해모로한진타운)",37.55480888,127.0273997
서울특별시,성동구,엔젤어린이집,"서울특별시 성동구 행당로 82 113동 103호(행당동, 해모로한진타운)",37.55480888,127.0273997
서울특별시,성동구,아이원어린이집,"서울특별시 성동구 난계로 84 107동 101호(하왕십리동, 풍림아이원아파트)",37.55913142,127.0240799
서울특별시,성동구,엘림몬테소리어린이집,"서울특별시 성동구 금호로 100 101동 103호(금호동1가, 벽산아파트)",37.55453147,127.0261866
서울특별시,성동구,힐스테이트 어린이집,서울특별시 성동구 성수일로4길 26 서울숲힐스테이트 아파트 단지내 관리노인정 1층 (성수동2가),37.54150037,127.0515083
서울특별시,성동구,꼬마숲어린이집,"서울특별시 성동구 고산자로 164 105동 103호(행당동, 행당한신)",37.55506876,127.0354241
서울특별시,성동구,디즈니 어린이집,"서울특별시 성동구 독서당로 377 107동 102호(응봉동, 금호현대)",37.55054064,127.0311514
서울특별시,성동구,구립 동아어린이집,서울특별시 성동구 고산자로2길 13 구립동아어린이집,37.55253061,127.0367102
서울특별시,성동구,구립 행당푸르지오어린이집,서울특별시 성동구 고산자로 177 ,37.55573045,127.0335776
서울특별시,성동구,아이뜰어린이집,서울특별시 성동구 고산자로 160 대림강변아파트 112-101,37.55436912,127.0348756
서울특별시,성동구,엄마맘어린이집,"서울특별시 성동구 금호로 107 103동 102호 (금호동2가, 래미안하이리버)",37.5522556,127.0242556
서울특별시,성동구,구립 사과꽃어린이집,서울특별시 성동구 금호로 111 (금호동2가) 래미안하이리버 임대동 1층,37.55137253,127.022907
서울특별시,성동구,토토어린이집,"서울특별시 성동구 금호동4가 금호로 17 203동 104호(금호동4가, 서울숲2차푸르지오)",37.54688262,127.0240727
서울특별시,성동구,구립 금호자이미소어린이집,서울특별시 성동구 금호로 117 (금호동2가) 금호자이1차아파트 관리동 1층 (104동 앞),37.55308018,127.0215238
서울특별시,성동구,으뜸꼬마숲어린이집,"서울특별시 성동구 금호동1가 독서당로 343 203동 102호 (금호동1가, 삼성래미안아파트)",37.54981177,127.0270079
서울특별시,성동구,구립 왕십리어린이집,서울특별시 성동구 고산자로 262 구립 왕십리어린이집,37.56255524,127.0368787
서울특별시,성동구,예인꼬마숲어린이집,서울특별시 성동구 금호동4가 금호로 15 서울숲푸르지오 1차 105동 102호,37.54384751,127.0227642
서울특별시,성동구,아이으뜸어린이집,"서울특별시 성동구 뚝섬로 51 102동 101호(옥수동, 옥수풍림아이원)",37.54248198,127.0195991
서울특별시,성동구,구립 래미안리버젠어린이집,서울특별시 성동구 매봉길 15 래미안리버젠아파트 관리동,37.54605985,127.0138472
서울특별시,성동구,구립 래미안하이리버어린이집,서울특별시 성동구 금호동2가 금호로 107 래미안하이리버아파트 관리동,37.5522556,127.0242556
서울특별시,성동구,구립 금호자이햇살어린이집,서울특별시 성동구 금호동3가 금호산8길 14 금호자이2차아파트 내,37.55071593,127.0221903
서울특별시,성동구,구립 서울숲어린이집,서울특별시 성동구 금호동4가 금호로 17 서울숲 푸르지오2차 관리동,37.54688262,127.0240727
서울특별시,성동구,구립 독서당어린이집,서울특별시 성동구 매봉길 17 래미안리버젠 2단지,37.54648253,127.0144609
서울특별시,성동구,우리은행어린이집,서울특별시 성동구 성수동2가 광나루로 324 우리은행 화양동지점,37.54793771,127.0657372
서울특별시,성동구,구립 금삼어린이집,서울특별시 성동구 금호동3가 금호산길 14 ,37.5495128,127.0197979
서울특별시,성동구,도담아이 어린이집,"서울특별시 성동구 행당로 79 119동 103호(행당동, 대림아파트)",37.55820535,127.027507
서울특별시,성동구,구립 극동그린어린이집,서울특별시 성동구 독서당로 175 ,37.54161608,127.0098102
서울특별시,성동구,센트라스어린이집,"서울특별시 성동구 왕십리로 410 122동 102호(하왕십리동, 센트라스)",37.56660293,127.0240825
서울특별시,성동구,구립 성이어린이집,서울특별시 성동구 성수동2가 성수이로6길 10-2 ,37.53646,127.0550924
서울특별시,성동구,구립 왕도어린이집,서울특별시 성동구 무학로6길 9 ,37.56548585,127.031127
서울특별시,성동구,구립 청계현대어린이집,서울특별시 성동구 마장로35길 76 마장현대아파트 관리동 1층,37.57026263,127.0419968
서울특별시,성동구,구립 매봉도담어린이집,서울특별시 성동구 매봉길 88 ,37.5491949,127.0128561
서울특별시,성동구,구립 텐즈힐두리어린이집,서울특별시 성동구 마장로 137 ,37.56782502,127.0250536
서울특별시,성동구,구립 서울숲더샵어린이집,서울특별시 성동구 왕십리로 241 서울숲더샵아 1층,37.55716866,127.0401049
서울특별시,성동구,구립 우리어린이집,서울특별시 성동구 왕십리로21길 26-1 3층,37.56041493,127.0318904
서울특별시,성동구,구립 가람어린이집,서울특별시 성동구 독서당로62길 43 6동 105호,37.55190095,127.0335265
서울특별시,성동구,구립 별하어린이집,서울특별시 성동구 마장로39길 31 ,37.56822012,127.0428675
서울특별시,성동구,구립 꽃초롱어린이집,서울특별시 성동구 마장로 164 ,37.56677123,127.0278176
서울특별시,성동구,구립 송정햇살어린이집,서울특별시 성동구 송정12길 1 ,37.55014719,127.0654807
서울특별시,성동구,구립 새솔어린이집,서울특별시 성동구 금호동2가 금호로 107 105동 102호,37.5522556,127.0242556
서울특별시,성동구,구립 신금호자이어린이집,서울특별시 성동구 금호동2가 금호로 173 신금호파크자이 관리동,37.55627884,127.0181523
서울특별시,성동구,구립 옥수파크어린이집,"서울특별시 성동구 매봉길 50 110동 (옥수동, 옥수파크힐스 1단지)",37.54729891,127.0121894
서울특별시,성동구,구립 옥수힐스어린이집,"서울특별시 성동구 매봉길 50 (옥수동, 옥수파크힐스 2단지)",37.54729891,127.0121894
서울특별시,성동구,구립 센트라스라온어린이집,"서울특별시 성동구 왕십리로 410 129동(하왕십리동, 센트라스)",37.56660293,127.0240825
서울특별시,성동구,구립 센트라스으뜸어린이집,"서울특별시 성동구 왕십리로 410 하왕십리동, 센트라스 128동",37.56660293,127.0240825
서울특별시,성동구,구립 센트라스아띠어린이집,"서울특별시 성동구 왕십리로 410 하왕십리동, 센트라스 101동",37.56660293,127.0240825
서울특별시,성동구,구립 센트라스나래어린이집,"서울특별시 성동구 왕십리로 410 하왕십리동, 123동",37.56660293,127.0240825
서울특별시,성동구,구립 극동미라주어린이집,"서울특별시 성동구 난계로 73 101동 110호(하왕십리동, 극동미라주 아파트)",37.55948756,127.0232984
서울특별시,성동구,서울시설공단 누비어린이집,서울특별시 성동구 왕십리로26길 29 ,37.56569041,127.0329884
서울특별시,성동구,구립 왕십리자이어린이집,서울특별시 성동구 난계로 100 ,37.5615293,127.0246515
서울특별시,성동구,서울교통공사 어린이집,서울특별시 성동구 자동차시장길 22 인재개발원 1층,37.56117611,127.0564143
서울특별시,성동구,구립 이편한세상금호어린이집,"서울특별시 성동구 금호로 140 (금호동1가, e편한세상 금호파크힐스아파트 104동 앞)",37.55371603,127.021929
서울특별시,성동구,구립 힐스테이트서울숲리버어린이집,서울특별시 성동구 금호동4가 금호로 40 힐스테이트서울숲리버아파트 관리동,37.54670554,127.0255329
서울특별시,성동구,구립 텐즈아이어린이집,"서울특별시 성동구 무학로 33 114동 1층 (하왕십리동, 텐즈힐1단지)",37.56916416,127.0263479
서울특별시,성동구,구립 맑은샘어린이집,서울특별시 성동구 매봉길 51 (옥수동 528-2),37.54659068,127.0133811
서울특별시,성동구,구립 트리마제어린이집,"서울특별시 성동구 성수동1가 왕십리로 16 관리동 (성수동1가, 트리마제)",37.53925787,127.0446715
서울특별시,성동구,구립 서울숲리버뷰자이어린이집,서울특별시 성동구 고산자로2길 65 행당동 100번지일대(행당6구역),37.55619853,127.0388365
서울특별시,성동구,구립 스위첸숲속어린이집,서울특별시 성동구 무학봉길 35 ,37.56060557,127.0268748
서울특별시,성동구,구립 성수롯데캐슬어린이집,"서울특별시 성동구 성수동2가 성수일로8길 47 관리동 (성수동2가, 성수동 롯데캐슬파크)",37.54678648,127.055596
서울특별시,성동구,구립 해온어린이집,서울특별시 성동구 성수동1가 왕십리로5길 3 ,37.54640255,127.0443497
서울특별시,성동구,구립 행당한신어린이집,"서울특별시 성동구 고산자로 164 관리동 2층(행당동, 행당한신)",37.55506876,127.0354241
서울특별시,성동구,구립 왕십리하나어린이집,서울특별시 성동구 무학봉16길 9-3 ,37.56089107,127.0320415
서울특별시,성동구,구립 성수아이파크어린이집,"서울특별시 성동구 성수이로 137 관리동 1층 (성수동2가, 성수동아이파크)",37.54792511,127.0564731
서울특별시,성동구,모두의 숲 어린이집,서울특별시 성동구 상원6나길 22-7 ,37.54776232,127.0500471
서울특별시,성동구,현대글로비스 서울숲 어린이집,서울특별시 성동구 서울숲4길 5 ,37.54777495,127.0416434
서울특별시,성동구,햇살 어린이집,서울특별시 성동구 동호로 84 103동 102호,37.54676972,127.0168119
서울특별시,성동구,구립 서울숲아이파크리버어린이집,서울특별시 성동구 왕십리로 137 ,37.55016702,127.0436114
서울특별시,성동구,구립 행당라체르보어린이집,서울특별시 성동구 고산자로2길 71 ,37.55765151,127.037623
서울특별시,성동구,구립 서울숲아이파크포레어린이집,서울특별시 성동구 왕십리로 135 ,37.54937055,127.0438146
서울특별시,성동구,구립 청계에스케이뷰어린이집,서울특별시 성동구 천호대로 244 청계에스케이뷰 공동주택 내,37.56904761,127.0481949
서울특별시,광진구,EQ어린이집,서울특별시 광진구 동일로26길 41 (화양동),37.54489845,127.0682976
서울특별시,광진구,즐거운산들어린이집,서울특별시 광진구 자양로50길 74 (구의2동),37.55273526,127.0963178
서울특별시,광진구,상상놀이터어린이집,서울특별시 광진구 자양로6길 9 (자양동),37.53208282,127.0864286
서울특별시,광진구,해오름어린이집,서울특별시 광진구 자양로50가길 41 (구의동),37.55373947,127.0943557
서울특별시,광진구,함초롬어린이집,서울특별시 광진구 군자로 176 (군자동),37.5562141,127.0778723
서울특별시,광진구,구립 자양4동어린이집,서울특별시 광진구 아차산로32길 17 (자양동),37.53913265,127.0685096
서울특별시,광진구,구립 자양2동어린이집,서울특별시 광진구 자양로3가길 26 (자양동),37.52879933,127.0843875
서울특별시,광진구,푸르내어린이집,서울특별시 광진구 긴고랑로36길 15 (중곡동),37.55834914,127.0895176
서울특별시,광진구,해든어린이집,"서울특별시 광진구 능동로3마길 1 (자양동, 자양)",37.53433633,127.0642177
서울특별시,광진구,구립 군자어린이집,서울특별시 광진구 동일로56가길 31 (군자동),37.55457353,127.0726975
서울특별시,광진구,신나는어린이집,서울특별시 광진구 광나루로40길 78 (구의동),37.54134747,127.0886955
서울특별시,광진구,구립 자양어린이집,서울특별시 광진구 자양번영로 35 (자양동),37.53289841,127.0752337
서울특별시,광진구,광진어린이집,서울특별시 광진구 아차산로40길 9 (자양동),37.53719405,127.0786455
서울특별시,광진구,광진구청직장어린이집,서울특별시 광진구 아차산로 400 광진구청 4층 (자양동),37.53628194,127.0877531
서울특별시,광진구,구립 중곡샛별어린이집,서울특별시 광진구 동일로 458 (중곡동),37.57095622,127.0802621
서울특별시,광진구,구립 동서울어린이집,서울특별시 광진구 광나루로44길 23 (구의동),37.54315682,127.0914657
서울특별시,광진구,구립 수호천사어린이집,서울특별시 광진구 긴고랑로17길 8 (중곡동),37.56272601,127.0842358
서울특별시,광진구,아힘나어린이집,"서울특별시 광진구 능동로3길 17 101동 106호(자양동, 한강성원아파트)",37.53329485,127.0657093
서울특별시,광진구,엄마사랑어린이집,서울특별시 광진구 면목로 164 (중곡동),37.56772376,127.0824279
서울특별시,광진구,구립 은성어린이집,서울특별시 광진구 동일로4길 52 (자양동),37.53567715,127.0638124
서울특별시,광진구,꼬꼬마어린이집,"서울특별시 광진구 아차산로 451 101동 105호(구의동, 세림리오빌)",37.53923492,127.092202
서울특별시,광진구,구립 효지어린이집,서울특별시 광진구 아차산로36길 55 (자양동),37.53601695,127.0739419
서울특별시,광진구,구립 중앙어린이집,서울특별시 광진구 자양로13다길 31 (자양동),37.53293971,127.0780897
서울특별시,광진구,구립 구의3동어린이집,서울특별시 광진구 광나루로54길 36 (구의동),37.53934802,127.0951165
서울특별시,광진구,구립 대원어린이집,서울특별시 광진구 자양로43길 115 (중곡동),37.55558944,127.0889613
서울특별시,광진구,구립 중곡1동어린이집,서울특별시 광진구 능동로43길 27-14 (중곡동),37.56095109,127.0796308
서울특별시,광진구,키즈용맹어린이집,서울특별시 광진구 영화사로5길 15 (중곡동),37.55695763,127.091762
서울특별시,광진구,구립 진성어린이집,서울특별시 광진구 용마산로 152 (중곡동),37.5671614,127.0866532
서울특별시,광진구,산위의마을어린이집,서울특별시 광진구 용마산로7길 39 (중곡동),37.55947805,127.0854411
서울특별시,광진구,구립 명성어린이집,서울특별시 광진구 아차산로55길 59 (구의동),37.54008125,127.0863318
서울특별시,광진구,구립 화송어린이집,서울특별시 광진구 능동로13길 108 (화양동),37.54619269,127.0680525
서울특별시,광진구,보배어린이집,"서울특별시 광진구 아차산로36길 39 3동 1호(자양동, 자양우성7차아파트)",37.53631294,127.0743585
서울특별시,광진구,아이스쿨어린이집,서울특별시 광진구 용마산로3길 91-4 (중곡동),37.55700682,127.0829985
서울특별시,광진구,으뜸어린이집,서울특별시 광진구 능동로4길 88 (자양동),37.53082538,127.0711634
서울특별시,광진구,지안어린이집,서울특별시 광진구 뚝섬로58가길 26-4 (자양동),37.53051019,127.0833235
서울특별시,광진구,구립 성심어린이집,서울특별시 광진구 용마산로3길 60 (중곡동),37.55659365,127.0849937
서울특별시,광진구,구립 느티나무어린이집,서울특별시 광진구 광나루로26길 39 (화양동),37.54540919,127.0780902
서울특별시,광진구,구립 능동어린이집,서울특별시 광진구 천호대로114길 47 (능동),37.55357375,127.0819676
서울특별시,광진구,구립 사랑의어린이집,서울특별시 광진구 아차산로66길 8 (광장동),37.54106285,127.0970575
서울특별시,광진구,구립 구의2동어린이집,서울특별시 광진구 자양로44길 91 (구의동),37.55021063,127.0962466
서울특별시,광진구,파크빌어린이집,서울특별시 광진구 아차산로 549 현대파크빌단지내(광장동),37.54335816,127.1017442
서울특별시,광진구,중곡4동어린이집,서울특별시 광진구 긴고랑로 149-8 (중곡동),37.55907709,127.0919297
서울특별시,광진구,자양민들레어린이집,서울특별시 광진구 뚝섬로52마길 32 (자양동),37.52885057,127.0800258
서울특별시,광진구,구립 상명어린이집,서울특별시 광진구 동일로80길 30 (중곡동),37.56993091,127.0814193
서울특별시,광진구,솔로몬어린이집,서울특별시 광진구 긴고랑로7길 73 (중곡동),37.56656332,127.0806672
서울특별시,광진구,사랑어린이집,서울특별시 광진구 뚝섬로35길 32 306동 102호(자양동),37.53621852,127.0712909
서울특별시,광진구,현대몬테소리어린이집,"서울특별시 광진구 광나루로56길 32 207동 106호(구의동, 구의현대2단지아파트)",37.53782408,127.0962194
서울특별시,광진구,용곡어린이집,서울특별시 광진구 능동로48길 64 (중곡동) 운형빌라 101호,37.56177055,127.0860505
서울특별시,광진구,꿈꾸는어린이집,서울특별시 광진구 능동로50길 23 (중곡동),37.56383048,127.084701
서울특별시,광진구,한울어린이집,서울특별시 광진구 천호대로117길 51 (중곡동),37.55722126,127.0851514
서울특별시,광진구,아이들세상어린이집,서울특별시 광진구 긴고랑로26길 31 (중곡동),37.55910824,127.0849966
서울특별시,광진구,예일어린이집,서울특별시 광진구 자양로47길 11 (구의2동),37.5522042,127.0918019
서울특별시,광진구,아이짐어린이집,서울특별시 광진구 광나루로37길 8 (구의2동),37.54530516,127.0876704
서울특별시,광진구,키즈랜드어린이집,서울특별시 광진구 능동로48길 56 (중곡동),37.56174783,127.0856918
서울특별시,광진구,리틀지니어스어린이집,서울특별시 광진구 자양로26길 50 (구의동),37.54099661,127.0866492
서울특별시,광진구,사임당어린이집,서울특별시 광진구 아차산로46가길 23 (자양동) 101호,37.53632365,127.0822556
서울특별시,광진구,대서울어린이집,서울특별시 광진구 자양번영로3길 15 (자양동),37.53171721,127.0742078
서울특별시,광진구,늘평화어린이집,서울특별시 광진구 능동로51길 17 (중곡동),37.56595001,127.0831478
서울특별시,광진구,좋은어린이집,서울특별시 광진구 구의강변로3길 31 (구의동),37.53620379,127.0903183
서울특별시,광진구,예랑어린이집,서울특별시 광진구 자양로51길 11-12 (구의동),37.55332515,127.0923588
서울특별시,광진구,꼬마사랑어린이집,서울특별시 광진구 긴고랑로8길 14 (중곡동),37.56277575,127.0786201
서울특별시,광진구,영화어린이집,서울특별시 광진구 영화사로 105 (구의동),37.55405299,127.0977191
서울특별시,광진구,한라어린이집,서울특별시 광진구 뚝섬로33길 20 (자양동),37.5359272,127.0698168
서울특별시,광진구,다예린어린이집,서울특별시 광진구 광장로 65 (광장동),37.54753007,127.1043067
서울특별시,광진구,나섬어린이집,"서울특별시 광진구 광장로1나길 4 107호(광장동, 동부빌라)",37.54840823,127.1025123
서울특별시,광진구,향기나무어린이집,서울특별시 광진구 아차산로 552 (광장동) 극동아파트 6동 105호,37.54365673,127.1042503
서울특별시,광진구,아이누리어린이집,"서울특별시 광진구 뚝섬로33길 20 (자양3동, 한라아파트 101동 104호)",37.5359272,127.0698168
서울특별시,광진구,워커힐행복어린이집,서울특별시 광진구 워커힐로 177 (광장동),37.55862873,127.1117068
서울특별시,광진구,아이비키즈어린이집,"서울특별시 광진구 뚝섬로35길 14 (자양동, 한라아파트,  상가 B동 101호",37.53536127,127.070752
서울특별시,광진구,극동예랑어린이집,"서울특별시 광진구 아차산로 552 6동 109호(광장동, 극동아파트)",37.54365673,127.1042503
서울특별시,광진구,고은아이어린이집,서울특별시 광진구 능동로3길 53 1동 102호(자양동),37.53345339,127.0646455
서울특별시,광진구,현대아이사랑어린이집,"서울특별시 광진구 광나루로56길 32 208동105호(구의동,구의현대아파트)",37.53782408,127.0962194
서울특별시,광진구,군자티움아이어린이집,서울특별시 광진구 동일로38길 8 1층(군자동),37.5513683,127.0699011
서울특별시,광진구,사랑숲어린이집,서울특별시 광진구 영화사로9길 95-2 (중곡동),37.55779466,127.0956204
서울특별시,광진구,프라임사랑어린이집,"서울특별시 광진구 광나루로56길 29 11동 102호(구의동, 현대프라임아파트)",37.53695769,127.0965367
서울특별시,광진구,강변에코비어린이집,서울특별시 광진구 구의강변로 42 101동 108호,37.53557909,127.092918
서울특별시,광진구,구립 희망샘어린이집,서울특별시 광진구 긴고랑로37길 8 (중곡동),37.5593025,127.0902064
서울특별시,광진구,구립 한가람어린이집,서울특별시 광진구 자양번영로2길 30-1 (자양동),37.53011563,127.0766888
서울특별시,광진구,구립 바니스쿨어린이집,서울특별시 광진구 광나루로56길 32 구의현대2단지아파트 215동 104호(구의3동),37.53782408,127.0962194
서울특별시,광진구,구립 중곡햇님어린이집,"서울특별시 광진구 능동로48길 49 101호(중곡동, 웰빙아파트)",37.56204579,127.0854478
서울특별시,광진구,구립 중곡1동 자람터어린이집,서울특별시 광진구 긴고랑로8길 76 ,37.56030009,127.07723
서울특별시,광진구,구립 능동 꿈맞이어린이집,서울특별시 광진구 천호대로120길 32 ,37.552811,127.085973
서울특별시,광진구,구립 휴먼시아어린이집,"서울특별시 광진구 천호대로 716 102동 102호(구의동, 휴먼시아아파트)",37.54827528,127.0935711
서울특별시,광진구,구립 원스쿨어린이집,서울특별시 광진구 아차산로69길 19 현대아파트 902동 104호,37.5430015,127.0979673
서울특별시,광진구,구립 구의1동 아이터어린이집,서울특별시 광진구 자양로23길 79 ,37.54385602,127.0837833
서울특별시,광진구,구립 굿모닝어린이집,"서울특별시 광진구 아차산로 552 2동105호(광장동, 광장극동아파트)",37.54365673,127.1042503
서울특별시,광진구,구립 샘터어린이집,"서울특별시 광진구 아차산로 503-23 102동 102호(광장동,청구아파트)",37.5431621,127.0956083
서울특별시,광진구,구립 예담어린이집,서울특별시 광진구 아차산로 537-17 광장힐스테이트 관리동,37.54296206,127.099659
서울특별시,광진구,구립 능동주민센터어린이집,서울특별시 광진구 천호대로112길 55 능동주민센터 1층(능동 232-4),37.5537606,127.0805521
서울특별시,광진구,구립 건대티움아이어린이집,"서울특별시 광진구 능동로4길 41 701동 101호(자양동, 자양7차현대홈타운)",37.53316289,127.0694293
서울특별시,광진구,구립 인정어린이집,서울특별시 광진구 동일로 242 (군자동),37.55309878,127.0704649
서울특별시,광진구,구립 군자동 꿈모음어린이집,서울특별시 광진구 군자로12길 6-4 (군자동 363-28),37.55077827,127.0713563
서울특별시,광진구,구립 자양1동 봄뜰어린이집,서울특별시 광진구 자양로9길 30 (자양동 629-40),37.53363261,127.0828107
서울특별시,광진구,구립 파크스위트어린이집,"서울특별시 광진구 광나루로 545 110동 1층(구의동, 래미안파크스위트)",37.54625932,127.0899431
서울특별시,광진구,구립 아띠어린이집,"서울특별시 광진구 광나루로56길 32 (구의동, 구의현대2단지아파트 213동 102호)",37.53782408,127.0962194
서울특별시,광진구,구립 미래어린이집,"서울특별시 광진구 아차산로 503-23 104동 113호(광장동, 청구아파트)",37.5431621,127.0956083
서울특별시,광진구,구립 베베아이어린이집,"서울특별시 광진구 아차산로 549 1008동 101호(광장동,현대파크빌)",37.54335816,127.1017442
서울특별시,광진구,구립 물고기어린이집,서울특별시 광진구 뚝섬로34길 25-19 1006동 102호,37.53322482,127.0704496
서울특별시,광진구,구립 봄빛어린이집,"서울특별시 광진구 능동로 19 101동 103호(자양동,한강현대아파트)",37.53315344,127.0672364
서울특별시,광진구,구립 행복마루어린이집,서울특별시 광진구 뚝섬로56가길 10 (자양2동 현대3차 301-105),37.52807136,127.0833193
서울특별시,광진구,구립 하늘땅별땅어린이집,서울특별시 광진구 동일로56길 15 (군자동),37.5560848,127.0729533
서울특별시,광진구,구립 사랑모아어린이집,서울특별시 광진구 광나루로56길 32 구의현대아파트 202동 103호,37.53782408,127.0962194
서울특별시,광진구,KB구의 어린이집,서울특별시 광진구 광나루로 525 3층,37.54517401,127.0879805
서울특별시,광진구,구립 우리아이어린이집,서울특별시 광진구 구의로4길 21 구의동,37.54016824,127.0908408
서울특별시,광진구,구립 아이와나무어린이집,서울특별시 광진구 천호대로123길 4-4 ,37.55523174,127.0871664
서울특별시,광진구,구립 샘물어린이집,서울특별시 광진구 뚝섬로58길 56 101호,37.52982026,127.0852648
서울특별시,광진구,구립 중곡하나어린이집,서울특별시 광진구 동일로76길 59 ,37.56811765,127.0819416
서울특별시,광진구,구립 자양도담어린이집,서울특별시 광진구 아차산로44가길 5 (자양동 231-51),37.53619677,127.0799232
서울특별시,광진구,구립 자양호반써밋어린이집,"서울특별시 광진구 능동로 69 어린이집(자양동,자양호반써밋)",37.53784123,127.0689943
서울특별시,광진구,구립 광진그랜드파크어린이집,서울특별시 광진구 광나루로 458 어린이집,37.54467275,127.0804446
서울특별시,광진구,구립 자양롯데캐슬어린이집,서울특별시 광진구 뚝섬로 467 ,37.53835955,127.0624057
서울특별시,광진구,구립 새벽어린이집,서울특별시 광진구 영화사로 53 1층,37.55565816,127.0925245
서울특별시,광진구,구립 해달별어린이집,서울특별시 광진구 구의강변로3가길 39 701동 102호,37.53682694,127.0909917
서울특별시,광진구,구립 자양이스트폴어린이집,서울특별시 광진구 뚝섬로 717 구립 자양이스트폴어린이집,37.53433124,127.0894857
서울특별시,광진구,구립 자양 어울채어린이집,서울특별시 광진구 아차산로58길 58 구립 자양 어울채어린이집,37.53505436,127.0891604
서울특별시,동대문구,이문어린이집,서울특별시 동대문구 신이문로 9 (이문동),37.60316294,127.0633541
서울특별시,동대문구,꿈마루어린이집,서울특별시 동대문구 전농로36길 29-3 꿈마루어린이집,37.58550237,127.0540435
서울특별시,동대문구,메꽃어린이집,서울특별시 동대문구 답십리로 320-1 ,37.57171531,127.0760444
서울특별시,동대문구,한신어린이집,서울특별시 동대문구 제기로 131 청량한신2차아파트 단지동 (청량리동),37.58802816,127.0492262
서울특별시,동대문구,단비어린이집,서울특별시 동대문구 답십리로26길 12 (전농동),37.57516336,127.0475796
서울특별시,동대문구,도담어린이집,서울특별시 동대문구 사가정로17길 21 구립 도담 어린이집,37.57877953,127.0598007
서울특별시,동대문구,휘경어린이집,서울특별시 동대문구 망우로 46 ,37.58876557,127.0587918
서울특별시,동대문구,유마어린이집,서울특별시 동대문구 제기로31길 10-3 (청량사내) (청량리동),37.58823375,127.0470522
서울특별시,동대문구,동화어린이집,서울특별시 동대문구 망우로12가길 20 (휘경동),37.58870148,127.0602644
서울특별시,동대문구,글샘어린이집,서울특별시 동대문구 천호대로35길 39 (용두동),37.57506027,127.0416849
서울특별시,동대문구,용두희망어린이집,서울특별시 동대문구 무학로49길 75 (용두동),37.57968264,127.0263633
서울특별시,동대문구,햇살어린이집,서울특별시 동대문구 청계천로 547 (용두동 696-9),37.57282025,127.0369789
서울특별시,동대문구,배봉어린이집,서울특별시 동대문구 사가정로25길 51 (장안동),37.58116082,127.0706357
서울특별시,동대문구,천응방과후어린이집,서울특별시 동대문구 제기로 128-6 ,37.5864153,127.0469872
서울특별시,동대문구,사랑어린이집,서울특별시 동대문구 고산자로 534 제기한신아파트 단지동 (제기동),37.58839329,127.0392185
서울특별시,동대문구,열린방과후어린이집,서울특별시 동대문구 전농로16길 59 열린방과후교실,37.57826039,127.0606587
서울특별시,동대문구,어린왕자어린이집,서울특별시 동대문구 신이문로6길 10 (이문동),37.60244927,127.0630064
서울특별시,동대문구,영신어린이집,서울특별시 동대문구 답십리로 51 (전농동),37.57665932,127.0470356
서울특별시,동대문구,늘푸른어린이집,서울특별시 동대문구 서울시립대로 14 청계한신휴플러스아파트 관리동 (답십리동),37.57207425,127.0472735
서울특별시,동대문구,늘사랑어린이집,서울특별시 동대문구 제기로38길 50 동성빌딩  2층,37.58419998,127.0491029
서울특별시,동대문구,아이나무킨더어린이집,서울특별시 동대문구 약령시로 25 안암골벽산아파트 단지내 (제기동),37.583147,127.0316997
서울특별시,동대문구,새싹어린이집,"서울특별시 동대문구 한천로 248 101동 102호(휘경동, 주공아파트)",37.58323604,127.071898
서울특별시,동대문구,중앙삐아제어린이집,서울특별시 동대문구 한천로63길 5-8 ,37.60403348,127.0667788
서울특별시,동대문구,키즈브라운어린이집,"서울특별시 동대문구 왕산로23길 89 103동 105호(제기동, 이수브라운 스톤아파트)",37.58267031,127.0348095
서울특별시,동대문구,효림어린이집,"서울특별시 동대문구 한천로 248 111동 105호(휘경동, 주공아파트)",37.58323604,127.071898
서울특별시,동대문구,아이꿈어린이집,"서울특별시 동대문구 답십리로 210-30 2동 114호(답십리동, 한신아파트)",37.57139115,127.0630041
서울특별시,동대문구,빛초롱어린이집,서울특별시 동대문구 사가정로 168 SK아파트 제2관리소 단지동 (전농동),37.57796755,127.0634419
서울특별시,동대문구,보림어린이집,서울특별시 동대문구 이문로 147 ,37.5997668,127.0617248
서울특별시,동대문구,푸른하늘어린이집,서울특별시 동대문구 답십리로66길 75-4 (장안동 393-2),37.5689435,127.0669452
서울특별시,동대문구,회기하나어린이집,서울특별시 동대문구 회기로21가길 12 (회기동 58-1),37.59188371,127.0537087
서울특별시,동대문구,우성그린어린이집,"서울특별시 동대문구 답십리로59길 33 102동 101호(답십리동, 우성그린아파트)",37.57506213,127.0665224
서울특별시,동대문구,예나어린이집,서울특별시 동대문구 경동시장로23길 14 (제기동),37.58574591,127.0394733
서울특별시,동대문구,동대문어린이집,서울특별시 동대문구 사가정로2길 13 (답십리동),37.57119135,127.0511849
서울특별시,동대문구,동대문구청직장어린이집,서울특별시 동대문구 고산자로28길 13 (용두동),37.57532359,127.0391728
서울특별시,동대문구,중앙어린이집,"서울특별시 동대문구 사가정로 148 111동 101호(전농동, SK아파트)",37.57665904,127.0615677
서울특별시,동대문구,칼비테영재어린이집,"서울특별시 동대문구 장안벚꽃로 167 214동 102호(장안동, 장안아파트2단지)",37.5750721,127.0742821
서울특별시,동대문구,별밭어린이집,서울특별시 동대문구 답십리로66길 3 (장안동),37.57234329,127.068568
서울특별시,동대문구,빛나어린이집,서울특별시 동대문구 전농로23길 47 (전농동),37.57912198,127.0538502
서울특별시,동대문구,그린어린이집,서울특별시 동대문구 망우로 82 ,37.58621194,127.0635533
서울특별시,동대문구,태양하나어린이집,서울특별시 동대문구 황물로 32 ,37.57405629,127.0453424
서울특별시,동대문구,초롱하나어린이집,서울특별시 동대문구 황물로 34 ,37.57383757,127.0454867
서울특별시,동대문구,해오름어린이집,서울특별시 동대문구 약령시로5길 22 (제기동),37.58402099,127.034197
서울특별시,동대문구,한아름어린이집,서울특별시 동대문구 장안벚꽃로 167 삼성래미안2차아파트단지내 (장안동),37.5750721,127.0742821
서울특별시,동대문구,앙팡어린이집,서울특별시 동대문구 홍릉로10길 18 (청량리동),37.58515174,127.044678
서울특별시,동대문구,이솝어린이집,"서울특별시 동대문구 고산자로 534 107동 101호(제기동, 한신아파트)",37.58839329,127.0392185
서울특별시,동대문구,한빛어린이집,서울특별시 동대문구 이문로9길 105-13 (이문동),37.59618512,127.0566311
서울특별시,동대문구,아뜰어린이집,서울특별시 동대문구 안암로 6 대광고등학교내 (신설동),37.57795494,127.0253282
서울특별시,동대문구,장안어린이집,서울특별시 동대문구 천호대로89길 58 (장안동),37.56411242,127.0694974
서울특별시,동대문구,조은어린이집,서울특별시 동대문구 답십리로56길 21-1 두산아파트단지내 조은어린이집,37.5697768,127.0592488
서울특별시,동대문구,예든어린이집,"서울특별시 동대문구 장한로26다길 84 201동 105호(장안동, 현대홈타운아파트)",37.56882663,127.0717201
서울특별시,동대문구,해맑은어린이집,서울특별시 동대문구 한천로46길 70-9 (장안동),37.58108449,127.0723009
서울특별시,동대문구,우아세어린이집,서울특별시 동대문구 답십리로48길 38 답십리2동,37.57114231,127.0577012
서울특별시,동대문구,푸른나무어린이집,서울특별시 동대문구 장한로14길 81 삼성래미안1차아파트 관리동 1층,37.56681812,127.0721804
서울특별시,동대문구,사군자어린이집,서울특별시 동대문구 장한로5길 45 (장안동),37.5651093,127.0638816
서울특별시,동대문구,대림늘푸른어린이집,서울특별시 동대문구 답십리로60길 40 (답십리동),37.57114064,127.064401
서울특별시,동대문구,장안현대어린이집,서울특별시 동대문구 장안벚꽃로 107 현대홈타운아파트 단지동 (장안동),37.57105683,127.0751137
서울특별시,동대문구,꿀벌어린이집,"서울특별시 동대문구 장안벚꽃로 167 224동 102호(장안동, 장안아파트2단지)",37.5750721,127.0742821
서울특별시,동대문구,송림어린이집,"서울특별시 동대문구 장안벚꽃로 167 209동 103호(장안동, 장안아파트2단지)",37.5750721,127.0742821
서울특별시,동대문구,사랑샘어린이집,"서울특별시 동대문구 이문로12길 3-10 107동 101호(이문동, 삼성래미안아파트2차)",37.59303561,127.0609848
서울특별시,동대문구,햇님어린이집,"서울특별시 동대문구 사가정로 148 105동 101호(전농동, SK아파트)",37.57665904,127.0615677
서울특별시,동대문구,미주키즈어린이집,"서울특별시 동대문구  홍릉로10길 48 104동 102호(청량리동, 홍릉동부아파트)",37.58579598,127.0462606
서울특별시,동대문구,규현어린이집,"서울특별시 동대문구 한천로58길 47 103동 102호(이문동, 쌍용아파트)",37.60075075,127.0687695
서울특별시,동대문구,꼬꼬마어린이집,서울특별시 동대문구 답십리로68길 52-4 ,37.57039676,127.0684488
서울특별시,동대문구,브레인에듀어린이집,"서울특별시 동대문구 장안벚꽃로 107 116동 103호(장안동, 현대홈타운아파트)",37.57105683,127.0751137
서울특별시,동대문구,길터어린이집,서울특별시 동대문구 장한로36길 15 신부 3차 아파트 102호 길터어린이집 (장안동),37.57766893,127.0731457
서울특별시,동대문구,천사나라어린이집,"서울특별시 동대문구 제기로 131 106동 103호(청량리동, 청량한2차신아파트)",37.58802816,127.0492262
서울특별시,동대문구,동화마을어린이집,서울특별시 동대문구 망우로14길 18 2층 동화마을 어린이집,37.5890454,127.0602596
서울특별시,동대문구,꿈동산어린이집,"서울특별시 동대문구 사가정로 148 103동 103호(전농동, SK아파트)",37.57665904,127.0615677
서울특별시,동대문구,햇빛어린이집,"서울특별시 동대문구 사가정로 190 16동 108호(전농동, 우성아파트)",37.57734724,127.064387
서울특별시,동대문구,청량리어린이집,서울특별시 동대문구 홍릉로17길 38 (제기동),37.5861958,127.0409863
서울특별시,동대문구,신나는어린이집,"서울특별시 동대문구 외대역동로 101 102동 102호(이문동, 중앙하이츠아파트)",37.59677353,127.0649133
서울특별시,동대문구,사랑해어린이집,"서울특별시 동대문구 한천로58길 139 103동 102호(이문동, 대우아파트)",37.60366066,127.0700264
서울특별시,동대문구,경희의료원 어린이집,서울특별시 동대문구 경희대로1나길 56-1 ,37.59344966,127.0501612
서울특별시,동대문구,동아어린이집,서울특별시 동대문구 한천로11길 10-1 동아아파트 단지내 유치원동 (답십리동),37.56989001,127.061632
서울특별시,동대문구,포르테몬테소리어린이집,서울특별시 동대문구 장한로12길 76-1 ,37.56424458,127.0714889
서울특별시,동대문구,대림 어린이집,"서울특별시 동대문구 한천로63길 10 115동 103호 (이문동, 이편한세상아파트)",37.6049031,127.0637064
서울특별시,동대문구,동아개구쟁이어린이집,"서울특별시 동대문구 한천로11길 10-1 104동 103호(답십리동, 동아아파트)",37.56989001,127.061632
서울특별시,동대문구,삼육서울병원직장어린이집,서울특별시 동대문구 망우로 82 ,37.58621194,127.0635533
서울특별시,동대문구,언덕위에 하얀 어린이집,서울특별시 동대문구 약령시로3길 38 (제기동),37.58405171,127.0322867
서울특별시,동대문구,예지어린이집,서울특별시 동대문구 장안벚꽃로1길 7 힐스테이트 단지내 (장안동),37.5763379,127.0745726
서울특별시,동대문구,꼬마별어린이집,"서울특별시 동대문구 천호대로89길 33 202동 102호(장안동, 형인허브빌아파트)",37.56332868,127.0685164
서울특별시,동대문구,해리어린이집,"서울특별시 동대문구 답십리로66길 20 101동 101호(장안동, 금강아미움 아파트)",37.5717569,127.0676602
서울특별시,동대문구,우리누리어린이집,서울특별시 동대문구 약령시로 159 (청량리동),37.58324212,127.0478161
서울특별시,동대문구,지니맘어린이집,서울특별시 동대문구 한천로11다길 86 (답십리동),37.56836695,127.0590161
서울특별시,동대문구,파랑새어린이집,"서울특별시 동대문구 장안벚꽃로 107 108동 102호(장안동, 현대홈타운아파트)",37.57105683,127.0751137
서울특별시,동대문구,아이숲어린이집,"서울특별시 동대문구 전농로10길 20 101동 102호(답십리동, 청솔우성아파트)",37.57460947,127.0601291
서울특별시,동대문구,미소가득한어린이집,서울특별시 동대문구 사가정로23길 40 경남하이빌102호 (장안동),37.58043964,127.0702264
서울특별시,동대문구,샘터어린이집,"서울특별시 동대문구 고산자로 534 105동 101호(제기동, 한신아파트)",37.58839329,127.0392185
서울특별시,동대문구,더불어숲어린이집,서울특별시 동대문구 한천로33길 11 래미안 엘파인아파트 단지동 (답십리동),37.57555191,127.0669963
서울특별시,동대문구,해피트리어린이집,"서울특별시 동대문구 장한로5길 28 301동 106호(장안동, 신일해피트리3차아파트)",37.56489874,127.0650427
서울특별시,동대문구,경희대학교직장어린이집,서울특별시 동대문구 경희대로 26-6 ,37.59374439,127.0532231
서울특별시,동대문구,휴사랑어린이집,서울특별시 동대문구 서울시립대로 14 청계한신휴플러스107-104 (답십리동),37.57207425,127.0472735
서울특별시,동대문구,킨더베베어린이집,"서울특별시 동대문구 외대역동로 14 103동 1층 관리동 (휘경동,센트레빌아파트)",37.59096838,127.0686732
서울특별시,동대문구,새하늘어린이집,서울특별시 동대문구 왕산로 312 제칠안식일예수재림교 본부교회,37.5876923,127.0536889
서울특별시,동대문구,홀츠앤키즈어린이집,서울특별시 동대문구 전농로16길 51 관리동,37.57833421,127.0604383
서울특별시,동대문구,세빛어린이집,"서울특별시 동대문구 망우로20길 86 104동 1층 (휘경동, 브라운스톤아파트)",37.589998,127.0655317
서울특별시,동대문구,예뜰어린이집,서울특별시 동대문구 답십리로45길 47 ,37.57490764,127.0550856
서울특별시,동대문구,애플키즈어린이집,서울특별시 동대문구 사가정로 65 래미안크레시티아파트 110동 101호,37.57550604,127.0496959
서울특별시,동대문구,용두동어린이집,서울특별시 동대문구 왕산로17길 14 (용두동),37.57943579,127.0314168
서울특별시,동대문구,아이사랑어린이집,"서울특별시 동대문구 사가정로 65 206동 104호 (전농1동, 래미안크레시티)",37.57550604,127.0496959
서울특별시,동대문구,휘경스마일어린이집,서울특별시 동대문구 이문로8길 8-7 ,37.59148806,127.0577766
서울특별시,동대문구,예은어린이집,"서울특별시 동대문구 답십리로 130 106동 106호 (답십리동, 래미안위브아파트)",37.57285496,127.0524012
서울특별시,동대문구,하랑어린이집,"서울특별시 동대문구 답십리로 130 107동 106호 (답십리동, 래미안위브아파트)",37.57285496,127.0524012
서울특별시,동대문구,꼬마숲아띠어린이집,"서울특별시 동대문구 답십리로 130 309동 105호(답십리동, 래미안위브아파트)",37.57285496,127.0524012
서울특별시,동대문구,리치예성어린이집,"서울특별시 동대문구 한빛로 73 103동 101 (용두동, 롯데캐슬리치아파트)",37.57949766,127.0304929
서울특별시,동대문구,라온어린이집,서울특별시 동대문구 정릉천동로 16 106동 102호 (용두두산위브아파트),37.57346786,127.0353065
서울특별시,동대문구,한국국방연구원 직장어린이집,서울특별시 동대문구 회기로 85 800동 (회기동),37.59503671,127.0463228
서울특별시,동대문구,꿈둥이어린이집,"서울특별시 동대문구 장안벚꽃로 107 105동 104호 (장안동, 현대홈타운아파트)",37.57105683,127.0751137
서울특별시,동대문구,아라어린이집,"서울특별시 동대문구 장한로14길 81 106동 104호 (장안동, 삼성래미안1차아파트)",37.56681812,127.0721804
서울특별시,동대문구,예지슬어린이집,"서울특별시 동대문구 사가정로 65 109동 101호(전농동, 래미안크레시티아파트)",37.57550604,127.0496959
서울특별시,동대문구,느티나무어린이집,"서울특별시 동대문구 사가정로 65 201동 101호(전농동,래미안크레시티)",37.57550604,127.0496959
서울특별시,동대문구,호수어린이집,"서울특별시 동대문구 답십리로 130 403동 106호(답십리동, 래미안위브)",37.57285496,127.0524012
서울특별시,동대문구,꿈동이어린이집,"서울특별시 동대문구 답십리로 130 108동 106호(답십리동,래미안위브)",37.57285496,127.0524012
서울특별시,동대문구,다온어린이집,"서울특별시 동대문구 사가정로 65 212동 105호(전농동,래미안크레시티)",37.57550604,127.0496959
서울특별시,동대문구,한국외국어대학교어린이집,서울특별시 동대문구 천장산로9길 11 ,37.59905204,127.0570831
서울특별시,동대문구,아이미소어린이집,"서울특별시 동대문구 전농로16길 51 107동 104호(전농동,래미안아름숲)",37.57833421,127.0604383
서울특별시,동대문구,한울어린이집,"서울특별시 동대문구 장안벚꽃로 107 102동 101호(장안동,현대홈타운)",37.57105683,127.0751137
서울특별시,동대문구,누리보듬어린이집,"서울특별시 동대문구 장안벚꽃로1길 7 1003동 104호(장안동, 힐스테이트아파트)",37.5763379,127.0745726
서울특별시,동대문구,다함어린이집,"서울특별시 동대문구 사가정로 65 (전농동, 래미안크레시티아파트)",37.57550604,127.0496959
서울특별시,동대문구,가온어린이집,"서울특별시 동대문구 천호대로89길 30 101동 109호(장안동,은하수드림필아파트)",37.56306911,127.0691168
서울특별시,동대문구,서울시립대학교직장어린이집,서울특별시 동대문구 서울시립대로 163 서울시립대학교직장어린이집,37.58257758,127.0599881
서울특별시,동대문구,허브리츠어린이집,"서울특별시 동대문구 정릉천동로 36 (용두동,허브리츠) 관리동",37.57547229,127.0371123
서울특별시,동대문구,해솔어린이집,"서울특별시 동대문구 한천로 248 (휘경동, 휘경주공아파트)",37.58323604,127.071898
서울특별시,동대문구,이문현대어린이집,"서울특별시 동대문구 한천로58길 107 (이문동, 현대아파트)",37.6012567,127.0697682
서울특별시,동대문구,이편한오렌지어린이집,서울특별시 동대문구 한천로63길 10 ,37.6049031,127.0637064
서울특별시,동대문구,위브어린이집,"서울특별시 동대문구 황물로15길 25 (답십리동,두산위브아파트)",37.56656253,127.0571883
서울특별시,동대문구,솔솔어린이집,서울특별시 동대문구 장안벚꽃로5길 19 2층(휘경동),37.5820674,127.0741592
서울특별시,동대문구,솔향기어린이집,서울특별시 동대문구 장한로26다길 77 ,37.56833418,127.0719714
서울특별시,동대문구,청솔어린이집,서울특별시 동대문구 전농로10길 20 (답십리동),37.57460947,127.0601291
서울특별시,동대문구,청아어린이집,"서울특별시 동대문구 천호대로55길 11 (답십리동,힐스테이트청계아파트 내)",37.57153553,127.046159
서울특별시,동대문구,미드카운티어린이집,"서울특별시 동대문구 답십리로 141 (답십리동,래미안미드카운티아파트)",37.57334306,127.0552818
서울특별시,동대문구,노블레스어린이집,"서울특별시 동대문구 답십리로23길 30 관리동(전농동,롯데캐슬노블레스아파트)",37.57671631,127.0497821
서울특별시,동대문구,가람어린이집,"서울특별시 동대문구 왕산로23길 89 101동 101호(제기동,이수브라운스톤아파트)",37.58267031,127.0348095
서울특별시,동대문구,파크자이어린이집,"서울특별시 동대문구 답십리로56길 105 관리동(답십리동,파크자이아파트)",37.56777026,127.0584014
서울특별시,동대문구,아이뜰어린이집,"서울특별시 동대문구 사가정로 190 13동 101호(전농동,전농우성아파트)",37.57734724,127.064387
서울특별시,동대문구,예닮어린이집,"서울특별시 동대문구 무학로26길 30 1동 103호(용두동,신동아아파트)",37.57310266,127.0315846
서울특별시,동대문구,자연어린이집,"서울특별시 동대문구 한천로37길 33 104동 104호(답십리동,래미안엘파인아파트)",37.57632455,127.0658133
서울특별시,동대문구,아이랑어린이집,"서울특별시 동대문구 한천로55길 9 102동 109호(이문동,이문동삼익아파트)",37.59613546,127.0676212
서울특별시,동대문구,이화어린이집,서울특별시 동대문구 장한로26다길 38 ,37.57007193,127.0727045
서울특별시,동대문구,휘경SK뷰어린이집,"서울특별시 동대문구 휘경로 60 휘경SK뷰아파트, 관리동",37.59370125,127.0648977
서울특별시,동대문구,데시앙어린이집,"서울특별시 동대문구 장한로27길 37 관리동(장안동, 더퍼스트데시앙아파트)",37.57311033,127.0696017
서울특별시,동대문구,늘봄어린이집,서울특별시 동대문구 외대역동로1길 60-3 휘경해모로 관리동,37.59160372,127.0629316
서울특별시,동대문구,삼성어린이집,서울특별시 동대문구 한천로26길 43 ,37.5712876,127.0682449
서울특별시,동대문구,청계포레어린이집,서울특별시 동대문구 무학로 89 (청계포레센트럴아파트),37.57229012,127.0299169
서울특별시,동대문구,연세어린이집,서울특별시 동대문구 장한로27나길 65 ,37.5760787,127.0704405
서울특별시,동대문구,엘리니티어린이집,서울특별시 동대문구 한빛로 49 래미안엘리니티 아파트 105동,37.57984174,127.0268085
서울특별시,동대문구,그라시엘어린이집,서울특별시 동대문구 고산자로32길 78 103동,37.57758804,127.0428414
서울특별시,동대문구,스카이어린이집,"서울특별시 동대문구 답십리로 27 단지내(전농동, 청량리역롯데캐슬 SKY-L65)",37.5791424,127.0458215
서울특별시,동대문구,별초롱어린이집,서울특별시 동대문구 장안벚꽃로 107 104동 102호,37.57105683,127.0751137
서울특별시,동대문구,해찬어린이집,서울특별시 동대문구 한천로 248 관리동,37.58323604,127.071898
서울특별시,동대문구,예일어린이집,"서울특별시 동대문구 한천로63길 10 106동 104호(이문동, 이문e편한세상 아파트)",37.6049031,127.0637064
서울특별시,동대문구,신현대어린이집,서울특별시 동대문구 이문로1길 21 신현대아파트 관리소동 1층,37.59016846,127.0515639
서울특별시,동대문구,삼성영재어린이집,서울특별시 동대문구 전농로 192 삼성아파트 단지내 (전농동),37.58280297,127.0554526
서울특별시,동대문구,라그란데슬하어린이집,서울특별시 동대문구 이문로35길 12 관리동,37.59982336,127.0612412
서울특별시,동대문구,라그란데꿈별어린이집,서울특별시 동대문구 이문로35길 21 관리동,37.59912016,127.0608498
서울특별시,동대문구,라그란데은하수어린이집,서울특별시 동대문구 이문로35길 12 105동 1층,37.59982336,127.0612412
서울특별시,동대문구,꿈쟁이어린이집,서울특별시 동대문구 한천로58길 47 102동 102호,37.60075075,127.0687695
서울특별시,동대문구,현대참사랑어린이집,서울특별시 동대문구 장안벚꽃로1길 7 1008동 102호,37.5763379,127.0745726
서울특별시,동대문구,동그라미어린이집,서울특별시 동대문구 천호대로77길 63 101동 104호,37.56486964,127.0623609
서울특별시,동대문구,조앤아이어린이집,서울특별시 동대문구 장안벚꽃로 167 215동 102호,37.5750721,127.0742821
서울특별시,동대문구,아르테포레어린이집,서울특별시 동대문구 전농로4나길 19 ,37.56656364,127.0598426
서울특별시,동대문구,디센시아루다어린이집,서울특별시 동대문구 외대역동로 63-27 112동 1층,37.59178633,127.0612569
서울특별시,동대문구,디센시아키즈아뜰리에어린이집,서울특별시 동대문구 외대역동로 63-27 단지동,37.59178633,127.0612569
서울특별시,동대문구,아이파크자이한가람어린이집,서울특별시 동대문구 이문로 150 이문아이파크자이아파트 단지내,37.60006278,127.0624008
서울특별시,동대문구,아이파크자이해랑어린이집,서울특별시 동대문구 이문로 120 이문아이파크자이아파트 단지내,37.59847022,127.0626829
서울특별시,중랑구,사과나무어린이집,서울특별시 중랑구 사가정로51길 47 (면목동),37.58303991,127.0877206
서울특별시,중랑구,세모네모재능어린이집,서울특별시 중랑구 중랑역로 72-8 (중화동),37.60015977,127.0786107
서울특별시,중랑구,세화어린이집,서울특별시 중랑구 동일로123길 125 (중화동),37.59993187,127.0737978
서울특별시,중랑구,새싹어린이집,서울특별시 중랑구 동일로118길 9 (상봉동),37.59465866,127.0809112
서울특별시,중랑구,자연어린이집,서울특별시 중랑구 용마산로114길 4 (망우동),37.59884701,127.1012272
서울특별시,중랑구,명인어린이집,서울특별시 중랑구 면목로53길 70 (면목동),37.58411267,127.0844699
서울특별시,중랑구,예쁜꼬마어린이집,"서울특별시 중랑구 동일로169길 41 103동 102호(묵동, 동구햇살아파트)",37.61330741,127.0742462
서울특별시,중랑구,아이어린이집,서울특별시 중랑구 동일로157라길 12-20 (묵동),37.61103215,127.0753739
서울특별시,중랑구,여명어린이집,서울특별시 중랑구 동일로160길 49 (묵동),37.61124294,127.0804793
서울특별시,중랑구,해바라기어린이집,서울특별시 중랑구 봉우재로20길 45 (면목동),37.58946,127.0809483
서울특별시,중랑구,보경어린이집,서울특별시 중랑구 망우로77길 12 (망우동),37.60159328,127.1062866
서울특별시,중랑구,하니뜰어린이집,서울특별시 중랑구 신내로 127 신내아파트관리사무소1층 (신내동),37.61086744,127.0956519
서울특별시,중랑구,금파어린이집,서울특별시 중랑구 용마산로 520-5 (망우동),37.59754613,127.1007307
서울특별시,중랑구,신내어린이집,서울특별시 중랑구 용마산로125가길 39-26 (신내동),37.60469865,127.097942
서울특별시,중랑구,포그니어린이집,"서울특별시 중랑구 신내로7가길 31 101동 102호(상봉동, 동부건영아파트)",37.60207313,127.0934243
서울특별시,중랑구,한내들어린이집,서울특별시 중랑구 동일로139라길 24 (중화동),37.6041874,127.0749772
서울특별시,중랑구,피노키오어린이집,서울특별시 중랑구 봉화산로 146 LG쌍용아파트 1309동 1층(상봉동),37.60360654,127.0904026
서울특별시,중랑구,사랑나무어린이집,"서울특별시 중랑구 용마산로 616 101동 101호(신내동, 새한아파트)",37.60493329,127.1012262
서울특별시,중랑구,둥지어린이집,서울특별시 중랑구 공릉로14길 19 (묵동),37.6177138,127.0802743
서울특별시,중랑구,초롱어린이집,서울특별시 중랑구 중랑역로3길 28 (중화동),37.59501897,127.0748913
서울특별시,중랑구,영재스쿨어린이집,"서울특별시 중랑구 동일로 752 109동 102호(중화동, 중화한신아파트)",37.59700909,127.0820707
서울특별시,중랑구,혜원어린이집,서울특별시 중랑구 상봉로16가길 14 (망우동),37.59193091,127.0953902
서울특별시,중랑구,해오름어린이집,서울특별시 중랑구 면목로65길 13 (면목동),37.58652585,127.0873594
서울특별시,중랑구,배꽃어린이집,서울특별시 중랑구 용마산로109길 18 (망우동),37.59748417,127.0991042
서울특별시,중랑구,영재어린이집,서울특별시 중랑구 상봉로11길 44-7 (면목동),37.59012749,127.0909233
서울특별시,중랑구,봉화어린이집,"서울특별시 중랑구 봉화산로 165 (상봉동,신내12단지아파트 내 신내종합사회복지관 1층)",37.60539187,127.0916636
서울특별시,중랑구,천사어린이집,서울특별시 중랑구 사가정로64길 10-4 (면목동),37.57989575,127.0918309
서울특별시,중랑구,사랑어린이집,서울특별시 중랑구 동일로143길 12-12 (묵동),37.60586348,127.0778088
서울특별시,중랑구,열매어린이집,서울특별시 중랑구 동일로100길 26 (면목동),37.58856693,127.0814849
서울특별시,중랑구,혜성어린이집,서울특별시 중랑구 동일로136나길 29-6 (중화동),37.60372833,127.082426
서울특별시,중랑구,배봉어린이집,서울특별시 중랑구 신내로 115 (신내동),37.60929753,127.0949042
서울특별시,중랑구,금강어린이집,서울특별시 중랑구 용마산로100길 20 (망우동),37.59124873,127.0991535
서울특별시,중랑구,용마어린이집,서울특별시 중랑구 용마산로 393 (면목동),37.587003,127.0951883
서울특별시,중랑구,면일어린이집,서울특별시 중랑구 상봉로19길 13 (면목동),37.59334772,127.0925516
서울특별시,중랑구,또또어린이집,서울특별시 중랑구 동일로 584 (면목동),37.58239288,127.0800237
서울특별시,중랑구,중랑구청직장어린이집,"서울특별시 중랑구 봉화산로 179 (신내동, 중랑구청 1층)",37.60656359,127.0927248
서울특별시,중랑구,상봉어린이집,서울특별시 중랑구 상봉중앙로6길 57 (상봉동),37.60202468,127.0901489
서울특별시,중랑구,늘푸른동아어린이집,"서울특별시 중랑구 동일로 476 늘푸른동아아파트 102동 101호,102호 (면목동)",37.57368905,127.0803696
서울특별시,중랑구,꿈마루어린이집,서울특별시 중랑구 겸재로50나길 71 (면목동),37.58577384,127.0942121
서울특별시,중랑구,시온어린이집,서울특별시 중랑구 면목로84길 31 (면목동),37.59216483,127.0885293
서울특별시,중랑구,또래또어린이집,"서울특별시 중랑구 공릉로2나길 46 201동 102호(묵동, 신안2차아파트)",37.61398105,127.0801992
서울특별시,중랑구,참예은어린이집,서울특별시 중랑구 동일로116길 47 (상봉동),37.59466518,127.08358
서울특별시,중랑구,참사랑어린이집,서울특별시 중랑구 면목로74길 27 1층 (면목동),37.58942545,127.0890155
서울특별시,중랑구,예담어린이집,"서울특별시 중랑구 중랑천로 20 3동 101호(면목동, 한신아파트)",37.58648311,127.0758051
서울특별시,중랑구,별하어린이집,서울특별시 중랑구 봉우재로12길 12-11 (면목동),37.58945109,127.0774391
서울특별시,중랑구,아이뜰어린이집,서울특별시 중랑구 면목로21길 5 (면목동),37.57236587,127.0834472
서울특별시,중랑구,행복한어린이집,"서울특별시 중랑구 겸재로3길 8 101호(면목동, 대경빌라)",37.58624268,127.0767116
서울특별시,중랑구,봄내어린이집,서울특별시 중랑구 면목로63길 47-4 (면목동),37.5861252,127.0853645
서울특별시,중랑구,점프어린이집,서울특별시 중랑구 동일로112길 21 (상봉동),37.59306183,127.0820941
서울특별시,중랑구,햇살가득어린이집,서울특별시 중랑구 겸재로29길 32 (면목동),37.5891242,127.0852931
서울특별시,중랑구,아침햇살어린이집,서울특별시 중랑구 면목로54길 67 (면목동 433-34),37.5833322,127.0922106
서울특별시,중랑구,색동어린이집,서울특별시 중랑구 동일로109길 31 (면목동),37.59167861,127.0784011
서울특별시,중랑구,나래어린이집,서울특별시 중랑구 봉우재로 94-3 (면목동),37.59172812,127.0837115
서울특별시,중랑구,예쁜새싹어린이집,서울특별시 중랑구 면목로44라길 12 (면목동),37.58147054,127.0916629
서울특별시,중랑구,예아랑어린이집,서울특별시 중랑구 답십리로81길 130 1층(면목동),37.57694861,127.0853211
서울특별시,중랑구,우리어린이집,"서울특별시 중랑구 신내역로 165 217동 304호(신내동, 우디안아파트)",37.61658268,127.1096317
서울특별시,중랑구,아이파크어린이집,"서울특별시 중랑구 중랑천로 286 라동(묵동, 현대아이파크)",37.61069547,127.0734802
서울특별시,중랑구,뉴솔로몬어린이집,서울특별시 중랑구 용마공원로5길 15 (망우동),37.59471999,127.1018869
서울특별시,중랑구,자연아이발트슐레어린이집,서울특별시 중랑구 동일로154길 7-7 (묵동),37.60932152,127.0784347
서울특별시,중랑구,상봉삼성어린이집,서울특별시 중랑구 면목로88길 9 (상봉동),37.59414965,127.0869198
서울특별시,중랑구,예일어린이집,서울특별시 중랑구 동일로126길 6 (중화동),37.59865242,127.0804789
서울특별시,중랑구,노벨어린이집,서울특별시 중랑구 용마공원로 34-1 (망우동),37.59265016,127.1016582
서울특별시,중랑구,베비텔어린이집,서울특별시 중랑구 봉우재로65길 45 (망우동),37.59712036,127.0974619
서울특별시,중랑구,참새어린이집,"서울특별시 중랑구 봉화산로 216 401동 106호(신내동, 동성아파트)",37.60688845,127.0970278
서울특별시,중랑구,초록별어린이집,"서울특별시 중랑구 숙선옹주로 91 ,406동 106호(묵동, 신내아파트)",37.61726537,127.0855444
서울특별시,중랑구,신혜원어린이집,서울특별시 중랑구 상봉로12가길 1 (망우동),37.59060606,127.09419
서울특별시,중랑구,대건어린이집,서울특별시 중랑구 신내로7길 6 (신내동),37.60272807,127.0955484
서울특별시,중랑구,하늘숲어린이집,서울특별시 중랑구 숙선옹주로3길 20-7 (묵동),37.61512593,127.0799526
서울특별시,중랑구,스머프어린이집,서울특별시 중랑구 면목로66길 57 (면목동),37.58645812,127.0914961
서울특별시,중랑구,알지오어린이집,서울특별시 중랑구 봉화산로3길 229-6 (묵동),37.61187732,127.0737326
서울특별시,중랑구,디즈니프리스쿨어린이집,"서울특별시 중랑구 신내로19길 42 608동 106호(신내동, 신내대주아파트)",37.61410176,127.0910347
서울특별시,중랑구,올망졸망어린이집,"서울특별시 중랑구 신내로 128 3동 103호(신내동, 동성아파트)",37.60894053,127.0978091
서울특별시,중랑구,키움어린이집,"서울특별시 중랑구 공릉로2라길 4 104동 101호(묵동, 묵동신안아파트)",37.61313996,127.0816751
서울특별시,중랑구,성애어린이집,서울특별시 중랑구 신내로8길 46 성애어린이집 (신내동),37.60231908,127.0980008
서울특별시,중랑구,금빛어린이집,서울특별시 중랑구 용마산로53길 26 (면목동),37.57959214,127.0902756
서울특별시,중랑구,요한어린이집,서울특별시 중랑구 면목로37길 37 (면목동),37.57949719,127.0844058
서울특별시,중랑구,해솔어린이집,"서울특별시 중랑구 신내로 128 5동 101호(신내동, 동성아파트)",37.60894053,127.0978091
서울특별시,중랑구,모모어린이집,서울특별시 중랑구 송림길 16 훼밀리상가 (신내동),37.60025163,127.0958547
서울특별시,중랑구,태화어린이집,서울특별시 중랑구 봉화산로 193 신내대명 아파트 단지내 (신내동),37.60683224,127.0944572
서울특별시,중랑구,새믿음어린이집,서울특별시 중랑구 용마산로116길 26 (망우동),37.59936553,127.1019588
서울특별시,중랑구,이화어린이집,서울특별시 중랑구 면목로27길 85 (면목동),37.57399759,127.0808301
서울특별시,중랑구,단비어린이집,서울특별시 중랑구 면목로37길 57 두산3차아파트 301동 1층 (면목동),37.58001478,127.0829314
서울특별시,중랑구,숲속어린이집,서울특별시 중랑구 답십리로75길 73 경남아너스빌아파트 106동 102호 (면목동),37.57687498,127.0804812
서울특별시,중랑구,새롬어린이집,서울특별시 중랑구 면목로42길 22 (면목동),37.57953037,127.0891586
서울특별시,중랑구,금성어린이집,서울특별시 중랑구 상봉로12길 44 (망우동),37.59085749,127.0960277
서울특별시,중랑구,영재사관어린이집,서울특별시 중랑구 동일로95나길 12-8 (면목동),37.58440998,127.0771157
서울특별시,중랑구,푸른솔몬테소리어린이집,서울특별시 중랑구 봉화산로22길 14 (중화동),37.60105114,127.0820323
서울특별시,중랑구,아이조아어린이집,서울특별시 중랑구 신내로7가길 54-12 (상봉동),37.60278632,127.092434
서울특별시,중랑구,책사랑어린이집,"서울특별시 중랑구 신내로17길 41 706동 102호(신내동, 진로)",37.61469445,127.0937736
서울특별시,중랑구,우주어린이집,"서울특별시 중랑구 신내로19길 42 611동 102호(신내동, 신내대주아파트)",37.61410176,127.0910347
서울특별시,중랑구,나무어린이집,서울특별시 중랑구 동일로126길 5-12 (중화동),37.59938822,127.0806582
서울특별시,중랑구,꿈사랑어린이집,"서울특별시 중랑구 신내로19길 42 615동 106호(신내동, 신내대주아파트)",37.61410176,127.0910347
서울특별시,중랑구,아이나라어린이집,"서울특별시 중랑구 신내로7길 20 204동 104호(신내동, 건영2차아파트)",37.60139119,127.0960991
서울특별시,중랑구,에코비자연어린이집,서울특별시 중랑구 동일로126길 49-1 (중화동),37.59895739,127.0831025
서울특별시,중랑구,신내데시앙어린이집,서울특별시 중랑구 용마산로 669 신내데시앙아파트 114동 1층 (신내동),37.609769,127.0989769
서울특별시,중랑구,아이세상어린이집,"서울특별시 중랑구 용마산로 669 106동 104호(신내동, 신내데시앙아파트)",37.609769,127.0989769
서울특별시,중랑구,새봄어린이집,서울특별시 중랑구 중랑천로20길 27-4 (중화동),37.59720156,127.0731291
서울특별시,중랑구,아이사랑어린이집,"서울특별시 중랑구 신내로 155 802동 103호(신내동, 화성두산아파트)",37.61385898,127.0943227
서울특별시,중랑구,드림아이어린이집,"서울특별시 중랑구 동일로 752 102동 102호(중화동, 중화한신아파트)",37.59700909,127.0820707
서울특별시,중랑구,한신키즈어린이집,"서울특별시 중랑구 동일로 752 102동 106호(중화동, 중화한신아파트)",37.59700909,127.0820707
서울특별시,중랑구,작은숲어린이집,"서울특별시 중랑구 숙선옹주로 91 408동 101호(묵동, 신내아파트)",37.61726537,127.0855444
서울특별시,중랑구,서울의료원어린이집,서울특별시 중랑구 신내로 156 (신내동),37.61309131,127.099187
서울특별시,중랑구,은솔어린이집,"서울특별시 중랑구 신내로7나길 24 209동 103호(상봉동, 건영2차아파트)",37.6013558,127.0928005
서울특별시,중랑구,예그린어린이집,"서울특별시 중랑구 공릉로13길 30 102동 104호(묵동, 묵동신도아파트)",37.61652091,127.0769993
서울특별시,중랑구,해뜨는어린이집,"서울특별시 중랑구 봉화산로56길 123 4동 110호(신내동, 중앙하이츠아파트)",37.60354953,127.0989035
서울특별시,중랑구,예쁘지오어린이집,서울특별시 중랑구 신내로 51 ,37.60597617,127.0947246
서울특별시,중랑구,금호어린이집,"서울특별시 중랑구 공릉로2길 39 ,102동106호(묵동,금호어울림아파트)",37.61289509,127.0799352
서울특별시,중랑구,딸기어린이집,"서울특별시 중랑구 망우로75길 19 106동P층(망우동,중랑숲리가아파트)",37.60172625,127.1048961
서울특별시,중랑구,라임어린이집,서울특별시 중랑구 중랑역로 234-7 (묵동),37.61451996,127.0757994
서울특별시,중랑구,새솔어린이집,"서울특별시 중랑구 신내역로 165 (신내동, 신내우디안2단지아파트 관리동)",37.61658268,127.1096317
서울특별시,중랑구,하람어린이집,"서울특별시 중랑구 신내역로1길 85 (신내동, 신내우디안1단지아파트 관리동)",37.61680909,127.1062937
서울특별시,중랑구,드림어린이집,서울특별시 중랑구 겸재로64길 23 (면목동),37.58926534,127.0960282
서울특별시,중랑구,열린꿈어린이집,"서울특별시 중랑구 신내로19길 42 612동 101호(신내동, 신내대주아파트)",37.61410176,127.0910347
서울특별시,중랑구,유진어린이집,"서울특별시 중랑구 중랑천로 332 102동 106호(묵동, 한국아파트)",37.6148044,127.0735286
서울특별시,중랑구,어울림어린이집,서울특별시 중랑구 망우로73길 47 (망우동),37.60273836,127.1032377
서울특별시,중랑구,햇살아래 보듬이나눔이 어린이집,서울특별시 중랑구 신내역로 131 (신내동),37.61476531,127.112769
서울특별시,중랑구,화랑어린이집,"서울특별시 중랑구 숙선옹주로 45 108동(묵동, e편한세상 화랑대)",37.61562144,127.0827355
서울특별시,중랑구,아름뜰어린이집,서울특별시 중랑구 상봉중앙로8길 76 1509동 101호 (상봉동),37.60270473,127.0914659
서울특별시,중랑구,예쁜별어린이집,"서울특별시 중랑구 신내로 110 13동 106호(신내동, 동성아파트)",37.60979996,127.0962946
서울특별시,중랑구,알콩달콩어린이집,서울특별시 중랑구 신내로 155 808동 109호 (신내동),37.61385898,127.0943227
서울특별시,중랑구,아미어린이집,서울특별시 중랑구 봉화산로56길 112 101동 102호 (신내동),37.60401342,127.0968776
서울특별시,중랑구,아이누리어린이집,"서울특별시 중랑구 동일로 752 107동 102호 (중화동, 한신아파트)",37.59700909,127.0820707
서울특별시,중랑구,새한어린이집,서울특별시 중랑구 용마산로 616 관리동 1층 (신내동),37.60493329,127.1012262
서울특별시,중랑구,하늘채어린이집,"서울특별시 중랑구 용마산로 210 102동(면목동,용마산하늘채)",37.57196852,127.0870826
서울특별시,중랑구,예슬어린이집,"서울특별시 중랑구 신내로7나길 24 212동 102호(상봉동, 건영2차아파트)",37.6013558,127.0928005
서울특별시,중랑구,다솜어린이집,"서울특별시 중랑구 봉화산로56길 145-1 5동 103호(신내동, 중앙하이츠아파트)",37.60213026,127.0972053
서울특별시,중랑구,너나들이어린이집,"서울특별시 중랑구 신내역로1길 145 102호(신내동,신내소행주)",37.61811601,127.1102745
서울특별시,중랑구,이수어린이집,"서울특별시 중랑구 공릉로18길 59 105동107호(묵동,브라운스톤태릉아파트)",37.61872204,127.0815373
서울특별시,중랑구,우남어린이집,"서울특별시 중랑구 봉화산로56길 51 101동 101호(신내동,우남푸르미아아파트)",37.60608847,127.0989614
서울특별시,중랑구,아이숲어린이집,"서울특별시 중랑구 봉화산로48길 62 104동 105호(상봉동,건영아파트)",37.60347534,127.0936543
서울특별시,중랑구,신사임당어린이집,"서울특별시 중랑구 신내로 51 104동 103호(신내동, 성원아파트)",37.60597617,127.0947246
서울특별시,중랑구,꿈터어린이집,서울특별시 중랑구 사가정로42길 90 두산아파트 관리동(면목동),37.57795936,127.0810925
서울특별시,중랑구,서일대학교부설어린이집,서울특별시 중랑구 용마산로90길 28-5 (면목동),37.58736669,127.0974466
서울특별시,중랑구,푸른숲어린이집,서울특별시 중랑구 용마산로94길 94 (면목동),37.58757732,127.1015392
서울특별시,중랑구,우리들어린이집,서울특별시 중랑구 공릉로4길 18-13 (묵동),37.61263025,127.0791961
서울특별시,중랑구,수자인어린이집,서울특별시 중랑구 사가정로72길 26 한양수자인사가정파크 단지내 (면목동),37.58007117,127.0934307
서울특별시,중랑구,보림어린이집,"서울특별시 중랑구 중랑천로 286 101동 101호(묵동, 현대아이파크)",37.61069547,127.0734802
서울특별시,중랑구,꼬마사랑어린이집,서울특별시 중랑구 봉우재로6길 9 (면목동),37.58956293,127.0762989
서울특별시,중랑구,새우개 하나어린이집,서울특별시 중랑구 용마산로139다길 17 (신내동),37.61800088,127.1012138
서울특별시,중랑구,라온어린이집,서울특별시 중랑구 동일로91길 23 (면목동),37.58194768,127.0785833
서울특별시,중랑구,사가정 아이파크어린이집,서울특별시 중랑구 동일로92길 40 (면목동),37.58189295,127.0803759
서울특별시,중랑구,동심어린이집,서울특별시 중랑구 용마공원로3길 40 (망우동),37.5961692,127.1013019
서울특별시,중랑구,신나라어린이집,서울특별시 중랑구 봉우재로2길 22 (면목동),37.58836273,127.0743027
서울특별시,중랑구,금강펜테리움어린이집,서울특별시 중랑구 용마산로136길 160 관리동 (망우동),37.60985734,127.1088563
서울특별시,중랑구,키즈어울림어린이집,서울특별시 중랑구 양원역로 18 108동 107호 (망우동),37.60277431,127.108648
서울특별시,중랑구,엘스타시온어린이집,서울특별시 중랑구 양원역로10길 47 엘스타시온 관리동 (망우본동),37.60743443,127.1088192
서울특별시,중랑구,금호어울림어린이집,서울특별시 중랑구 양원역로10길 75 금호어울림 관리동 (망우동),37.60748623,127.1096084
서울특별시,중랑구,중랑경찰서어린이집,서울특별시 중랑구 신내역로3길 40-10 ,37.61825428,127.1044681
서울특별시,중랑구,행복어린이집,서울특별시 중랑구 양원역로 92 (망우동),37.60859258,127.1062381
서울특별시,중랑구,중랑숲어울림어린이집,서울특별시 중랑구 양원역로 18 ,37.60277431,127.108648
서울특별시,중랑구,다온어린이집,서울특별시 중랑구 용마산로 670 ,37.61194415,127.102489
서울특별시,중랑구,로즈힐어린이집,서울특별시 중랑구 중랑천로 200 102동 1층 로즈힐어린이집,37.60276401,127.0755602
서울특별시,성북구,영광어린이집,서울특별시 성북구 오패산로10길 27 (하월곡동),37.6056893,127.0382793
서울특별시,성북구,사랑어린이집,"서울특별시 성북구 솔샘로 120 124동 105호(정릉동, 풍림아이원)",37.61662482,127.0097831
서울특별시,성북구,삼성래미안어린이집,서울특별시 성북구 종암로25길 30 삼성래미안아파트 관리동 1층 (종암동),37.60149226,127.0310804
서울특별시,성북구,아이뜰 어린이집,"서울특별시 성북구 화랑로48길 16 109동 101호(석관동, 두산아파트)",37.61377029,127.0689804
서울특별시,성북구,동아 어린이집,"서울특별시 성북구 장월로1길 28 110동 104호(상월곡동, 동아에코빌아파트)",37.60877231,127.0456123
서울특별시,성북구,산들어린이집,"서울특별시 성북구 정릉로 305 101동 103호(정릉동, 경남아파트)",37.60484714,127.0178033
서울특별시,성북구,예능 어린이집,"서울특별시 성북구 길음로 118 418동 102호(길음동, 길음뉴타운)",37.61132476,127.0208497
서울특별시,성북구,큰나무어린이집,서울특별시 성북구 화랑로18길 74 (상월곡동),37.60507799,127.051721
서울특별시,성북구,성북구청직장어린이집,서울특별시 성북구 보문로 168 1층 (삼선동5가),37.58945513,127.01669
서울특별시,성북구,석관어린이집,서울특별시 성북구 화랑로40길 27 (석관동),37.61338383,127.0630682
서울특별시,성북구,삼선어린이집,서울특별시 성북구 삼선교로4길 147 (삼선동1가),37.58179914,127.0091947
서울특별시,성북구,솔샘어린이집,서울특별시 성북구 보국문로16가길 82 (정릉동),37.61377172,127.0111073
서울특별시,성북구,종암어린이집,서울특별시 성북구 종암로23길 11 (종암동),37.59972957,127.0333683
서울특별시,성북구,길음빛어린이집,서울특별시 성북구 길음로 92 (길음동),37.61046032,127.0194714
서울특별시,성북구,다솔어린이집,서울특별시 성북구 삼양로2길 55 (길음동),37.60672275,127.0267933
서울특별시,성북구,목화어린이집,서울특별시 성북구 오패산로4길 39-1 ,37.6044113,127.0400082
서울특별시,성북구,성북어린이집,서울특별시 성북구 동소문동1가 성북로4길 13-2 ,37.58967826,127.0059201
서울특별시,성북구,삼선뜰어린이집,서울특별시 성북구 보문로29길 86 (삼선동3가),37.58640864,127.0136525
서울특별시,성북구,새싹어린이집,서울특별시 성북구 오패산로 21 ,37.60411944,127.0370684
서울특별시,성북구,웅지어린이집,서울특별시 성북구 길음로9길 113 (길음동),37.60223911,127.0212312
서울특별시,성북구,돈암2동 어린이집,서울특별시 성북구 성북로4길 52 한진아파트 406동 (돈암동),37.59447253,127.012706
서울특별시,성북구,장위1동어린이집,서울특별시 성북구 월계로32길 15 (장위동),37.6189349,127.0447232
서울특별시,성북구,동선어린이집,서울특별시 성북구 아리랑로 27-24 ,37.59533782,127.0151842
서울특별시,성북구,정릉1동어린이집,서울특별시 성북구 정릉로 300 (정릉동),37.60290965,127.0165773
서울특별시,성북구,월곡어린이집,서울특별시 성북구 오패산로16길 23 (하월곡동),37.60897959,127.0375369
서울특별시,성북구,달빛하나어린이집,서울특별시 성북구 장월로3길 47 (상월곡동),37.60917511,127.0454751
서울특별시,성북구,삼보어린이집,서울특별시 성북구 화랑로13길 79-10 ,37.60692105,127.0404201
서울특별시,성북구,베베스쿨어린이집,서울특별시 성북구 정릉로 404 돈암현대아파트 105동 101호,37.60429979,127.0287966
서울특별시,성북구,예쁜어린이집,서울특별시 성북구 정릉로26길 18 (정릉동),37.60404959,127.0112387
서울특별시,성북구,칭찬가득어린이집,"서울특별시 성북구 숭인로 16 117동 104호(길음동, 동부센트레빌아파트)",37.61177495,127.023865
서울특별시,성북구,피카소어린이집,서울특별시 성북구 서경로 28 태영아파트 단지내 (관리동2층) (정릉동),37.60615015,127.0159232
서울특별시,성북구,중앙어린이집,서울특별시 성북구 정릉로26길 8 중앙하이츠빌 2단지 관리동1층 (정릉동),37.60386708,127.0108477
서울특별시,성북구,아이동산어린이집,"서울특별시 성북구 종암로9길 71 214동 101호(종암동, 현대아이파크2차아파트)",37.5963037,127.0325124
서울특별시,성북구,푸른솔어린이집,서울특별시 성북구 정릉로 305 경남아파트 경남아파트단지내 (정릉동),37.60484714,127.0178033
서울특별시,성북구,은빛 어린이집,"서울특별시 성북구 길음로9길 40 103동 103호(길음동, 삼성래미안1차아파트)",37.60584942,127.0209852
서울특별시,성북구,행복한어린이집,"서울특별시 성북구 숭인로2길 61 110동 103호(길음동, 동부센트레빌아파트)",37.60935413,127.0249718
서울특별시,성북구,밤비어린이집,"서울특별시 성북구 화랑로48길 16 107동 104호(석관동, 두산아파트)",37.61377029,127.0689804
서울특별시,성북구,풍림어린이집,"서울특별시 성북구 솔샘로25길 20 120동 104호(정릉동, 풍림아이원)",37.61694939,127.0081226
서울특별시,성북구,영재어린이집,서울특별시 성북구 월계로36길 27 103동 103호,37.62143111,127.0463095
서울특별시,성북구,한빛어린이집,서울특별시 성북구 성북동1가 성북로 37 한빛 어린이집,37.59105175,127.0032478
서울특별시,성북구,연꽃어린이집,서울특별시 성북구 서경로 108 (정릉동),37.61247514,127.0134442
서울특별시,성북구,열매어린이집,서울특별시 성북구 숭인로2길 61 동부센트레빌아파트 관리동 1층,37.60935413,127.0249718
서울특별시,성북구,영암어린이집,서울특별시 성북구 정릉로 402-12 ,37.6036202,127.0271626
서울특별시,성북구,행복한우리어린이집,서울특별시 성북구 아리랑로19다길 38-14 ,37.59909017,127.0078733
서울특별시,성북구,동부어린이집,서울특별시 성북구 정릉로 388 동부센트레빌아파트 관리동 (돈암동),37.60246655,127.0256397
서울특별시,성북구,장위어린이집,서울특별시 성북구 장월로6길 28 (장위동),37.6092395,127.0489204
서울특별시,성북구,구름나무어린이집,서울특별시 성북구 장위로 51 (장위동),37.61415613,127.0423301
서울특별시,성북구,하은어린이집,서울특별시 성북구 돌곶이로 52-9 ,37.60889567,127.0598931
서울특별시,성북구,래미안어린이집,서울특별시 성북구 길음로9길 40 삼성래미안1차아파트 (길음동),37.60584942,127.0209852
서울특별시,성북구,성신어린이집,서울특별시 성북구 동소문동7가 아리랑로5길 36 (동소문동7가),37.5969992,127.0133387
서울특별시,성북구,나리어린이집,서울특별시 성북구 화랑로 242-5 ,37.61016784,127.0566736
서울특별시,성북구,행복한해오름어린이집,서울특별시 성북구 정릉로 390 (돈암동),37.60320804,127.0261492
서울특별시,성북구,예림어린이집,서울특별시 성북구 장위로33길 17 (장위동),37.61410756,127.0499706
서울특별시,성북구,장위3동어린이집,서울특별시 성북구 돌곶이로32길 43 (장위동),37.61676323,127.0534418
서울특별시,성북구,다윗어린이집,서울특별시 성북구 고려대로7길 120 돈암성당 내 (동선동2가),37.59021662,127.0175466
서울특별시,성북구,안암어린이집,서울특별시 성북구 고려대로10길 20 (안암동2가),37.58506911,127.0216064
서울특별시,성북구,사랑나무 어린이집,"서울특별시 성북구 오패산로3길 17 103동 103호(하월곡동, 동신아파트)",37.60459413,127.0345454
서울특별시,성북구,고려대학교의료원 안암병원 어린이집,서울특별시 성북구 안암로 145 (안암동5가 산1-61),37.58870342,127.0316983
서울특별시,성북구,꿈땅어린이집,서울특별시 성북구 장월로 28 .,37.60893454,127.0475346
서울특별시,성북구,북악어린이집,서울특별시 성북구 솔샘로6마길 5 (정릉동),37.6098061,127.007846
서울특별시,성북구,꼬마숲햇살 어린이집,"서울특별시 성북구 동소문로34길 24 103동 103호(돈암동, 삼성아파트)",37.59899276,127.0231327
서울특별시,성북구,신중앙어린이집,서울특별시 성북구 보문동2가 보문로25길 20 (보문동2가),37.58617764,127.0176288
서울특별시,성북구,베들레헴 어린이집,서울특별시 성북구 창경궁로35다길 108 (성북동),37.59239859,127.0011116
서울특별시,성북구,꿈보어린이집,"서울특별시 성북구 북악산로 844 103동 103호(돈암동, 돈암이수브라운스톤아파트)",37.59738706,127.019323
서울특별시,성북구,일곱색깔어린이집,서울특별시 성북구 장월로 31-1 (장위동),37.60900546,127.0470532
서울특별시,성북구,짐랜드 어린이집,서울특별시 성북구 정릉로29길 10 (정릉동),37.60390697,127.0158175
서울특별시,성북구,성복어린이집,서울특별시 성북구 월곡로 2 (종암동),37.59257467,127.0368206
서울특별시,성북구,영천어린이집,서울특별시 성북구 장위로 34 지상1층 (장위동),37.61412659,127.0405014
서울특별시,성북구,은영어린이집,서울특별시 성북구 보문동3가 보문사길 18 1층,37.58462464,127.0166834
서울특별시,성북구,엄마품어린이집,"서울특별시 성북구 길음로 16 611동 104호(길음동, 래미안길음3차아파트)",37.60711804,127.0232626
서울특별시,성북구,숲속반디어린이집,서울특별시 성북구 오패산로 90 래미안 월곡 아파트 관리동 숲속반디어린이집 (하월곡동),37.60994682,127.0369134
서울특별시,성북구,별초롱 어린이집,서울특별시 성북구 길음로 16 래미안3차 관리동 1층,37.60711804,127.0232626
서울특별시,성북구,조광어린이집,서울특별시 성북구 장위로32길 6-10 ,37.61351589,127.0475436
서울특별시,성북구,삼성새싹어린이집,"서울특별시 성북구 월곡로14길 26 106동 101호(하월곡동, 월곡래미안루나밸리아파트)",37.6002342,127.0426521
서울특별시,성북구,예다운어린이집,"서울특별시 성북구 종암로24가길 53 103동 101호(종암동, SK아파트)",37.60084135,127.0379766
서울특별시,성북구,행복나무어린이집,"서울특별시 성북구 오패산로3길 17 103동102호(하월곡동,동신아파트)",37.60459413,127.0345454
서울특별시,성북구,아기천사 어린이집,"서울특별시 성북구 월계로36길 27 108동 102호(장위동, 꿈의숲대명루첸아파트)",37.62143111,127.0463095
서울특별시,성북구,하늘빛 어린이집,"서울특별시 성북구 화랑로 214 102동 102호(석관동, 래미안석관아파트)",37.60915834,127.0548327
서울특별시,성북구,루첸키즈빌어린이집,서울특별시 성북구 월계로36길 27 꿈의숲대명루첸아파트 102동 1층 (장위동),37.62143111,127.0463095
서울특별시,성북구,우주래미안어린이집,서울특별시 성북구 종암로23길 35 래미안종암2차 아파트 관리동 (종암동),37.59814714,127.0297454
서울특별시,성북구,시온 어린이집,"서울특별시 성북구 길음로 33 816동101호(길음동,삼성래미안아파트)",37.60508329,127.0220786
서울특별시,성북구,삼성해맑은 어린이집,"서울특별시 성북구 종암로24가길 80 101동 103호(종암동, 래미안라센트아파트)",37.59932105,127.0392437
서울특별시,성북구,꿈터어린이집,서울특별시 성북구 길음로 33 래미안아파트 관리동,37.60508329,127.0220786
서울특별시,성북구,두산위브 어린이집,서울특별시 성북구 길음로13길 22 길음뉴타운 두산위브아파트 관리동 (길음동),37.60946802,127.0191416
서울특별시,성북구,까꿍 어린이집,"서울특별시 성북구 길음로9길 50 901동 102호(길음동, 길음뉴타운9단지아파트)",37.6026911,127.0209468
서울특별시,성북구,미예뜰 어린이집,서울특별시 성북구 길음로 33 삼성래미안 814동(관리동),37.60508329,127.0220786
서울특별시,성북구,길음성가어린이집,서울특별시 성북구 길음로9길 50 ,37.6026911,127.0209468
서울특별시,성북구,푸른성북어린이집,서울특별시 성북구 지봉로23길 51 (보문동2가),37.58729444,127.017487
서울특별시,성북구,킨더트리 어린이집,서울특별시 성북구 종암로24가길 80 래미안라센트아파트 관리동 (종암동),37.59932105,127.0392437
서울특별시,성북구,새날어린이집,서울특별시 성북구 종암로25길 29 ,37.60008941,127.0314537
서울특별시,성북구,가람어린이집,서울특별시 성북구 흥천사길 49-23 적조사,37.59859259,127.007309
서울특별시,성북구,래미안베베어린이집,"서울특별시 성북구 한천로 713 503동 101호(장위동, 래미안장위퍼스트하이)",37.62129906,127.0518475
서울특별시,성북구,안암동 하나금융그룹 직장어린이집,서울특별시 성북구 안암동5가 안암로 75 ,37.58324682,127.0293057
서울특별시,성북구,정릉제일어린이집,서울특별시 성북구 정릉로31가길 46 정릉제일어린이집,37.60522749,127.0169085
서울특별시,성북구,종암중앙어린이집,서울특별시 성북구 종암로19길 18 종암중앙어린이집,37.59874009,127.0337314
서울특별시,성북구,햇살내리는어린이집,서울특별시 성북구 성북로14가길 17-11 101호,37.59476773,127.0019827
서울특별시,성북구,가온어린이집,"서울특별시 성북구 오패산로3길 17 101동 101호(하월곡동, 동신아파트)",37.60459413,127.0345454
서울특별시,성북구,아띠어린이집,"서울특별시 성북구 성북로4길 52 111동 106호(돈암동, 한신한진아파트)",37.59447253,127.012706
서울특별시,성북구,성북생명숲어린이집,서울특별시 성북구 서경로 173 ,37.61603265,127.0091831
서울특별시,성북구,모래와어린이집,"서울특별시 성북구 성북로4길 52 203동 102호(돈암동, 한신한진아파트)",37.59447253,127.012706
서울특별시,성북구,보문제일어린이집,서울특별시 성북구 보문동6가 보문로13길 32 ,37.57985377,127.0202787
서울특별시,성북구,느티나무어린이집,서울특별시 성북구 흥천사길 29 ,37.59796095,127.0081186
서울특별시,성북구,원정어린이집,서울특별시 성북구 보국문로28길 10 ,37.61656419,127.005541
서울특별시,성북구,e편한세상어린이집,서울특별시 성북구 길음로 118 관리동 1층,37.61132476,127.0208497
서울특별시,성북구,소리어린이집,서울특별시 성북구 오패산로 98-12 ,37.61121871,127.0358698
서울특별시,성북구,경동어린이집,서울특별시 성북구 안암동3가 고려대로14길 42 경동어린이집,37.58477446,127.0227457
서울특별시,성북구,금호힐어린이집,서울특별시 성북구 동소문로34길 73 ,37.59981986,127.0222231
서울특별시,성북구,꿈에그린어린이집,"서울특별시 성북구 아리랑로19가길 21 ,관리동(정릉동,꿈에그린아파트)",37.60190471,127.0119415
서울특별시,성북구,동심삐아제어린이집,"서울특별시 성북구 숭인로2길 61 101동 103호(길음동, 동부센트레빌아파트)",37.60935413,127.0249718
서울특별시,성북구,휴먼빌키즈어린이집,"서울특별시 성북구 아리랑로 89 104동 101호(돈암동, 일신휴먼빌아파트)",37.60076991,127.0136175
서울특별시,성북구,해오름어린이집,"서울특별시 성북구 오패산로 46 123동 108호(하월곡동, 월곡두산위브아파트)",37.60746212,127.0387295
서울특별시,성북구,키노어린이집,"서울특별시 성북구 정릉로26길 8 205동 102호(정릉동, 중앙하이츠빌아파트)",37.60386708,127.0108477
서울특별시,성북구,즐거운어린이집,"서울특별시 성북구 정릉로 305 107동 105호(정릉동,경남아파트)",37.60484714,127.0178033
서울특별시,성북구,고려대학교 서울캠퍼스 어린이집,서울특별시 성북구 안암동5가 안암로 145 안암동 5가 산 1-92번지,37.58870342,127.0316983
서울특별시,성북구,라파엘엔젤어린이집,"서울특별시 성북구 솔샘로24길 15 105동 102호(정릉동, 정릉E-편한세상아파트)",37.61500979,127.0109744
서울특별시,성북구,아뜰리에어린이집,서울특별시 성북구 보문동6가 보문사길 111 ,37.58287311,127.0178911
서울특별시,성북구,안암래미안어린이집,서울특별시 성북구 고려대로17가길 64 안암래미안아파트 관리동 1층,37.58921815,127.023206
서울특별시,성북구,돈암하늘채어린이집,서울특별시 성북구 아리랑로 75 관리동 1층,37.59883026,127.0136255
서울특별시,성북구,SK키즈몬테소리어린이집,"서울특별시 성북구 삼선동3가 삼선교로16길 35 , 관리동 1층",37.58801843,127.0121412
서울특별시,성북구,해피래미안어린이집,"서울특별시 성북구 길음로 74 , 관리동 1층",37.60928957,127.0210339
서울특별시,성북구,현대어린이집,"서울특별시 성북구 종암로21길 127 , 관리동 1층",37.60282499,127.0293999
서울특별시,성북구,꿈의숲어린이집,"서울특별시 성북구 오패산로16가길 40 , 관리동 1층",37.60990552,127.0386975
서울특별시,성북구,래미안숲어린이집,"서울특별시 성북구 화랑로 214 , 관리동 1층(석관동)",37.60915834,127.0548327
서울특별시,성북구,휴먼빌어린이집,"서울특별시 성북구 아리랑로 89 , 관리동 1층 (돈암동)",37.60076991,127.0136175
서울특별시,성북구,삼선예일어린이집,"서울특별시 성북구 보문로29다길 31 , 관리동 1층",37.58417735,127.0126186
서울특별시,성북구,통통어린이집,서울특별시 성북구 화랑로48길 16 ,37.61377029,127.0689804
서울특별시,성북구,동아라온어린이집,서울특별시 성북구 장월로1길 28 단지내 1층,37.60877231,127.0456123
서울특별시,성북구,파아란어린이집,"서울특별시 성북구 솔샘로24길 15 , 단지내 1층(정릉동)",37.61500979,127.0109744
서울특별시,성북구,엔젤어린이집,"서울특별시 성북구 보국문로 116 , 단지내 1층(정릉동)",37.61514195,127.0077019
서울특별시,성북구,푸른샘어린이집,서울특별시 성북구 장위로19길 35 ,37.61503287,127.0438432
서울특별시,성북구,꿈의숲코오롱하늘채어린이집,서울특별시 성북구 돌곶이로 220 ,37.61901822,127.0464327
서울특별시,성북구,새봄빛어린이집,서울특별시 성북구 숭인로 50 112동 1층,37.61200577,127.0287737
서울특별시,성북구,아트리치어린이집,서울특별시 성북구 돌곶이로8길 22 1층 2층,37.60652448,127.0622612
서울특별시,성북구,루나밸리어린이집,서울특별시 성북구 월곡로14길 26 관리동,37.6002342,127.0426521
서울특별시,성북구,가온누리어린이집,서울특별시 성북구 숭인로 50 122동 1층,37.61200577,127.0287737
서울특별시,성북구,아름드리어린이집,서울특별시 성북구 장월로 160 래미안장위포레카운티 104동 1층,37.61792081,127.0522544
서울특별시,성북구,그린나래어린이집,서울특별시 성북구 한천로 713 506동 1층,37.62129906,127.0518475
서울특별시,성북구,하이키즈어린이집,서울특별시 성북구 한천로 713 513동 102호 (래미안장위퍼스트하이),37.62129906,127.0518475
서울특별시,성북구,키움누리어린이집,서울특별시 성북구 서경로 60 길음뉴타운 11단지 롯데캐슬골든힐스 단지 내,37.60992599,127.0154584
서울특별시,성북구,바람아래발도르프어린이집,서울특별시 성북구 길음로9길 40 108동 101호,37.60584942,127.0209852
서울특별시,성북구,아이누리어린이집,서울특별시 성북구 숭인로 16 103동 101호,37.61177495,127.023865
서울특별시,성북구,꿈빛 어린이집,서울특별시 성북구 종암로21길 127 101동 101호,37.60282499,127.0293999
서울특별시,성북구,자연아이어린이집,서울특별시 성북구 돌곶이로40길 46 ,37.61982239,127.0496604
서울특별시,성북구,이음어린이집,서울특별시 성북구 숭인로8길 80 111동,37.60947628,127.02711
서울특별시,성북구,한울어린이집,서울특별시 성북구 숭인로8길 80 ,37.60947628,127.02711
서울특별시,성북구,101경비단 어린이집,서울특별시 성북구 정릉로10라길 18-5 ,37.60568587,126.9994066
서울특별시,성북구,리슈빌어린이집,서울특별시 성북구 보문로26길 17 ,37.58722179,127.0199253
서울특별시,성북구,정릉햇살가득어린이집,서울특별시 성북구 북악산로 851 정릉2차 e편한세상아파트 관리동 1층,37.60025102,127.0183154
서울특별시,성북구,돈암이수어린이집,서울특별시 성북구 북악산로 844 102동 102호(브라운스톤돈암아파트),37.59738706,127.019323
서울특별시,성북구,두산세빛어린이집,서울특별시 성북구 오패산로 46 두산위브아파트 관리동 1층,37.60746212,127.0387295
서울특별시,성북구,드림어린이집,서울특별시 성북구 동소문로34길 24 106동 109호(삼성아파트),37.59899276,127.0231327
서울특별시,성북구,신나는어린이집,"서울특별시 성북구 길음로 11 관리동(길음동, 롯데캐슬트윈골드아파트)",37.6037856,127.0234374
서울특별시,성북구,자이숲어린이집,서울특별시 성북구 돌곶이로30길 23 202동,37.61360508,127.0561702
서울특별시,성북구,다온어린이집,서울특별시 성북구 돌곶이로30길 64 303동,37.61414358,127.0586227
서울특별시,성북구,별하어린이집,서울특별시 성북구 돌곶이로30길 24 401동,37.61305791,127.0569293
서울특별시,성북구,석관두산어린이집,서울특별시 성북구 화랑로48길 16 106동 104호(두산아파),37.61377029,127.0689804
서울특별시,성북구,자이햇살어린이집,서울특별시 성북구 돌곶이로30길 23 210동 104호,37.61360508,127.0561702
서울특별시,성북구,자이키즈어린이집,서울특별시 성북구 돌곶이로30길 63 102동 102호,37.61507592,127.0565962
서울특별시,성북구,한사랑어린이집,"서울특별시 성북구 솔샘로25길 28 112동 101호(정릉동, 풍림아이원)",37.61857737,127.0069619
서울특별시,강북구,삼동어린이집,"서울특별시 강북구 한천로105길 24 202동(번동, 주공2단지아파트)",37.62760841,127.0448051
서울특별시,강북구,구립아람하나어린이집,서울특별시 강북구 삼양로41길 60 (미아동 791-2119) (삼양동),37.62170406,127.0168637
서울특별시,강북구,구립해맞이어린이집,서울특별시 강북구 도봉로30길 53 (미아동),37.6216692,127.0313818
서울특별시,강북구,구립삼양어린이집,서울특별시 강북구 삼양로64길 32  -14 구립삼양어린이집,37.62792825,127.0198016
서울특별시,강북구,구립탐구어린이집,서울특별시 강북구 오패산로 162 (미아동),37.61612179,127.0337803
서울특별시,강북구,구립율곡어린이집,서울특별시 강북구 오패산로52마길 8-4 ,37.62560507,127.0317154
서울특별시,강북구,구립우이동어린이집,서울특별시 강북구 삼양로159가길 7 (우이동),37.6575736,127.012656
서울특별시,강북구,구립수유1동어린이집,서울특별시 강북구 인수봉로38가길 28 (수유동),37.63146633,127.0156822
서울특별시,강북구,구립송천동어린이집,서울특별시 강북구 솔샘로60길 21 (미아동),37.61749009,127.0243886
서울특별시,강북구,구립번2동어린이집,서울특별시 강북구 덕릉로40길 48 (번동),37.63374972,127.0320339
서울특별시,강북구,구립송중동어린이집,서울특별시 강북구 오패산로30길 18-5 ,37.61397803,127.0351297
서울특별시,강북구,늘기쁜어린이집,"서울특별시 강북구 숭인로7가길 37 108동 105호(미아동, 미아동부센트레빌)",37.61389583,127.0262234
서울특별시,강북구,구립샛별어린이집,서울특별시 강북구 삼양로19길 102 201호 샛별어린이집,37.61675485,127.0174869
서울특별시,강북구,구립인수동어린이집,서울특별시 강북구 삼양로107길 46 (수유동),37.64149521,127.0141512
서울특별시,강북구,구립번1동어린이집,서울특별시 강북구 도봉로96길 5-6 ,37.64080772,127.0294677
서울특별시,강북구,구립행복어린이집,서울특별시 강북구 인수봉로19길 5-8 ,37.62545386,127.0118614
서울특별시,강북구,구립수유2동어린이집,서울특별시 강북구 삼양로138길 18 (수유동),37.64906302,127.0148934
서울특별시,강북구,나이팅게일어린이집,서울특별시 강북구 노해로23길 95 (수유동),37.64666036,127.0187046
서울특별시,강북구,나나어린이집,서울특별시 강북구 수유로4길 23 (수유동),37.63184439,127.0198134
서울특별시,강북구,꿈나무어린이집,서울특별시 강북구 삼양로85길 4 (수유동),37.63360281,127.0171609
서울특별시,강북구,별나라어린이집,"서울특별시 강북구 솔샘로 159 110동 101호(미아동, 벽산라이브파크)",37.62182327,127.0124075
서울특별시,강북구,구립예능어린이집,서울특별시 강북구 솔샘로 159 벽산라이브파크아파트 관리동 1층,37.62182327,127.0124075
서울특별시,강북구,은초롱어린이집,서울특별시 강북구 솔매로50가길 9 (미아동),37.62335663,127.028671
서울특별시,강북구,구립하늘아이어린이집,"서울특별시 강북구 삼양로19길 25 103동 102호(미아동, 래미안트라베라1단지아파트)",37.61569432,127.021139
서울특별시,강북구,신기어린이집,서울특별시 강북구 삼양로79길 12 (수유동),37.63099988,127.0170167
서울특별시,강북구,구립새싹어린이집,"서울특별시 강북구 솔샘로 174 138동 104호(미아동, 에스케이북한산시티아파트)",37.61763836,127.0105997
서울특별시,강북구,쿠키어린이집,서울특별시 강북구 솔매로 106-1 ,37.62561373,127.0240757
서울특별시,강북구,솔로몬영재어린이집,서울특별시 강북구 삼양로77길 43-6 (수유동),37.62898695,127.0159785
서울특별시,강북구,청화어린이집,서울특별시 강북구 오현로 179-9 ,37.62816615,127.037773
서울특별시,강북구,동심어린이집,서울특별시 강북구 솔샘로65길 39 (미아동),37.61896927,127.026757
서울특별시,강북구,구립해맑은어린이집,"서울특별시 강북구 솔샘로 174 117동 102호(미아동, 에스케이북한산시티아파트)",37.61763836,127.0105997
서울특별시,강북구,두란노어린이집,"서울특별시 강북구 한천로109길 69 101동 107호(번동, 번동한양아파트)",37.62681083,127.0414226
서울특별시,강북구,구립동그라미어린이집,"서울특별시 강북구 솔샘로 159 104동 102호(미아동, 벽산라이브파크)",37.62182327,127.0124075
서울특별시,강북구,요한어린이집,서울특별시 강북구 도봉로49길 62 천주교회 내 (미아동),37.62474215,127.0229922
서울특별시,강북구,제일어린이집,서울특별시 강북구 삼양로163길 63 (우이동),37.65931593,127.0107597
서울특별시,강북구,구립솔샘어린이집,"서울특별시 강북구 삼양로74길 8 102동 102호(미아동, 경남아너스빌)",37.62914095,127.0183516
서울특별시,강북구,윤슬어린이집,"서울특별시 강북구 삼각산로 143-1 201동 110호(수유동, 수유벽산2차)",37.64265579,127.019639
서울특별시,강북구,꿈의어린이집,"서울특별시 강북구 오현로31길 85-7 102동 106호(번동, 금호아파트)",37.63067792,127.0357325
서울특별시,강북구,지성어린이집,서울특별시 강북구 노해로13길 22 (수유동),37.63959694,127.021263
서울특별시,강북구,효성어린이집,서울특별시 강북구 오패산로 191 (미아동),37.61874587,127.0326563
서울특별시,강북구,구립해아래어린이집,서울특별시 강북구 오패산로30길 30 101동 108호,37.61635558,127.0356712
서울특별시,강북구,강북솔로몬어린이집,서울특별시 강북구 삼양로47길 17-6 (미아동),37.62274148,127.0179672
서울특별시,강북구,예찬어린이집,서울특별시 강북구 도봉로96길 43 (번동),37.63969527,127.0308654
서울특별시,강북구,아이꿈터어린이집,서울특별시 강북구 삼양로149가길 17 (우이동),37.6535182,127.0107496
서울특별시,강북구,아랑어린이집,"서울특별시 강북구 솔샘로 159 106동 102호(미아동, 벽산라이브파크)",37.62182327,127.0124075
서울특별시,강북구,구립참빛어린이집,서울특별시 강북구 한천로109길 81-21 ,37.62634773,127.0401022
서울특별시,강북구,예나어린이집,"서울특별시 강북구 삼양로 256 105동 103호(미아동, 미아래미안1차)",37.62628401,127.0188996
서울특별시,강북구,예인어린이집,서울특별시 강북구 도봉로97길 42-1 ,37.6427858,127.0273449
서울특별시,강북구,예주어린이집,"서울특별시 강북구 삼양로 256 104동 104호(미아동, 미아래미안1차)",37.62628401,127.0188996
서울특별시,강북구,구립즐거운어린이집,"서울특별시 강북구 솔샘로 174 111동 101호(미아동, 에스케이북한산시티아파트)",37.61763836,127.0105997
서울특별시,강북구,구립늘사랑어린이집,"서울특별시 강북구 솔샘로 174 115동 103호(미아동, 에스케이북한산시티아파트)",37.61763836,127.0105997
서울특별시,강북구,비테에어린이집,"서울특별시 강북구 솔샘로 174 관리동 (미아동, SK아파트)",37.61763836,127.0105997
서울특별시,강북구,SK어린이집,"서울특별시 강북구 솔샘로 174 104동 102호(미아동, 에스케이북한산시티아파트)",37.61763836,127.0105997
서울특별시,강북구,연두어린이집,서울특별시 강북구 월계로21가길 14-5 (미아동),37.61433762,127.0374591
서울특별시,강북구,구립꿈동산어린이집,서울특별시 강북구 덕릉로30길 10 (미아동),37.63431739,127.0251388
서울특별시,강북구,동화나라어린이집,서울특별시 강북구 노해로27길 48 (수유동),37.64634219,127.0215887
서울특별시,강북구,새서울어린이집,서울특별시 강북구 삼양로19길 164 순복음새서울교회 1353동 1층 4호(미아동),37.61737037,127.0157735
서울특별시,강북구,구립슬비어린이집,서울특별시 강북구 오패산로38길 6-15 ,37.61488635,127.0343968
서울특별시,강북구,솔밭어린이집,서울특별시 강북구 삼양로149길 12 (우이동),37.65410353,127.0120629
서울특별시,강북구,물댄동산어린이집,"서울특별시 강북구 삼각산로 143-1 12동 110호(수유동, 수유벽산)",37.64265579,127.019639
서울특별시,강북구,구립오렌지어린이집,서울특별시 강북구 삼양로123길 10-21 ,37.64567636,127.0145265
서울특별시,강북구,까리타스어린이집,서울특별시 강북구 노해로 29 (수유동 10-3),37.63820619,127.0226233
서울특별시,강북구,구립초록나라어린이집,서울특별시 강북구 인수봉로14길 8 (미아동),37.6240627,127.0130518
서울특별시,강북구,구립햇님어린이집,"서울특별시 강북구 솔샘로 174 116동 104호(미아동, 에스케이북한산시티아파트)",37.61763836,127.0105997
서울특별시,강북구,아이스타어린이집,서울특별시 강북구 삼양로114길 14 (수유동),37.64292836,127.0177952
서울특별시,강북구,미래꿈어린이집,서울특별시 강북구 덕릉로 119-8 1층,37.63538001,127.0272046
서울특별시,강북구,아가페어린이집,서울특별시 강북구 도봉로98길 33 (번동),37.64130129,127.0315024
서울특별시,강북구,구립리틀버드어린이집,서울특별시 강북구 삼양로93길 11-4 ,37.63741797,127.0163115
서울특별시,강북구,행복한어린이집,서울특별시 강북구 삼양로41길 4 (미아동),37.62210238,127.0197924
서울특별시,강북구,구립다온어린이집,"서울특별시 강북구 삼양로19길 25 103동 104호(미아동, 래미안트라베라1단지아파트)",37.61569432,127.021139
서울특별시,강북구,구립짐토피아어린이집,"서울특별시 강북구 삼각산로 143-1 9동 107호(수유동, 수유벽산)",37.64265579,127.019639
서울특별시,강북구,예닮뜰 어린이집,"서울특별시 강북구 오현로 207 404동 108호(번동, 주공아파트)",37.63089359,127.0386803
서울특별시,강북구,예원어린이집,서울특별시 강북구 오현로9길 27 (미아동),37.61782842,127.0335113
서울특별시,강북구,구립송암어린이집,서울특별시 강북구 삼양로 357 송암교회 교육관 1층 (수유동),37.63530973,127.0171272
서울특별시,강북구,구립아이원어린이집,"서울특별시 강북구 삼양로19길 113 102동 102호(미아동1357, 삼각산아이원아파트)",37.61705556,127.0177233
서울특별시,강북구,구립이루미어린이집,"서울특별시 강북구 삼양로27길 80 303동 104호(미아동, 두산위브아파트)",37.61949573,127.0162834
서울특별시,강북구,삼양제일어린이집,서울특별시 강북구 삼양로27길 35 삼양제일교회 (미아동),37.61845507,127.019411
서울특별시,강북구,구립수유새싹어린이집,서울특별시 강북구 덕릉로 4-5 ,37.63359445,127.0142763
서울특별시,강북구,구립오동어린이집,서울특별시 강북구 도봉로78길 61 ,37.63399441,127.0270951
서울특별시,강북구,구립우이한솔어린이집,서울특별시 강북구 4.19로13길 23-3 ,37.64510839,127.0077277
서울특별시,강북구,구립해솔어린이집,"서울특별시 강북구 한천로105길 23 108동 103호(번동, 주공1단지아파트)",37.62453228,127.0465984
서울특별시,강북구,신한신이한이강북어린이집,서울특별시 강북구 도봉로 364 강북금융센터 3층,37.63961367,127.0278494
서울특별시,강북구,구립큰마을어린이집,서울특별시 강북구 도봉로31길 28 ,37.62077113,127.0256356
서울특별시,강북구,구립꿈의숲캐슬어린이집,"서울특별시 강북구 오현로 56 관리동 1층(미아동, 꿈의숲롯데캐슬아파트)",37.61841157,127.0364759
서울특별시,강북구,구립아이땅어린이집,"서울특별시 강북구 솔샘로 174 140동 101호(미아동, 에스케이북한산시티아파트)",37.61763836,127.0105997
서울특별시,강북구,구립번동어린이집,서울특별시 강북구 한천로124나길 34 ,37.6383583,127.0312165
서울특별시,강북구,구립튼튼어린이집,"서울특별시 강북구 솔샘로 174 116동 101호(미아동, SK북한산시티아파트)",37.61763836,127.0105997
서울특별시,강북구,구립숲사랑어린이집,서울특별시 강북구 도봉로22길 7 ,37.61922636,127.0303048
서울특별시,강북구,구립킨더어린이집,"서울특별시 강북구 숭인로 39 관리동 1층(미아동,송천센트레빌아파트)",37.61274096,127.0269652
서울특별시,강북구,구립반짝반짝어린이집,"서울특별시 강북구 삼양로27길 95 301동 103호(미아동,두산위브아파트)",37.61826461,127.0156834
서울특별시,강북구,구립두산위브어린이집,"서울특별시 강북구 삼양로27길 95 214동 103호(미아동, 두산위브아파트)",37.61826461,127.0156834
서울특별시,강북구,구립꿈의숲어린이집,"서울특별시 강북구 오현로 180 101동 102호(번동, 한솔솔파크아파트)",37.62704222,127.0392497
서울특별시,강북구,구립무지개어린이집,"서울특별시 강북구 삼양로19길 113 101동 101호(미아동, 삼각산아이원아파트)",37.61705556,127.0177233
서울특별시,강북구,구립어린왕자어린이집,"서울특별시 강북구 한천로124나길 10 101동 108호(번동,번동쌍용아파트)",37.6379759,127.0323038
서울특별시,강북구,구립꿈의숲해링턴어린이집,서울특별시 강북구 오현로 45 꿈의숲해링턴플레이스아파트 114동 (지하1층),37.61693703,127.0346104
서울특별시,강북구,구립삼성어린이집,서울특별시 강북구 한천로159길 8 삼성아파트 관리동,37.64439088,127.0186716
서울특별시,강북구,도토리집공동육아어린이집,서울특별시 강북구 삼각산로4길 36 나호,37.63826304,127.0081869
서울특별시,강북구,구립트리베라어린이집,서울특별시 강북구 삼양로27길 19 218동 1층,37.61612381,127.0217414
서울특별시,강북구,구립폴라리스어린이집,서울특별시 강북구 삼양로58길 29 북서울자이폴라리스 내 의무어린이집,37.62682507,127.018791
서울특별시,강북구,구립키즈래미안어린이집,"서울특별시 강북구 삼양로19길 25 관리동(미아동,삼성래미안트리베라1차아파트)",37.61569432,127.021139
서울특별시,강북구,구립더휴어린이집,서울특별시 강북구 오패산로 202 106동 1층,37.62059979,127.0328215
서울특별시,도봉구,쌍문1동어린이집,서울특별시 도봉구 노해로 149-5 ,37.64833654,127.0259401
서울특별시,도봉구,오색무지개어린이집,"서울특별시 도봉구 해등로12길 44 204동 102호(창동, 주공2단지아파트)",37.65302339,127.0423286
서울특별시,도봉구,방학1동어린이집,서울특별시 도봉구 도당로27길 16 (방학동),37.66806967,127.041135
서울특별시,도봉구,창4동어린이집,서울특별시 도봉구 마들로 339-13 ,37.6422786,127.0532847
서울특별시,도봉구,도봉구청직장어린이집,서울특별시 도봉구 마들로 656 도봉구청내1층직장어린이집,37.66871613,127.0471314
서울특별시,도봉구,도봉도선어린이집,서울특별시 도봉구 마들로 756 (도봉동),37.67729082,127.0491811
서울특별시,도봉구,창문어린이집,서울특별시 도봉구 도봉로118길 15 (창동),37.64903311,127.0361402
서울특별시,도봉구,방학3동어린이집,서울특별시 도봉구 방학로11길 24 (방학동),37.66124691,127.0324256
서울특별시,도봉구,도봉2동어린이집,서울특별시 도봉구 도봉로160길 24-12 ,37.67372537,127.0458387
서울특별시,도봉구,창동어린이집,서울특별시 도봉구 덕릉로 329 (창동),37.64483938,127.0455403
서울특별시,도봉구,창2동어린이집,서울특별시 도봉구 덕릉로59길 73-9 ,37.64125818,127.0354657
서울특별시,도봉구,창3동어린이집,서울특별시 도봉구 덕릉로62길 57-7 ,37.63968567,127.0428648
서울특별시,도봉구,원당어린이집,서울특별시 도봉구 시루봉로5길 38 구립원당어린이집,37.6585351,127.0255965
서울특별시,도봉구,방학2동어린이집,서울특별시 도봉구 방학로 180 (방학동),37.6624622,127.0322739
서울특별시,도봉구,창5동어린이집,서울특별시 도봉구 해등로16길 52-13 ,37.65483546,127.0430597
서울특별시,도봉구,방아골어린이집,서울특별시 도봉구 시루봉로17길 42 방아골종합사회복지관 1층 (방학동),37.66931252,127.0326388
서울특별시,도봉구,쌍문3동어린이집,서울특별시 도봉구 노해로 224 (쌍문동),37.65091809,127.032948
서울특별시,도봉구,도봉1동어린이집,서울특별시 도봉구 도봉로175길 10 (도봉1동어린이집) (도봉동),37.68302854,127.0428816
서울특별시,도봉구,본향선교어린이집,서울특별시 도봉구 덕릉로54길 41 (창동),37.63637502,127.0383453
서울특별시,도봉구,쌍문삼성어린이집,서울특별시 도봉구 노해로 238 쌍문삼성어린이집 (쌍문동),37.65098729,127.0344859
서울특별시,도봉구,동화어린이집,서울특별시 도봉구 도봉로151길 130 (방학동),37.66746799,127.0364953
서울특별시,도봉구,서머힐어린이집,서울특별시 도봉구 우이천로 492 -1,37.65698347,127.0155498
서울특별시,도봉구,예아어린이집,"서울특별시 도봉구 마들로 646 관리동 (방학동, 삼성래미안아파트)",37.66761985,127.0468178
서울특별시,도봉구,우이동교회부설방과후어린이집,서울특별시 도봉구 삼양로 574-48 ,37.65427088,127.0141356
서울특별시,도봉구,주은어린이집,서울특별시 도봉구 노해로49길 38 (쌍문동),37.65215258,127.0303772
서울특별시,도봉구,창2동새샘어린이집,서울특별시 도봉구 도봉로106길 36 (창동),37.64464691,127.0347456
서울특별시,도봉구,둥근달어린이집,서울특별시 도봉구 도봉로117길 80-7 ,37.64987429,127.0302851
서울특별시,도봉구,지앤지어린이집,서울특별시 도봉구 삼양로 574-44 ,37.6543437,127.0139612
서울특별시,도봉구,세인어린이집,서울특별시 도봉구 방학로3길 100 (쌍문동),37.65883788,127.0389399
서울특별시,도봉구,유유어린이집,서울특별시 도봉구 노해로63나길 8-11 ,37.65451481,127.0447068
서울특별시,도봉구,엘림어린이집,서울특별시 도봉구 시루봉로11길 25 (방학동),37.66420807,127.0270911
서울특별시,도봉구,경일어린이집,서울특별시 도봉구 도당로13길 34-5 ,37.66645792,127.0349208
서울특별시,도봉구,청아어린이집,"서울특별시 도봉구 노해로69가길 11 4동(창동, 동아청솔아파트)",37.65888896,127.0490878
서울특별시,도봉구,두발로어린이집,서울특별시 도봉구 덕릉로62길 25 (창동),37.64036139,127.0414114
서울특별시,도봉구,리틀엔젤어린이집,"서울특별시 도봉구 도봉로136길 28 520동 101호(창동, 북한산아이파크아파트)",37.65657114,127.042729
서울특별시,도봉구,꿀벌어린이집,서울특별시 도봉구 덕릉로59차길 36 (창동),37.64040304,127.0349232
서울특별시,도봉구,신세인어린이집,서울특별시 도봉구 도봉로134길 5 (창동),37.65755153,127.040605
서울특별시,도봉구,아이세상어린이집,서울특별시 도봉구 시루봉로17길 20 (방학동),37.66882862,127.0338528
서울특별시,도봉구,아띠 어린이집,서울특별시 도봉구 도봉로177길 76-5 ,37.68380135,127.0430148
서울특별시,도봉구,태영어린이집,서울특별시 도봉구 도봉로110다길 51 태영아파트 단지내,37.64320468,127.0329434
서울특별시,도봉구,현대어린이집,서울특별시 도봉구 도봉로136길 28 (창동),37.65657114,127.042729
서울특별시,도봉구,도봉1동새꿈 어린이집,"서울특별시 도봉구 도봉로169길 31 104동 104호(도봉동, 럭키아파트)",37.67995228,127.0442384
서울특별시,도봉구,방학가람어린이집,서울특별시 도봉구 방학로8길 32 (방학동),37.66414735,127.036454
서울특별시,도봉구,유정어린이집,서울특별시 도봉구 시루봉로27길 58 (도봉동),37.67384191,127.0430952
서울특별시,도봉구,창2동엘리트어린이집,"서울특별시 도봉구 도봉로110다길 51 108동 102호(창동, 태영데시앙)",37.64320468,127.0329434
서울특별시,도봉구,도봉2동도토리어린이집,"서울특별시 도봉구 도봉로170길 40 103동 101호(도봉동, 래미안도봉아파트)",37.6796886,127.0471751
서울특별시,도봉구,예나몬테소리 어린이집,"서울특별시 도봉구 노해로69길 103 110동 102호(창동, 동아청솔아파트)",37.65778635,127.0492757
서울특별시,도봉구,콩알어린이집,"서울특별시 도봉구 덕릉로66길 17 1705동 112호(창동, 상계주공17차아파트)",37.64371212,127.0539524
서울특별시,도봉구,창4동아이꿈터어린이집,"서울특별시 도봉구 마들로 551 113동 101호(창동, 쌍용아파트)",37.65946197,127.0480359
서울특별시,도봉구,쌍문4동푸른숲속어린이집,"서울특별시 도봉구 해등로25길 41 701동 101호(쌍문동, 한양7차아파트)",37.65588091,127.0341244
서울특별시,도봉구,늘사랑어린이집,"서울특별시 도봉구 해등로 206 7동 101호(쌍문동, 금호1차아파트)",37.65827577,127.0339343
서울특별시,도봉구,동아또래또 어린이집,"서울특별시 도봉구 도봉로180길 6-23 106동 102호(도봉동, 동아에코빌아파트)",37.68192769,127.0469984
서울특별시,도봉구,도봉2동예광어린이집,"서울특별시 도봉구 마들로 859-19 117동 105호(도봉동, 도봉한신아파트)",37.68604183,127.0467647
서울특별시,도봉구,옹달샘어린이집,"서울특별시 도봉구 노해로70길 54 1902동 110호(창동, 상계주공19차아파트)",37.64907575,127.0515713
서울특별시,도봉구,파랑새어린이집,"서울특별시 도봉구 해등로 50 316동 106호(창동, 주공3단지아파트)",37.64999808,127.0433017
서울특별시,도봉구,파랑새꿈어린이집,"서울특별시 도봉구 해등로 50 316동 107호(창동, 주공3단지아파트)",37.64999808,127.0433017
서울특별시,도봉구,꼬맹이어린이집,"서울특별시 도봉구 마들로 684-19 110동 101호(도봉동, 서원아파트)",37.67521459,127.048765
서울특별시,도봉구,로뎀아이어린이집,"서울특별시 도봉구 우이천로32길 65 4동 105호(쌍문동, 동익파크)",37.65064245,127.0250007
서울특별시,도봉구,도봉2동재롱이어린이집,"서울특별시 도봉구 마들로 859-19 121동 101호(도봉동, 도봉한신아파트)",37.68604183,127.0467647
서울특별시,도봉구,별이달이어린이집,"서울특별시 도봉구 도봉로180나길 20 102동 102호(도봉동, 양우내안애아파트)",37.68348141,127.0496848
서울특별시,도봉구,무궁화 어린이집,"서울특별시 도봉구 방학로 193 1동 106호(방학동, 신동아1차아파트)",37.66093246,127.0278928
서울특별시,도봉구,예닮아이들 어린이집,"서울특별시 도봉구 해등로 242-11 102동 101호(쌍문동, 성원아파트)",37.65896148,127.0293445
서울특별시,도봉구,단비어린이집,"서울특별시 도봉구  마들로 859-19 110동 106호(도봉동, 도봉한신아파트)",37.68604183,127.0467647
서울특별시,도봉구,삼익영재어린이집,"서울특별시 도봉구  해등로 195 106동 102호(쌍문동, 삼익세라믹아파트)",37.65783785,127.0337873
서울특별시,도봉구,해바라기어린이집,서울특별시 도봉구 덕릉로59바길 10 (창동),37.64100839,127.0370402
서울특별시,도봉구,방학1동한슬어린이집,"서울특별시 도봉구 마들로 616 107동 101호(방학동, 대상타운현대아파트)",37.66510797,127.0469105
서울특별시,도봉구,에코빌어린이집,서울특별시 도봉구 도봉로180길 6-23 동아에코빌아파트 단지내 (도봉동),37.68192769,127.0469984
서울특별시,도봉구,아이들세상어린이집,"서울특별시 도봉구 방학로 193 10동 106호(방학동, 신동아1차아파트)",37.66093246,127.0278928
서울특별시,도봉구,수정어린이집,서울특별시 도봉구 노해로70길 54 1906동 101호,37.64907575,127.0515713
서울특별시,도봉구,해피모아어린이집,"서울특별시 도봉구 해등로 242-11 105동 105호(쌍문동, 성원아파트)",37.65896148,127.0293445
서울특별시,도봉구,노벨어린이집,서울특별시 도봉구 도봉로104길 61-25 ,37.64447541,127.0351831
서울특별시,도봉구,크라인어린이집,"서울특별시 도봉구 해등로 195 114동 105호(쌍문동, 삼익세라믹아파트)",37.65783785,127.0337873
서울특별시,도봉구,참솔어린이집,서울특별시 도봉구 시루봉로13가길 23-21 참솔어린이집 (방학동),37.66737082,127.0306209
서울특별시,도봉구,나무어린이집,"서울특별시 도봉구 노해로66길 21 102동 104호(창동, 삼성래미안아파트)",37.65039161,127.0473309
서울특별시,도봉구,아람 어린이집,"서울특별시 도봉구 덕릉로 349 402동 103호(창동, 주공4단지아파트)",37.64503774,127.0460993
서울특별시,도봉구,창4동사랑어린이집,"서울특별시 도봉구 노해로70길 54 1909동 108호(창동, 상계주공19차아파트)",37.64907575,127.0515713
서울특별시,도봉구,도봉2동오감발달베이비마을어린이집,"서울특별시 도봉구 도봉로180길 6-23 103동 106호(도봉동, 동아에코빌아파트)",37.68192769,127.0469984
서울특별시,도봉구,꿈동산어린이집,"서울특별시 도봉구 노해로45길 26 104동 105호(쌍문동, 극동아파트)",37.6509017,127.0268558
서울특별시,도봉구,리틀영재어린이집,"서울특별시 도봉구 방학로 193 2동 106호(방학동, 신동아1차아파트)",37.66093246,127.0278928
서울특별시,도봉구,열매어린이집,"서울특별시 도봉구 해등로25길 41 701동 106호(쌍문동, 한양아파트)",37.65588091,127.0341244
서울특별시,도봉구,행복한우리어린이집,서울특별시 도봉구 마들로 551 쌍용아파트 관리동 1층 행복한우리어린이집,37.65946197,127.0480359
서울특별시,도봉구,꽃구름어린이집,"서울특별시 도봉구 마들로 573 203동 104호(창동, 현대아이2차아파트)",37.66123448,127.0471272
서울특별시,도봉구,해뜰어린이집,"서울특별시 도봉구 도봉로136길 111 207동 101호(창동, 현대아이2차아파트)",37.66164346,127.0463803
서울특별시,도봉구,럭키어린이집,"서울특별시 도봉구 도봉로169길 31 103동 110호(도봉동, 럭키아파트)",37.67995228,127.0442384
서울특별시,도봉구,꿈쟁이어린이집,"서울특별시 도봉구 해등로 118 5동 101호(창동, 상아1차아파트)",37.65408273,127.0421874
서울특별시,도봉구,매일어린이집,"서울특별시 도봉구 노해로69길 103 107동 103호(창동, 동아청솔아파트)",37.65778635,127.0492757
서울특별시,도봉구,새싹아이어린이집,"서울특별시 도봉구 노해로69길 103 112동 101호(창동, 동아청솔아파트)",37.65778635,127.0492757
서울특별시,도봉구,한나무어린이집,"서울특별시 도봉구 노해로66길 21 103동 105호(창동, 삼성래미안아파트)",37.65039161,127.0473309
서울특별시,도봉구,열림섬마어린이집,"서울특별시 도봉구 노해로70길 119 1806동 103호(창동, 주공18단지아파트)",37.64739119,127.053376
서울특별시,도봉구,아리아어린이집,"서울특별시 도봉구 마들로 684-19 108동 109호(도봉동, 서원아파트)",37.67521459,127.048765
서울특별시,도봉구,웃음가득어린이집,"서울특별시 도봉구 마들로 859-19 106동 104호(도봉동, 도봉한신아파트)",37.68604183,127.0467647
서울특별시,도봉구,도담공동육아어린이집,서울특별시 도봉구 해등로34길 77 ,37.65996522,127.0205821
서울특별시,도봉구,상상어린이집,서울특별시 도봉구 도봉로108길 81 ,37.64583262,127.0384622
서울특별시,도봉구,키즈딸기어린이집,서울특별시 도봉구 덕릉로59아길 54 1층,37.64319302,127.0394987
서울특별시,도봉구,햇살마루어린이집,서울특별시 도봉구 도당로2길 23 햇살마루어린이집,37.65948146,127.0363753
서울특별시,도봉구,방학동행복한어린이집,서울특별시 도봉구 도당로6길 36 ,37.66145309,127.036912
서울특별시,도봉구,쌍문3동빛초롱어린이집,서울특별시 도봉구 노해로48길 67-6 ,37.65065971,127.0321885
서울특별시,도봉구,창5동가인어린이집,서울특별시 도봉구 노해로63길 43 1층,37.65271007,127.0439417
서울특별시,도봉구,창4동한내어린이집,서울특별시 도봉구 마들로13길 252 ,37.6614606,127.0451053
서울특별시,도봉구,쌍문2동소라어린이집,서울특별시 도봉구 도봉로 603-1 창동중앙교회 1층,37.65876474,127.0402299
서울특별시,도봉구,서울북부지방법원어린이집,서울특별시 도봉구 마들로 749 서울북부지방법원,37.67739606,127.0471641
서울특별시,도봉구,반딧불어린이집,"서울특별시 도봉구 덕릉로63가길 43 (창동, 대우아파트 내)",37.64292288,127.0387776
서울특별시,도봉구,한그루어린이집,서울특별시 도봉구 도봉로131길 86 ,37.65657214,127.0334936
서울특별시,도봉구,쌍문4동아이천국어린이집,"서울특별시 도봉구 해등로 229 3동 109호(쌍문동, 한양아파트)",37.65763023,127.0312714
서울특별시,도봉구,쌍문4동리틀모아어린이집,서울특별시 도봉구 해등로 242-12 103동 102호(쌍문동),37.65866831,127.0307242
서울특별시,도봉구,쌍문4동파란꿈나라어린이집,"서울특별시 도봉구 해등로 242-11 101동 103호(쌍문동,성원아파트)",37.65896148,127.0293445
서울특별시,도봉구,창1동뽀뽀뽀24시어린이집,"서울특별시 도봉구 해등로 50 323동 104호 (창동, 주공3단지아파트)",37.64999808,127.0433017
서울특별시,도봉구,창1동즐거운어린이집,"서울특별시 도봉구 덕릉로 371 (창동,대우그린아파트)",37.64611361,127.0496391
서울특별시,도봉구,창4동별초롱어린이집,서울특별시 도봉구 노해로70길 12 6동 106호(창동),37.65075048,127.0495227
서울특별시,도봉구,창4동예나동산어린이집,"서울특별시 도봉구 노해로69길 103 109동101호(창동,동아청솔아파트)",37.65778635,127.0492757
서울특별시,도봉구,방학3동꿈송이어린이집,"서울특별시 도봉구 방학로 200 115동110호(방학동,신동아아파트)",37.66287274,127.0296693
서울특별시,도봉구,은행나무어린이집,서울특별시 도봉구 방학로 187 관리동 1층,37.66193518,127.0313756
서울특별시,도봉구,학마을어린이집,서울특별시 도봉구 도봉로145길 95 ,37.6652659,127.0373498
서울특별시,도봉구,다울어린이집,서울특별시 도봉구 마들로 672-26 ,37.6699717,127.046769
서울특별시,도봉구,산들어린이집,서울특별시 도봉구 덕릉로62길 30 ,37.63999419,127.0415368
서울특별시,도봉구,새나어린이집,서울특별시 도봉구 도봉로110바길 38 ,37.6480585,127.0373394
서울특별시,도봉구,방학3동맑은샘어린이집,서울특별시 도봉구 해등로 312-10 ,37.65766972,127.0214762
서울특별시,도봉구,방학1동고은뜰어린이집,서울특별시 도봉구 마들로 616 203동 102호,37.66510797,127.0469105
서울특별시,도봉구,방학1동행복한천사어린이집,서울특별시 도봉구 도당로 116 101동 102호,37.6666198,127.039854
서울특별시,도봉구,방학3동해니크레오어린이집,서울특별시 도봉구 시루봉로 166 102동 104호,37.66402936,127.0305763
서울특별시,도봉구,창3동신도아이숲어린이집,서울특별시 도봉구 우이천로4라길 11-14 102동 107호,37.63304517,127.0422797
서울특별시,도봉구,창5동아이조아어린이집,서울특별시 도봉구 해등로 118 2동 110호,37.65408273,127.0421874
서울특별시,도봉구,도봉2동다솜어린이집,서울특별시 도봉구 마들로 859-19 124동 101호,37.68604183,127.0467647
서울특별시,도봉구,도봉2동리틀포도나무어린이집,서울특별시 도봉구 마들로 835 202동 102호,37.68424475,127.0504626
서울특별시,도봉구,무지개어린이집,서울특별시 도봉구 덕릉로60길 121-20 ,37.63494756,127.0428884
서울특별시,도봉구,서울도봉경찰서어린이집,서울특별시 도봉구 노해로 403 서울도봉경찰서어린이집,37.6535367,127.0523758
서울특별시,도봉구,늘봄어린이집,서울특별시 도봉구 우이천로 487-1 ,37.65658032,127.0152928
서울특별시,도봉구,느티나무어린이집,서울특별시 도봉구 도당로13바길 19 ,37.66756034,127.034686
서울특별시,도봉구,온유한어린이집,서울특별시 도봉구 덕릉로60자길 22 ,37.63807777,127.0416086
서울특별시,도봉구,도봉숲어린이집,서울특별시 도봉구 마들로 684-10 ,37.67102035,127.0470021
서울특별시,도봉구,봄날어린이집,서울특별시 도봉구 덕릉로53길 55 ,37.6394783,127.034823
서울특별시,노원구,노원어린이집,서울특별시 노원구 동일로239다길 23 (상계동),37.67626196,127.0511594
서울특별시,노원구,은나래어린이집,서울특별시 노원구 동일로250길 17 관리사무소 내 1층 은나래어린이집,37.68246227,127.0567709
서울특별시,노원구,하계어린이집,서울특별시 노원구 공릉로58마길 1 (하계동),37.63699666,127.0765529
서울특별시,노원구,상계4동어린이집,서울특별시 노원구 덕릉로130길 6 (상계동),37.67195971,127.0832273
서울특별시,노원구,중계어린이집,서울특별시 노원구 중계로 167 (중계동),37.65005409,127.0807307
서울특별시,노원구,신나는어린이집,서울특별시 노원구 월계로 372 (월계동 사슴아파트 1단지),37.62924721,127.0596641
서울특별시,노원구,한내어린이집,서울특별시 노원구 공릉로55길 88 (하계동),37.63204326,127.0679518
서울특별시,노원구,노원구청직장어린이집,서울특별시 노원구 노해로 437 (상계동 노원구청직장어린이집),37.65452284,127.0562683
서울특별시,노원구,평화어린이집,"서울특별시 노원구 노원로 331 (중계동, 평화어린이집)",37.64617069,127.0695215
서울특별시,노원구,늘푸른어린이집,서울특별시 노원구 노원로34길 9 늘푸른어린이집 (상계동),37.6594178,127.0648322
서울특별시,노원구,아가랑어린이집,서울특별시 노원구 초안산로5길 28 (월계동),37.63252339,127.0507866
서울특별시,노원구,월계2동어린이집,"서울특별시 노원구 월계로45길 21 (월계동, 롯데캐슬루나아파트 내)",37.62561847,127.0512764
서울특별시,노원구,상계2동어린이집,서울특별시 노원구 상계로3길 38-17 ,37.65848304,127.0633306
서울특별시,노원구,월계1동어린이집,서울특별시 노원구 석계로 69 (월계동),37.62090714,127.0624383
서울특별시,노원구,월계3동어린이집,"서울특별시 노원구 마들로 31 3동(월계동, 한진한화그랑빌)",37.61872537,127.0670846
서울특별시,노원구,중계4동어린이집,"서울특별시 노원구 덕릉로79길 23 105동(중계동, 염광아파트)",37.65611109,127.072595
서울특별시,노원구,초록어린이집,"서울특별시 노원구 덕릉로70가길 92 (상계동, 초록어린이집)",37.64253988,127.05697
서울특별시,노원구,꿈빛어린이집,"서울특별시 노원구 초안산로1길 51 (월계2동, 꿈빛어린이집)",37.62724445,127.0527656
서울특별시,노원구,마들어린이집,서울특별시 노원구 동일로210길 22 (동일로 210길 22) (중계동),37.64690781,127.0652163
서울특별시,노원구,북부어린이집,서울특별시 노원구 동일로245길 56 (상계동),37.67970594,127.052411
서울특별시,노원구,한국원자력의학원어린이집,서울특별시 노원구 노원로 75 한국원자력의학원어린이집 (공릉동),37.62860681,127.0830177
서울특별시,노원구,공릉어린이집,서울특별시 노원구 동일로192나길 8 (동일로 192 나길 8) (공릉동),37.6272162,127.0754197
서울특별시,노원구,상계어린이집,서울특별시 노원구 덕릉로115나길 25 (상계동),37.66809048,127.0783264
서울특별시,노원구,미광어린이집,서울특별시 노원구 공릉로34길 62 태강아파트 관리사무소2층,37.62336469,127.0821222
서울특별시,노원구,푸르니어린이집,"서울특별시 노원구 섬밭로 123 (공릉1동, 라이프아파트3단지 관리사무소 1층)",37.62805406,127.0685738
서울특별시,노원구,교육촌어린이집,서울특별시 노원구 월계로44길 61 (월계동),37.62268138,127.052816
서울특별시,노원구,엘림어린이집,서울특별시 노원구 동일로198길 9 (공릉동),37.62927234,127.0720949
서울특별시,노원구,푸른숲어린이집,서울특별시 노원구 노원로1길 85-10 ,37.62022433,127.0827186
서울특별시,노원구,풍림꿈모리어린이집,서울특별시 노원구 섬밭로 139 풍림아파트 단지내 어린이집 (공릉동),37.63028158,127.0657021
서울특별시,노원구,예뜨랑어린이집,서울특별시 노원구 동일로179길 16 (공릉동),37.62203557,127.0730473
서울특별시,노원구,희망나래어린이집,서울특별시 노원구 동일로186길 53-26 ,37.62562133,127.0761765
서울특별시,노원구,청구어린이집,서울특별시 노원구 동일로207길 186 (하계2동 학여울청구아파트 117동앞),37.63795562,127.0598022
서울특별시,노원구,서머힐어린이집,서울특별시 노원구 상계로17길 42 (상계동),37.65959278,127.0669262
서울특별시,노원구,상계삼성어린이집,서울특별시 노원구 노원로34길 54 (상계동),37.66129882,127.0659048
서울특별시,노원구,샬롬어린이집,서울특별시 노원구 덕릉로73길 28 (중계1동 양지대림아파트  2단지 관리동내),37.65247558,127.0719352
서울특별시,노원구,홍익어린이집,서울특별시 노원구 덕릉로71길 30 (중계1동 양지대림아파트단지내),37.6508593,127.0696948
서울특별시,노원구,서울영신어린이집,서울특별시 노원구 공릉로 187 (공릉동),37.62647293,127.0786598
서울특별시,노원구,중계1동어린이집,서울특별시 노원구 덕릉로 593 (중계동),37.65111119,127.0719967
서울특별시,노원구,동광어린이집,서울특별시 노원구 덕릉로 623-1 ,37.65312498,127.0734531
서울특별시,노원구,순복음어린이집,서울특별시 노원구 노원로 440 순복음노원교회  본관 (상계동),37.65591205,127.0674545
서울특별시,노원구,성광어린이집,서울특별시 노원구 상계로18길 32 (상계동),37.65688392,127.0698238
서울특별시,노원구,프뢰벨슐레어린이집,서울특별시 노원구 동일로242다길 11 (상계동),37.67587315,127.0569311
서울특별시,노원구,새봄어린이집,서울특별시 노원구 한글비석로46길 69 새봄어린이집 (상계동),37.66655761,127.0694453
서울특별시,노원구,향기어린이집,서울특별시 노원구 한글비석로44길 42 (상계동),37.66439562,127.0705135
서울특별시,노원구,아트성광어린이집,서울특별시 노원구 한글비석로27길 29 (상계동),37.66019364,127.069725
서울특별시,노원구,한국성서대학교어린이집,서울특별시 노원구 동일로214길 32 한국성서대학교어린이집,37.64896177,127.063751
서울특별시,노원구,대림어린이집,서울특별시 노원구 상계로 193-14 (상계대림아파트 관리동 1층),37.662163,127.0743053
서울특별시,노원구,온누리어린이집,서울특별시 노원구 동일로227길 47 (상계동),37.66691531,127.0543161
서울특별시,노원구,소명어린이집,서울특별시 노원구 덕릉로94길 21 (상계3.4동 불암대림아파트 단지내),37.66355722,127.0766339
서울특별시,노원구,우정어린이집,"서울특별시 노원구 동일로214길 21 406동 101호(상계동, 주공아파트)",37.65043289,127.0627594
서울특별시,노원구,나래어린이집,서울특별시 노원구 동일로 1456 707동 106호,37.66067691,127.0614956
서울특별시,노원구,희망누리어린이집,"서울특별시 노원구 석계로13길 6-9 101동 101호(월계동, 장은아파트)",37.62060258,127.0616286
서울특별시,노원구,아기사랑어린이집,"서울특별시 노원구 동일로228길 23 1412동 105호(상계동, 상계주공14차)",37.66986967,127.0587381
서울특별시,노원구,공릉2동어린이집,서울특별시 노원구 공릉로34길 73 (공릉2동 77번지),37.62456497,127.0817576
서울특별시,노원구,아장아장어린이집,"서울특별시 노원구 석계로 49 106동 101호(월계동, 현대아파트)",37.61721774,127.0625099
서울특별시,노원구,SK꼬마숲어린이집,"서울특별시 노원구 월계로42길 97 103동 102호(월계동,꿈의숲sk뷰)",37.62200512,127.0531737
서울특별시,노원구,미성어린이집,"서울특별시 노원구 마들로 111 15동 102호(월계동, 미성)",37.62383436,127.0647781
서울특별시,노원구,리틀창의스쿨어린이집,"서울특별시 노원구 마들로 127 37동 102호(월계동, 삼호)",37.62678626,127.0652715
서울특별시,노원구,샘물어린이집,"서울특별시 노원구 마들로 111 19동 109호(월계동, 미륭아파트)",37.62383436,127.0647781
서울특별시,노원구,예사랑어린이집,"서울특별시 노원구 마들로 31 114동 106호(월계동, 한진한화그랑빌)",37.61872537,127.0670846
서울특별시,노원구,예쁜숲어린이집,"서울특별시 노원구 마들로 31 123동 104호 (월계동, 한진한화그랑빌)",37.61872537,127.0670846
서울특별시,노원구,큰꿈어린이집,서울특별시 노원구 동일로177길 29 녹주아파트 101호 (공릉동),37.62045637,127.0728251
서울특별시,노원구,월계비츠어린이집,"서울특별시 노원구 마들로 31 108동 101호(월계동, 한진한화그랑빌)",37.61872537,127.0670846
서울특별시,노원구,지성어린이집,서울특별시 노원구 섬밭로 52 101동108호(대주파크빌아파트),37.62135575,127.0720735
서울특별시,노원구,사과나무어린이집,"서울특별시 노원구 마들로 111 18동 102호(월계동, 미륭)",37.62383436,127.0647781
서울특별시,노원구,예원i어린이집,"서울특별시 노원구 마들로 59 11동 105호(월계동,미성아파트)",37.62262082,127.0668819
서울특별시,노원구,비선삐아제어린이집,"서울특별시 노원구 화랑로51길 78 505동 103호(공릉동, 비선아파트)",37.62581838,127.0878278
서울특별시,노원구,창의스쿨어린이집,"서울특별시 노원구 동일로191가길 59 103동 108호(공릉동, 신도 1차)",37.62766279,127.0696059
서울특별시,노원구,다다어린이집,"서울특별시 노원구 공릉로34길 62 1001동 104호(공릉동, 태강)",37.62336469,127.0821222
서울특별시,노원구,조은어린이집,"서울특별시 노원구 우이천로 102 203동 109호(월계동, 초안아파트)",37.63066549,127.0435045
서울특별시,노원구,사랑어린이집,"서울특별시 노원구 공릉로34길 62 1015동 104호(공릉동, 태강)",37.62336469,127.0821222
서울특별시,노원구,아이숲어린이집,"서울특별시 노원구 공릉로34길 38 1020동 102호(공릉동, 태강)",37.62316083,127.0812874
서울특별시,노원구,꼬깨비어린이집,"서울특별시 노원구 마들로 111 29동 110호(월계동, 삼호아파트)",37.62383436,127.0647781
서울특별시,노원구,키노어린이집,"서울특별시 노원구 섬밭로 139 106동 104호(공릉동, 픙림아파트)",37.63028158,127.0657021
서울특별시,노원구,사랑아이어린이집,"서울특별시 노원구 동일로198길 24 , 102동 102호(공릉1동 우성아파트)",37.62867744,127.073088
서울특별시,노원구,아이해피어린이집,"서울특별시 노원구 섬밭로 209 2동 105호(하계동, 극동)",37.63493067,127.0656987
서울특별시,노원구,베베어린이집,서울특별시 노원구 섬밭로 139 풍림아파트 108동 106호,37.63028158,127.0657021
서울특별시,노원구,또또어린이집,"서울특별시 노원구 공릉로 126 103동 104호(공릉동, 두산힐스빌아파트)",37.62131223,127.0795044
서울특별시,노원구,그림나라어린이집,"서울특별시 노원구 한글비석로 57 9동 101호(하계동, 청구)",37.63662358,127.0689153
서울특별시,노원구,엄지어린이집,"서울특별시 노원구 한글비석로 89 108동 101호(하계동, 하계청구1차아파트)",37.63812667,127.071678
서울특별시,노원구,초록별어린이집,"서울특별시 노원구 한글비석로 56 3동 107호(하계동, 미성)",37.6358704,127.0686929
서울특별시,노원구,하계햇빛어린이집,"서울특별시 노원구 섬밭로 229 12동 105호(하계동, 벽산아파트)",37.63661786,127.0645392
서울특별시,노원구,조이어린이집,"서울특별시 노원구 섬밭로 196 604동 104호(하계동, 장미)",37.63399762,127.0672779
서울특별시,노원구,초롱별어린이집,"서울특별시 노원구 섬밭로 190 608동 102호(하계동, 장미)",37.63306464,127.0671232
서울특별시,노원구,바다어린이집,"서울특별시 노원구 동일로208길 19 205동 107호(중계동, 무지개아파트)",37.64559563,127.0656766
서울특별시,노원구,반디어린이집,"서울특별시 노원구 중계로 230 509동 102호(중계동, 주공5단지아파트)",37.65103585,127.075055
서울특별시,노원구,별초롱어린이집,"서울특별시 노원구 월계로45길 21 112동 101호(월계동, 롯데캐슬루나아파트)",37.62561847,127.0512764
서울특별시,노원구,우리별어린이집,"서울특별시 노원구 마들로 111 30동 101호(월계동, 삼호)",37.62383436,127.0647781
서울특별시,노원구,초롱몬테소리어린이집,"서울특별시 노원구 노원로 532 909동 103호(상계동, 상계주공9차)",37.66462073,127.0598242
서울특별시,노원구,친구사이어린이집,"서울특별시 노원구 동일로207길 18 115동 106호(중계동, 중계그린1단지아파트)",37.64457282,127.0620514
서울특별시,노원구,둘리어린이집,"서울특별시 노원구 동일로208길 20 211동 110호(중계동, 중계무지개아파트)",37.64325657,127.0669948
서울특별시,노원구,상계백병원어린이집,서울특별시 노원구 상계로12길 12-10 인성관1층 (상계동),37.657117,127.0681237
서울특별시,노원구,꿈나래어린이집,"서울특별시 노원구 동일로245가길 41 201동 103호(상계동, 은빛2단지아파트)",37.68066639,127.0538014
서울특별시,노원구,사랑샘i스쿨어린이집,"서울특별시 노원구 수락산로 234 304동 107호(상계동, 상계현대3차)",37.67192885,127.0526485
서울특별시,노원구,좋은친구어린이집,"서울특별시 노원구 동일로241길 53 106동 102호(상계동, 두산주공아파트)",37.67801899,127.0529134
서울특별시,노원구,가베영재어린이집,"서울특별시 노원구 동일로239길 68 102동 108호(상계동, 상계대림E편한세상)",37.67449413,127.0509914
서울특별시,노원구,푸른별어린이집,"서울특별시 노원구 한글비석로14길 36 , 101동 103호(중계4동 극동의푸른별2차아파트)",37.6588651,127.0770356
서울특별시,노원구,고은어린이집,"서울특별시 노원구 동일로208길 20 211동 106호(중계동, 중계무지개아파트)",37.64325657,127.0669948
서울특별시,노원구,아기별어린이집,"서울특별시 노원구 한글비석로 396 105동 109호(상계동, 벽산)",37.66230302,127.0735817
서울특별시,노원구,예본i어린이집,"서울특별시 노원구 한글비석로 396 104동 102호(상계동, 벽산)",37.66230302,127.0735817
서울특별시,노원구,꽃담어린이집,"서울특별시 노원구 동일로215길 48 317동 104호(상계동, 주공아파트)",37.65082219,127.0561606
서울특별시,노원구,그랑빌어린이집,"서울특별시 노원구 마들로 31 102동 101호(월계동, 한진한화그랑빌)",37.61872537,127.0670846
서울특별시,노원구,월계아장아장어린이집,"서울특별시 노원구 광운로2나길 30 1동 107호(월계동, 동신아파트)",37.61615154,127.0607264
서울특별시,노원구,꿈쟁이어린이집,"서울특별시 노원구 동일로214길 21 411동 106호(상계동, 주공아파트)",37.65043289,127.0627594
서울특별시,노원구,상계그림나라어린이집,"서울특별시 노원구 노해로 508 620동 101호(상계동, 상계주공6차)",37.65470356,127.066191
서울특별시,노원구,윤정어린이집,"서울특별시 노원구 동일로215길 23 215동 102호(상계동, 상계주공2차)",37.6504273,127.059109
서울특별시,노원구,사랑샘어린이집,"서울특별시 노원구 초안산로1길 18 205동 103호(월계동, 월계주공2단지아파트)",37.62915542,127.0516038
서울특별시,노원구,다솜아이어린이집,"서울특별시 노원구 동일로215길 23 219동 101호(상계동, 주공아파트)",37.6504273,127.059109
서울특별시,노원구,베이비엔젤어린이집,"서울특별시 노원구  덕릉로 459-18 101동 101호(상계동, 미도)",37.64697866,127.0614643
서울특별시,노원구,도담도담어린이집,"서울특별시 노원구 노해로 508 612동 101호(상계동, 상계주공6차)",37.65470356,127.066191
서울특별시,노원구,동화나라어린이집,"서울특별시 노원구 섬밭로 196 605동 102호(하계동, 장미)",37.63399762,127.0672779
서울특별시,노원구,예뜰어린이집,"서울특별시 노원구 동일로215길 48 319동 101호(상계동, 상계주공3차)",37.65082219,127.0561606
서울특별시,노원구,엄마사랑어린이집,"서울특별시 노원구 동일로215길 23 205동 101호(상계동, 상계주공2차)",37.6504273,127.059109
서울특별시,노원구,참좋은어린이집,"서울특별시 노원구 동일로227길 25 1111동 102호(상계동, 상계주공11차)",37.66689676,127.0560392
서울특별시,노원구,꿈모아어린이집,"서울특별시 노원구 동일로227길 25 1109동 105호(상계동, 상계주공11차)",37.66689676,127.0560392
서울특별시,노원구,사랑마을어린이집,"서울특별시 노원구 노원로 564 1009동 105호(상계동, 상계주공10차)",37.66165211,127.0561247
서울특별시,노원구,꼬망세어린이집,"서울특별시 노원구 동일로227길 26 1616동 107호(상계동, 상계주공16차)",37.67018805,127.0546776
서울특별시,노원구,아기차지어린이집,"서울특별시 노원구 노원로 564 1006동 104호(상계동, 상계주공10차)",37.66165211,127.0561247
서울특별시,노원구,초롱베베어린이집,"서울특별시 노원구 동일로227길 26 1613동 106호(상계동, 상계주공16차)",37.67018805,127.0546776
서울특별시,노원구,신나라어린이집,"서울특별시 노원구 동일로227길 25 1110동 101호(상계동, 상계주공11단지아파트)",37.66689676,127.0560392
서울특별시,노원구,애플베이비어린이집,"서울특별시 노원구 노해로 508 613동 106호(상계동, 주공아파트)",37.65470356,127.066191
서울특별시,노원구,나연어린이집,"서울특별시 노원구 노원로 564 1026동 106호(상계동, 주공아파트)",37.66165211,127.0561247
서울특별시,노원구,푸우어린이집,"서울특별시 노원구 노해로 508 627동 101호(상계동, 상계주공6차)",37.65470356,127.066191
서울특별시,노원구,신명나는어린이집,"서울특별시 노원구 동일로228길 23 1412동 106호(상계동, 상계주공14차)",37.66986967,127.0587381
서울특별시,노원구,은혜어린이집,"서울특별시 노원구 동일로227길 26 1608동 104호(상계동, 주공아파트)",37.67018805,127.0546776
서울특별시,노원구,아이사랑어린이집,"서울특별시 노원구 한글비석로 479 103동 104호(상계동, 보람1단지아파트)",37.66449773,127.0644832
서울특별시,노원구,동화속어린이집,"서울특별시 노원구 한글비석로 479 101동 113호(상계동, 보람1단지아파트)",37.66449773,127.0644832
서울특별시,노원구,사랑샘오감어린이집,"서울특별시 노원구 한글비석로 480 206동 105호(상계동, 보람아파트)",37.66675966,127.065753
서울특별시,노원구,즐거운몬테소리어린이집,"서울특별시 노원구 한글비석로54길 92 1304동 101호(상계동, 상계주공13차)",37.66858528,127.0611197
서울특별시,노원구,하나어린이집,"서울특별시 노원구 동일로227길 26 1604동 105호(상계동, 상계주공16차)",37.67018805,127.0546776
서울특별시,노원구,중계사임당어린이집,"서울특별시 노원구 동일로207길 18 118동 103호(중계동, 중계그린아파트)",37.64457282,127.0620514
서울특별시,노원구,아이세상어린이집,"서울특별시 노원구 동일로227길 26 1611동 101호(상계동, 상계주공16차)",37.67018805,127.0546776
서울특별시,노원구,작은꽃어린이집,"서울특별시 노원구 노원로 532 915동 103호(상계동, 주공아파트)",37.66462073,127.0598242
서울특별시,노원구,다사랑어린이집,"서울특별시 노원구 노원로 532 914동 106호(상계동, 주공아파트)",37.66462073,127.0598242
서울특별시,노원구,통통그림어린이집,"서울특별시 노원구 동일로 1456 712동 101호(상계동, 상계주공7단지아파트)",37.66067691,127.0614956
서울특별시,노원구,예쁜꼬마어린이집,"서울특별시 노원구 노원로 532 905동 102호(상계동, 상계주공9차)",37.66462073,127.0598242
서울특별시,노원구,엄마마음어린이집,"서울특별시 노원구 동일로228길 23 1404동 113호(상계동, 상계주공14차)",37.66986967,127.0587381
서울특별시,노원구,작은꽃영아어린이집,"서울특별시 노원구 노원로 532 915동 102호(상계동, 주공아파트)",37.66462073,127.0598242
서울특별시,노원구,또래또래어린이집,"서울특별시 노원구 동일로 1456 709동 106호(상계동, 상계주공7차)",37.66067691,127.0614956
서울특별시,노원구,아띠어린이집,"서울특별시 노원구 동일로208길 20 210동 106호(중계동, 중계무지개아파트)",37.64325657,127.0669948
서울특별시,노원구,가베보물섬어린이집,"서울특별시 노원구 마들로 111 29동 102호(월계동, 삼호)",37.62383436,127.0647781
서울특별시,노원구,꾸러기동산어린이집,"서울특별시 노원구 섬밭로 190 606동 102호(하계동, 장미)",37.63306464,127.0671232
서울특별시,노원구,어린별삐아제어린이집,"서울특별시 노원구 마들로 31 118동 102호(월계동, 한진한화그랑빌)",37.61872537,127.0670846
서울특별시,노원구,샘터어린이집,"서울특별시 노원구 동일로216길 47 505동 101호(상계동, 상계주공5차)",37.65298873,127.0635586
서울특별시,노원구,둥지어린이집,"서울특별시 노원구 동일로207길 18 111동 104호(중계동, 중계그린1단지아파트)",37.64457282,127.0620514
서울특별시,노원구,아드래따래i어린이집,"서울특별시 노원구 중계로8길 29 102동 102호(중계동, 한화꿈에그린아파트)",37.64800969,127.0832858
서울특별시,노원구,해피아이어린이집,"서울특별시 노원구 노원로1가길 10 805동 101호(공릉동, 청솔8단지아파트)",37.62365045,127.0859584
서울특별시,노원구,그린어린이집,"서울특별시 노원구 동일로207길 18 114동 103호(중계동, 중계그린1단지아파트)",37.64457282,127.0620514
서울특별시,노원구,동도삐아제어린이집,"서울특별시 노원구 한글비석로19길 15 101동 108호(중계동, 동도센트리움아파트)",37.65828643,127.0730219
서울특별시,노원구,꿈키아어린이집,"서울특별시 노원구 동일로215길 23 218동 106호(상계6·7동, 주공아파트)",37.6504273,127.059109
서울특별시,노원구,삼육대학교부설어린이집,서울특별시 노원구 화랑로 815 (공릉동),37.64335737,127.1088503
서울특별시,노원구,세네동어린이집,서울특별시 노원구 상계로39길 10 (상계동),37.67107316,127.0804791
서울특별시,노원구,한뜻어린이집,서울특별시 노원구 노원로 428 (상계2동 중앙하이츠아파트2차 단지내),37.65449462,127.0681033
서울특별시,노원구,미소천사어린이집,서울특별시 노원구 동일로227길 25 1108동 106호,37.66689676,127.0560392
서울특별시,노원구,영재키즈어린이집,"서울특별시 노원구 상계로 193-14 103동 101호(상계동, 상계대림E편한세상)",37.662163,127.0743053
서울특별시,노원구,다솔어린이집,"서울특별시 노원구 한글비석로48길 6 5동 102호(상계동, 한신2차아파트)",37.66521219,127.0677191
서울특별시,노원구,맑은샘어린이집,"서울특별시 노원구 공릉로59길 25 707동 106호(하계동, 청솔)",37.63230916,127.0717249
서울특별시,노원구,삼익리틀어린이집,"서울특별시 노원구 공릉로46길 28 103동 106호(공릉동, 삼익)",37.62727075,127.0804105
서울특별시,노원구,베베랑어린이집,서울특별시 노원구 노원로 564 상계주공10단지 1005동 105호,37.66165211,127.0561247
서울특별시,노원구,루하이어린이집,"서울특별시 노원구 섬밭로 265 5동 107호(중계동, 경남아파트)",37.63828783,127.0627161
서울특별시,노원구,리틀나라어린이집,"서울특별시 노원구 마들로 111 28동 101호(월계동, 삼호)",37.62383436,127.0647781
서울특별시,노원구,i보라어린이집,"서울특별시 노원구 공릉로34길 38 1019동 104호(공릉동, 태강)",37.62316083,127.0812874
서울특별시,노원구,아이앤아이어린이집,"서울특별시 노원구 마들로 111 17동 103호(월계동, 미륭)",37.62383436,127.0647781
서울특별시,노원구,작은꼬마어린이집,"서울특별시 노원구 동일로213길 21 107동 103호(상계동, 상계주공1단지아파트)",37.6477074,127.0600103
서울특별시,노원구,꿈밭어린이집,"서울특별시 노원구 덕릉로79길 23 102동 102호(중계동, 염광아파트)",37.65611109,127.072595
서울특별시,노원구,빛나래어린이집,"서울특별시 노원구 월계로45가길 94 401동 107호(월계동, 청백)",37.63181553,127.052327
서울특별시,노원구,월계숲속어린이집,서울특별시 노원구 월계로44나길 31-4 ,37.62343055,127.0542133
서울특별시,노원구,새싹i어린이집,"서울특별시 노원구 월계로53길 21 105동 101호(월계동, 동원베네스트아파트)",37.6326095,127.0585984
서울특별시,노원구,푸르미엔젤어린이집,"서울특별시 노원구 한글비석로 530 1208동 101호(상계동, 상계주공12단지아파트)",37.66693298,127.0591649
서울특별시,노원구,밝은어린이집,"서울특별시 노원구 한글비석로 479 109동 104호(상계동, 보람1단지아파트)",37.66449773,127.0644832
서울특별시,노원구,키즈맘어린이집,"서울특별시 노원구 동일로245가길 41 208동 102호(상계동, 은빛2단지아파트)",37.68066639,127.0538014
서울특별시,노원구,품속어린이집,"서울특별시 노원구 동일로230가길 16 (상계1동 품속어린이집, 1층)",37.67223385,127.0576181
서울특별시,노원구,공릉사임당어린이집,"서울특별시 노원구 공릉로34길 38 1008동 101호(공릉동,태강)",37.62316083,127.0812874
서울특별시,노원구,큰나무어린이집,"서울특별시 노원구 공릉로59길 25 706동 102호(하계동, 청솔)",37.63230916,127.0717249
서울특별시,노원구,키즈브라운어린이집,서울특별시 노원구 한글비석로24마길 8 (상계동),37.6634143,127.0732709
서울특별시,노원구,아리솔어린이집,서울특별시 노원구 동일로205길 13 (중계2동 아리솔어린이집),37.64073709,127.0651658
서울특별시,노원구,동산어린이집,서울특별시 노원구 공릉로37길 6 (공릉동),37.62344918,127.0791167
서울특별시,노원구,상계5동보듬이나눔이어린이집,서울특별시 노원구 한글비석로39길 16-5 ,37.66183231,127.0687039
서울특별시,노원구,우주아이어린이집,"서울특별시 노원구 동일로227길 85 1116동 105호(상계동, 상계주공11단지아파트)",37.66650611,127.0522703
서울특별시,노원구,사랑보듬어린이집,서울특별시 노원구 동일로227길 86 1601동 103호(상계동 주공아파트),37.67041003,127.05273
서울특별시,노원구,예쁜별어린이집,"서울특별시 노원구 동일로227길 85 ,1112동 108호(상계8동 주공아파트)",37.66650611,127.0522703
서울특별시,노원구,축복어린이집,"서울특별시 노원구 마들로 31 ,116동 103호(월계동 그랑빌아파트)",37.61872537,127.0670846
서울특별시,노원구,유니어린이집,"서울특별시 노원구 동일로227길 86 1602동 105호(상계동, 상계주공16차)",37.67041003,127.05273
서울특별시,노원구,단비어린이집,"서울특별시 노원구 노원로 564 1012동 101호(상계동, 주공10단지아파트)",37.66165211,127.0561247
서울특별시,노원구,사랑맘어린이집,"서울특별시 노원구 섬밭로 265 1동 109호(중계동, 경남아파트)",37.63828783,127.0627161
서울특별시,노원구,키움어린이집,서울특별시 노원구  한글비석로 530 1211동 106호,37.66693298,127.0591649
서울특별시,노원구,사랑누리어린이집,서울특별시 노원구 한글비석로 530 1210동 101호,37.66693298,127.0591649
서울특별시,노원구,IBK참!좋은어린이집,서울특별시 노원구 동일로 1527 중소기업은행 2층,37.66479403,127.0573956
서울특별시,노원구,새솔어린이집,서울특별시 노원구 동일로207길 50 ,37.64282612,127.0612845
서울특별시,노원구,수락한옥어린이집,서울특별시 노원구 수락산로 131 수락한옥어린이집,37.6682683,127.0625388
서울특별시,노원구,중계행복어린이집,서울특별시 노원구 중계로8길 17 중계행복어린이집,37.64609001,127.082972
서울특별시,노원구,청솔창의어린이집,서울특별시 노원구 공릉로59가길 13 청솔창의어린이집,37.63408006,127.0709604
서울특별시,노원구,월계꿈의숲어린이집,서울특별시 노원구 월계로42길 97 꿈의숲SK VIEW아파트 102동 1층,37.62200512,127.0531737
서울특별시,노원구,SeoulTech어린이집,서울특별시 노원구 공릉로 232 서울과학기술대학교 내,37.63307893,127.0767947
서울특별시,노원구,노원연두어린이집,서울특별시 노원구 덕릉로70가길 21 중계센트럴파크아파트 내 보육시설,37.64286937,127.0595073
서울특별시,노원구,꼬마어린이집,"서울특별시 노원구 동일로213길 21 107동 104호(상계동, 주공아파트)",37.6477074,127.0600103
서울특별시,노원구,공룡어린이집,"서울특별시 노원구 동일로227길 86 1612동 105호(상계도, 주공아파트)",37.67041003,127.05273
서울특별시,노원구,숲속푸른아이어린이집,"서울특별시 노원구 동일로215길 48 312동 103호(상계동, 주공아파트)",37.65082219,127.0561606
서울특별시,노원구,햇님달님어린이집,"서울특별시 노원구 덕릉로118길 29 104동 108호(상계동, 불암현대아파트)",37.6681982,127.0811755
서울특별시,노원구,학여울어린이집,"서울특별시 노원구 동일로207길 186 107동101호(하계동, 학여울청구아파트)",37.63795562,127.0598022
서울특별시,노원구,우주어린이집,"서울특별시 노원구 동일로227길 85 1115동101호(상계동,주공아파트)",37.66650611,127.0522703
서울특별시,노원구,꿈꾸리아이뜰어린이집,"서울특별시 노원구 중계로 230 517동 103호(중계동, 주공아파트)",37.65103585,127.075055
서울특별시,노원구,재미나어린이집,"서울특별시 노원구 동일로227길 25 1109동 101호(상계동, 주공아파트)",37.66689676,127.0560392
서울특별시,노원구,중계해봄어린이집,서울특별시 노원구 중계로19길 44 ,37.64925683,127.0759505
서울특별시,노원구,초안숲속어린이집,"서울특별시 노원구 마들로5길 25 (월계동, 두산위브아파트)",37.64098381,127.0522565
서울특별시,노원구,은빛어린이집,서울특별시 노원구 동일로245가길 41 은빛2단지아파트 관리동,37.68066639,127.0538014
서울특별시,노원구,드림어린이집,서울특별시 노원구 공릉로46길 19 관리동 1층,37.6279055,127.0801308
서울특별시,노원구,사슴어린이집,서울특별시 노원구 월계로55길 15 사슴3단지아파트 관리동,37.63239642,127.059849
서울특별시,노원구,우리어린이집,서울특별시 노원구 동일로198가길 149 공릉2단지아파트 관리동,37.63039111,127.0670364
서울특별시,노원구,두산영재어린이집,서울특별시 노원구 공릉로 126 두산힐스빌아파트 관리동,37.62131223,127.0795044
서울특별시,노원구,파란나라어린이집,서울특별시 노원구 덕릉로94가길 20 청암2단지아파트,37.66250643,127.0781111
서울특별시,노원구,아이맘어린이집,"서울특별시 노원구 동일로231길 86 204동 108호(상계동, 현대2차아파트)",37.6717358,127.0498904
서울특별시,노원구,하계현대어린이집,서울특별시 노원구 노원로18길 19 하계2차현대아파트,37.64461238,127.0717203
서울특별시,노원구,주영어린이집,서울특별시 노원구 한글비석로5길 62 중계8단지주공아파트 관리동,37.64637161,127.0749598
서울특별시,노원구,또래어린이집,"서울특별시 노원구 동일로245가길 41 202동 106호 (상계동, 은빛아파트)",37.68066639,127.0538014
서울특별시,노원구,점프어린이집,"서울특별시 노원구 동일로241길 53 109동 104호 (상계동, 두산아파트)",37.67801899,127.0529134
서울특별시,노원구,청암아이들세상어린이집,"서울특별시 노원구 덕릉로112길 24 관리동 1층 (상계동, 청암1단지아파트)",37.66595614,127.0800797
서울특별시,노원구,수락예지어린이집,"서울특별시 노원구 누원로 28 304동 1층(상계동, 수락리버시티3단지)",37.68747717,127.0535548
서울특별시,노원구,비선어린이집,"서울특별시 노원구 화랑로51길 78 관리동 (공릉동, 비선아파트)",37.62581838,127.0878278
서울특별시,노원구,화랑어린이집,"서울특별시 노원구 화랑로51길 17 관리동 1층 (공릉동, 화랑타운아파트)",37.6230768,127.0893509
서울특별시,노원구,행복이가득한어린이집,서울특별시 노원구 한글비석로24바길 17 (상계동),37.66400867,127.0729958
서울특별시,노원구,우림해피어린이집,"서울특별시 노원구 동일로230가길 71 102동 103호(상계동, 우림루미아트A)",37.67496823,127.0557545
서울특별시,노원구,자람어린이집,"서울특별시 노원구 누원로 18 402동 103호(상계동, 수락리버시티4단지A)",37.68621458,127.0528727
서울특별시,노원구,솔바람어린이집,"서울특별시 노원구 노원로 428 209동 104호(상계동, 상계2차중앙하이츠A)",37.65449462,127.0681033
서울특별시,노원구,청구몬테소리어린이집,"서울특별시 노원구 동일로207길 186 110동 103호(하계동, 학여울청구A)",37.63795562,127.0598022
서울특별시,노원구,현대아이들세상어린이집,"서울특별시 노원구 석계로 49 105동 102호(월계동, 현대A)",37.61721774,127.0625099
서울특별시,노원구,동원어린이집,"서울특별시 노원구 월계로53길 21 101동 101호(월계동, 동원베네스트A)",37.6326095,127.0585984
서울특별시,노원구,엄마사랑i어린이집,"서울특별시 노원구 마들로 31 103동 102호(월계동, 그랑빌A)",37.61872537,127.0670846
서울특별시,노원구,이레뜰어린이집,"서울특별시 노원구 동일로192나길 26 101동 105호(공릉동, 신원A)",37.6277216,127.0750725
서울특별시,노원구,꿈의숲어린이집,"서울특별시 노원구 섬밭로 139 105동 103호(공릉동, 풍림A)",37.63028158,127.0657021
서울특별시,노원구,보람자연어린이집,"서울특별시 노원구 한글비석로 479 102동 109호(상계동, 보람A)",37.66449773,127.0644832
서울특별시,노원구,색종이어린이집,"서울특별시 노원구 동일로227길 86 1603동 103호(상계동, 주공16단지A)",37.67041003,127.05273
서울특별시,노원구,파랑새어린이집,"서울특별시 노원구 동일로 1456 710동 102호(상계동, 주공7단지A)",37.66067691,127.0614956
서울특별시,노원구,꼬꼬마어린이집,"서울특별시 노원구 공릉로46길 32 107동 111호(공릉동, 삼익A)",37.6263561,127.0821837
서울특별시,노원구,벧엘어린이집,"서울특별시 노원구 동일로207길 18 119동 102호(중계동, 중계그린A)",37.64457282,127.0620514
서울특별시,노원구,공릉한보어린이집,"서울특별시 노원구 공릉로46길 19 102동 102호(공릉동, 한보에센시티A)",37.6279055,127.0801308
서울특별시,노원구,노원든든어린이집,"서울특별시 노원구 초안산로2라길 26 월계센트럴아이파크A, 월계동",37.63000993,127.0566717
서울특별시,노원구,상계해솔어린이집,"서울특별시 노원구 수락산로 12 (상계역센트럴푸르지오A, 상계동)",37.66438374,127.074879
서울특별시,노원구,진주어린이집,서울특별시 노원구 동일로227길 86 1614동 103호,37.67041003,127.05273
서울특별시,노원구,호호어린이집,서울특별시 노원구 석계로 49 현대아파트 단지내,37.61721774,127.0625099
서울특별시,노원구,포레나아이어린이집,서울특별시 노원구 노원로38길 76 ,37.66488442,127.0619727
서울특별시,노원구,태릉해링턴어린이집,"서울특별시 노원구 공릉로34길 86 공릉동, 태릉해링턴플레이스아파트 내",37.62576132,127.0815976
서울특별시,노원구,육사화랑어린이집,서울특별시 노원구 화랑로 564 ,37.6201216,127.0894159
서울특별시,노원구,롯데캐슬해온어린이집,"서울특별시 노원구 덕릉로 753 (상계동, 롯데캐슬시그니처아파트)",37.66585159,127.0763205
서울특별시,노원구,롯데캐슬한별어린이집,"서울특별시 노원구 덕릉로 753 (상계동, 롯데캐슬시그니처아파트)",37.66585159,127.0763205
서울특별시,노원구,경남삐아제어린이집,"서울특별시 노원구 섬밭로 263 5동 106호(중계동, 경남아파트)",37.63913993,127.0638195
서울특별시,은평구,구립 신사어린이집,서울특별시 은평구 은평터널로11길 3 신사어린이집 (신사동),37.59506909,126.908174
서울특별시,은평구,구립 불광어린이집,서울특별시 은평구 연서로34길 28 (불광동),37.62163184,126.9293167
서울특별시,은평구,구립 녹번어린이집,서울특별시 은평구 통일로62길 17 (녹번동),37.60699389,126.9352047
서울특별시,은평구,예일어린이집,서울특별시 은평구 은평로6길 11 ,37.5986253,126.9192658
서울특별시,은평구,구립 녹번복지관 어린이집,서울특별시 은평구 은평로21길 14-26 ,37.60271145,126.931783
서울특별시,은평구,예향어린이집,서울특별시 은평구 통일로92길 11 (불광동),37.62585046,126.9213779
서울특별시,은평구,성모자애어린이집,서울특별시 은평구 통일로78길 10 (불광동),37.61773983,126.9237864
서울특별시,은평구,우림어린이집,서울특별시 은평구 연서로18길 7 (대조동),37.61233775,126.9183723
서울특별시,은평구,구립 경남어린이집,"서울특별시 은평구 갈현로11길 46 106동 101호(구산동, 경남아너스빌)",37.60479886,126.9054022
서울특별시,은평구,샘물퐁퐁어린이집,서울특별시 은평구 불광로 137-13 (불광동),37.61852077,126.9326234
서울특별시,은평구,누리어린이집,서울특별시 은평구 연서로 85-1 ,37.60683391,126.9148453
서울특별시,은평구,구립 역촌2어린이집,서울특별시 은평구 연서로3길 14-5 ,37.60263842,126.9138144
서울특별시,은평구,구립 은평어린이집,서울특별시 은평구 증산로9길 44-12 ,37.58653137,126.9062105
서울특별시,은평구,구립 좋은씨앗어린이집,서울특별시 은평구 연서로3가길 13-11 한국리치빌 아파트 1층 106호 (역촌동),37.60319039,126.9142049
서울특별시,은평구,하늘한조각어린이집,서울특별시 은평구 역말로 14 (역촌동),37.60528084,126.9119698
서울특별시,은평구,영산어린이집,서울특별시 은평구 불광로3길 6 (불광동),37.61289978,126.9316825
서울특별시,은평구,햇살어린이집,서울특별시 은평구 은평로 33-9 ,37.59867567,126.9108772
서울특별시,은평구,구립 은아새 어린이집,서울특별시 은평구 불광천길 470-11 ,37.59507747,126.9160329
서울특별시,은평구,구립 보듬손어린이집,서울특별시 은평구 통일로78길 16 (불광동),37.61848237,126.9242762
서울특별시,은평구,소리나는어린이집,서울특별시 은평구 갈현로29길 51-15 은평공동육아협동조합 소리나는 어린이집 (갈현동),37.62224556,126.9109012
서울특별시,은평구,물샘어린이집,서울특별시 은평구 갈현로29길 5-14 ,37.61886529,126.9143875
서울특별시,은평구,영재키즈어린이집,"서울특별시 은평구 은평터널로 60 102동 101호(수색동, 진흥엣세벨)",37.58516946,126.8996743
서울특별시,은평구,꽃햇살어린이집,서울특별시 은평구 증산로17길 39-11 ,37.59061939,126.9087921
서울특별시,은평구,성암교회방과후교실어린이집,서울특별시 은평구 서오릉로4길 6 (녹번동),37.60475421,126.9255798
서울특별시,은평구,키큰어린이집,서울특별시 은평구 통일로 796 북한산힐스테이트7차아파트 106동 102호(불광동),37.6163432,126.9257576
서울특별시,은평구,새누리어린이집,서울특별시 은평구 가좌로7나길 35 경남아파트단지 내 (응암동),37.58333816,126.9200388
서울특별시,은평구,역촌꿈의숲어린이집,서울특별시 은평구 진흥로5길 8-1 (역촌동),37.60304151,126.9200656
서울특별시,은평구,구립 구산숲어린이집,서울특별시 은평구 서오릉로21길 11-8 ,37.61481318,126.9079153
서울특별시,은평구,구립 개나리어린이집,서울특별시 은평구 연서로37가길 8-25 구립 개나리어린이집 (불광동),37.62433685,126.9263306
서울특별시,은평구,홍익어린이집,서울특별시 은평구 가좌로11길 5-3 ,37.59627395,126.907658
서울특별시,은평구,예쁜무지개어린이집,서울특별시 은평구 은평로16길 22-6 ,37.59950777,126.9294405
서울특별시,은평구,녹번푸름숲어린이집,서울특별시 은평구 녹번로3가길 4-8 1층,37.60631769,126.9278884
서울특별시,은평구,월드빌연서가정어린이집,"서울특별시 은평구 증산로 333 101동 102호(증산동, 월드빌아파트)",37.5861942,126.9116771
서울특별시,은평구,예원사랑어린이집,서울특별시 은평구 연서로18가길 4 (대조동),37.61235313,126.9201683
서울특별시,은평구,은화어린이집,서울특별시 은평구 통일로89길 18-25 ,37.62519342,126.9181327
서울특별시,은평구,딸기어린이집,서울특별시 은평구 진흥로1길 50 딩크아파트 101호 (역촌동),37.6049579,126.9184579
서울특별시,은평구,예본어린이집,서울특별시 은평구 연서로5길 40 (역촌동),37.60387419,126.9110974
서울특별시,은평구,아람어린이집,서울특별시 은평구 연서로27길 19-1 ,37.61800808,126.9171414
서울특별시,은평구,구립 꿈동산어린이집,서울특별시 은평구 서오릉로22길 16-1 101호,37.61752487,126.908014
서울특별시,은평구,구립 이솝어린이집,"서울특별시 은평구 증산서길 79 102동 101호(증산동, 두산위브아파트)",37.58409465,126.9061188
서울특별시,은평구,꿈동이어린이집,서울특별시 은평구 증산로19길 8-8 (신사동),37.59503612,126.9137879
서울특별시,은평구,다솜어린이집,서울특별시 은평구 은평로 182-8 ,37.60088902,126.9277026
서울특별시,은평구,구립 행복한숲어린이집,서울특별시 은평구 갈현로7가길 9 (역촌동),37.60307645,126.9091945
서울특별시,은평구,숲속키즈나라어린이집,서울특별시 은평구 연서로11길 30-2 ,37.6089293,126.9123272
서울특별시,은평구,신사홍익어린이집,서울특별시 은평구 은평터널로7길 3 (신사동),37.59219496,126.9059256
서울특별시,은평구,은평제일어린이집,서울특별시 은평구 백련산로 165 (응암동),37.59971638,126.9263942
서울특별시,은평구,도담어린이집,서울특별시 은평구 진흥로 128-5 (녹번동),37.60714991,126.9246838
서울특별시,은평구,리라어린이집,서울특별시 은평구 은평로21길 19-4 ,37.60188011,126.9317915
서울특별시,은평구,세종어린이집,서울특별시 은평구 서오릉로17길 5 (구산동341-4),37.61444986,126.9087869
서울특별시,은평구,사랑어린이집,서울특별시 은평구 연서로9길 5-7 ,37.60712828,126.914499
서울특별시,은평구,해오름어린이집,서울특별시 은평구 서오릉로15길 15-4 ,37.6128337,126.910481
서울특별시,은평구,구립 대영어린이집,서울특별시 은평구 응암로 376 ,37.60453104,126.9232012
서울특별시,은평구,은평감리교회방과후어린이집,서울특별시 은평구 응암로 376 (녹번동),37.60453104,126.9232012
서울특별시,은평구,무지개동산어린이집,서울특별시 은평구 역말로 7 B동 (역촌동),37.60577106,126.9111248
서울특별시,은평구,아이꿈어린이집,서울특별시 은평구 불광로2길 16 ,37.61167741,126.9332696
서울특별시,은평구,은행나무어린이집,서울특별시 은평구 응암로16길 30 ,37.59118375,126.9205993
서울특별시,은평구,은평구청어린이집,서울특별시 은평구 은평로 195 은평구청 별관1층(녹번동),37.60245742,126.9288229
서울특별시,은평구,응암우리어린이집,서울특별시 은평구 은평로6길 8-16 ,37.59895494,126.9184329
서울특별시,은평구,구립 은마루어린이집,"서울특별시 은평구 진관4로 78-8 701동 1층(진관동, 은평뉴타운상림마을7단지아파트)",37.64609498,126.9283245
서울특별시,은평구,수린목어린이집,서울특별시 은평구 진관4로 48  -51 740동 1층,37.64363516,126.9297565
서울특별시,은평구,벼리어린이집,서울특별시 은평구 진관1로 21-9 박석고개 12단지 관리동 1층 (진관동),37.63292446,126.919503
서울특별시,은평구,숲속어린이집,서울특별시 은평구 진관4로 48-50 은평뉴타운 상림마을 719동,37.64320408,126.9292088
서울특별시,은평구,구립 진관어린이집,서울특별시 은평구 진관1로 48 ,37.63138086,126.9243463
서울특별시,은평구,진관라온어린이집,서울특별시 은평구 진관1로 55 은평뉴타운 마고정 309동 1층 (진관동),37.63156638,126.9278173
서울특별시,은평구,풀잎어린이집,서울특별시 은평구 진관2로 60 은평뉴타운 마고정 333동 1층 (진관동),37.63391604,126.922797
서울특별시,은평구,진관행복한어린이집,서울특별시 은평구 연서로44길 7 은평뉴타운폭포동아파트 412동 (진관동),37.6282682,126.9355441
서울특별시,은평구,동부아이사랑어린이집,서울특별시 은평구 진관2로 90 은평뉴타운 마고정아파트 311동 (진관동),37.63380608,126.9256884
서울특별시,은평구,고운숲어린이집,서울특별시 은평구 진관2로 57-37 우물골아파트240동1층,37.63519653,126.9260542
서울특별시,은평구,홀츠앤키즈맑은샘어린이집,서울특별시 은평구 불광로 122-10 북한산힐스테이트 3차 관리동 (불광동),37.61827037,126.9341808
서울특별시,은평구,꿈이열리는어린이집,"서울특별시 은평구 증산로 285 101동 106호(증산동, 증산중앙하이츠)",37.58310763,126.9083126
서울특별시,은평구,구립 응암어린이집,서울특별시 은평구 백련산로 10 ,37.58652022,126.9230603
서울특별시,은평구,구립 구파발어린이집,서울특별시 은평구 북한산로 2 1022동 1층,37.64224333,126.916236
서울특별시,은평구,아이숲어린이집,서울특별시 은평구 연서로35길 6-1 ,37.6219642,126.9259221
서울특별시,은평구,너울가지어린이집,"서울특별시 은평구 가좌로12길 15 (신사동, 은평두산위브2차), 102동 102호",37.59905385,126.9074088
서울특별시,은평구,아이맘몬테소리어린이집,서울특별시 은평구 백련산로 36 백련산힐스테이트 308동 102호,37.58845665,126.9247675
서울특별시,은평구,사랑나무어린이집,서울특별시 은평구 진관2로 57-7 247동 1층,37.63437375,126.9232361
서울특별시,은평구,별산솔어린이집,서울특별시 은평구 불광로6길 6-9 ,37.61351999,126.9328888
서울특별시,은평구,미래클나무어린이집,서울특별시 은평구 백련산로 38 백련산 힐스테이트 209-101호,37.58927061,126.9230906
서울특별시,은평구,우방꿈나무어린이집,서울특별시 은평구 증산로3길 26-1 우방아파트 103동 101호,37.58148511,126.9023473
서울특별시,은평구,하늘빛사임당어린이집,"서울특별시 은평구 진관4로 100 606동 108호(진관동, 은평뉴타운상림마을)",37.64980599,126.9331512
서울특별시,은평구,작은별어린이집,서울특별시 은평구 불광로8길 7 ,37.61620625,126.9334701
서울특별시,은평구,벧엘어린이집,서울특별시 은평구 증산서길 72 칠산아파트 104호,37.58272425,126.9062448
서울특별시,은평구,예쁜꿈어린이집,서울특별시 은평구 통일로63길 20 ,37.60787321,126.9297776
서울특별시,은평구,정다운아이들어린이집,서울특별시 은평구 증산로19길 34 ,37.5954059,126.9110184
서울특별시,은평구,천사어린이집,서울특별시 은평구 백련산로 84 (응암동) 백련산힐스테이트 108동 102호,37.59300972,126.9236424
서울특별시,은평구,은평중앙어린이집,서울특별시 은평구 은평로8길 15-4 ,37.59850614,126.9202507
서울특별시,은평구,선정어린이집,서울특별시 은평구 증산로3길 5-21 선정아파트 101-101,37.5798715,126.9048641
서울특별시,은평구,구립 응암새싹어린이집,서울특별시 은평구 은평로10길 5-2 ,37.59998874,126.923406
서울특별시,은평구,구립 꿈나무마을어린이집,서울특별시 은평구 백련산로14길 20-11 구립 꿈나무마을어린이집,37.59948329,126.9278566
서울특별시,은평구,햇살가득어린이집,서울특별시 은평구 은평터널로 65 (대림한숲타운아파트)105동 103호,37.58689948,126.8991669
서울특별시,은평구,구립 신사1어린이집,서울특별시 은평구 은평로3가길 16 ,37.59926682,126.9131935
서울특별시,은평구,아이젤어린이집,서울특별시 은평구 응암로22길 9-9 ,37.59424148,126.9193183
서울특별시,은평구,사랑이어린이집,서울특별시 은평구 응암로 232-1 ,37.59261351,126.9181861
서울특별시,은평구,구립 갈현1어린이집,서울특별시 은평구 연서로29길 30-13 구립 갈현1어린이집,37.61976585,126.9173286
서울특별시,은평구,구립 대조어린이집,서울특별시 은평구 역말로 121 ,37.61007428,126.9214198
서울특별시,은평구,구립 기자촌어린이집,서울특별시 은평구 연서로46길 7 1105동 1층,37.63396525,126.9326829
서울특별시,은평구,푸른아이어린이집,서울특별시 은평구 통일로 660 북한산푸르지오아파트관리동어린이집,37.60590087,126.9361429
서울특별시,은평구,은평한옥마을성균관어린이집,서울특별시 은평구 연서로48길 54 ,37.63959452,126.9402186
서울특별시,은평구,구립 백련산힐2차어린이집,서울특별시 은평구 백련산로 38 관리동(백련산힐스테이트2차아파트),37.58927061,126.9230906
서울특별시,은평구,구립 꽃빛나라어린이집,서울특별시 은평구 진관3로 67 구파발래미안 9-1단지 908동,37.64276446,126.9209327
서울특별시,은평구,구립 파란하늘어린이집,"서울특별시 은평구 통일로72길 16 관리동(불광1동, 북한산힐스테이트7차아파트)",37.61721142,126.9270968
서울특별시,은평구,구립 백련산힐1차어린이집,"서울특별시 은평구 백련산로2길 19 관리동(응암2동, 백련산힐스테이트1차)",37.59247684,126.9252695
서울특별시,은평구,구립 광현어린이집,서울특별시 은평구 연서로27길 31-7 ,37.61832269,126.9161132
서울특별시,은평구,구립 꼬마대통령어린이집,서울특별시 은평구 진관3로 15-35 구파발10단지 1009동 1층,37.64249069,126.9173213
서울특별시,은평구,구립 역마을어린이집,서울특별시 은평구 갈현로7길 20 ,37.60425531,126.9085066
서울특별시,은평구,구립 북한산어린이집,"서울특별시 은평구 진흥로 265 주민공동시설 중 어린이집(불광동, 북한산래미안아파트)",37.61170533,126.9368518
서울특별시,은평구,구립 비단산어린이집,서울특별시 은평구 은평터널로7가길 6 ,37.59212971,126.9034511
서울특별시,은평구,구립 폭포동어린이집,서울특별시 은평구 진관1로 77-8 폭포동4-1단지아파트내 관리동1층 부대복리시설,37.63136279,126.930721
서울특별시,은평구,사랑꿈어린이집,"서울특별시 은평구 진관4로 100 609동 1층 (진관동, 은평뉴타운 상림마을)",37.64980599,126.9331512
서울특별시,은평구,구립 예가어린이집,서울특별시 은평구 진관4로 37 은평뉴타운 상림마을2단지아파트 관리동,37.64446939,126.925074
서울특별시,은평구,구립 다음어린이집,"서울특별시 은평구 진흥로 267 (불광1동, 북한산래미안                1단지아파트) 주민공동시설 중 어린이집",37.61187193,126.9385656
서울특별시,은평구,구립 아이클어린이집,"서울특별시 은평구 진관1로 21-10 (진관동, 박석고개 1단지아파트) 주민공동시설 중 어린이집",37.63427074,126.9193989
서울특별시,은평구,구립 해솔어린이집,"서울특별시 은평구 진관4로 87 (진관동, 은평뉴타운 상림마을 5단지 아파트) 주민공동시설 중 어린이집",37.64784198,126.929665
서울특별시,은평구,구립 응암봄샘어린이집,"서울특별시 은평구 백련산로 160 (응암동, 녹번역센트레빌아파트) 주민공동시설 중 어린이집",37.5983345,126.9259201
서울특별시,은평구,구립 행복한우리어린이집,서울특별시 은평구 응암로22길 18-1 ,37.59338611,126.9201686
서울특별시,은평구,구립 키즈빌리지어린이집,서울특별시 은평구 진관4로 17 상림마을 812동 1층,37.64364593,126.9229005
서울특별시,은평구,구립 백련산힐4차어린이집,서울특별시 은평구 백련산로 37 백련산힐스테이트4차아파트 407동 1층,37.58941333,126.9222745
서울특별시,은평구,어울림어린이집,"서울특별시 은평구 진관3로 15-45 1015동 1층 (진관동, 은평뉴타운 구파발)",37.64429158,126.9161712
서울특별시,은평구,구립 거북마을어린이집,서울특별시 은평구 서오릉로15길 7-1 ,37.61352254,126.9099282
서울특별시,은평구,구립 아롱별어린이집,서울특별시 은평구 통일로69길 12-10 ,37.61184728,126.9269311
서울특별시,은평구,구립 다래어린이집,서울특별시 은평구 응암로4길 5 ,37.58575982,126.9159751
서울특별시,은평구,구립 해맞이어린이집,서울특별시 은평구 갈현로15길 11-4 ,37.60741745,126.9091274
서울특별시,은평구,구립 다원어린이집,서울특별시 은평구 갈현로19길 16 다원어린이집,37.61553667,126.9112064
서울특별시,은평구,구립 베라힐즈어린이집,서울특별시 은평구 통일로 630 녹번래미안베라힐즈 단지내 어린이집,37.60289599,126.9360034
서울특별시,은평구,구립 산새소리어린이집,"서울특별시 은평구 서오릉로17길 10-5 (구립 산새소리어린이집, 구산동)",37.61414367,126.9081628
서울특별시,은평구,구립 푸름어린이집,서울특별시 은평구 진흥로1길 35-1 ,37.60354576,126.9181791
서울특별시,은평구,은평성모병원어린이집,서울특별시 은평구 통일로 1021 별관2층,37.6336094,126.9161525
서울특별시,은평구,구립 은뜨락어린이집,서울특별시 은평구 통일로 972 ,37.63017584,126.9199163
서울특별시,은평구,자이안어린이집,서울특별시 은평구 통일로 1034 ,37.63528107,126.9176562
서울특별시,은평구,구립 맑은별어린이집,서울특별시 은평구 서오릉로21길 47 갈현이편한세상 103-104,37.61261782,126.906756
서울특별시,은평구,구립 내숲어린이집,서울특별시 은평구 은평터널로 121-6 이랜드타운아파트 101-102,37.59027545,126.9036447
서울특별시,은평구,구립 향림어린이집,서울특별시 은평구 연서로41가길 24-1 ,37.62594115,126.9251849
서울특별시,은평구,구립 늘봄어린이집,서울특별시 은평구 통일로 610 힐스테이트녹번 106동 1층,37.60198245,126.9359478
서울특별시,은평구,구립 솔찬어린이집,서울특별시 은평구 가좌로 334 ,37.59812253,126.9087295
서울특별시,은평구,구립 꿈터어린이집,서울특별시 은평구 갈현로33길 24 갈현동현대아파트,37.62197042,126.9139717
서울특별시,은평구,구립 매바위어린이집,서울특별시 은평구 응암로30길 16 백련산SK뷰아이파크,37.59522857,126.9193946
서울특별시,은평구,구립 한빛어린이집,서울특별시 은평구 백련산로 67 (백련산파크자이),37.59279721,126.9216198
서울특별시,은평구,구립 움찬어린이집,서울특별시 은평구 불광로 64 불광 롯데캐슬,37.61313205,126.9324706
서울특별시,은평구,구립 가온누리어린이집,서울특별시 은평구 갈현로31길 14-9 ,37.62056936,126.9145526
서울특별시,은평구,구립 숲속향기어린이집,서울특별시 은평구 연서로48길 12 510동 1층,37.63714222,126.9359283
서울특별시,은평구,구립 가람슬기어린이집,서울특별시 은평구 연서로19길 28-1 ,37.61448098,126.914612
서울특별시,은평구,서울소방학교 직장어린이집,서울특별시 은평구 통일로 1031-21 ,37.63396086,126.9124114
서울특별시,은평구,구립 내일어린이집,서울특별시 은평구 응암로16길 20-9 구립 내일어린이집,37.59135555,126.91964
서울특별시,은평구,구립 이든어린이집,서울특별시 은평구 응암로30길 15 ,37.59597757,126.9216903
서울특별시,은평구,한국환경산업기술원 초록꿈나무 직장어린이집,서울특별시 은평구 진흥로 215 A동,37.60987179,126.9343249
서울특별시,은평구,구립 응암샛별어린이집,서울특별시 은평구 은평로 220 ,37.60053438,126.9320989
서울특별시,은평구,구립 응암행복어린이집,서울특별시 은평구 은평로 220 ,37.60053438,126.9320989
서울특별시,은평구,구립 물빛캐슬어린이집,서울특별시 은평구 수색로 300 ,37.58509035,126.8904419
서울특별시,은평구,구립 은빛나래어린이집,서울특별시 은평구 서오릉로9길 18 ,37.60658456,126.9200627
서울특별시,은평구,구립 꿈여울어린이집,서울특별시 은평구 통일로89길 5-6 ,37.62438369,126.9190237
서울특별시,은평구,구립 푸른들어린이집,서울특별시 은평구 은평로 240 ,37.60042147,126.9349481
서울특별시,은평구,구립 DMC물치어린이집,서울특별시 은평구 수색로 216 ,37.57984571,126.8999328
서울특별시,은평구,구립 신사랑어린이집,서울특별시 은평구 갈현로5길 25-19 ,37.60163578,126.9088727
서울특별시,은평구,구립 e편안한어린이집,서울특별시 은평구 백련산로 112 ,37.59499718,126.9233057
서울특별시,은평구,구립 진달래어린이집,서울특별시 은평구 진관3로 70 827동,37.64225983,126.9231411
서울특별시,은평구,구립 새솔어린이집,서울특별시 은평구 증산로17가길 14 ,37.59150091,126.9125782
서울특별시,은평구,구립 가람별어린이집,"서울특별시 은평구 진관3로 77 921동(진관동, 은평뉴타운 구파발)",37.64470829,126.9208769
서울특별시,은평구,구립 DMC센트럴자이새봄어린이집,서울특별시 은평구 수색로 200 DMC센트럴자이 2블럭 단지 내,37.57941954,126.9006733
서울특별시,은평구,구립 DMC센트럴자이나무어린이집,서울특별시 은평구 수색로 200 DMC센트럴자이3블럭 단지 내,37.57941954,126.9006733
서울특별시,은평구,구립 마루어린이집,서울특별시 은평구 백련산로4길 17-7 ,37.59518214,126.9249533
서울특별시,은평구,구립 북한산힐스솔숲어린이집,서울특별시 은평구 불광로2길 33 북한산힐스테이트1차아파트 단지 내,37.61282127,126.9354737
서울특별시,은평구,구립 대조스테이원어린이집,서울특별시 은평구 통일로 767 호반베르디움스테이원 관리동 내 어린이집,37.6139965,126.9264997
서울특별시,은평구,구립 물빛숲어린이집,서울특별시 은평구 은평터널로 27 ,37.58507458,126.8970531
서울특별시,은평구,구립 물빛마을어린이집,서울특별시 은평구 은평터널로 15 ,37.58468375,126.8940198
서울특별시,은평구,구립 수색어린이집,서울특별시 은평구 수색로 322-1 ,37.58617109,126.890735
서울특별시,은평구,구립 수색가람어린이집,서울특별시 은평구 수색로 322 ,37.58736783,126.8925504
서울특별시,은평구,구립 수색아이꿈어린이집,서울특별시 은평구 수색로 322 ,37.58736783,126.8925504
서울특별시,은평구,구립 응암하나어린이집,서울특별시 은평구 가좌로7다길 3 ,37.58567178,126.9183939
서울특별시,은평구,구립 구산하나어린이집,서울특별시 은평구 서오릉로11길 18 ,37.61096519,126.9144358
서울특별시,은평구,구립 별마을어린이집,서울특별시 은평구 갈현로7길 25 ,37.60410579,126.9074092
서울특별시,은평구,구립 꿈나래어린이집,서울특별시 은평구 연서로46길 8 은평뉴타운 디에트로 더 퍼스트 1413동 1층,37.63343298,126.9324306
서울특별시,서대문구,서연어린이집,서울특별시 서대문구 홍제천로4길 18 (연희동),37.57370047,126.9256467
서울특별시,서대문구,동방어린이집,서울특별시 서대문구 모래내로 177 (남가좌동),37.57145444,126.9200822
서울특별시,서대문구,우정어린이집,서울특별시 서대문구 연희로8길 21 구립 우정어린이집,37.56535104,126.9311486
서울특별시,서대문구,신촌어린이집,서울특별시 서대문구 신촌로3나길 15-1 (창천동),37.55886044,126.9303802
서울특별시,서대문구,푸른누리어린이집,서울특별시 서대문구 연희로20길 27 (연희동),37.5692689,126.9347555
서울특별시,서대문구,선화어린이집,서울특별시 서대문구 경기대로 26-26 (충현동),37.56102262,126.9621924
서울특별시,서대문구,우리어린이집,서울특별시 서대문구 간호대로4길 10 우리어린이집,37.59732503,126.9480158
서울특별시,서대문구,가좌제일어린이집,서울특별시 서대문구 수색로8길 46 (북가좌동),37.57652944,126.9073492
서울특별시,서대문구,금화어린이집,서울특별시 서대문구 독립문로10길 15 (천연동),37.56815381,126.9610588
서울특별시,서대문구,은화어린이집,"서울특별시 서대문구 간호대로 48 선강빌딩 2, 3층",37.59751564,126.9469056
서울특별시,서대문구,홍은어린이집,서울특별시 서대문구 모래내로 332-10 구립 홍은어린이집 (홍은동),37.57960798,126.933922
서울특별시,서대문구,홍제어린이집,서울특별시 서대문구 통일로31길 3-4 (홍제동),37.58393125,126.9486431
서울특별시,서대문구,서대문어린이집,서울특별시 서대문구 증가로29길 30-42 ,37.58250872,126.9102791
서울특별시,서대문구,환희어린이집,서울특별시 서대문구 증가로10길 16-9 ,37.57822384,126.923846
서울특별시,서대문구,연희어린이집,서울특별시 서대문구 가좌로 16-16 ,37.57708738,126.9342845
서울특별시,서대문구,고은어린이집,서울특별시 서대문구 모래내로 459-6 (홍제동 107-17),37.5858538,126.945475
서울특별시,서대문구,은가하나어린이집,서울특별시 서대문구 증가로20길 45 ,37.58126711,126.9180309
서울특별시,서대문구,아름다운집어린이집,서울특별시 서대문구 북아현로14길 15-6 ,37.56314287,126.9565252
서울특별시,서대문구,파랑새어린이집,서울특별시 서대문구 통일로39다길 8 (홍제동),37.58715683,126.9426527
서울특별시,서대문구,예꼴예능어린이집,서울특별시 서대문구 독립문공원길 17 예꼴예능어린이집,37.57238119,126.9551984
서울특별시,서대문구,태양어린이집,서울특별시 서대문구 북아현로4길 9-7 ,37.55974629,126.9572316
서울특별시,서대문구,독립문어린이집,서울특별시 서대문구 독립문로 12 독립문어린이집,37.57035745,126.959651
서울특별시,서대문구,성균관어린이집,"서울특별시 서대문구 독립문로14길 56 104동 상가(세광교회) 1층 101호 성균관어린이집 (냉천동, 동부센트레빌아파트)",37.56686835,126.9610247
서울특별시,서대문구,하늘꿈어린이집,"서울특별시 서대문구 통일로25길 30 102동 101호(홍제동, 홍제한양아파트)",37.58327722,126.9472325
서울특별시,서대문구,서대문종합사회복지관방과후교실어린이집,서울특별시 서대문구 모래내로 177 (남가좌동),37.57145444,126.9200822
서울특별시,서대문구,두란노어린이집,서울특별시 서대문구 증가로20가길 62 (북가좌동),37.5819066,126.9207559
서울특별시,서대문구,홍제꿈어린이집,서울특별시 서대문구 홍제내길 18 (홍제동),37.58340739,126.9370593
서울특별시,서대문구,윤슬어린이집,서울특별시 서대문구 가좌로 56 (홍은동),37.57871158,126.9300084
서울특별시,서대문구,푸른솔어린이집,"서울특별시 서대문구 가재울로 45 102동 104호(남가좌동, 현대아파트)",37.57566143,126.9208517
서울특별시,서대문구,명지대학교어린이집,서울특별시 서대문구 거북골로 34 (남가좌동),37.58037702,126.9213485
서울특별시,서대문구,또래어린이집,"서울특별시 서대문구 증가로 191 113동 103호(남가좌동, 삼성아파트)",37.57849683,126.9173923
서울특별시,서대문구,또오기어린이집,"서울특별시 서대문구 연희로41길 102 3동 109호(홍은동, 미성맨션)",37.59310798,126.9346842
서울특별시,서대문구,꾸러기어린이집,"서울특별시 서대문구 세검정로1길 93 103동 103호(홍은동, 벽산아파트)",37.59449219,126.945544
서울특별시,서대문구,별초롱어린이집,"서울특별시 서대문구 응암로 28 4동103호(북가좌1동,연희한양아파트)",37.57627162,126.9098441
서울특별시,서대문구,꿈사랑어린이집,서울특별시 서대문구 이화여대8길 62 서울특별시 서대문구 북아현동 두산아파트 단지내,37.55972348,126.9507324
서울특별시,서대문구,하나어린이집,"서울특별시 서대문구 통일로39가길 57 102동 102호(홍제동, 현대아파트)",37.58990008,126.9409853
서울특별시,서대문구,재재어린이집,"서울특별시 서대문구 증가로 191 104동 102호(남가좌동, 삼성아파트)",37.57849683,126.9173923
서울특별시,서대문구,아이꿈터어린이집,"서울특별시 서대문구 가재울로 45 103동 101호(남가좌동, 현대아파트)",37.57566143,126.9208517
서울특별시,서대문구,새벽산어린이집,"서울특별시 서대문구 세검정로1길 95 101동 103호(홍은동, 벽산아파트)",37.59591997,126.9456918
서울특별시,서대문구,삼성한울어린이집,"서울특별시 서대문구 통일로 319 101동 102호(홍제동, 홍제삼성래미안)",37.5781825,126.9519502
서울특별시,서대문구,예랑어린이집,서울특별시 서대문구 간호대로3길 35 101호(홍제동),37.59534561,126.9477414
서울특별시,서대문구,홍제동성당부설방과후교실어린이집,서울특별시 서대문구 통일로40길 18 (홍제동),37.59011924,126.9436562
서울특별시,서대문구,은담어린이집,서울특별시 서대문구 증가로8길 33 (남가좌동),37.57847283,126.9251823
서울특별시,서대문구,예일어린이집,서울특별시 서대문구 증가로31길 41 (북가좌동),37.58215565,126.9099623
서울특별시,서대문구,세브란스어린이집,서울특별시 서대문구 연대동문길 41 세브란스 어린이집,37.56427486,126.9442503
서울특별시,서대문구,천사어린이집,서울특별시 서대문구 연희로 38-20 대우아파트 관리동 2층 (연희동),37.56209322,126.9285764
서울특별시,서대문구,성모어린이집,서울특별시 서대문구 세무서5길 24-2 ,37.59111018,126.9454446
서울특별시,서대문구,동우어린이나라어린이집,서울특별시 서대문구 북아현로22나길 85 (북아현동),37.5655433,126.9572377
서울특별시,서대문구,아현어린이집,서울특별시 서대문구 신촌로 293 아현감리교회 부설 아현어린이집,37.55770564,126.958804
서울특별시,서대문구,샛별어린이집,서울특별시 서대문구 연희로41길 45 (홍은동),37.59066538,126.9351509
서울특별시,서대문구,하람어린이집,서울특별시 서대문구 가재울로 36 (남가좌동),37.57480415,126.922102
서울특별시,서대문구,뜨란어린이집,서울특별시 서대문구 독립문로8길 54 뜨란채아파트 107동 관리동 (천연동),37.56879093,126.9584744
서울특별시,서대문구,숲속몬테소리어린이집,서울특별시 서대문구 연희로31길 33 ,37.57576907,126.9336675
서울특별시,서대문구,삼성이화어린이집,서울특별시 서대문구 수색로6길 43 삼성래미안2차아파트 (남가좌동),37.57256563,126.9124567
서울특별시,서대문구,경찰청어린이집,서울특별시 서대문구 통일로 97 (미근동),37.56421337,126.9668628
서울특별시,서대문구,백합어린이집,"서울특별시 서대문구 가재울미래로 2 218동103호(남가좌1동,DMC파크뷰자이)",37.57440199,126.9179078
서울특별시,서대문구,이대복지어린이집,서울특별시 서대문구 이화여대길 52 ,37.56446452,126.9502888
서울특별시,서대문구,서대문천연사임당어린이집,"서울특별시 서대문구 독립문로8길 54 114동 103호(천연동, 뜨란채A 114동)",37.56879093,126.9584744
서울특별시,서대문구,북아현어린이집,서울특별시 서대문구 북아현로1가길 6 구립북아현어린이집,37.55908091,126.9530017
서울특별시,서대문구,꿈빛나무어린이집,서울특별시 서대문구 세검정로1길 116 홍은 복지관내 꿈빛나무어린이집,37.59539413,126.946431
서울특별시,서대문구,마미어린이집,서울특별시 서대문구 증가로32길 58 (북가좌동),37.58579271,126.9136137
서울특별시,서대문구,서대문구청직장어린이집,서울특별시 서대문구 홍제천로 182 (연희동),37.57841099,126.9332376
서울특별시,서대문구,은현어린이집,서울특별시 서대문구 응암로 151 (북가좌동),37.58582718,126.9151688
서울특별시,서대문구,연세대학교유진어린이집,서울특별시 서대문구 연세로 50 연세대학교 (신촌동),37.56605084,126.9439162
서울특별시,서대문구,이화오뚜기어린이집,"서울특별시 서대문구 이화여대길 52 (지하1층, 지상1~3층)",37.56446452,126.9502888
서울특별시,서대문구,한양에코캠어린이집,서울특별시 서대문구 응암로 28 (북가좌동 431)연희한양아파트 2동 102호,37.57627162,126.9098441
서울특별시,서대문구,리틀삐아제어린이집,서울특별시 서대문구 증가로 200-5 1층,37.58032927,126.916375
서울특별시,서대문구,현대숲어린이집,"서울특별시 서대문구 통일로34길 46 110동 103호(홍제동, 인왕산현대아파트)",37.5858576,126.9499746
서울특별시,서대문구,꼬마숲어린이집,서울특별시 서대문구 수색로 100 (북가좌동144 ) DMC래미안e편한세상(A)211동101호,37.57473348,126.9079161
서울특별시,서대문구,하늘숲어린이집,서울특별시 서대문구 수색로 100 307동 1층,37.57473348,126.9079161
서울특별시,서대문구,맑은숲어린이집,서울특별시 서대문구 수색로 100 407동 1층,37.57473348,126.9079161
서울특별시,서대문구,자연숲어린이집,서울특별시 서대문구 수색로 100 105동 1층,37.57473348,126.9079161
서울특별시,서대문구,예꿈어린이집,서울특별시 서대문구 독립문공원길 20 (현저동),37.57237228,126.9586769
서울특별시,서대문구,산마루어린이집,서울특별시 서대문구 북아현로 120 ,37.56571309,126.9510867
서울특별시,서대문구,새솔어린이집,서울특별시 서대문구 통일로34길 19 새솔어린이집,37.58581418,126.9487231
서울특별시,서대문구,가람어린이집,"서울특별시 서대문구 가재울미래로 2 dmc 파크뷰자이 1단지 내, 관리사무소 빌딩 1층",37.57440199,126.9179078
서울특별시,서대문구,아람어린이집,"서울특별시 서대문구 가재울미래로 2 가재울미래로 2, DMC파크뷰자이 2단지 내 커뮤니티 센터 1층",37.57440199,126.9179078
서울특별시,서대문구,예뜰어린이집,서울특별시 서대문구 거북골로23길 15 (북가좌1동),37.57896617,126.906767
서울특별시,서대문구,아장아장어린이집,"서울특별시 서대문구 가재울미래로 2 129동103호(남가좌1동,DMC파크뷰자이)",37.57440199,126.9179078
서울특별시,서대문구,나빛어린이집,"서울특별시 서대문구 가재울미래로 2 217동101호(남가좌1동,DMC파크뷰자이)",37.57440199,126.9179078
서울특별시,서대문구,아이뜰어린이집,서울특별시 서대문구 북아현로1길 50 103동 1층,37.55969,126.9528112
서울특별시,서대문구,돈의문어린이집,서울특별시 서대문구 독립문로14길 33 돈의문 센트레빌 아파트,37.56591992,126.9592895
서울특별시,서대문구,행복열매어린이집,서울특별시 서대문구 증가로 191 101동 101호,37.57849683,126.9173923
서울특별시,서대문구,숲속어린이집,서울특별시 서대문구 통일로 348 청구아파트,37.58126155,126.9528345
서울특별시,서대문구,은빛어린이집,서울특별시 서대문구 북아현로1길 17 신촌e편한세상 202동 1층 은빛어린이집,37.55866771,126.9534505
서울특별시,서대문구,솔빛어린이집,서울특별시 서대문구 북아현로 29 e편한세상신촌3단지 302동,37.56020672,126.956061
서울특별시,서대문구,별빛어린이집,서울특별시 서대문구 신촌로35길 10 ,37.5586217,126.9558604
서울특별시,서대문구,푸른빛어린이집,서울특별시 서대문구 북아현로1가길 20 e편한세상신촌 102동,37.55806808,126.9513991
서울특별시,서대문구,다솜어린이집,"서울특별시 서대문구 문화촌길 6-24 102동 107호(홍제동, 문화촌현대아파트)",37.59142678,126.9494609
서울특별시,서대문구,인왕어린이집,서울특별시 서대문구 문화촌길 34 홍제동,37.59346987,126.9488401
서울특별시,서대문구,가재울어린이집,서울특별시 서대문구 모래내로15길 31 ,37.57304577,126.9199459
서울특별시,서대문구,예솔어린이집,서울특별시 서대문구 증가로 150 DMC2차아이파크 아파트,37.57805476,126.9210192
서울특별시,서대문구,꼬마박사어린이집,서울특별시 서대문구 거북골로 120 203동 103호,37.57548326,126.9160975
서울특별시,서대문구,우리들어린이집,서울특별시 서대문구 세검정로1길 95 벽산아파트 107동 106호,37.59591997,126.9456918
서울특별시,서대문구,햇살나무어린이집,서울특별시 서대문구 연희로 377 202동 104호,37.59100664,126.9393203
서울특별시,서대문구,해피키즈어린이집,"서울특별시 서대문구 문화촌길 6-24 101동 112호(홍제동, 문화촌현대아파트)",37.59142678,126.9494609
서울특별시,서대문구,키움어린이집,"서울특별시 서대문구 홍제천로 136 103동 1층(연희동, 연희파크푸르지오)",37.57513727,126.9275107
서울특별시,서대문구,늘품자연어린이집,서울특별시 서대문구 거북골로 84 DMC에코자이아파트 단지 내,37.57822963,126.9184813
서울특별시,서대문구,삼성영재어린이집,서울특별시 서대문구 증가로 191 DMC래미안클라시스 108동 104호,37.57849683,126.9173923
서울특별시,서대문구,서대문든든어린이집,서울특별시 서대문구 거북골로 100 래미안루센티아아파트,37.57572568,126.9183536
서울특별시,서대문구,자람어린이집,서울특별시 서대문구 가재울미래로 2 DMC파크뷰자이 4단지 내 402동 1층,37.57440199,126.9179078
서울특별시,서대문구,한별어린이집,서울특별시 서대문구 이화여대8길 123 힐스테이트신촌아파트 단지 내,37.56322268,126.9502977
서울특별시,서대문구,한나어린이집,서울특별시 서대문구 가재울로 45 103동 105호,37.57566143,126.9208517
서울특별시,서대문구,늘푸른어린이집,서울특별시 서대문구 홍은중앙로1길 100 ,37.59986575,126.9442903
서울특별시,서대문구,숲속별어린이집,서울특별시 서대문구 홍은중앙로3길 9 북한산두산위브아파트,37.59900178,126.9446543
서울특별시,서대문구,새빛어린이집,서울특별시 서대문구 세무서8길 30 새빛어린이집,37.59060206,126.9469173
서울특별시,서대문구,현대아이사랑어린이집,서울특별시 서대문구 통일로39가길 57 107동 108호,37.58990008,126.9409853
서울특별시,서대문구,참사랑어린이집,서울특별시 서대문구 이화여대8길 62 두산아파트 102동 106호,37.55972348,126.9507324
서울특별시,서대문구,사랑별어린이집,서울특별시 서대문구 수색로2길 39 DMC금호리첸시아아파트 단지 내,37.57131386,126.9159047
서울특별시,서대문구,모두별어린이집,서울특별시 서대문구 통일로 339 단지 내,37.58160072,126.9503004
서울특별시,서대문구,해늘어린이집,서울특별시 서대문구 가좌로4길 21 단지 내,37.58606926,126.9257047
서울특별시,서대문구,꿈별어린이집,서울특별시 서대문구 통일로 505 단지 내,37.59504877,126.9396854
서울특별시,서대문구,작은숲어린이집,서울특별시 서대문구 포방터10길 33 극동아파트 106동 103호,37.60245509,126.9513927
서울특별시,서대문구,연희성원어린이집,서울특별시 서대문구 연희로32길 48 101동 1층,37.57586005,126.937263
서울특별시,서대문구,NH농협생명어린이집,서울특별시 서대문구 통일로 87 ,37.56277673,126.9685128
서울특별시,서대문구,해온어린이집,서울특별시 서대문구 홍은중앙로11길 31 ,37.60073347,126.947583
서울특별시,서대문구,신나라어린이집,서울특별시 서대문구 거북골로 154 101동 108호,37.57656261,126.9137835
서울특별시,서대문구,예그린어린이집,서울특별시 서대문구 증가로30길 8 101동 103호,37.583238,126.9130687
서울특별시,서대문구,해담어린이집,서울특별시 서대문구 수색로4나길 11 ,37.57108871,126.9141542
서울특별시,마포구,샘물어린이집,서울특별시 마포구 방울내로 21 구립샘물어린이집,37.55846742,126.8982201
서울특별시,마포구,신수어린이집,서울특별시 마포구 토정로17길 16-5 ,37.54539347,126.9360818
서울특별시,마포구,신덕어린이집,서울특별시 마포구 만리재로 34 ,37.544388,126.9553776
서울특별시,마포구,88상암어린이집,서울특별시 마포구 월드컵북로44길 6 (상암동),37.57542854,126.8962212
서울특별시,마포구,중동 어린이집,서울특별시 마포구 월드컵북로38가길 8-1 ,37.57014245,126.9041669
서울특별시,마포구,서강베이비시터하우스(창전)어린이집,서울특별시 마포구 토정로 148-14 1층( 상수동),37.54508467,126.9270188
서울특별시,마포구,상암어린이집,서울특별시 마포구 월드컵북로47길 8 월드컵아파트 1단지,37.57475815,126.8933399
서울특별시,마포구,서강사랑어린이집,서울특별시 마포구 독막로 127 (창전동),37.54856132,126.9278396
서울특별시,마포구,염리어린이집,서울특별시 마포구 숭문길 72 (염리동) 염리어린이집,37.54957866,126.9461167
서울특별시,마포구,진선미어린이집,서울특별시 마포구 마포대로4나길 28 진선미어린이집,37.53799621,126.9454838
서울특별시,마포구,서교어린이집,서울특별시 마포구 월드컵북로7길 43 (서교동),37.55753808,126.9156535
서울특별시,마포구,고은어린이집,"서울특별시 마포구 도화길 28 107동 104호(도화동, 삼성아파트)",37.53960372,126.9496292
서울특별시,마포구,서강어린이집,서울특별시 마포구 와우산로30길 79 (창전동),37.55202328,126.9282218
서울특별시,마포구,구립 연화어린이집,서울특별시 마포구 도화4길 94 (도화동),37.53829349,126.9505006
서울특별시,마포구,은강어린이집,서울특별시 마포구 대흥로2길 41 은강어린이집,37.54130056,126.9390834
서울특별시,마포구,공덕어린이집,서울특별시 마포구 효창목5길 18 (공덕동),37.54796476,126.9611696
서울특별시,마포구,행화어린이집,"서울특별시 마포구 마포대로 195 아현동, 마포래미안푸르지오 2단지 어린이집",37.55243392,126.9542238
서울특별시,마포구,도화어린이집,서울특별시 마포구 새창로4다길 18 (도화동),37.54085785,126.952092
서울특별시,마포구,구립 망원어린이집,서울특별시 마포구 동교로 47-9 ,37.55311174,126.9072303
서울특별시,마포구,신석어린이집,서울특별시 마포구 대흥로 11 (현석동),37.54250793,126.9364064
서울특별시,마포구,대흥어린이집,서울특별시 마포구 백범로 79 ,37.54863586,126.9406785
서울특별시,마포구,구립 동교어린이집,서울특별시 마포구 와우산로37길 16 동교 어린이집 (동교동),37.55627866,126.9301277
서울특별시,마포구,합정어린이집,서울특별시 마포구 양화진길 43 (합정동),37.54669275,126.9124094
서울특별시,마포구,동심어린이집,서울특별시 마포구 월드컵로31길 78 (망원동),37.56029997,126.9007828
서울특별시,마포구,아현어린이집,서울특별시 마포구 신촌로 210 (아현동),37.55667376,126.9489767
서울특별시,마포구,마포구청 직장어린이집,서울특별시 마포구 월드컵로 212 마포구청 1층,37.56631284,126.9016157
서울특별시,마포구,구립 용강어린이집,서울특별시 마포구 토정로37가길 34 ,37.54073245,126.9430061
서울특별시,마포구,연남어린이집,서울특별시 마포구 연남로7길 32-10 ,37.56397623,126.9184527
서울특별시,마포구,성산누리어린이집,서울특별시 마포구 월드컵로 215 성산종합사회복지관 1층,37.5655,126.9003702
서울특별시,마포구,성미산어린이집,서울특별시 마포구 성미산로7안길 44 (성산동),37.56007845,126.9109917
서울특별시,마포구,삼성래미안어린이집,서울특별시 마포구 마포대로7길 22 삼성래미안공덕3차아파트 복지관1층 (공덕동),37.54919304,126.9515251
서울특별시,마포구,중앙어린이집,서울특별시 마포구 망원로 84-5 중앙어린이집 (망원동),37.55744301,126.9060762
서울특별시,마포구,해맑은어린이집,서울특별시 마포구 마포대로20길 26 공덕2차 삼성래미안아파트 단지내,37.55157265,126.9588609
서울특별시,마포구,이삭어린이집,서울특별시 마포구 월드컵북로 167-6 (성산동),37.56696216,126.909471
서울특별시,마포구,피노키오어린이집,서울특별시 마포구 월드컵로15길 59 (망원동),37.55438449,126.9079174
서울특별시,마포구,행복한 어린이집,"서울특별시 마포구 망원로2길 103 104동 106호(망원동, 대림1차아파트)",37.55334149,126.9050694
서울특별시,마포구,강변어린이집,서울특별시 마포구 신수로 15 강변힐스테이트 관리동 (현석동),37.54342188,126.9329485
서울특별시,마포구,또바기어린이집,서울특별시 마포구 월드컵로5길 33-18 합정동,37.55083144,126.9105343
서울특별시,마포구,유아교실어린이집,서울특별시 마포구 마포대로 195 마포래미안푸르지오아파트 205동 104호,37.55243392,126.9542238
서울특별시,마포구,꿈나무어린이집,"서울특별시 마포구 마포대로 195 , 404동 103호(아현동, 마포래미안푸르지오아파트)",37.55243392,126.9542238
서울특별시,마포구,키즈동화나라어린이집,서울특별시 마포구 독막로 266 102동 103호,37.54386754,126.9423896
서울특별시,마포구,삼성푸른어린이집,"서울특별시 마포구 만리재로 74 204동 102호(신공덕동, 삼성래미안아파트)",37.54645194,126.9589123
서울특별시,마포구,아이사랑 어린이집,"서울특별시 마포구 삼개로 38 8동 109호(도화동, 도화우성아파트)",37.53666293,126.9471125
서울특별시,마포구,다솜어린이집,"서울특별시 마포구 성암로 91 102동 103호(중동, 현대아파트)",37.57131634,126.9066164
서울특별시,마포구,곤지곤지어린이집,"서울특별시 마포구 월드컵북로 260 15동 106호(성산동, 성산시영)",37.57306208,126.9010479
서울특별시,마포구,캐비스쿨예랑어린이집,"서울특별시 마포구 월드컵북로 260 30동 101호(성산동, 성산시영)",37.57306208,126.9010479
서울특별시,마포구,꾸러기키즈 어린이집,"서울특별시 마포구 독막로 266 113동 103호(대흥동, 마포태영아파트)",37.54386754,126.9423896
서울특별시,마포구,우리어린이집,서울특별시 마포구 성미산로 25-6 ,37.55907683,126.9111368
서울특별시,마포구,성미어린이집,서울특별시 마포구 월드컵북로15안길 19 (성산동)성미어린이집,37.56281776,126.9112463
서울특별시,마포구,성산어린이집,서울특별시 마포구 월드컵북로30길 14 (성산동),37.56852595,126.908675
서울특별시,마포구,참나무어린이집,서울특별시 마포구 새터산길 35 ,37.56643639,126.9067602
서울특별시,마포구,하늘빛어린이집,서울특별시 마포구 월드컵로31길 103 (망원동) 101호,37.55938323,126.8996395
서울특별시,마포구,아이빛어린이집,서울특별시 마포구 독막로 145 아이빛어린이집,37.54902687,126.9294901
서울특별시,마포구,구립 노을어린이집,"서울특별시 마포구 월드컵로42길 12 805동 1층(상암동, 상암월드컵파크8단지아파트)",37.57806108,126.8826775
서울특별시,마포구,해가람어린이집,서울특별시 마포구 마포대로26길 19 ,37.55506487,126.9587242
서울특별시,마포구,바론어린이집,"서울특별시 마포구 방울내로9안길 57 101동 101호(망원동, 동원데자뷰아파트)",37.5603373,126.8998509
서울특별시,마포구,마포삼성어린이집,서울특별시 마포구 도화길 28 마포삼성아파트 103-104,37.53960372,126.9496292
서울특별시,마포구,가온어린이집,"서울특별시 마포구 모래내로9길 6 101동 102호(성산동, 월드컵아이파크)",37.56713226,126.9141552
서울특별시,마포구,상암누리어린이집,서울특별시 마포구 상암산로1길 71 마포육아종합지원센터내 1층 (상암동),37.58048599,126.8836527
서울특별시,마포구,다원어린이집,서울특별시 마포구 독막로 192 (신수동),37.54704643,126.9352334
서울특별시,마포구,다예린어린이집,"서울특별시 마포구 월드컵북로 260 27동 104호(성산동, 성산시영)",37.57306208,126.9010479
서울특별시,마포구,사랑숲어린이집,서울특별시 마포구 월드컵북로 502-37 월드컵파크 11단지 관리동 1층 (상암동),37.587757,126.8822865
서울특별시,마포구,하늘어린이집,서울특별시 마포구 월드컵북로 502-36 월드컵파크 10단지 관리동 1층 (상암동),37.58633285,126.8819727
서울특별시,마포구,코코엔젤어린이집,"서울특별시 마포구 월드컵북로 260 20동 109호(성산동, 성산시영)",37.57306208,126.9010479
서울특별시,마포구,깊은샘영재 어린이집,서울특별시 마포구 새터산길 1-6 ,37.5650611,126.9068598
서울특별시,마포구,키즈랜드 어린이집,서울특별시 마포구 월드컵북로 502-7 월드컵파크 12단지 관리동 1층 (상암동),37.58683073,126.8807134
서울특별시,마포구,새별어린이집,서울특별시 마포구 희우정로 60-8 1층 (합정동),37.55190153,126.9057599
서울특별시,마포구,성원아이뽀어린이집,"서울특별시 마포구 독막로28길 7 101동 104호(신수동, 신수동성원아파트)",37.5470388,126.93763
서울특별시,마포구,누리꿈어린이집,서울특별시 마포구 백범로 205 펜트라우스 104동 1층,37.54402557,126.954095
서울특별시,마포구,성균관어린이집,"서울특별시 마포구 월드컵로23길 32-3 101호(망원동, 망원동다세대주택)",37.55649008,126.9074071
서울특별시,마포구,우리마포어린이집,서울특별시 마포구 신촌로26길 10 ,37.55585899,126.9423208
서울특별시,마포구,상암햇살어린이집,서울특별시 마포구 성암로 330 ,37.58472618,126.885895
서울특별시,마포구,해달별어린이집,서울특별시 마포구 월드컵북로 235 시영아파트 16동 110호,37.56970041,126.9014174
서울특별시,마포구,꼬마숲어린이집,서울특별시 마포구 모래내로9길 30 건영월드컵아파트101-104,37.56844247,126.9113326
서울특별시,마포구,한솔교육&CJ키즈빌어린이집,서울특별시 마포구 월드컵북로 361 5층,37.5771097,126.8914039
서울특별시,마포구,꿈에그린어린이집,서울특별시 마포구 마포대로10길 22 한화꿈에그린아파트 101-104,37.54685848,126.9550021
서울특별시,마포구,영풍키즈어린이집,서울특별시 마포구 토정로 198 영풍아파트 102-101,37.54511231,126.9330671
서울특별시,마포구,꿈나래어린이집,"서울특별시 마포구 월드컵북로 235 25동 105(성산동, 성산시영아파트)",37.56970041,126.9014174
서울특별시,마포구,구립 키움어린이집,서울특별시 마포구 신촌로12길 11 신촌성결교회내,37.55574563,126.9330749
서울특별시,마포구,성산1동꼬마숲어린이집,서울특별시 마포구 성미산로11길 5 ,37.56084423,126.9164582
서울특별시,마포구,푸른숲어린이집,서울특별시 마포구 토정로 158 관리동 1층,37.54516126,126.9280535
서울특별시,마포구,WITH MOM어린이집,서울특별시 마포구 상암산로 82 ,37.5797159,126.892774
서울특별시,마포구,MBC푸르니어린이집,서울특별시 마포구 성암로 267 ,37.58112342,126.890989
서울특별시,마포구,청아어린이집,서울특별시 마포구 토정로35길 17 ,37.54073594,126.9440778
서울특별시,마포구,신촌사랑어린이집,서울특별시 마포구 숭문6길 22 ,37.54994094,126.947294
서울특별시,마포구,모래와 어린이집,서울특별시 마포구 도화길 28 마포삼성아파트 113동 101호,37.53960372,126.9496292
서울특별시,마포구,단비어린이집,서울특별시 마포구 매봉산로 37 DMC산학협력센터,37.57605164,126.8905995
서울특별시,마포구,아람에듀어린이집,서울특별시 마포구 망원로3길 44 (망원동),37.55856146,126.9007359
서울특별시,마포구,숲속어린이집,"서울특별시 마포구 마포대로 195 아현동, 마포래미안푸르지오1단지 어린이집",37.55243392,126.9542238
서울특별시,마포구,오즈어린이집,"서울특별시 마포구 마포대로 195 아현동, 마포래미안푸르지오 4단지 어린이집",37.55243392,126.9542238
서울특별시,마포구,토리어린이집,"서울특별시 마포구 마포대로 195 아현동, 마포래미안푸르지오 3단지 어린이집",37.55243392,126.9542238
서울특별시,마포구,효성어린이집,서울특별시 마포구 마포대로 119 (공덕동)  4층,37.5456392,126.9516775
서울특별시,마포구,마포리버파크지향 어린이집,"서울특별시 마포구 토정로31길 24 (용강동, e편한세상마포3차)",37.54234256,126.943794
서울특별시,마포구,도란도란어린이집,서울특별시 마포구 토정로31길 31 ,37.54231555,126.9427071
서울특별시,마포구,크니크니어린이집,서울특별시 마포구 월드컵로1길 14 1층 크니크니어린이집,37.5500498,126.9120613
서울특별시,마포구,삼성SDS 꿈토란어린이집,서울특별시 마포구 월드컵북로60길 24 삼성SDS 상암IT센터 1층,37.5829466,126.8871739
서울특별시,마포구,이화초록별어린이집,"서울특별시 마포구 마포대로24길 16 관리동 어린이집(아현동, 공덕자이아파트)",37.55322215,126.9597582
서울특별시,마포구,도담도담어린이집,"서울특별시 마포구 독막로20나길 21 (상수동, 래미안밤섬리베뉴 2)",37.54686782,126.9269792
서울특별시,마포구,행복어린이집,서울특별시 마포구 성암로 28 ,37.56915355,126.9133007
서울특별시,마포구,꿈이크는어린이집,서울특별시 마포구 망원로2길 14 102호,37.5557357,126.9003478
서울특별시,마포구,좋은나무어린이집,서울특별시 마포구 월드컵북로47길 46 201동 105호,37.57488209,126.8907326
서울특별시,마포구,햇님어린이집,서울특별시 마포구 망원로11길 35 101호,37.55918324,126.9060207
서울특별시,마포구,상암나래어린이집,서울특별시 마포구 월드컵북로44길 40 ,37.5766828,126.8953842
서울특별시,마포구,삼성키즈어린이집,서울특별시 마포구 만리재로 60 305동 104호(신공덕동 삼성래미안),37.54596012,126.9570004
서울특별시,마포구,도담어린이집,서울특별시 마포구 상암산로1길 92 709동 1층 상암월드컵파크7단지,37.58275639,126.8820988
서울특별시,마포구,SKY어린이집,서울특별시 마포구 매봉산로 75 DDMC 3층,37.57845183,126.8928994
서울특별시,마포구,착한나라어린이집,서울특별시 마포구 망원로4길 16-8 ,37.55592249,126.9015456
서울특별시,마포구,리버웰어린이집,서울특별시 마포구 토정로31길 23 래미안마포리버웰 관리동어린이집,37.54164018,126.9414692
서울특별시,마포구,도토리어린이집,서울특별시 마포구 희우정로 53-6 ,37.55136591,126.9054445
서울특별시,마포구,삼성어린이집,서울특별시 마포구 상암산로1길 57 상암월드컵6단지 610동 1층,37.58028248,126.8823069
서울특별시,마포구,홍익어린이집,서울특별시 마포구 서강로9길 45 태영아파트 내 보육시설,37.55265143,126.931369
서울특별시,마포구,한샘어린이집,서울특별시 마포구 성암로 179 ,37.57615091,126.8987638
서울특별시,마포구,가람슬기어린이집,서울특별시 마포구 마포대로11길 44-81 아현문화건강센터 1층,37.55224172,126.9512368
서울특별시,마포구,LG마포어린이집,서울특별시 마포구 마포대로 155 마포빌딩 3층,37.54835858,126.9536561
서울특별시,마포구,엘프어린이집,서울특별시 마포구 상암산로1길 52 상암월드컵파크5단지 505동 1층,37.58080737,126.8853953
서울특별시,마포구,예랑어린이집,서울특별시 마포구 월드컵북로47길 46 상암월드컵파크2단지  202동 1층,37.57488209,126.8907326
서울특별시,마포구,우애들어린이집,서울특별시 마포구 독막로20나길 22 래미안밤섬리베뉴1 관리동,37.54609361,126.924865
서울특별시,마포구,KB합정어린이집,서울특별시 마포구 포은로2가길 59 ,37.54970963,126.9100976
서울특별시,마포구,다해어린이집,서울특별시 마포구 상암산로1길 24 ,37.57766721,126.8893417
서울특별시,마포구,마포센트럴아이파크어린이집,서울특별시 마포구 마포대로 246 아현아이파크아파트 103동 1층,37.55533746,126.9585555
서울특별시,마포구,서울서부지방법원 어린이집,서울특별시 마포구 마포대로 199 4층,37.55206068,126.9547926
서울특별시,마포구,우리자람터어린이집,서울특별시 마포구 월드컵북로60길 17 3층,37.58338542,126.8859923
서울특별시,마포구,마포자이 더 센트리지어린이집,서울특별시 마포구 숭문길 98 관리동 1층,37.55027896,126.9466157
서울특별시,마포구,마포한강아이파크어린이집,서울특별시 마포구 희우정로 77 102동 1층,37.55317297,126.9026981
서울특별시,마포구,신촌숲어린이집,서울특별시 마포구 광성로 17 관리동 1층,37.55032087,126.935286
서울특별시,마포구,SK스토아 행복어린이집,"서울특별시 마포구 월드컵북로 402 2층(상암동,KGIT센터)",37.58018916,126.8889356
서울특별시,마포구,아름드리어린이집,서울특별시 마포구 월드컵로 338 관리동 1층,37.57277235,126.8900873
서울특별시,마포구,월드컵어린이집,서울특별시 마포구 월드컵북로 501 관리동 1층,37.58479973,126.8781707
서울특별시,마포구,GS예원어린이집,서울특별시 마포구 창전로 26 관리동 1층,37.54456863,126.931921
서울특별시,마포구,그랑어린이집,서울특별시 마포구 대흥로 175 관리동,37.55577128,126.9433549
서울특별시,마포구,다올어린이집,서울특별시 마포구 양화로 72 1층,37.55081382,126.916494
서울특별시,마포구,행복타운어린이집,서울특별시 마포구 마포대로 144 마포T타운 2층,37.54700135,126.9537568
서울특별시,마포구,꿈빛어린이집,서울특별시 마포구 백범로31길 7 공덕SK리더스뷰 103동 1층,37.54525459,126.9487508
서울특별시,마포구,새빛어린이집,서울특별시 마포구 백범로31길 8 202동 1층,37.54499427,126.9493334
서울특별시,마포구,해솔어린이집,서울특별시 마포구 서강로 75-16 창전동 청년주택 1층,37.54962131,126.9312557
서울특별시,마포구,산들어린이집,서울특별시 마포구 대흥로24길 24 마포프레스티지자이 1단지 내 104동 앞,37.55396071,126.9476103
서울특별시,마포구,해들어린이집,서울특별시 마포구 숭문16다길 10-5 마포프레스티지자이 2단지 내 203동 옆,37.55498858,126.949084
서울특별시,마포구,근로복지공단 마포어린이집,서울특별시 마포구 연남로 49-1 ,37.56365597,126.9203702
서울특별시,마포구,삼성푸른숲어린이집,"서울특별시 마포구 마포대로11길 50 409동 1층(공덕동, 공덕래미안4차아파트)",37.55158802,126.9511914
서울특별시,마포구,IBK참!좋은(마포)어린이집,서울특별시 마포구 큰우물로 64 1층,37.54153664,126.9449953
서울특별시,마포구,삼성해뜰어린이집,서울특별시 마포구 마포대로 173-15 공덕5차래미안 관리동,37.55119072,126.9521743
서울특별시,마포구,현대홈타운어린이집,서울특별시 마포구 새창로8길 72 현대홈타운 204-101,37.5386455,126.9513421
서울특별시,마포구,삼성아이마루어린이집,서울특별시 마포구 백범로25길 63 염리삼성래미안 관리동,37.54933876,126.9467788
서울특별시,마포구,마포 더 클래시어린이집,서울특별시 마포구 신촌로28길 50 마포더클래시 101동 1층,37.5554228,126.9493704
서울특별시,마포구,SK스토아 행복아이어린이집,"서울특별시 마포구 월드컵북로 402 2층 (상암동, KGIT센터)",37.58018916,126.8889356
서울특별시,마포구,공덕베이비시터하우스어린이집(공덕동크로시티행복주택어린이집,서울특별시 마포구 백범로31길 19 101동 1층,37.54627676,126.9491449
서울특별시,마포구,구립 온누리어린이집,서울특별시 마포구 숭문길 106 상록아파트 관리동 1층,37.55092488,126.9467959
서울특별시,마포구,구립공덕삼성어린이집,서울특별시 마포구 마포대로 115-12 관리동 내,37.54568989,126.9511507
서울특별시,양천구,구립 해바라기어린이집,서울특별시 양천구 목동동로1길 33 ,37.517159,126.8565585
서울특별시,양천구,구립 한별어린이집,서울특별시 양천구 목동동로10길 16-13 ,37.51848481,126.8719896
서울특별시,양천구,구립 곰달래어린이집,서울특별시 양천구 남부순환로65길 2 (신월동),37.52774824,126.834022
서울특별시,양천구,구립 양천어린이집,서울특별시 양천구 목동로3길 57 ,37.50945426,126.8621623
서울특별시,양천구,구립 무궁화어린이집,서울특별시 양천구 목동중앙서로11길 48 (목동),37.53476839,126.8674589
서울특별시,양천구,구립 무지개어린이집,서울특별시 양천구 남부순환로83길 54 건강힐링문화관 1층,37.51757901,126.8458736
서울특별시,양천구,구립 해나라어린이집,서울특별시 양천구 오목로5길 34 (신월동),37.52469581,126.8400811
서울특별시,양천구,구립 산들어린이집,서울특별시 양천구 신정중앙로2길 10-13 (),37.52685499,126.8507695
서울특별시,양천구,구립 신정3동어린이집,서울특별시 양천구 중앙로47길 30 (신정동),37.51881285,126.8501444
서울특별시,양천구,구립 목동어린이집,서울특별시 양천구 목동서로8길 32 (목동),37.53294114,126.8716015
서울특별시,양천구,양천삼성어린이집,서울특별시 양천구 목동동로8길 36 (신정동),37.51556661,126.8714616
서울특별시,양천구,구립 도담어린이집,서울특별시 양천구 목동중앙북로8길 104 (목동),37.54424009,126.8663764
서울특별시,양천구,예뜰어린이집,서울특별시 양천구 신정중앙로16길 10 (신정동),37.52638653,126.8570825
서울특별시,양천구,구립 은하수어린이집,서울특별시 양천구 남부순환로33길 37 (신월동),37.53848845,126.8314315
서울특별시,양천구,등촌어린이집,서울특별시 양천구 목동중앙북로8다길 13 (목동),37.54641104,126.8658879
서울특별시,양천구,에덴어린이집,서울특별시 양천구 목동동로 419 (목동),37.53675619,126.8831808
서울특별시,양천구,구립 신정어린이집,서울특별시 양천구 신정중앙로 36 (신정동),37.52730285,126.8555308
서울특별시,양천구,구립 은행정어린이집,서울특별시 양천구 중앙로46길 57 (신정동),37.5229317,126.8584839
서울특별시,양천구,KTi행복한어린이집,서울특별시 양천구 오목로52길 12 1층,37.52464287,126.8666812
서울특별시,양천구,신목장애아어린이집,서울특별시 양천구 목동동로12길 59 (목동),37.52349506,126.8778179
서울특별시,양천구,예다인어린이집,서울특별시 양천구 월정로6길 14 (신월동),37.52452482,126.8439398
서울특별시,양천구,구립 청솔어린이집,서울특별시 양천구 목동중앙남로3가길 115 (목동),37.54077835,126.8643859
서울특별시,양천구,선교어린이집,"서울특별시 양천구 신월로15길 21 103동 104호(신월동, 대성유니드아파트)",37.52016906,126.8411289
서울특별시,양천구,누리어린이집,"서울특별시 양천구 목동서로 236 102동 103호(목동, 벽산아파트)",37.52637301,126.8685567
서울특별시,양천구,구립 은혜어린이집,서울특별시 양천구 목동로15길 24 (신정동),37.52404305,126.8621818
서울특별시,양천구,엄마사랑어린이집,서울특별시 양천구 목동중앙본로18길 11 (목동),37.54167762,126.8698153
서울특별시,양천구,청운어린이집,서울특별시 양천구 남부순환로85길 12-19 (신월동),37.51386352,126.8424378
서울특별시,양천구,구립 다솜어린이집,서울특별시 양천구 목동중앙로13길 22 (목동),37.54510465,126.8820743
서울특별시,양천구,구립 파란들어린이집,서울특별시 양천구 가로공원로 85 (신월동),37.53566446,126.825363
서울특별시,양천구,구립 한빛어린이집,서울특별시 양천구 신월로11길 16 (신월동),37.51907402,126.8402256
서울특별시,양천구,서울베다니어린이집,서울특별시 양천구 남부순환로65길 16-1 ,37.52775494,126.8356555
서울특별시,양천구,토마토어린이집,"서울특별시 양천구 목동서로 70 219동 104호(목동, 목동2단지아파트)",37.53704808,126.8764176
서울특별시,양천구,구립 한아름어린이집,서울특별시 양천구 중앙로55길 6-1 ,37.52688146,126.8484865
서울특별시,양천구,구립 둥지어린이집,서울특별시 양천구 월정로 289 (신월동),37.54273654,126.8285893
서울특별시,양천구,해나리어린이집,"서울특별시 양천구 목동로 212 718동 105호(목동, 목동신시가지7단지아파트)",37.52924989,126.8670932
서울특별시,양천구,아람어린이집,"서울특별시 양천구 신월로 99 11동 101호(신월동, 신월시영아파트)",37.5184159,126.8351572
서울특별시,양천구,예지어린이집,"서울특별시 양천구 목동동로 10 1106동 101호(신정동, 신시가지11단지아파트)",37.50775811,126.86131
서울특별시,양천구,EQ어린이집,"서울특별시 양천구 신월로 99 7동 101호(신월동, 신월시영아파트)",37.5184159,126.8351572
서울특별시,양천구,우리들어린이집,"서울특별시 양천구 신월로11길 36 ,101동 104호(신월동, 정은스카이빌아파트)",37.52044625,126.8396983
서울특별시,양천구,구립 꿈나래어린이집,서울특별시 양천구 목동동로12길 7 (목동),37.52314371,126.8721536
서울특별시,양천구,구립 신목동어린이집,서울특별시 양천구 신정로 275 신트리아파트 201동 (신정동),37.51302765,126.8531262
서울특별시,양천구,샘키즈어린이집,서울특별시 양천구 남부순환로40길 65 ,37.53284027,126.8264568
서울특별시,양천구,구립 은솔어린이집,서울특별시 양천구 신정로14길 1 학마을아파트2단지보육시설 (신정동),37.50899029,126.8448385
서울특별시,양천구,신월이화어린이집,서울특별시 양천구 지양로13길 20 (신월동),37.52243922,126.8301864
서울특별시,양천구,토리어린이집,서울특별시 양천구 은행정로17길 16 (신정동),37.52678613,126.8573141
서울특별시,양천구,구립 파랑새어린이집,서울특별시 양천구 남부순환로70길 8 (신월동),37.52213849,126.8358716
서울특별시,양천구,포그니어린이집,서울특별시 양천구 화곡로3길 20-19 샤인팰리스101호 (신월동),37.54122764,126.8281575
서울특별시,양천구,아름어린이집,"서울특별시 양천구 목동서로 38 125동 106호(목동, 목동신시가지1단지아파트)",37.54129134,126.8785038
서울특별시,양천구,이화어린이집,서울특별시 양천구 신월로 226 (신월동),37.52182471,126.8469065
서울특별시,양천구,우리또래어린이집,서울특별시 양천구 지양로11길 9 (1~2층),37.52197622,126.8323467
서울특별시,양천구,구립 푸른마을어린이집,서울특별시 양천구 신정로7길 70 푸른마을아1단지보육시설,37.51302608,126.836566
서울특별시,양천구,구립 즐거운어린이집,서울특별시 양천구 신월로24길 19 신월종합사회복지관 1층,37.52003276,126.8473669
서울특별시,양천구,인화어린이집,"서울특별시 양천구 목동동로 130 1429동 101호(신정동, 목동신시가지14단지아파트)",37.514999,126.8712369
서울특별시,양천구,일루어린이집,서울특별시 양천구 목동서로 70 목동아파트 2단지내 보육시설 (목5동),37.53704808,126.8764176
서울특별시,양천구,한사랑어린이집,"서울특별시 양천구 목동중앙본로22길 63 건영아파트 상가203,204,205호 (목동)",37.54148977,126.8729624
서울특별시,양천구,맑은샘어린이집,"서울특별시 양천구 목동동로 10 1119동 105호(신정동, 신시가지11단지아파트)",37.50775811,126.86131
서울특별시,양천구,꿈동이어린이집,"서울특별시 양천구 신정로 260 401동 101호(신정동, 신트리아파트)",37.51119304,126.8519831
서울특별시,양천구,가람어린이집,"서울특별시 양천구 목동동로 50 1219동 106호(신정동,목동신시가지아파트)",37.51209479,126.8602911
서울특별시,양천구,아음어린이집,서울특별시 양천구 목동중앙북로16가길 10 (목동),37.54448046,126.874146
서울특별시,양천구,혜원유아학교어린이집,서울특별시 양천구 신정로 260 신트리아파트4단지 보육시설 (신정동),37.51119304,126.8519831
서울특별시,양천구,깨모어린이집,"서울특별시 양천구 신정로13길 50 101동 106호(신월동, 벽산블루밍1단지)",37.51387165,126.8420464
서울특별시,양천구,웬디어린이집,"서울특별시 양천구 신목로 77 101동 102호(신정동, 유원목동아파트)",37.52207638,126.8734052
서울특별시,양천구,벽산어린이집,"서울특별시 양천구 월정로9길 20 203동 107호(신월동, 양천벽산블루밍아파트)",37.52526641,126.8381632
서울특별시,양천구,코코어린이집,"서울특별시 양천구 목동로 186 710동 102호(목동, 목동신시가지7단지아파트)",37.52522684,126.86639
서울특별시,양천구,예뜨랑어린이집,"서울특별시 양천구 곰달래로2길 31 101동 106호(신월동, 방원예뜨랑아파트)",37.52756628,126.8350843
서울특별시,양천구,구립 동화어린이집,"서울특별시 양천구 목동중앙본로3길 7 101동 201호목동, 동화옥시죤-7아파트",37.53897527,126.8693398
서울특별시,양천구,명지어린이집,서울특별시 양천구 곰달래로9길 72 (신월동),37.53573561,126.8328144
서울특별시,양천구,예은어린이집,"서울특별시 양천구 곰달래로11길 21 102동 104호(신월동, 길훈엔트런스빌)",37.53137735,126.8356775
서울특별시,양천구,우리어린이집,서울특별시 양천구 목동중앙남로16다길 14-8 1층,37.54393982,126.8650509
서울특별시,양천구,L캐슬어린이집,서울특별시 양천구 목동중앙북로 38 목동롯데캐슬위너지원센터1층 (목동),37.54790385,126.8669548
서울특별시,양천구,반디어린이집,서울특별시 양천구 곰달래로6길 35-1 ,37.5270088,126.836813
서울특별시,양천구,새별어린이집,"서울특별시 양천구 신정로 293 104동 111호(신정동, 신트리아파트)",37.51430989,126.8550432
서울특별시,양천구,구립 한마음어린이집,서울특별시 양천구 목동중앙남로 12-3 목동 노블레스아파트 102동 101호,37.5358799,126.8687014
서울특별시,양천구,신월은혜어린이집,"서울특별시 양천구 월정로8길 8 101동 106호(신월동, 방주기픈샘아파트)",37.52506167,126.8429398
서울특별시,양천구,한가람어린이집,"서울특별시 양천구 목동동로 10 1104동 101호(신정동, 신시가지11단지아파트)",37.50775811,126.86131
서울특별시,양천구,꽃뜰어린이집,"서울특별시 양천구 목동서로 340 913동 104호(신정동, 신시가지9단지아파트)",37.51942468,126.8640382
서울특별시,양천구,초록세상어린이집,서울특별시 양천구 화곡로14길 8 (신월동),37.53911959,126.8340966
서울특별시,양천구,다정한어린이집,"서울특별시 양천구 목동서로 400 1015동 104호(신정동, 신시가지10단지아파트)",37.51500787,126.8578385
서울특별시,양천구,동심어린이집,"서울특별시 양천구 목동동로12길 60 105동 108호(신정동, 목동현대아파트)",37.52213326,126.8777896
서울특별시,양천구,아가꿈어린이집,"서울특별시 양천구 목동동로 258 101동 102호(목동, 금호1차아파트)",37.52534139,126.8751427
서울특별시,양천구,영재산새들어린이집,서울특별시 양천구 남부순환로56길 9 신월3동 코아루 A 1단지 102동 101호,37.53162277,126.8298126
서울특별시,양천구,정다운어린이집,서울특별시 양천구 신월로20길 33 신도신월 1차 아파트 103동 104호,37.51818842,126.8461235
서울특별시,양천구,리틀평강어린이집,"서울특별시 양천구 신정로13길 51 201동 101호(신월동, 벽산블루밍)",37.51333917,126.8414519
서울특별시,양천구,금호사임당어린이집,"서울특별시 양천구 목동중앙북로8길 111 103동 107호(목동, 목동금호베스트빌)",37.54622576,126.8683386
서울특별시,양천구,꼬마해림어린이집,"서울특별시 양천구 목동서로2길 22 108동 110호(목동, 한신청구아파트)",37.54162782,126.8826427
서울특별시,양천구,대성꿈나무 어린이집,"서울특별시 양천구 중앙로29길 108 101동 103호(신정동, 대성유니드아파트)",37.52109923,126.8485926
서울특별시,양천구,우리캐슬어린이집,서울특별시 양천구 오목로5길 19 양천롯데캐슬내 (신월동),37.52350315,126.8399476
서울특별시,양천구,도만스쿨어린이집,"서울특별시 양천구 목동중앙본로 50-12 101동 101호(목동, 웨스트빌아파트)",37.53998567,126.8695223
서울특별시,양천구,이화키즈어린이집,서울특별시 양천구 목동중앙본로2길 45 목동근상프리즘아파트 106호 (목동),37.54104553,126.8706833
서울특별시,양천구,초롱어린이집,"서울특별시 양천구 목동로 212 724동 108호(목동, 목동신시가지7단지아파트)",37.52924989,126.8670932
서울특별시,양천구,양천구청 직장어린이집,서울특별시 양천구 목동동로 81 해누리타운 1층 (신정동),37.51597606,126.8638545
서울특별시,양천구,구립 나무향기어린이집,서울특별시 양천구 가로공원로 66 (신월동),37.53496002,126.8232137
서울특별시,양천구,참사랑어린이집,서울특별시 양천구 목동중앙본로26길 23 온세빌라 101호 (목동),37.54276319,126.8712574
서울특별시,양천구,팬더어린이집,"서울특별시 양천구 목동서로 340 923동 105호(신정동, 신시가지9단지아파트)",37.51942468,126.8640382
서울특별시,양천구,구립 큰솔어린이집,서울특별시 양천구 신정이펜2로 55 신정이펜하우스 2단지 보육시설,37.51517064,126.8309919
서울특별시,양천구,구립 넓은들어린이집,서울특별시 양천구 신정이펜1로 50 신정이펜하우스 3단지 보육시설,37.51335106,126.8293575
서울특별시,양천구,구립 한누리어린이집,서울특별시 양천구 신정이펜1로 99 신정이펜하우스 1단지 보육시설,37.51466358,126.8258571
서울특별시,양천구,구립 새빛어린이집,서울특별시 양천구 신정이펜1로 51 신정이펜하우스 4단지 어린이집,37.51085103,126.8311041
서울특별시,양천구,딸기어린이집,서울특별시 양천구 목동동로 50 1225동 104호,37.51209479,126.8602911
서울특별시,양천구,시영어린이집,서울특별시 양천구 신월로 99 시영아파트 13동 106호,37.5184159,126.8351572
서울특별시,양천구,세꿈어린이집,"서울특별시 양천구 목동서로 340 926동 107호 (목동신시가지아파트, 신정1동)",37.51942468,126.8640382
서울특별시,양천구,아이조아어린이집,"서울특별시 양천구 신월로20길 7 101동 104호 (신정뉴타운 두산위브, 신월2동)",37.51928262,126.8460734
서울특별시,양천구,하늘정원어린이집,"서울특별시 양천구 목동동로 50 1204동 104호 (목동신시가지아파트, 신정7동)",37.51209479,126.8602911
서울특별시,양천구,미소래스콜라어린이집,서울특별시 양천구 목동중앙남로 46 미소래아파트 104호,37.53783923,126.8669491
서울특별시,양천구,아리어린이집,서울특별시 양천구 오목로11길 17-10 두원아파트 A동 101호,37.52435176,126.8435483
서울특별시,양천구,파스텔어린이집,서울특별시 양천구 오목로17길 7 동도센트리움 101동 103호,37.5239747,126.8462974
서울특별시,양천구,온누리어린이집,서울특별시 양천구 오목로 90 우당아파트 101동 103호,37.5230657,126.8478478
서울특별시,양천구,푸르미어린이집,서울특별시 양천구 남부순환로67길 10-6 ,37.52356416,126.837449
서울특별시,양천구,홍익어린이집,서울특별시 양천구 지양로9길 5 ,37.52199814,126.832934
서울특별시,양천구,미소지움어린이집,"서울특별시 양천구 오목로10길 7-8 301동 101호(신월동, 신월2차미소지움)",37.5217466,126.8455948
서울특별시,양천구,다사랑어린이집,"서울특별시 양천구 목동서로 280 812동 103호 (목동신시가지아파트, 신정6동)",37.52234027,126.8675633
서울특별시,양천구,꼬마숲상아아름어린이집,"서울특별시 양천구 월정로 62 102동101호(신월동,상아아름아파트)",37.52538986,126.8417618
서울특별시,양천구,사랑별어린이집,"서울특별시 양천구 목동서로 130 410동 104호(목동, 목동신시가지아파트4단지)",37.53151635,126.8709047
서울특별시,양천구,꿈마루어린이집,"서울특별시 양천구 남부순환로33길 17 101호(신월동,대운2차아파트)",37.53823512,126.829194
서울특별시,양천구,정원어린이집,서울특별시 양천구 남부순환로29길 17-1 ,37.54012999,126.8278147
서울특별시,양천구,목동하나금융그룹 직장어린이집,서울특별시 양천구 목동동로 347 3층,37.53291944,126.8771192
서울특별시,양천구,해랑어린이집,서울특별시 양천구 목동중앙남로14길 6 ,37.54030211,126.8659058
서울특별시,양천구,그린애플어린이집,서울특별시 양천구 중앙로29길 61 107동 107호,37.51954197,126.848125
서울특별시,양천구,구립 갈산어린이집,서울특별시 양천구 목동남로4길 48-6 ,37.50886171,126.8673116
서울특별시,양천구,구립 도시마을어린이집,서울특별시 양천구 신정로13가길 6 ,37.51147757,126.8434541
서울특별시,양천구,세화어린이집,"서울특별시 양천구 목동서로2길 22 101동 104호 (목5동, 한신청구아파트)",37.54162782,126.8826427
서울특별시,양천구,구립 신정2동어린이집,서울특별시 양천구 신목로14길 4 ,37.52201071,126.8746047
서울특별시,양천구,구립 목3동보듬이어린이집,서울특별시 양천구 목동중앙남로16마길 35-10 ,37.54530746,126.8636568
서울특별시,양천구,구립 목5동어린이집,서울특별시 양천구 목동서로 41 ,37.53718334,126.8817165
서울특별시,양천구,구립 신정4동어린이집,서울특별시 양천구 오목로34길 5 ,37.52456036,126.855803
서울특별시,양천구,이글아이어린이집,서울특별시 양천구 화곡로 25 ,37.54022773,126.8246794
서울특별시,양천구,구립 목3동어린이집,서울특별시 양천구 목동중앙남로3가길 92 ,37.53976159,126.8645604
서울특별시,양천구,구립 사랑의몬테소리어린이집,서울특별시 양천구 목동중앙남로 10 신목아파트 101동 108호,37.53555913,126.8692618
서울특별시,양천구,구립 코아루어린이집,서울특별시 양천구 남부순환로56길 9 코아루아파트 103동 104호(신월3동),37.53162277,126.8298126
서울특별시,양천구,구립 신정숲속마을어린이집,서울특별시 양천구 신정로 110 ,37.50612378,126.8339307
서울특별시,양천구,구립 해와별어린이집,"서울특별시 양천구 신정로7길 60-7 ,406동101호(신정동,푸른마을아파트)",37.51344815,126.8384272
서울특별시,양천구,구립 해맞이어린이집,서울특별시 양천구 지양로5길 15 ,37.51991317,126.8335415
서울특별시,양천구,구립 누리봄어린이집,서울특별시 양천구 중앙로29길 61 신정뉴타운 롯데캐슬 관리동 1층,37.51954197,126.848125
서울특별시,양천구,구립 연두어린이집,서울특별시 양천구 중앙로36길 15 ,37.52077533,126.8559455
서울특별시,양천구,구립 해그림어린이집,서울특별시 양천구 목동로 224 101동 110호,37.52839679,126.864612
서울특별시,양천구,신한 신이한이양천 어린이집,서울특별시 양천구 목동동로 10 상가A동 126호,37.50775811,126.86131
서울특별시,양천구,구립 채송화어린이집,서울특별시 양천구 화곡로 85 상진지오벨리 아파트 103호,37.53975244,126.8315405
서울특별시,양천구,구립 아가사랑어린이집,"서울특별시 양천구 목동동로 350 510동 106호(목동, 목동5단지아파트)",37.53515661,126.8818744
서울특별시,양천구,구립 소담어린이집,"서울특별시 양천구 신정로 290 306동 104호(신정동, 신트리아파트)",37.51232428,126.8534546
서울특별시,양천구,구립 별하어린이집,서울특별시 양천구 목동동로 50 1220동 107호,37.51209479,126.8602911
서울특별시,양천구,구립 꽃별어린이집,서울특별시 양천구 화곡로3길 43 103동 103호,37.54360397,126.8280602
서울특별시,양천구,구립 꿈초롱어린이집,서울특별시 양천구 신정로11길 20 202동 104호,37.5119634,126.8387028
서울특별시,양천구,구립 해누리어린이집,서울특별시 양천구 목동동로 81 ,37.51597606,126.8638545
서울특별시,양천구,구립 파란나라어린이집,서울특별시 양천구 신정로 290 ,37.51232428,126.8534546
서울특별시,양천구,이글나래어린이집,서울특별시 양천구 화곡로3길 27-8 ,37.54081828,126.8261671
서울특별시,양천구,구립 양천SOS어린이집,서울특별시 양천구 가로공원로58길 32 1층,37.53167817,126.8248742
서울특별시,양천구,구립 초록나무어린이집,서울특별시 양천구 오목로35길 22 101호,37.52681162,126.8556703
서울특별시,양천구,구립 아이누리어린이집,서울특별시 양천구 목동중앙북로8길 71 목동롯데캐슬마에스트로,37.54558917,126.8655884
서울특별시,양천구,구립 목2동어린이집,서울특별시 양천구 목동중앙본로 104-1 ,37.54490452,126.8711044
서울특별시,양천구,구립 꿈동산어린이집,서울특별시 양천구 신정로14길 6 학마을1단지아파트 관리동,37.50853589,126.8444116
서울특별시,양천구,구립 신트리어린이집,서울특별시 양천구 신정로 293 신트리1단지아파트 관리동,37.51430989,126.8550432
서울특별시,양천구,구립 그린나래어린이집,서울특별시 양천구 신정로 170 신정현대아파트 관리동,37.50864654,126.8423769
서울특별시,양천구,구립 벽산한마음어린이집,서울특별시 양천구 월정로9길 20 양천벽산블루밍2단지 203동 106호,37.52526641,126.8381632
서울특별시,양천구,구립 엄마품어린이집,서울특별시 양천구 오목로35길 5 보람쉬움아파트 1동 105호,37.52550277,126.8555514
서울특별시,양천구,구립 청마루어린이집,서울특별시 양천구 목동남로2길 60-30 세양청마루아파트 106동 103호,37.50784197,126.8637674
서울특별시,양천구,구립 봄샘어린이집,서울특별시 양천구 목동남로4길 80 목동파크자이아파트,37.50852234,126.8684752
서울특별시,양천구,구립 이든샘어린이집,서울특별시 양천구 신정로7길 75 이든채아파트,37.51305752,126.8337256
서울특별시,양천구,두산로다어린이집,서울특별시 양천구 신월로20길 7 신정뉴타운 두산위브 관리동,37.51928262,126.8460734
서울특별시,양천구,구립 가온어린이집,서울특별시 양천구 남부순환로83길 17 목동센트럴아이파크위브아파트 1단지,37.51653419,126.8408947
서울특별시,양천구,구립 나래어린이집,서울특별시 양천구 남부순환로83길 18 목동센트럴아이파크위브아파트 2단지,37.51561814,126.8419047
서울특별시,양천구,구립 마루어린이집,서울특별시 양천구 남부순환로83길 47 목동센트럴아이파크위브아파트 4단지,37.51884602,126.8445769
서울특별시,양천구,서울남부지방법원 직장어린이집,서울특별시 양천구 신월로 386 별관 5층,37.52216569,126.8639441
서울특별시,양천구,구립 목3동공원어린이집,서울특별시 양천구 목동중앙남로16나길 46 ,37.54438066,126.8648035
서울특별시,양천구,구립 해든어린이집,서울특별시 양천구 목동남로4길 100 ,37.51026218,126.869863
서울특별시,양천구,구립 아인어린이집,서울특별시 양천구 목동중앙남로3길 23-1 ,37.53562258,126.8663839
서울특별시,양천구,구립 아이샘어린이집,서울특별시 양천구 중앙로43길 14 래미안목동아델리체,37.5204176,126.8513406
서울특별시,양천구,구립 아이숲어린이집,서울특별시 양천구 중앙로43길 14 래미안목동아델리체,37.5204176,126.8513406
서울특별시,양천구,구립 다온어린이집,서울특별시 양천구 중앙로29길 11 호반써밋목동아파트,37.51697237,126.8531558
서울특별시,양천구,나연어린이집,서울특별시 양천구 목동서로 280 810동 104호,37.52234027,126.8675633
서울특별시,양천구,구립 신월7동어린이집,서울특별시 양천구 지양로14길 17 ,37.52424504,126.8329282
서울특별시,양천구,아이사랑어린이집,"서울특별시 양천구 목동서로2길 22 101동 106호(목동, 한신청구아파트)",37.54162782,126.8826427
서울특별시,양천구,새싹어린이집,서울특별시 양천구 목동동로 130 1423동 101호,37.514999,126.8712369
서울특별시,양천구,KB양천어린이집,서울특별시 양천구 목동서로 283 KB목동서로종합금융센터 3층,37.52209264,126.8696361
서울특별시,강서구,하얀돌어린이집,서울특별시 강서구 등촌로39가길 10 (등촌동),37.54588508,126.8600237
서울특별시,강서구,국공립 가양 7 어린이집,서울특별시 강서구 허준로 209 (가양동),37.56173961,126.861588
서울특별시,강서구,구립 아이솔 어린이집,서울특별시 강서구 개화동로27길 13 (방화동),37.56443212,126.8073379
서울특별시,강서구,구립 가양 어린이집,서울특별시 강서구 양천로49길 26 (가양동),37.5699024,126.84089
서울특별시,강서구,은도어린이집,서울특별시 강서구 화곡로26길 33 (화곡동),37.54016064,126.84073
서울특별시,강서구,즐거운어린이집,서울특별시 강서구 양천로57길 36 도시개발아파트 5단지 내 (가양동),37.56462738,126.8535196
서울특별시,강서구,해솔어린이집,서울특별시 강서구 양천로57길 37 (가양동),37.56593767,126.852047
서울특별시,강서구,화곡어린이집,서울특별시 강서구 까치산로 60 화곡어린이집 (화곡동),37.54378035,126.8466786
서울특별시,강서구,새영어린이집,서울특별시 강서구 양천로63길 52 벽산아파트 관리동 새영어린이집,37.55792149,126.8661533
서울특별시,강서구,정도어린이집,서울특별시 강서구 화곡로24길 55 서울특별시 강서구 화곡로24길55,37.53861876,126.8394676
서울특별시,강서구,리틀빌리지어린이집,서울특별시 강서구 공항대로67길 29-4 ,37.54990722,126.8700363
서울특별시,강서구,아침해 어린이집,서울특별시 강서구 양천로 731 동아3차아파트 관리소2층 아침해어린이집,37.55025171,126.8773969
서울특별시,강서구,화동교회방과후어린이집,서울특별시 강서구 곰달래로 200 (화곡동),37.53109749,126.8552993
서울특별시,강서구,크는나무어린이집,서울특별시 강서구 가로공원로84길 42 (화곡동),37.53574649,126.840948
서울특별시,강서구,구립 하늘숲어린이집,서울특별시 강서구 강서로45다길 102 (화곡동),37.54338922,126.8344626
서울특별시,강서구,동성어린이집,서울특별시 강서구 강서로26길 63 ,37.54063446,126.8453949
서울특별시,강서구,유림어린이집,서울특별시 강서구 곰달래로22길 35 유림어린이집 (화곡동),37.52877809,126.8444205
서울특별시,강서구,꼬마숲어린이집,서울특별시 강서구 강서로45다길 30-27 초록아파트 단지 내 관리사무소 1층 꼬마숲어린이집,37.54531541,126.8330781
서울특별시,강서구,새싹어린이집,서울특별시 강서구 양천로24가길 73 (방화동),37.57053094,126.8133909
서울특별시,강서구,푸른어린이집,서울특별시 강서구 화곡로63가길 92 (등촌동),37.5619516,126.8502091
서울특별시,강서구,롯데어린이집,서울특별시 강서구 공항대로 382 롯데낙천대아파트 단지 내  롯데어린이집,37.55639458,126.8495467
서울특별시,강서구,꿈을여는어린이집,서울특별시 강서구 곰달래로53가길 6 (화곡동),37.53353374,126.8592773
서울특별시,강서구,강서어린이집,서울특별시 강서구 까치산로 128 (화곡동),37.54896443,126.850906
서울특별시,강서구,하나영재어린이집,서울특별시 강서구 양천로 507 강나루현대아파트 단지내 (가양동),37.5603957,126.8573626
서울특별시,강서구,해바라기어린이집,서울특별시 강서구 등촌로13자길 39-16 ,37.53731302,126.855795
서울특별시,강서구,공간어린이집,서울특별시 강서구 양천로69길 58 공간어린이집 (염창동),37.55527197,126.8729604
서울특별시,강서구,아이꿈터어린이집,서울특별시 강서구 허준로 234 가양아파트 9단지내 관리사무실 2층 (가양동),37.55855504,126.8633761
서울특별시,강서구,신영광어린이집,서울특별시 강서구 공항대로43길 104 주공아파트 8단지관리사무소2층 (등촌동),37.56023933,126.8516942
서울특별시,강서구,예손어린이집,서울특별시 강서구 양천로57길 26 예손어린이집 (가양동),37.56375478,126.853092
서울특별시,강서구,초록어린이집,서울특별시 강서구 초록마을로 81 (화곡동),37.5409501,126.8510912
서울특별시,강서구,별빛어린이집,서울특별시 강서구 공항대로55길 22 (등촌동),37.55403473,126.8612809
서울특별시,강서구,해다미어린이집,서울특별시 강서구 곰달래로35길 13 (화곡동),37.53164619,126.8533924
서울특별시,강서구,한울어린이집,서울특별시 강서구 우현로 34 ,37.54828859,126.8418363
서울특별시,강서구,로뎀어린이집,서울특별시 강서구 양천로24길 31 로뎀어린이집 (방화동),37.57196429,126.8157728
서울특별시,강서구,고은쁘띠에꼴어린이집,서울특별시 강서구 허준로 47 가양2단지도시개발아파트 관리사무소내 (가양동),37.57101972,126.8464627
서울특별시,강서구,방화엔젤어린이집,서울특별시 강서구 금낭화로 287-19 (방화동),37.57680385,126.8102869
서울특별시,강서구,나래어린이집,서울특별시 강서구 양천로17길 25 (방화동),37.57458177,126.8126839
서울특별시,강서구,오즈 어린이집,"서울특별시 강서구 방화대로45길 32 101동 102호(방화동, 방화동부센트레빌)",37.57488098,126.8143291
서울특별시,강서구,사과나무어린이집,"서울특별시 강서구 양천로24가길 59 105동 102호(방화동, 한진로즈힐)",37.57106072,126.8138386
서울특별시,강서구,미소가득어린이집,서울특별시 강서구 방화대로40길 66 태승훼미리 105호 (방화동),37.57131207,126.8199823
서울특별시,강서구,자연어린이집,"서울특별시 강서구 방화대로 259 101동 104호(공항동,해태아파트)",37.56355494,126.8152481
서울특별시,강서구,석란어린이집,서울특별시 강서구 초록마을로32길 38 (화곡동),37.53827443,126.8473684
서울특별시,강서구,염창어린이집,서울특별시 강서구 공항대로65길 43 염창어린이집 (염창동),37.55039425,126.8694934
서울특별시,강서구,까치산어린이집,서울특별시 강서구 강서로12길 29-10 ,37.53238327,126.8485149
서울특별시,강서구,꿈초롱어린이집,"서울특별시 강서구 허준로 234 912동 106호(가양동, 도시개발9단지아파트)",37.55855504,126.8633761
서울특별시,강서구,현대어린이집,"서울특별시 강서구 양천로75길 57 104동 109호(염창동, 현대)",37.55331418,126.8748906
서울특별시,강서구,샛별영재어린이집,"서울특별시 강서구 허준로 175 607동 103호(가양동, 가양6단지아파트)",37.56375809,126.8592894
서울특별시,강서구,아이세상어린이집,"서울특별시 강서구 허준로 23 105동 106호(가양동, 한강타운아파트)",37.57121146,126.843592
서울특별시,강서구,사랑둥이어린이집,"서울특별시 강서구 강서로 348 111동 101호(내발산동, 우장산현대홈타운아파트)",37.55707841,126.8380811
서울특별시,강서구,귀염이어린이집,"서울특별시 강서구 강서로 532 101동 102호(가양동, 동신아파트)",37.57127504,126.8422775
서울특별시,강서구,꿈나무어린이집,"서울특별시 강서구 양천로 489 104동 101호(가양동, 가양우성아파트)",37.56224357,126.8542071
서울특별시,강서구,강서구청어린이집,"서울특별시 강서구 화곡로44나길 72 1층,2층 강서구청어린이집",37.54977567,126.8509647
서울특별시,강서구,아이꿈어린이집,"서울특별시 강서구 공항대로39길 74 505동 105호(등촌동, 등촌주공5단지아파트)",37.56121729,126.8446357
서울특별시,강서구,병아리어린이집,"서울특별시 강서구 공항대로 351-21 101동 106호(등촌동, 진로미주아파트)",37.56059931,126.8476189
서울특별시,강서구,천사어린이집,서울특별시 강서구 강서로13길 28 (화곡동),37.53166645,126.8451876
서울특별시,강서구,서울YMCA방화어린이집,서울특별시 강서구 개화동로21길 4 방화11단지종합사회복지관 내 1층,37.57072031,126.8057256
서울특별시,강서구,숲으로 가는 어린이집,"서울특별시 강서구 양천로69길 18 101동 111호(염창동, 극동아파트)",37.55247236,126.8714342
서울특별시,강서구,달님별님어린이집,서울특별시 강서구 곰달래로51길 14 (화곡동),37.5323853,126.858501
서울특별시,강서구,대림어린이집,"서울특별시 강서구 공항대로39길 100 105동 103호(등촌동, 대림아파트)",37.56361691,126.8473931
서울특별시,강서구,햇살어린이집,서울특별시 강서구 화곡로54길 43 금호어울림퍼스티어 102-104,37.55110707,126.8508172
서울특별시,강서구,현대i어린이집,서울특별시 강서구 강서로 348 우장산 힐스테이트 관리동 1층,37.55707841,126.8380811
서울특별시,강서구,마곡자연숲어린이집,서울특별시 강서구 수명로1길 110 마곡수명산파크3단지 303,37.55185777,126.8247079
서울특별시,강서구,푸른꿈어린이집,"서울특별시 강서구 공항대로55길 50 203동 101호(등촌동, 대동황토방2차아파트)",37.55516187,126.8619632
서울특별시,강서구,푸르미어린이집,"서울특별시 강서구 양천로67길 32 103동 105호(염창동, 신동아아파트)",37.55511856,126.8688646
서울특별시,강서구,하은어린이집,"서울특별시 강서구 강서로56나길 37 305동 104호(등촌동, 등촌주공3단지아파트)",37.56108007,126.8408477
서울특별시,강서구,구립볏고을어린이집,서울특별시 강서구 화곡로58길 100 (화곡동),37.55156568,126.8561174
서울특별시,강서구,동아어린이집,"서울특별시 강서구 양천로 731 306동 102호(염창동, 동아3차아파트)",37.55025171,126.8773969
서울특별시,강서구,초록별어린이집,"서울특별시 강서구 강서로45다길 30-27 106동 201호(화곡동, 초록아파트)",37.54531541,126.8330781
서울특별시,강서구,프란치스코어린이집,서울특별시 강서구 송정로1길 13 프란치스코어린이집,37.55612382,126.8115578
서울특별시,강서구,발산어린이집,서울특별시 강서구 우장산로 45 구립 발산어린이집 (내발산동),37.55446156,126.8422809
서울특별시,강서구,둥근마음어린이집,서울특별시 강서구 강서로68길 36 주공1단지내 둥근마음어린이집 (등촌동),37.56538395,126.8422638
서울특별시,강서구,보성어린이집,서울특별시 강서구 방화대로48길 40 방화2종합사회복지관 1층,37.57425563,126.8201679
서울특별시,강서구,상록어린이집,서울특별시 강서구 금낭화로23길 25 (방화동),37.57813897,126.8112043
서울특별시,강서구,구립 배다리어린이집,서울특별시 강서구 곰달래로15길 25 (화곡동),37.53127824,126.8395428
서울특별시,강서구,은초록어린이집,서울특별시 강서구 공항대로39길 59 은초록어린이집 (등촌동),37.56225601,126.8429044
서울특별시,강서구,현대키즈어린이집,"서울특별시 강서구 양천로75길 19 107동 104호(염창동, 현대홈타운아파트)",37.55181162,126.8740724
서울특별시,강서구,구립공항어린이집,서울특별시 강서구 남부순환로11길 81 (공항동),37.55704139,126.8146261
서울특별시,강서구,새빛아이어린이집,"서울특별시 강서구 강서로33가길 86 101동 106호(화곡동, 프라임팰리스)",37.54513356,126.8362774
서울특별시,강서구,별강서어린이집,서울특별시 강서구 까치산로22길 10 (화곡동),37.54892093,126.8514915
서울특별시,강서구,개구리 어린이집,서울특별시 강서구 초록마을로24길 21-4 ,37.53920479,126.8506736
서울특별시,강서구,포도원어린이집,"서울특별시 강서구 금낭화로23길 8 110동 103호(방화동, 동성아파트)",37.5794087,126.8125928
서울특별시,강서구,수성어린이집,서울특별시 강서구 가로공원로84길 27 (화곡동),37.53634114,126.8408768
서울특별시,강서구,나무와열매어린이집,서울특별시 강서구 방화대로48길 40 방화2단지아파트(방화동) 216동 뒤,37.57425563,126.8201679
서울특별시,강서구,조은어린이집,"서울특별시 강서구 양천로6길 28 1206동 101호(방화동, 방화도시개발공사아파트)",37.57102749,126.8063998
서울특별시,강서구,해아띠스쿨어린이집,서울특별시 강서구 초록마을로6길 37-13 ,37.54081527,126.8469033
서울특별시,강서구,예은어린이집,서울특별시 강서구 방화대로49길 52 ,37.57807299,126.8148839
서울특별시,강서구,동산어린이집,서울특별시 강서구 양천로75길 44 (염창동),37.55153551,126.8755553
서울특별시,강서구,혜시의사과나무어린이집,서울특별시 강서구 강서로45길 37 (화곡동),37.54780505,126.8341023
서울특별시,강서구,썬에듀스쿨어린이집,서울특별시 강서구 곰달래로15길 32 (화곡동),37.53166489,126.8397003
서울특별시,강서구,미소담어린이집,서울특별시 강서구 곰달래로18길 33-13 1층 (화곡동),37.52879202,126.8422167
서울특별시,강서구,꿈사랑어린이집,"서울특별시 강서구 강서로47길 108 104동 101호(내발산동, 마곡수명산파크1단지아파트)",37.55356537,126.8305342
서울특별시,강서구,아이삭어린이집,"서울특별시 강서구 강서로47길 108 106동 101호(내발산동, 마곡수명산파크1단지아파트)",37.55356537,126.8305342
서울특별시,강서구,유창어린이집,"서울특별시 강서구 우장산로2길 21-22 101동 103호(내발산동, 신세계5차)",37.5534688,126.8387179
서울특별시,강서구,e-다솔어린이집,"서울특별시 강서구 강서로45나길 15 101동 101호(내발산동, 수산오성아파트)",37.54871001,126.8351963
서울특별시,강서구,아이랑어린이집,"서울특별시 강서구 양천로3길 17 101동 106호(방화동, 개화산 동부센트레빌)",37.57336423,126.8064083
서울특별시,강서구,한결어린이집,"서울특별시 강서구 강서로 266 111동 103호(화곡동, 우장산아이파크이편한세상아파트)",37.54826258,126.8409806
서울특별시,강서구,아기새어린이집,"서울특별시 강서구 양천로6길 57 102동 106호(방화동, 이편한세상아파트)",37.56965202,126.8078287
서울특별시,강서구,해울어린이집,서울특별시 강서구 양천로 595 금호타운아파트 상가 1층 (염창동),37.5560552,126.8653078
서울특별시,강서구,파란하늘빛어린이집,"서울특별시 강서구 양천로47길 94 101동 105호(마곡동, 금호어울림아파트)",37.57444181,126.8372073
서울특별시,강서구,새서원어린이집,서울특별시 강서구 화곡로24길 55 (화곡동),37.53861876,126.8394676
서울특별시,강서구,코코베베어린이집,"서울특별시 강서구 양천로75길 57 104동 102호(염창동, 현대1차아파트)",37.55331418,126.8748906
서울특별시,강서구,다해영재어린이집,서울특별시 강서구 강서로 266 우장산대림e편한세상파크 관리동 다해영재어린이집,37.54826258,126.8409806
서울특별시,강서구,해사랑어린이집,"서울특별시 강서구 강서로47길 158 203동 1층(내발산동, 마곡수명산파크2단지아파트)",37.55385797,126.8276418
서울특별시,강서구,꿈이있는어린이집,"서울특별시 강서구 공항대로59길 64 202동 106호(등촌동, 한사랑삼성2차아파트)",37.55462322,126.8641847
서울특별시,강서구,마곡사임당어린이집,서울특별시 강서구 수명로2길 105 마곡수명산파크5단지 509동 관리동 마곡사임당어린이집,37.55158665,126.8275827
서울특별시,강서구,오즈의마법사어린이집,"서울특별시 강서구 수명로1길 16 412동 1층(내발산동, 마곡수명산파크4단지아파트)",37.55204782,126.8225609
서울특별시,강서구,사랑맘어린이집,"서울특별시 강서구 방화대로34길 88 107동 104호(방화동, 대우푸르지오)",37.57038093,126.8211936
서울특별시,강서구,꼬마별어린이집,"서울특별시 강서구 방화대로44길 42 101동 103호(방화동, 승윤노블리안아파트)",37.57135761,126.8175428
서울특별시,강서구,더조은영재어린이집,"서울특별시 강서구 방화대로34길 88 102동 103호(방화동, 마곡푸르지오아파트)",37.57038093,126.8211936
서울특별시,강서구,아장아장어린이집,"서울특별시 강서구 방화대로47가길 22 404동 103호(방화동, 삼환아파트)",37.57709885,126.8139782
서울특별시,강서구,나무와숲어린이집,서울특별시 강서구 양천로14길 37 102동 108호,37.57156558,126.8102972
서울특별시,강서구,아름드리어린이집,서울특별시 강서구 까치산로4라길 20 (화곡동),37.53898569,126.8457162
서울특별시,강서구,리틀현대아이어린이집,"서울특별시 강서구 강서로 348 118동 103호(내발산동, 현대홈타운)",37.55707841,126.8380811
서울특별시,강서구,동부해맑은어린이집,서울특별시 강서구 방화대로 319 길성그랑프리텔 101-102,37.56915814,126.8162862
서울특별시,강서구,성산어린이집,서울특별시 강서구 개화동로23길 111 ,37.56529764,126.8114272
서울특별시,강서구,민들레어린이집,"서울특별시 강서구 허준로 175 613동 103호(가양동, 가양6단지아파트)",37.56375809,126.8592894
서울특별시,강서구,BeBe스쿨어린이집,서울특별시 강서구 초록마을로 146 102호,37.53687766,126.8483205
서울특별시,강서구,드림어린이집,서울특별시 강서구 수명로2길 50 (내발산동),37.54944776,126.8262796
서울특별시,강서구,에반어린이집,서울특별시 강서구 강서로12길 23-7 ,37.53211181,126.8479586
서울특별시,강서구,예솔어린이집,서울특별시 강서구 강서로18다길 33 ,37.53560357,126.8468607
서울특별시,강서구,엄마사랑어린이집,서울특별시 강서구 금낭화로24가길 21 (방화동),37.57905613,126.8151586
서울특별시,강서구,잼잼서밋어린이집,서울특별시 강서구 양천로14길 118 우림상가 1층 (방화동),37.56871328,126.8082169
서울특별시,강서구,밀알몬테소리어린이집,서울특별시 강서구 공항대로59길 82 ,37.55547391,126.8635379
서울특별시,강서구,사랑어린이집,서울특별시 강서구 허준로 23 한강타운 105동 101호,37.57121146,126.843592
서울특별시,강서구,동성스마일어린이집,서울특별시 강서구 강서로68길 108 동성아파트 106-106,37.56466725,126.8457024
서울특별시,강서구,아기천사어린이집,서울특별시 강서구 국회대로7길 91 신도금잔디아파트 104호,37.52940501,126.8557793
서울특별시,강서구,예꿈어린이집,서울특별시 강서구 월정로 160 화곡대림아파트 1동 104호 (화곡동 361-1),37.53402085,126.8375371
서울특별시,강서구,도토리어린이집,서울특별시 강서구 곰달래로51길 46 ,37.53381928,126.8580868
서울특별시,강서구,굿모닝어린이집,서울특별시 강서구 화곡로68길 33 라인아파트101-104,37.5592643,126.8557917
서울특별시,강서구,아란어린이집,서울특별시 강서구 양천로71가길 43 ,37.55225398,126.8746352
서울특별시,강서구,이레어린이집,서울특별시 강서구 금낭화로11길 48 (방화동 583-37),37.56950854,126.8100263
서울특별시,강서구,꼬모어린이집,서울특별시 강서구 양천로 731 동아3차 305-103,37.55025171,126.8773969
서울특별시,강서구,하하호호어린이집,서울특별시 강서구 공항대로75길 30 삼정그린코아 102-106,37.54785677,126.8744852
서울특별시,강서구,애솔 어린이집,서울특별시 강서구 초록마을로 162-30 ,37.53683518,126.8465458
서울특별시,강서구,하늘샘어린이집,서울특별시 강서구 강서로47다길 35 ,37.55132743,126.8343116
서울특별시,강서구,아이샘어린이집,서울특별시 강서구 까치산로12길 8-9 ,37.54453782,126.8472353
서울특별시,강서구,단비어린이집,서울특별시 강서구 까치산로 166 ,37.55192281,126.8530273
서울특별시,강서구,단이슬어린이집,서울특별시 강서구 공항대로8가길 40 ,37.55852978,126.8141321
서울특별시,강서구,엔젤어린이집,서울특별시 강서구 우현로 67 119동 103호,37.54754619,126.8372075
서울특별시,강서구,우리아이어린이집,서울특별시 강서구 양천로30길 108 101동 101호,37.56813846,126.8220979
서울특별시,강서구,사랑샘어린이집,서울특별시 강서구 마곡서1로 111-11 마곡엠밸리 503-104,37.56580015,126.817289
서울특별시,강서구,라임어린이집,"서울특별시 강서구 우현로 67 113동 103호(화곡동,강서힐스테이트)",37.54754619,126.8372075
서울특별시,강서구,딸기어린이집,서울특별시 강서구 마곡중앙로 33 마곡엠밸리 14단지 1403-105,37.5580501,126.8240802
서울특별시,강서구,신원어린이집,서울특별시 강서구 양천로77길 45 무학아파트 상가동,37.55101498,126.8766502
서울특별시,강서구,해오름어린이집,서울특별시 강서구 마곡중앙로 33 1401동 102호,37.5580501,126.8240802
서울특별시,강서구,리라어린이집,서울특별시 강서구 초록마을로18길 36 ,37.54057049,126.8488773
서울특별시,강서구,강서한강자이어린이집,서울특별시 강서구 양천로55길 55 강서한강자이 관리동어린이집,37.56632848,126.8481832
서울특별시,강서구,마곡14 아이마당어린이집,서울특별시 강서구 마곡중앙로 33 상가동 1층,37.5580501,126.8240802
서울특별시,강서구,마곡1 하람어린이집,서울특별시 강서구 마곡서1로 131 ,37.56847265,126.8183172
서울특별시,강서구,마곡2 해오름어린이집,서울특별시 강서구 마곡서1로 146 ,37.56884537,126.8211354
서울특별시,강서구,마곡4 꿈의숲어린이집,서울특별시 강서구 마곡서로 175 ,37.56890813,126.8242325
서울특별시,강서구,마곡15 누리어린이집,서울특별시 강서구 마곡중앙로 36 ,37.55741872,126.8270293
서울특별시,강서구,마곡5 해맑은어린이집,서울특별시 강서구 마곡서1로 111-11 ,37.56580015,126.817289
서울특별시,강서구,마곡6 마곡숲어린이집,서울특별시 강서구 마곡서1로 100 ,37.5657541,126.8196234
서울특별시,강서구,마곡7 미래꿈어린이집,서울특별시 강서구 마곡서로 133 ,37.5645561,126.8238387
서울특별시,강서구,마곡3 연두어린이집,서울특별시 강서구 마곡서1로 132 ,37.56849345,126.8195404
서울특별시,강서구,마곡아이숲어린이집,"서울특별시 강서구 마곡중앙로 36 1503동 105호(발산1동, 마곡엠밸리15단지)",37.55741872,126.8270293
서울특별시,강서구,지니어스어린이집,서울특별시 강서구 화곡로68길 102 서울 시니어스 가양타워 1층,37.55698878,126.8593316
서울특별시,강서구,마곡하나린어린이집,서울특별시 강서구 수명로1길 133 ,37.55392279,126.8255194
서울특별시,강서구,한국공항공사어린이집,서울특별시 강서구 하늘길 78 .,37.56090185,126.7997108
서울특별시,강서구,구립 노블키즈어린이집,서울특별시 강서구 강서로47길 108 109동 102호,37.55356537,126.8305342
서울특별시,강서구,구립 푸른별어린이집,서울특별시 강서구 강서로47길 158 201동 104호,37.55385797,126.8276418
서울특별시,강서구,구립 스마일어린이집,"서울특별시 강서구 강서로 266 114동 103호(화곡동, 우장산아이파크 이편한세상)",37.54826258,126.8409806
서울특별시,강서구,힐스테이트어린이집,"서울특별시 강서구 마곡중앙3로 74 관리동 1층(마곡동,마곡힐스테이트)",37.56467323,126.8186568
서울특별시,강서구,홈플러스어린이집,"서울특별시 강서구 화곡로 398 1층(등촌동, 홈플러스 강서점 앤 본사사옥)",37.55846996,126.854819
서울특별시,강서구,구립 보솜어린이집,서울특별시 강서구 공항대로43길 39 1106동 1층 6호,37.55928952,126.8496458
서울특별시,강서구,구립 늘사랑어린이집,"서울특별시 강서구 등촌로 163 102동 102호(등촌동, 등촌아이파크)",37.54472977,126.8615933
서울특별시,강서구,구립 드보라어린이집,"서울특별시 강서구 강서로47길 63 103호(내발산동, 예스빌)",37.5527677,126.8326711
서울특별시,강서구,구립 소은어린이집,"서울특별시 강서구 양천로67길 77 104동 101호(염창동, 우성1차아파트)",37.55554764,126.8704357
서울특별시,강서구,구립 뽄다어린이집,서울특별시 강서구 강서로17라길 7-8 (화곡동),37.53287976,126.8403375
서울특별시,강서구,구립 태진한솔어린이집,"서울특별시 강서구 공항대로71길 54 103동 101호(염창동, 태진한솔아파트)",37.54904495,126.874521
서울특별시,강서구,마곡미소어린이집,"서울특별시 강서구 마곡서1로 81 804동 103호(마곡동, 마곡엠벨리 8단지)",37.56436639,126.8191544
서울특별시,강서구,행복한어린이집,"서울특별시 강서구 마곡중앙1로 72 1018동 101호(마곡동, 마곡엠밸리10단지)",37.55904001,126.8200632
서울특별시,강서구,마곡11 나무햇살어린이집,"서울특별시 강서구 공항대로 124 1103동 1층(마곡동,마곡엠밸리11단지)",37.55946179,126.8207286
서울특별시,강서구,마곡10 별솔어린이집,"서울특별시 강서구 마곡중앙1로 72 1012동 1층(마곡동, 마곡엠밸리10단지)",37.55904001,126.8200632
서울특별시,강서구,마곡12 온새미어린이집,"서울특별시 강서구 공항대로 140 1205동 1층(마곡동, 마곡엠밸리 12단지)",37.55925659,126.8233888
서울특별시,강서구,마곡8 열린숲어린이집,"서울특별시 강서구 마곡서1로 81 807동 1층(마곡동, 마곡엠밸리8단지)",37.56436639,126.8191544
서울특별시,강서구,구립 꼬꼬마라인어린이집,"서울특별시 강서구 화곡로68길 33 102동 101호(등촌동, 라인아파트)",37.5592643,126.8557917
서울특별시,강서구,구립 밤비어린이집,"서울특별시 강서구 공항대로45길 68-6 106동 104호(등촌동, 등촌서광마을아파트)",37.55796271,126.8569695
서울특별시,강서구,구립 코알라아가마을어린이집,"서울특별시 강서구 허준로 175 608동 101호(가양동, 가양6단지아파트)",37.56375809,126.8592894
서울특별시,강서구,구립 큰별어린이집,"서울특별시 강서구 화곡로63가길 71 1005동 106호(등촌동, 등촌주공10단지아파트)",37.56308148,126.8488956
서울특별시,강서구,구립 아기별어린이집,"서울특별시 강서구 강서로 348 108동 101호(내발산동, 우장산힐스테이트)",37.55707841,126.8380811
서울특별시,강서구,마곡두린아이어린이집,"서울특별시 강서구 마곡중앙1로 71 1308동 102호(마곡동, 마곡13단지힐스테이트마스터)",37.55690832,126.8178746
서울특별시,강서구,고운아이어린이집,"서울특별시 강서구 마곡중앙1로 71 1307동 101호(공항동,마곡13단지힐스테이트마스터)",37.55690832,126.8178746
서울특별시,강서구,마곡13 하나어린이집,"서울특별시 강서구 마곡중앙1로 71 (마곡동, 마곡13단지힐스테이트마스터)",37.55690832,126.8178746
서울특별시,강서구,LG CNS어린이집,서울특별시 강서구 마곡중앙10로 70 ,37.56304731,126.83443
서울특별시,강서구,마곡코오롱어린이집,"서울특별시 강서구 마곡동로 110 1층 (마곡동, 코오롱미래기술원)",37.56460753,126.8348563
서울특별시,강서구,사이언스파크어린이집,서울특별시 강서구 마곡중앙10로 30 ,37.56340309,126.8312303
서울특별시,강서구,디앤오 강서어린이집,서울특별시 강서구 마곡중앙로 150 2층,37.56699442,126.8285205
서울특별시,강서구,구립 하나로어린이집,서울특별시 강서구 양천로73길 5 101동 105호,37.55189482,126.8715134
서울특별시,강서구,구립 모아어린이집,"서울특별시 강서구 방화대로45길 78 101동 103호(방화동, 보람쉬움아파트)",37.57461246,126.8120388
서울특별시,강서구,구립 한숲어린이집,서울특별시 강서구 방화대로50길 7 101동 102호(방화동 한숲마을대림아파트),37.57681212,126.8174741
서울특별시,강서구,마곡1 고운비어린이집,"서울특별시 강서구 마곡서1로 131 101동 115호(마곡동, 엠벨리1단지아파트)",37.56847265,126.8183172
서울특별시,강서구,롯데중앙연구소 mom편한 어린이집,서울특별시 강서구 마곡중앙로 201 ,37.57140769,126.8277308
서울특별시,강서구,강서햇빛발도르프어린이집,서울특별시 강서구 수명로2길 108 강서햇빛발도르프어린이집,37.55117388,126.8289293
서울특별시,강서구,근로복지공단 강서어린이집,서울특별시 강서구 강서로33가길 42 ,37.54356651,126.8378838
서울특별시,강서구,구립 강변어린이집,서울특별시 강서구 허준로 139 ,37.56461212,126.8562786
서울특별시,강서구,구립 해뜰어린이집,서울특별시 강서구 강서로68길 36 등촌주공2단지아파트 근로복지관2층,37.56538395,126.8422638
서울특별시,강서구,구립 진로어린이집,서울특별시 강서구 공항대로 351-21 102동 102호,37.56059931,126.8476189
서울특별시,강서구,구립 엔젤아이어린이집,서울특별시 강서구 양천로 507 106동 104호,37.5603957,126.8573626
서울특별시,강서구,구립 가온어린이집,서울특별시 강서구 양천로 590 102동 102호(등촌동),37.55579173,126.8644319
서울특별시,강서구,구립 뜰아래어린이집,서울특별시 강서구 양천로67가길 49 201동 105호,37.55407805,126.8704591
서울특별시,강서구,구립 한빛어린이집,서울특별시 강서구 강서로8길 134 ,37.53041462,126.8555186
서울특별시,강서구,구립 청솔어린이집,서울특별시 강서구 강서로47마길 71 107호,37.55013325,126.8326532
서울특별시,강서구,구립 샛별어린이집,서울특별시 강서구 초록마을로 166 ,37.53620546,126.8462554
서울특별시,강서구,구립 피노키오어린이집,서울특별시 강서구 강서로12길 73 ,37.53227349,126.8511
서울특별시,강서구,구립 푸른솔어린이집,"서울특별시 강서구 화곡로13길 107 104동 104호(화곡동,화곡푸르지오)",37.54724497,126.8322439
서울특별시,강서구,구립 아이편한어린이집,"서울특별시 강서구 공항대로 583 염창동, e편한세상 염창아파트 관리동",37.54859226,126.8702426
서울특별시,강서구,N젤어린이집,서울특별시 강서구 마곡중앙로 177 ,37.5700164,126.8274983
서울특별시,강서구,이화의료원어린이집,서울특별시 강서구 공항대로 260 B관 4층,37.55726286,126.8362668
서울특별시,강서구,구립 아이나무어린이집,서울특별시 강서구 화곡로13가길 5 ,37.541402,126.8335789
서울특별시,강서구,구립 하늘마음어린이집,서울특별시 강서구 초록마을로 106 ,37.53900642,126.8514129
서울특별시,강서구,구립 엠밸리큰나무어린이집,서울특별시 강서구 마곡중앙8로1길 10 ,37.56186182,126.8360761
서울특별시,강서구,LG이노텍 서울어린이집,서울특별시 강서구 마곡중앙10로 30 E3,37.56340309,126.8312303
서울특별시,강서구,구립 해담어린이집,서울특별시 강서구 금낭화로11길 36 ,37.5700451,126.8103227
서울특별시,강서구,구립 새하늘어린이집,서울특별시 강서구 강서로17다길 15-14 ,37.53330739,126.8414155
서울특별시,강서구,구립 신태양어린이집,서울특별시 강서구 곰달래로31다길 25 ,37.53364015,126.8526325
서울특별시,강서구,두빛나래터발도르프어린이집,서울특별시 강서구 등촌로39마길 52 ,37.5464671,126.8574432
서울특별시,강서구,구립대우주어린이집,서울특별시 강서구 화곡로13길 107 135동 101호,37.54724497,126.8322439
서울특별시,강서구,구립 이든아이어린이집,서울특별시 강서구 까치산로18나길 22-1 ,37.54635171,126.8491295
서울특별시,강서구,구립 우장숲어린이집,서울특별시 강서구 화곡로41길 19 ,37.54644898,126.8439696
서울특별시,강서구,마곡9 나인어린이집,서울특별시 강서구 공항대로 103 엠밸리9단지 관리동,37.56226697,126.819206
서울특별시,강서구,구립 라온어린이집,서울특별시 강서구 곰달래로53길 112 ,37.53604433,126.8565449
서울특별시,강서구,근로복지공단 등촌어린이집,서울특별시 강서구 강서로56나길 128 ,37.5646057,126.843839
서울특별시,강서구,구립 염창별하어린이집,서울특별시 강서구 공항대로 543 ,37.55073885,126.8664123
서울특별시,강서구,성민가정어린이집,서울특별시 강서구 화곡로68길 115 101동 111호,37.55732857,126.860338
서울특별시,강서구,근로복지공단 곰달래어린이집,서울특별시 강서구 곰달래로53길 30-20 ,37.53364934,126.8601914
서울특별시,강서구,DYPNF행복한어린이집,서울특별시 강서구 마곡중앙8로7길 39 2층,37.56440414,126.8389413
서울특별시,강서구,홈앤쇼핑 어린이집,서울특별시 강서구 공항대로 150 홈앤쇼핑 3층,37.55946637,126.8244375
서울특별시,강서구,등촌제일어린이집,서울특별시 강서구 공항대로53가길 50 1층,37.55553092,126.8590698
서울특별시,강서구,청정원 마곡 어린이집,서울특별시 강서구 초원로16길 12 ,37.56690483,126.8150094
서울특별시,강서구,구립 우장산어린이집,서울특별시 강서구 화곡로31다길 20 우장산숲아이파크 단지 내,37.54524578,126.8387978
서울특별시,강서구,구립 한마음어린이집,서울특별시 강서구 양천로 637 101동 103호,37.55444115,126.8685891
서울특별시,강서구,아이튼튼 어린이집,서울특별시 강서구 마곡중앙12로 3 A동 1층,37.56772136,126.8292167
서울특별시,강서구,구립 하울어린이집,서울특별시 강서구 등촌로53길 39 103동 107호,37.54956453,126.860444
서울특별시,강서구,구립 아기둥지어린이집,서울특별시 강서구 허준로 23 109동 103호,37.57121146,126.843592
서울특별시,강서구,구립 아리스타어린이집,서울특별시 강서구 양천로66길 15 ,37.55434391,126.8653669
서울특별시,강서구,구립 어울림어린이집,서울특별시 강서구 화곡로54길 43 ,37.55110707,126.8508172
서울특별시,강서구,구립 숲속나라어린이집,서울특별시 강서구 까치산로4길 64-6 ,37.54026625,126.8458328
서울특별시,강서구,구립 힐스토리어린이집,서울특별시 강서구 우현로 67 관리동 1층,37.54754619,126.8372075
서울특별시,강서구,구립 아이누리어린이집,서울특별시 강서구 등촌로39길 42 ,37.54643326,126.8603418
서울특별시,강서구,구립 우리어린이집,서울특별시 강서구 화곡로44나길 25 ,37.54843083,126.8491126
서울특별시,강서구,구립 스카이포레어린이집,서울특별시 강서구 개화동로21길 22 방화스카이포레 관리동,37.57166571,126.8051136
서울특별시,강서구,LG전자마곡어린이집,서울특별시 강서구 마곡중앙10로 10 W7동 1층,37.56349653,126.8302333
서울특별시,강서구,구립 잘자람어린이집,서울특별시 강서구 방화대로37길 26 방화현대아파트 101동 102호,37.57080392,126.8140018
서울특별시,강서구,구립 누리봄어린이집,서울특별시 강서구 양천로69길 58 101동 112호,37.55527197,126.8729604
서울특별시,강서구,구립 꿈비어린이집,서울특별시 강서구 수명로2가길 22 마곡수명산파크7단지 관리동,37.54766287,126.8219177
서울특별시,강서구,DL 한숲어린이집,서울특별시 강서구 공항대로 165 B동 2층,37.5608751,126.824696
서울특별시,강서구,구립 단꿈어린이집,"서울특별시 강서구 양천로47길 118 104동 101호(마곡동, 벽산아파트)",37.57564253,126.8368541
서울특별시,강서구,마곡한솔어린이집,서울특별시 강서구 마곡동로 146 1층,37.56774516,126.8360905
서울특별시,강서구,서울강서경찰서 직장어린이집,서울특별시 강서구 화곡로 308 ,37.55155817,126.8496564
서울특별시,구로구,명화어린이집,서울특별시 구로구 개봉로17다길 6 (개봉동),37.49346983,126.8551149
서울특별시,구로구,꿈이있는어린이집,서울특별시 구로구 벚꽃로 484 화원사회종합복지관내 (구로동),37.49733165,126.8801354
서울특별시,구로구,이편한어린이집,서울특별시 구로구 신도림로 16 대림아파트 관리동1층 (신도림동),37.50512282,126.882191
서울특별시,구로구,별나라어린이집,"서울특별시 구로구 신도림로11가길 36 5동 101호(신도림동, 미성아파트)",37.50626346,126.8763484
서울특별시,구로구,미래어린이집,서울특별시 구로구 구로동로20길 57 (구로동),37.48806443,126.8876496
서울특별시,구로구,큰나무어린이집,서울특별시 구로구 고척로52길 48 대우아파트단지내,37.50341229,126.8552202
서울특별시,구로구,요셉어린이집,서울특별시 구로구 디지털로27다길 20 요셉어린이집,37.48516023,126.889682
서울특별시,구로구,수잔나어린이집,서울특별시 구로구 고척로51길 73 (고척동),37.50681856,126.8524052
서울특별시,구로구,참고은어린이집,서울특별시 구로구 고척로19길 8 (개봉동),37.50162933,126.845508
서울특별시,구로구,세라핌어린이집,서울특별시 구로구 고척로18길 92 오류동감리교회 세라핌어린이집 (오류동),37.49777119,126.8450669
서울특별시,구로구,폴디어린이집,"서울특별시 구로구 신도림로 16 103동 101호(신도림동, 대림2차아파트)",37.50512282,126.882191
서울특별시,구로구,고척어린이집,서울특별시 구로구 중앙로5길 62 (고척동),37.50293473,126.8607486
서울특별시,구로구,은혜뜰어린이집,서울특별시 구로구 부일로 985 수정아파트 102호 (궁동),37.49344626,126.8369593
서울특별시,구로구,꽃사슴어린이집,"서울특별시 구로구 개봉로20길 6 102동 103호(개봉동, 현대아파트)",37.49288023,126.8593081
서울특별시,구로구,새날어린이집,서울특별시 구로구 구로중앙로3길 10 (구로동),37.4905738,126.8920715
서울특별시,구로구,가현어린이집,서울특별시 구로구 경인로35길 113-5 가현어린이집 (고척동),37.50138029,126.8520526
서울특별시,구로구,항동어린이집,서울특별시 구로구 연동로 284 ,37.48537723,126.8234384
서울특별시,구로구,구립 구일어린이집,서울특별시 구로구 구일로 62 (구로동),37.49177716,126.8743642
서울특별시,구로구,무지개어린이집,서울특별시 구로구 개봉로17아길 44 멤버스빌 101호 (개봉동),37.4930729,126.8510269
서울특별시,구로구,다솔어린이집,"서울특별시 구로구 디지털로 319 302동 101호(구로동, 현대아파트)",37.49003775,126.8954329
서울특별시,구로구,장미어린이집,서울특별시 구로구 경인로 343 삼환로즈빌아파트 단지 내 1층 장미 어린이집 (고척동),37.4983033,126.8574325
서울특별시,구로구,광진선교어린이집,서울특별시 구로구 개봉로3길 87 한진아파트 내유치원동 (개봉동),37.48589874,126.850971
서울특별시,구로구,영서어린이집,서울특별시 구로구 도림로20길 44 (구로동),37.4883642,126.8935908
서울특별시,구로구,그림나라어린이집,서울특별시 구로구 구로동로18길 56 103호,37.48719412,126.8874352
서울특별시,구로구,혜지어린이집,"서울특별시 구로구 구로중앙로8길 16 2층, 구로동",37.49201619,126.8928228
서울특별시,구로구,대림어린이집,"서울특별시 구로구 신도림로 16 501동 102호(신도림동, 대림1차아파트)",37.50512282,126.882191
서울특별시,구로구,아기둥지어린이집,"서울특별시 구로구 경인로 390 210동 103호(고척동, 벽산블루밍)",37.49445987,126.8643877
서울특별시,구로구,능곡어린이집,서울특별시 구로구 고척로52라길 28 (고척동),37.50319262,126.854563
서울특별시,구로구,코레일오류동어린이집,서울특별시 구로구 경인로20가길 24 오류동 행복주택 내 직장어린이집,37.49554295,126.8453052
서울특별시,구로구,온수어린이집,서울특별시 구로구 부일로1길 72 온수어린이집,37.49362565,126.8187198
서울특별시,구로구,해맑은어린이집,서울특별시 구로구 개봉로15길 46-11 대원빌라 101호,37.49036426,126.8530855
서울특별시,구로구,현일어린이집,서울특별시 구로구 구로중앙로22길 70 (구로동),37.49881834,126.8889244
서울특별시,구로구,다솜어린이집,서울특별시 구로구 새말로16길 70 110호,37.50286612,126.8919466
서울특별시,구로구,해님달님어린이집,"서울특별시 구로구 중앙로6길 5-15 101동 104호(고척동, 청구아파트)",37.50141071,126.8644137
서울특별시,구로구,새연어린이집,서울특별시 구로구 구로중앙로28다길 15 (구로동),37.50103901,126.8885993
서울특별시,구로구,단비어린이집,"서울특별시 구로구 구일로10길 53 101동 102호(구로동, 현대상선아파트)",37.49623208,126.8750228
서울특별시,구로구,중앙하이츠 어린이집,"서울특별시 구로구 구로동로47길 24 (구로동, 중앙하이츠아파트 관리동1층)",37.49946275,126.8804471
서울특별시,구로구,궁동어린이집,서울특별시 구로구 오리로17길 48 (궁동),37.49684031,126.8290307
서울특별시,구로구,나래어린이집,서울특별시 구로구 고척로1길 14-41 ,37.49645986,126.8387994
서울특별시,구로구,희망어린이집,서울특별시 구로구 새말로 93 태영타운내 갈릴리교회2층 (구로동),37.50623441,126.8891034
서울특별시,구로구,샛별어린이집,서울특별시 구로구 구로중앙로32가길 18 ,37.49994741,126.8850895
서울특별시,구로구,밝은어린이집,서울특별시 구로구 구로동로7길 74 ,37.48640562,126.8825032
서울특별시,구로구,남산어린이집,서울특별시 구로구 경인로47가길 35 (고척동),37.50294246,126.8649239
서울특별시,구로구,새솔어린이집,서울특별시 구로구 공원로 35 (구로5동 108-2 새솔금호아파트내 1층),37.50016197,126.8905209
서울특별시,구로구,금강어린이집,서울특별시 구로구 오리로 1197 금강수목원아파트 관리동 (오류동),37.48870931,126.8341108
서울특별시,구로구,반야어린이집,서울특별시 구로구 경인로67길 133 (신도림동),37.51348284,126.8838839
서울특별시,구로구,연꽃어린이집,서울특별시 구로구 디지털로31길 109 ,37.48734704,126.89033
서울특별시,구로구,섬기는어린이집,서울특별시 구로구 우마1가길 13-9 구립 섬기는 어린이집,37.48290824,126.8896653
서울특별시,구로구,덕성어린이집,서울특별시 구로구 고척로51길 46 (고척동),37.5067161,126.8542064
서울특별시,구로구,만나어린이집,서울특별시 구로구 고척로27길 74 (개봉동),37.50515416,126.8462748
서울특별시,구로구,큰다우리발도르프어린이집,서울특별시 구로구 구로동로28길 33-5 1층~2층 (구로동339-70),37.49102865,126.8858643
서울특별시,구로구,현경어린이집,서울특별시 구로구 부일로11길 105 (궁동),37.49758502,126.8296134
서울특별시,구로구,아나율장애아어린이집,서울특별시 구로구 디지털로31길 93 (구로동),37.48682339,126.8908274
서울특별시,구로구,다향어린이집,서울특별시 구로구 오리로 1165 1층 (오류동),37.48753458,126.8375548
서울특별시,구로구,유앤아이사랑어린이집,"서울특별시 구로구 중앙로15길 151 103동 101호(고척동, 한일유앤아이아파트)",37.5082178,126.8520266
서울특별시,구로구,하얀어린이집,서울특별시 구로구 개봉로11길 7-11 하얀어린이집 (개봉동),37.48799382,126.8557338
서울특별시,구로구,예쁜별어린이집,서울특별시 구로구 서해안로28길 18 (오류동),37.49240964,126.843074
서울특별시,구로구,성은어린이집,서울특별시 구로구 구로동로25길 14 (구로동),37.49071897,126.8832752
서울특별시,구로구,바우솔어린이집,서울특별시 구로구 구로동로25길 33-10 ,37.49014737,126.8819105
서울특별시,구로구,구민어린이집,서울특별시 구로구 가마산로26길 34 (구로동),37.49477899,126.8915867
서울특별시,구로구,이현어린이집,"서울특별시 구로구 경인로 382 101동 102호(개봉동, 한마을아파트)",37.496373,126.8630822
서울특별시,구로구,로뎀어린이집,"서울특별시 구로구 새말로 31 107동 102호(구로동, 롯데아파트)",37.50438037,126.8848254
서울특별시,구로구,행복가득어린이집,서울특별시 구로구 고척로60길 30 고척벽산베스트블루밍아파트 103동102호,37.50514966,126.8587666
서울특별시,구로구,한솔어린이집,서울특별시 구로구 고척로18길 9 (개봉동),37.50049198,126.8450875
서울특별시,구로구,광진어린이집,서울특별시 구로구 고척로30길 18 (개봉동),37.50153611,126.8487387
서울특별시,구로구,햇살가득어린이집,"서울특별시 구로구 신도림로 78 302동 102호(신도림동, 신도림3차동아아파트)",37.50938921,126.8847002
서울특별시,구로구,구로삼성어린이집,서울특별시 구로구 가마산로 174 구로삼성어린이집 (구로동),37.49129499,126.8824657
서울특별시,구로구,한마을어린이집,서울특별시 구로구 경인로 382 한마을아파트상가 (관리동2층) (개봉동),37.496373,126.8630822
서울특별시,구로구,사랑몬테소리어린이집,"서울특별시 구로구 개봉로20길 6 103동 101호(개봉동, 현대아파트)",37.49288023,126.8593081
서울특별시,구로구,맑은샘어린이집,서울특별시 구로구 경인로47가길 23 (사실상1~4층) (고척동),37.50246956,126.8652739
서울특별시,구로구,한양키즈어린이집,"서울특별시 구로구 구일로2길 60 (구로동, 구일우성아파트 관리동)",37.48975807,126.8770812
서울특별시,구로구,은진어린이집,서울특별시 구로구 구로동로20길 28-7 1층 (구로동),37.48823883,126.8860177
서울특별시,구로구,리틀몬테소리어린이집,"서울특별시 구로구 새말로9길 22 101동 103호(구로동, 일신건영아파트)",37.50365246,126.8857588
서울특별시,구로구,새하늘어린이집,"서울특별시 구로구 구일로4길 46 201동 101호(구로동, 현대연예인아파트)",37.49326723,126.8778699
서울특별시,구로구,아이나라어린이집,"서울특별시 구로구 새말로 93 107동 105호(구로동, 신도림태영타운아파트)",37.50623441,126.8891034
서울특별시,구로구,둥이나라어린이집,서울특별시 구로구 경인로8길 64 101동 104호(오류동 영풍마드레빌아파트),37.4921685,126.8402916
서울특별시,구로구,동화마을어린이집,"서울특별시 구로구 도림로 59 105동 104호(구로동, 구로두산아파트)",37.4898994,126.8889619
서울특별시,구로구,본동어린이집,서울특별시 구로구 구로동로40길 21-1 (구로동),37.49610501,126.8839227
서울특별시,구로구,미키몬테소리어린이집,서울특별시 구로구 경인로 390 벽산블루밍아파트 관리동1층 미키몬테소리어린이집 (고척동),37.49445987,126.8643877
서울특별시,구로구,성민어린이집,서울특별시 구로구 고척로21나길 48-41 ,37.50393041,126.8421017
서울특별시,구로구,행복한어린이집,"서울특별시 구로구 경인로 343 105동 104호(고척동, 삼환로즈빌)",37.4983033,126.8574325
서울특별시,구로구,멘토어린이집,"서울특별시 구로구 연동로13길 25 111동 104호(항동, 서울수목원 현대홈타운 스위트)",37.48506387,126.8195703
서울특별시,구로구,피노키오어린이집,"서울특별시 구로구 구일로8길 31 101동 107호(구로동, 우성아파트)",37.49517251,126.8726762
서울특별시,구로구,피카소어린이집,서울특별시 구로구 고척로30길 8 (개봉동),37.50185633,126.8485971
서울특별시,구로구,동아어린이집,"서울특별시 구로구 경인로 643 신도림동, 동아2차아파트 관리동",37.50884988,126.8855536
서울특별시,구로구,동아리틀어린이집,서울특별시 구로구 신도림로 78 동아3차아파트 관리동 1층,37.50938921,126.8847002
서울특별시,구로구,은별어린이집,서울특별시 구로구 오리로22나길 8-3 ,37.49964402,126.830566
서울특별시,구로구,신나라어린이집,"서울특별시 구로구 경인로 382 102동 101호(개봉동, 한마을아파트)",37.496373,126.8630822
서울특별시,구로구,롯데어린이집,서울특별시 구로구 새말로 31 롯데아파트 관리동1층,37.50438037,126.8848254
서울특별시,구로구,푸른솔어린이집,서울특별시 구로구 가마산로20라길 20-16 ,37.49110577,126.8876369
서울특별시,구로구,동화나라어린이집,"서울특별시 구로구 새말로 93 111동 102호(구로동, 신도림태영타운아파트)",37.50623441,126.8891034
서울특별시,구로구,아이원어린이집,서울특별시 구로구 고척로52길 104-5 ,37.50032582,126.8553812
서울특별시,구로구,꿈나래어린이집,서울특별시 구로구 개봉로16가길 10-26 ,37.49041442,126.8575586
서울특별시,구로구,한신타운어린이집,"서울특별시 구로구 고척로 52 102동 104호(오류동, 한신아파트)",37.49856841,126.8404707
서울특별시,구로구,재크어린이집,서울특별시 구로구 디지털로31길 90 구로동 삼성래미안아파트 관리동 1층,37.48873032,126.8920535
서울특별시,구로구,예쁜튼튼어린이집,서울특별시 구로구 구로중앙로26가길 11-5 (구로동),37.49819779,126.8872787
서울특별시,구로구,사랑모아어린이집,서울특별시 구로구 가마산로 87 103동 101호(한일유앤아이아파트),37.48584845,126.876157
서울특별시,구로구,예능어린이집,서울특별시 구로구 신도림로 87 신도림1차동아 1층,37.51096038,126.8822391
서울특별시,구로구,밝은마음어린이집,서울특별시 구로구 경인로35길 71 (고척동2773-59 1층 일부),37.49961518,126.8526716
서울특별시,구로구,바다어린이집,"서울특별시 구로구 구일로4길 65 104동 103호(구로동, 구로주공아파트)",37.49513041,126.8753604
서울특별시,구로구,열린어린이집,서울특별시 구로구 경인로 643 (신도림동),37.50884988,126.8855536
서울특별시,구로구,위브어린이집,서울특별시 구로구 디지털로31길 85 두산위브아파트 내 보육시설 (구로동),37.48589832,126.890629
서울특별시,구로구,큰별어린이집,서울특별시 구로구 구로동로22길 88-1 101호.102호,37.4880262,126.8885739
서울특별시,구로구,또래친구어린이집,서울특별시 구로구 오리로20길 39 (1~3층),37.49760195,126.8308573
서울특별시,구로구,화목어린이집,서울특별시 구로구 구로중앙로8길 41-20 ,37.49364894,126.8934592
서울특별시,구로구,제이백합어린이집,서울특별시 구로구 경인로43길 22 (고척동),37.49767795,126.8619376
서울특별시,구로구,대건어린이집,서울특별시 구로구 구일로8길 16 (구로동),37.4940323,126.8728591
서울특별시,구로구,예쁜꼬마어린이집,"서울특별시 구로구 신도림로 78 309동 101호(신도림동, 동아3차아파트)",37.50938921,126.8847002
서울특별시,구로구,아가랑어린이집,"서울특별시 구로구 중앙로5길 62 4동 106호(고척동, 서울가든아파트)",37.50293473,126.8607486
서울특별시,구로구,예사랑어린이집,"서울특별시 구로구 남부순환로95길 88 101동 102호(개봉동, 두산아파트)",37.49532522,126.8517306
서울특별시,구로구,고려대학교 구로병원 어린이집,서울특별시 구로구 구로동로8길 27 ,37.48703791,126.8862398
서울특별시,구로구,아이빌어린이집,서울특별시 구로구 개봉로11길 46-23 ,37.48891857,126.8532172
서울특별시,구로구,항동발도르프어린이집,"서울특별시 구로구 연동로 296-18 105동 102호(항동, 유승빌리지)",37.4861289,126.8246799
서울특별시,구로구,아람어린이집,"서울특별시 구로구 경인로 382 120동 102호(개봉동, 한마을아파트)",37.496373,126.8630822
서울특별시,구로구,대광어린이집,서울특별시 구로구 개봉로11길 17 (개봉동),37.48772991,126.8552892
서울특별시,구로구,수수꽃다리어린이집,"서울특별시 구로구 오류로8길 11 106동 101호(오류동, 푸르지오아파트)",37.49128662,126.8411126
서울특별시,구로구,꿈초롱어린이집,"서울특별시 구로구 신도림로 16 105동 103호(신도림동, 대림2차아파트)",37.50512282,126.882191
서울특별시,구로구,즐거운 어린이집,"서울특별시 구로구 신도림로 105 203동 105호(신도림동, 우성아파트)",37.51215759,126.8853091
서울특별시,구로구,좋은나무어린이집,"서울특별시 구로구 고척로 49 201동 104호(오류동, 동부골든아파트)",37.49996525,126.8413534
서울특별시,구로구,이삭어린이집,"서울특별시 구로구 구일로4길 65 107동 105호(구로동, 구로주공아파트)",37.49513041,126.8753604
서울특별시,구로구,예은별어린이집,서울특별시 구로구 구로중앙로18길 56 101호(성삼하이츠아파트),37.4956396,126.8925397
서울특별시,구로구,참빛어린이집,"서울특별시 구로구 구일로4길 65 109동 108호(구로동, 주공아파트)",37.49513041,126.8753604
서울특별시,구로구,사랑샘어린이집,"서울특별시 구로구 부일로9길 127 113동 103호(온수동, 현대힐스테이트)",37.49760176,126.8205929
서울특별시,구로구,꿈이크는어린이집,"서울특별시 구로구 경인로 382 111동 101호(개봉동, 한마을아파트)",37.496373,126.8630822
서울특별시,구로구,현대힐스어린이집,서울특별시 구로구 부일로9길 127 온수힐스테이트 107동 (온수동),37.49760176,126.8205929
서울특별시,구로구,대림숲어린이집,"서울특별시 구로구 신도림로 16 101동 104호(신도림동, 신도림2차e-편한세상)",37.50512282,126.882191
서울특별시,구로구,꽃뜰어린이집,"서울특별시 구로구 개봉로2길 133-15 105동 101호(개봉동, 개봉동현대아이파크아파트)",37.48950363,126.8600708
서울특별시,구로구,호수어린이집,"서울특별시 구로구 남부순환로95길 54 106동 106호(개봉동, 삼환아파트)",37.49503483,126.8547106
서울특별시,구로구,예원어린이집,"서울특별시 구로구 구일로4길 46 203동 104호(구로동, 현대연예인아파트)",37.49326723,126.8778699
서울특별시,구로구,이레몬테소리어린이집,"서울특별시 구로구 구일로8길 92 1동 102호(구로동, 중앙하이츠아파트)",37.49773937,126.8763103
서울특별시,구로구,초코렛어린이집,"서울특별시 구로구 신도림로 87 110동 102호(신도림동, 동아1차아파트)",37.51096038,126.8822391
서울특별시,구로구,해뜨락어린이집,서울특별시 구로구 천왕로 9 천왕이펜하우스6단지 605동 1층,37.47902076,126.8422575
서울특별시,구로구,해누리어린이집,서울특별시 구로구 천왕로 92 천왕이펜하우스2단지 203동 1층,37.48522882,126.8380864
서울특별시,구로구,해돋이어린이집,서울특별시 구로구 천왕로 29 천왕이펜하우스4단지 408동 1충,37.48080098,126.8385945
서울특별시,구로구,좋은열매어린이집,서울특별시 구로구 부일로9길 127 (온수힐스테이트아파트115-106 / 온수동 155),37.49760176,126.8205929
서울특별시,구로구,꼬마별어린이집,"서울특별시 구로구 항동로 43 310동 104호 (항동, 항동하버라인3단지)",37.47894239,126.8245712
서울특별시,구로구,구립해사랑어린이집,서울특별시 구로구 천왕로 91 천왕이펜하우스1단지 102동 1층,37.48668938,126.8374452
서울특별시,구로구,우성꼬마별어린이집,"서울특별시 구로구 구일로2길 60 202동 105호 (구로동, 구일우성아파트)",37.48975807,126.8770812
서울특별시,구로구,베베몬테소리어린이집,"서울특별시 구로구 새말로9길 45 102동 102호 (구로동, 신도림현대아파트0",37.5052453,126.8859916
서울특별시,구로구,자연뜰어린이집,"서울특별시 구로구 경인로 248-14 102동 101호(오류동, 동부아파트)",37.49755995,126.8478786
서울특별시,구로구,디큐브어린이집,서울특별시 구로구 경인로 662 ,37.50812307,126.888213
서울특별시,구로구,천왕숲어린이집,"서울특별시 구로구 천왕로1길 5 (오류2동,천왕숲어린이집)",37.48170596,126.8378127
서울특별시,구로구,은가람어린이집,서울특별시 구로구 경인로67길 149 신도림구민생활체육관내 1층,37.51376124,126.8832346
서울특별시,구로구,IBK참!좋은어린이집,"서울특별시 구로구 디지털로32길 55 3층, 구로동",37.48398669,126.8983387
서울특별시,구로구,연지어린이집,서울특별시 구로구 오류로 30 연지타운1단지 104동 1층,37.48636795,126.8399921
서울특별시,구로구,온새미어린이집,서울특별시 구로구 새말로18길 130 ,37.50109433,126.8922878
서울특별시,구로구,새롬마을어린이집,서울특별시 구로구 고척로10길 45 ,37.49722872,126.8418271
서울특별시,구로구,연초롱어린이집,서울특별시 구로구 오리로 1102-10 천왕2지구 2단지 209동1층,37.48401441,126.8433413
서울특별시,구로구,자람어린이집,서울특별시 구로구 항동로 42 506동 103호(한양수자인에듀힐즈),37.47791788,126.8251357
서울특별시,구로구,새로미어린이집,"서울특별시 구로구 오리로 1102-10 213동 104호(천왕동, 천왕연지타운2단지아파트)",37.48401441,126.8433413
서울특별시,구로구,자람터어린이집,서울특별시 구로구 디지털로26길 5 에이스하이엔드타워 1차 201호,37.48161059,126.8934793
서울특별시,구로구,예다움보듬이나눔이어린이집,서울특별시 구로구 개봉로 29 ,37.48829773,126.8559569
서울특별시,구로구,연우어린이집,서울특별시 구로구 천왕로 50 천왕이펜하우스 s,37.48165108,126.8386604
서울특별시,구로구,개봉푸르지오어린이집,서울특별시 구로구 남부순환로 775 개봉푸르지오아파트 복지관1층 개봉푸르지오어린이집,37.50156787,126.8471623
서울특별시,구로구,은솔어린이집,"서울특별시 구로구 경인로67길 33 101동 1층(신도림동, 아이파크아파트)",37.5112823,126.8880693
서울특별시,구로구,가온어린이집,서울특별시 구로구 서해안로34가길 33 ,37.49404171,126.8490757
서울특별시,구로구,푸른숲어린이집,서울특별시 구로구 구일로8길 143 ,37.49891662,126.8769923
서울특별시,구로구,해피벨어린이집,서울특별시 구로구 신도림로 32 702동 101호,37.50737921,126.8807619
서울특별시,구로구,예랑어린이집,"서울특별시 구로구 천왕로 56 313동 104호(천왕동,천왕이펜하우스3단지)",37.48305321,126.8389147
서울특별시,구로구,푸르뫼어린이집,"서울특별시 구로구 고척로 82 201동 103호(개봉동, 거성푸르뫼2차아파트)",37.4998258,126.8431236
서울특별시,구로구,한사랑어린이집,서울특별시 구로구 개봉로3길 87 110동 103호,37.48589874,126.850971
서울특별시,구로구,초롱어린이집,서울특별시 구로구 개봉로20길 6 116동 101호,37.49288023,126.8593081
서울특별시,구로구,행복한아이어린이집,"서울특별시 구로구 개봉로20길 6 105동 103호(개봉동, 현대아파트)",37.49288023,126.8593081
서울특별시,구로구,사랑가득어린이집,서울특별시 구로구 신도림로 87 103동 101호,37.51096038,126.8822391
서울특별시,구로구,구로구청 사랑채움 어린이집,서울특별시 구로구 가마산로 245 ,37.49550546,126.8882924
서울특별시,구로구,경남큰사랑어린이집,"서울특별시 구로구 오류로 65 105동 101호(오류동, 경남아너스빌)",37.49064484,126.8401133
서울특별시,구로구,키즈극동어린이집,"서울특별시 구로구 구로중앙로7길 28 1동 101호(구로동, 극동아파트)",37.49124272,126.8894496
서울특별시,구로구,꿈사랑어린이집,서울특별시 구로구 경인로40길 11 101동 104호,37.49605678,126.8594226
서울특별시,구로구,오류동행복주택어린이집,서울특별시 구로구 경인로20가길 38 1층,37.49535812,126.8460358
서울특별시,구로구,하늘어린이집,서울특별시 구로구 개봉로20길 6 124동 104호,37.49288023,126.8593081
서울특별시,구로구,파란나라어린이집,서울특별시 구로구 중앙로1길 18-19 103동 105호,37.49857739,126.8631491
서울특별시,구로구,두산어린이집,"서울특별시 구로구 도림로 59 105동 102호(구로동,구로두산아파트)",37.4898994,126.8889619
서울특별시,구로구,사랑별어린이집,서울특별시 구로구 구로동로8길 30-1 ,37.48705365,126.8865783
서울특별시,구로구,이화우성어린이집,서울특별시 구로구 도림로22길 8 101동 110호,37.49014861,126.8932544
서울특별시,구로구,사과나무어린이집,서울특별시 구로구 개봉로20길 158 204동 102호,37.49204228,126.8607374
서울특별시,구로구,블루밍서연어린이집,서울특별시 구로구 고척로60길 30 고척벽산베스트블루밍 아파트 관리동 1층,37.50514966,126.8587666
서울특별시,구로구,경선어린이집,서울특별시 구로구 개봉로20길 6 118동 102호,37.49288023,126.8593081
서울특별시,구로구,해봄어린이집,서울특별시 구로구 금오로 882 어린이집,37.47600309,126.842316
서울특별시,구로구,하늘빛어린이집,서울특별시 구로구 고척로52나길 25 1층 어린이집,37.50512671,126.8573602
서울특별시,구로구,하늘샘어린이집,서울특별시 구로구 개봉로18길 17 ,37.49142739,126.857003
서울특별시,구로구,우방어린이집,서울특별시 구로구 구일로 154-17 101동 101호,37.49780787,126.8743698
서울특별시,구로구,한진예닮어린이집,"서울특별시 구로구 개봉로3길 87 101동 101호(개봉동,한진타운아파트)",37.48589874,126.850971
서울특별시,구로구,해오름어린이집,"서울특별시 구로구 공원로6가길 67 3동 102호(구로동,구로우성아파트)",37.50426971,126.8889459
서울특별시,구로구,푸르지오아이숲어린이집,서울특별시 구로구 중앙로 121 고척파크푸르지오 관리동,37.50887105,126.8579863
서울특별시,구로구,꿈나무어린이집,"서울특별시 구로구 구일로4길 46 204동 105호(구로동,현대연예인아파트)",37.49326723,126.8778699
서울특별시,구로구,느티나무어린이집,서울특별시 구로구 항동로 43 1층 관리동,37.47894239,126.8245712
서울특별시,구로구,예크어린이집,서울특별시 구로구 개봉로20길 158 현대홈타운 2단지아파트 관리동 1층,37.49204228,126.8607374
서울특별시,구로구,햇살어린이집,서울특별시 구로구 경인로47다길 34-7 우성꿈동산 아파트 우성상가(고척동),37.5032744,126.8659581
서울특별시,구로구,꽃망울어린이집,"서울특별시 구로구 항동로 72 관리동(항동, 하버라인 4단지)",37.48129309,126.826871
서울특별시,구로구,늘사랑어린이집,서울특별시 구로구 구로중앙로40길 24 ,37.50673513,126.8773759
서울특별시,구로구,자연숲어린이집,"서울특별시 구로구 연동로 234 관리동(항동, 하버라인 2단지)",37.48173063,126.8221464
서울특별시,구로구,항동하랑어린이집,서울특별시 구로구 항동로 42 ,37.47791788,126.8251357
서울특별시,구로구,새빛어린이집,서울특별시 구로구 연동로 233 ,37.48169335,126.820551
서울특별시,구로구,엔젤어린이집,서울특별시 구로구 디지털로31길 90 108동 103호,37.48873032,126.8920535
서울특별시,구로구,날아라어린이집,서울특별시 구로구 부광로 96-16 ,37.47543908,126.8163791
서울특별시,구로구,참누리어린이집,"서울특별시 구로구 경인로 302 관리동 (개봉동,개봉역센트레빌레우스 임대아파트)",37.49569395,126.8559907
서울특별시,구로구,해바라기어린이집,서울특별시 구로구 항동로 8 관리동,37.47744551,126.8210054
서울특별시,구로구,별하어린이집,서울특별시 구로구 항동로 68 하버라인9단지 관리동 내,37.48042652,126.8258428
서울특별시,구로구,보배사랑어린이집,서울특별시 구로구 중앙로12길 7 101동 101호,37.50604755,126.8613085
서울특별시,구로구,푸르니어린이집,서울특별시 구로구 신도림로 16 302동 104호,37.50512282,126.882191
서울특별시,구로구,하영어린이집,서울특별시 구로구 신도림로 16 406동102호,37.50512282,126.882191
서울특별시,구로구,꿈동산어린이집,"서울특별시 구로구 남부순환로95길 16 101동 101호(개봉동, 삼호아파트)",37.49456794,126.8573079
서울특별시,구로구,현대열린어린이집,서울특별시 구로구 개봉로20길 6 현대아파트 1단지내(개봉역입구쪽),37.49288023,126.8593081
서울특별시,구로구,원진어린이집,"서울특별시 구로구 고척로55길 21 (고척동, 원진어린이집)",37.50586789,126.8556649
서울특별시,구로구,비룡어린이집,서울특별시 구로구 고척로33길 43 ,37.50441369,126.8482058
서울특별시,구로구,구로행복어린이집,서울특별시 구로구 부광로 88 1층,37.47717877,126.8168034
서울특별시,구로구,디지털꿈터어린이집,서울특별시 구로구 디지털로27길 36 1층 108호,37.48374217,126.8925563
서울특별시,구로구,별숲어린이집,서울특별시 구로구 경인로43길 49 고척아이파크MD 내 관리실,37.49913188,126.8575901
서울특별시,구로구,달숲어린이집,서울특별시 구로구 중앙로5길 59 고척아이파크 RD 내 관리동,37.50140576,126.8594043
서울특별시,구로구,넷마블푸르니어린이집,서울특별시 구로구 남부순환로107길 29 1층 ~ 4층,37.47999239,126.8943939
서울특별시,금천구,구립기쁨어린이집,서울특별시 금천구 범안로12길 63-3 (독산동),37.46448541,126.8935255
서울특별시,금천구,구립벽산꿈어린이집,"서울특별시 금천구 금하로 816 511동 102호(시흥동, 벽산5단지아파트)",37.44977863,126.9200208
서울특별시,금천구,믿음어린이집,서울특별시 금천구 시흥대로100길 38 (독산동),37.46416426,126.8995623
서울특별시,금천구,양문어린이집,서울특별시 금천구 시흥대로45길 35 (시흥동) 1층,37.44828316,126.9002683
서울특별시,금천구,천사마을어린이집,서울특별시 금천구 독산로24길 19 (시흥동),37.45527194,126.9071014
서울특별시,금천구,해솔예술어린이집,서울특별시 금천구 시흥대로90길 63 ,37.46300845,126.9007439
서울특별시,금천구,구립옥계어린이집,서울특별시 금천구 시흥대로86길 20 (독산동),37.46019729,126.9003189
서울특별시,금천구,아름누리어린이집,서울특별시 금천구 독산로50길 89 삼익아파트 단지내,37.46375636,126.9091263
서울특별시,금천구,소망어린이집,서울특별시 금천구 범안로 1187 (독산동),37.4668599,126.8936929
서울특별시,금천구,구립개미어린이집,서울특별시 금천구 독산로54길 251 (독산동),37.47305072,126.9058825
서울특별시,금천구,청담어린이집,서울특별시 금천구 탑골로 35 (시흥동),37.45219347,126.9131721
서울특별시,금천구,벽산타운사임당어린이집,"서울특별시 금천구 금하로 816 517동 103호(시흥동, 관악산벽산타운아파트)",37.44977863,126.9200208
서울특별시,금천구,구립은하수어린이집,"서울특별시 금천구 금하로 793 103동 101호(시흥동, 벽산아파트)",37.45221259,126.9182453
서울특별시,금천구,구립새길어린이집,서울특별시 금천구 시흥대로12길 82 (시흥동),37.44026708,126.907431
서울특별시,금천구,구립탑골어린이집,서울특별시 금천구 금하로 764 (시흥동),37.44961226,126.9142942
서울특별시,금천구,구립독산본동어린이집,서울특별시 금천구 시흥대로150길 79 (독산동),37.477433,126.902482
서울특별시,금천구,구립독산1동어린이집,서울특별시 금천구 벚꽃로18길 33 (독산동),37.46824673,126.8908191
서울특별시,금천구,구립시흥5동어린이집,서울특별시 금천구 독산로10길 24 (시흥동),37.44989545,126.9072629
서울특별시,금천구,구립가산어린이집,서울특별시 금천구 벚꽃로38길 35 (가산동),37.48285361,126.8842664
서울특별시,금천구,은혜어린이집,서울특별시 금천구 독산로 251 1층 은혜어린이집,37.46921274,126.9021747
서울특별시,금천구,구립유쉘어린이집,서울특별시 금천구 금하로 750 우방아파트 단지내 구립유쉘어린이집,37.44907344,126.9136586
서울특별시,금천구,생명어린이집,서울특별시 금천구 금하로23길 19 (시흥동),37.452094,126.9085119
서울특별시,금천구,물빛사랑어린이집,서울특별시 금천구 시흥대로40마길 23-1 ,37.44753021,126.9086618
서울특별시,금천구,구립정심어린이집,서울특별시 금천구 독산로54길 129 (독산동),37.46776434,126.9072791
서울특별시,금천구,구립꼬꼬어린이집,"서울특별시 금천구 가산로 99 107동 102호(가산동, 두산아파트)",37.47615677,126.8912894
서울특별시,금천구,구립금주어린이집,서울특별시 금천구 시흥대로70길 34 (시흥동),37.45647445,126.9016629
서울특별시,금천구,근로복지공단모아래어린이집,서울특별시 금천구 가산로9길 35 (가산동),37.47628719,126.8904563
서울특별시,금천구,연세어린이집,서울특별시 금천구 독산로65길 14 (독산동),37.46432707,126.9020263
서울특별시,금천구,엔젤어린이집,서울특별시 금천구 문성로1길 7 (독산동),37.4767716,126.904171
서울특별시,금천구,구립유나어린이집,"서울특별시 금천구 금하로 816 516동 102호(시흥동, 관악산벽산타운아파트)",37.44977863,126.9200208
서울특별시,금천구,구립또래어린이집,"서울특별시 금천구 금하로 793 115동 103호(시흥동, 벽산아파트)",37.45221259,126.9182453
서울특별시,금천구,구립예담어린이집,"서울특별시 금천구 범안로 1136 103동 104호(독산동, 중앙하이츠아파트)",37.46533082,126.8885367
서울특별시,금천구,자연유아어린이집,서울특별시 금천구 시흥대로40길 93 (시흥동),37.44676358,126.9082535
서울특별시,금천구,시흥삐아제어린이집,서울특별시 금천구 독산로27길 33 (시흥동),37.45684373,126.904804
서울특별시,금천구,동화나라어린이집,서울특별시 금천구 독산로 78-1 ,37.45457051,126.9069992
서울특별시,금천구,행복한어린이집,서울특별시 금천구 시흥대로144길 27 (독산동),37.47366086,126.9008917
서울특별시,금천구,구립우리어린이집,서울특별시 금천구 범안로 1136 구립우리어린이집,37.46533082,126.8885367
서울특별시,금천구,샛별어린이집,서울특별시 금천구 가산로3길 46 (가산동),37.47233502,126.893036
서울특별시,금천구,구립예람어린이집,서울특별시 금천구 독산로72길 11-16 ,37.46849367,126.903081
서울특별시,금천구,예뜰창의어린이집,서울특별시 금천구 시흥대로126길 47 (독산동),37.46982325,126.9015045
서울특별시,금천구,청솔어린이집,서울특별시 금천구 가산로 106 두산주상복합상가 101,37.47544481,126.8936809
서울특별시,금천구,황성영재어린이집,서울특별시 금천구 독산로40길 47 (시흥동),37.4610061,126.9070191
서울특별시,금천구,행복한에덴어린이집,"서울특별시 금천구 금하로 793 106동 102호(시흥동, 벽산아파트)",37.45221259,126.9182453
서울특별시,금천구,다솜어린이집,서울특별시 금천구 시흥대로62가길 23-1 ,37.45564268,126.9030278
서울특별시,금천구,에덴어린이집,서울특별시 금천구 독산로10길 33 (시흥동),37.4502707,126.9076856
서울특별시,금천구,세광어린이집,서울특별시 금천구 독산로 124 세광교회 내 (시흥동),37.45834143,126.9055214
서울특별시,금천구,구립독산한신사임당어린이집,"서울특별시 금천구 한내로 62 12동 103호(독산동, 한신)",37.45539127,126.8888776
서울특별시,금천구,독산빅스맘어린이집,"서울특별시 금천구 시흥대로150길 6 101동 108호(독산동, 한양수자인아파트)",37.4760196,126.8998116
서울특별시,금천구,세광방과후교실어린이집,서울특별시 금천구 독산로 124 (시흥동),37.45834143,126.9055214
서울특별시,금천구,솜사탕어린이집,서울특별시 금천구 독산로58나길 38 101호,37.46457284,126.9064406
서울특별시,금천구,푸른솔어린이집,서울특별시 금천구 시흥대로130길 24-4 ,37.47055603,126.9002064
서울특별시,금천구,열매어린이집,서울특별시 금천구 독산로80길 11-10 ,37.47152431,126.903963
서울특별시,금천구,구립시흥4동어린이집,서울특별시 금천구 독산로36길 14 (시흥동),37.45897879,126.9061844
서울특별시,금천구,현대키즈어린이집,"서울특별시 금천구 벚꽃로 73 101동 102호(독산동, 금천현대아파트)",37.46291004,126.8904233
서울특별시,금천구,구립화목한어린이집,"서울특별시 금천구 독산로10길 96 1동 110호(시흥동, 남서울건영2차아파트)",37.44963404,126.9105019
서울특별시,금천구,나무와숲어린이집,서울특별시 금천구 시흥대로47길 43 (시흥동)  시흥1동  럭키아파트 5-109,37.45065829,126.8989539
서울특별시,금천구,구립꿈나래어린이집,서울특별시 금천구 금하로3길 32 (시흥동),37.45492781,126.8973671
서울특별시,금천구,금나래어린이집,서울특별시 금천구 시흥대로73길 70 금천구청 2층 (시흥동),37.45706565,126.8960369
서울특별시,금천구,구립도로시몬테소리어린이집,"서울특별시 금천구 벚꽃로 73 108동 106호(독산동, 금천현대아파트)",37.46291004,126.8904233
서울특별시,금천구,구립아이뜰어린이집,"서울특별시 금천구 벚꽃로 234 에이스하이엔드6차 (가산동) 102,103,104,105,109-1호",37.4759973,126.8861324
서울특별시,금천구,천사어린이집,서울특별시 금천구 시흥대로 165 남서울힐스테이트 204동 101호(시흥동),37.44790332,126.9007227
서울특별시,금천구,구립참행복한어린이집,서울특별시 금천구 시흥대로 165 남서울힐스테이트아파트 212동 102호,37.44790332,126.9007227
서울특별시,금천구,힐스테이트사임당어린이집,서울특별시 금천구 시흥대로 165 남서울힐스테이트106-104,37.44790332,126.9007227
서울특별시,금천구,마리오아울렛어린이집,서울특별시 금천구 디지털로9길 23 ,37.47872057,126.8864768
서울특별시,금천구,구립해야해야어린이집,서울특별시 금천구 한내로 69-15 ,37.45738086,126.8864725
서울특별시,금천구,구립새롬어린이집,서울특별시 금천구 독산로58가길 88 ,37.46582101,126.90725
서울특별시,금천구,구립한빛어린이집,서울특별시 금천구 시흥대로118길 23 ,37.46842631,126.9000904
서울특별시,금천구,구립튼튼이어린이집,서울특별시 금천구 독산로50길 23 ,37.46309707,126.9056419
서울특별시,금천구,구립도담어린이집,서울특별시 금천구 독산로32나길 48 ,37.45921431,126.9080058
서울특별시,금천구,구립새싹어린이집,서울특별시 금천구 시흥대로34길 9 ,37.44326788,126.9051298
서울특별시,금천구,구립올고운어린이집,서울특별시 금천구 금하로29길 30 ,37.45131468,126.9131272
서울특별시,금천구,구립금하새빛어린이집,서울특별시 금천구 금하로1가길 10 ,37.45241582,126.8918428
서울특별시,금천구,구립독산2동어린이집,서울특별시 금천구 시흥대로98길 45 ,37.46433084,126.9002852
서울특별시,금천구,구립아람어린이집,서울특별시 금천구 벚꽃로 40 롯데캐슬골드파크1차아파트 내,37.46005964,126.8930206
서울특별시,금천구,구립별솔어린이집,"서울특별시 금천구 한내로 62 4동 104호(독산한신아파트,독산제1동)",37.45539127,126.8888776
서울특별시,금천구,키움어린이집,서울특별시 금천구 벚꽃로 40 111동 105호,37.46005964,126.8930206
서울특별시,금천구,구립남서울힐스테이트어린이집,서울특별시 금천구 시흥대로 165 남서울힐스테이트아파트 커뮤니티센터,37.44790332,126.9007227
서울특별시,금천구,구립롯데금빛어린이집,서울특별시 금천구 벚꽃로 40 롯데캐슬골드파크1차아파트 내,37.46005964,126.8930206
서울특별시,금천구,별찌어린이집,서울특별시 금천구 벚꽃로6길 3 102동 102호,37.46061001,126.8924636
서울특별시,금천구,구립우솔어린이집,서울특별시 금천구 금하로 816 벽산아파트 518-101,37.44977863,126.9200208
서울특별시,금천구,구립슬기어린이집,"서울특별시 금천구 한내로 69-54 1402동 101호(독산동, 주공14단지아파트)",37.46021679,126.8858148
서울특별시,금천구,롯데가온어린이집,서울특별시 금천구 시흥대로 291 ,37.45995605,126.8966992
서울특별시,금천구,구립해맑은어린이집,서울특별시 금천구 독산로35길 15-6 한백아트 101호,37.45795342,126.9040285
서울특별시,금천구,구립별마루어린이집,서울특별시 금천구 독산로94길 17 ,37.47469843,126.9041277
서울특별시,금천구,구립캐슬아이어린이집,서울특별시 금천구 벚꽃로 30 금천 롯데캐슬 골드파크 2차 관리동어린이집,37.45822291,126.8937104
서울특별시,금천구,꾸미어린이집,서울특별시 금천구 시흥대로77길 23 시흥베르빌 아파트 101동 104호,37.45755194,126.8975936
서울특별시,금천구,구립초록빛어린이집,서울특별시 금천구 시흥대로68길 89 ,37.45873208,126.9034825
서울특별시,금천구,구립소나무어린이집,서울특별시 금천구 독산로58나길 81 ,37.46658001,126.9066525
서울특별시,금천구,구립독산e편한어린이집,서울특별시 금천구 범안로 1212 ,37.46603524,126.8962641
서울특별시,금천구,구립지혜어린이집,서울특별시 금천구 시흥대로76길 19 골드빌 101호,37.458355,126.9005433
서울특별시,금천구,구립독산롯데캐슬어린이집,서울특별시 금천구 벚꽃로 100 독산역 롯데캐슬아파트 단지내,37.46417065,126.8911108
서울특별시,금천구,봄빛어린이집,서울특별시 금천구 벚꽃로 100 독산역롯데캐슬아파트 106동 103호,37.46417065,126.8911108
서울특별시,금천구,예솔어린이집,서울특별시 금천구 벚꽃로 100 105동 102호,37.46417065,126.8911108
서울특별시,금천구,서울금천경찰서어린이집,서울특별시 금천구 시흥대로73길 50 ,37.45725134,126.8967472
서울특별시,금천구,LG전자가산어린이집,서울특별시 금천구 가산디지털1로 45 103호,37.46990664,126.8855545
서울특별시,금천구,구립G밸리어린이집,"서울특별시 금천구 두산로 70 현대지식산업센터 제티-116호, 117-1호",37.46896278,126.8956207
서울특별시,금천구,구립별하어린이집,서울특별시 금천구 시흥대로149가길 24 가산동,37.47635388,126.8952453
서울특별시,금천구,하늘빛어린이집,서울특별시 금천구 금하로 816 510동 103호,37.44977863,126.9200208
서울특별시,영등포구,여의도순복음어린이집,서울특별시 영등포구 국회대로76길 25 (여의도동),37.53010009,126.9236679
서울특별시,영등포구,석화어린이집,"서울특별시 영등포구 선유서로 115 101동 106호(양평동3가, 삼천리아파트)",37.52618309,126.885347
서울특별시,영등포구,양평2동어린이집,서울특별시 영등포구 선유로53길 20-7 (양평동4가),37.53811004,126.8964169
서울특별시,영등포구,영삼어린이집,서울특별시 영등포구 영등포로35길 13 (영등포동6가),37.5213441,126.9041762
서울특별시,영등포구,구민회관어린이집,서울특별시 영등포구 국회대로 596 ,37.52600873,126.9001093
서울특별시,영등포구,어깨동무어린이집,서울특별시 영등포구 영신로13길 8 (영등포동),37.51361738,126.9074707
서울특별시,영등포구,꿈나무어린이집,서울특별시 영등포구 대방천로 199 (신길동),37.49902363,126.9130554
서울특별시,영등포구,대림1동어린이집,서울특별시 영등포구 디지털로 441 (대림동),37.49545723,126.905842
서울특별시,영등포구,신일어린이집,서울특별시 영등포구 영등포로84길 24-5 (신길동),37.51116875,126.9214422
서울특별시,영등포구,하정하나어린이집,서울특별시 영등포구 여의대방로43길 1 (신길동),37.50600453,126.9222371
서울특별시,영등포구,신길5동어린이집,서울특별시 영등포구 신길로13길 20 (신길동),37.49759645,126.9061245
서울특별시,영등포구,양평1동 어린이집,서울특별시 영등포구 양평동1가 선유서로24길 21 양평1동어린이집,37.52362544,126.8883802
서울특별시,영등포구,양평3가어린이집,서울특별시 영등포구 선유서로34길 10 (양평동3가),37.5268695,126.8874353
서울특별시,영등포구,영등포구청직장어린이집,서울특별시 영등포구 당산동3가 선유동1로 80 영등포구청직장어린이집,37.5286199,126.89449
서울특별시,영등포구,킨더벨트어린이집,"서울특별시 영등포구 여의대방로43나길 25 107동 101호(신길동, 삼환아파트)",37.50662535,126.920787
서울특별시,영등포구,베어스어린이집,"서울특별시 영등포구 선유서로 40 101동 106호(문래동6가, 베어스타운아파트)",37.51899427,126.884795
서울특별시,영등포구,아이꿈나무어린이집,"서울특별시 영등포구 문래로4길 6 201동 106호(문래동6가, 현대아파트)",37.52019592,126.8828555
서울특별시,영등포구,꿈나라어린이집,서울특별시 영등포구 신풍로19가길 12-1 원형스위트빌 101호 (신길동),37.50125712,126.9178183
서울특별시,영등포구,당산1동어린이집,서울특별시 영등포구 영등포로25길 24 (당산동1가),37.52308069,126.8984624
서울특별시,영등포구,에덴어린이집,"서울특별시 영등포구 여의대로6길 17 C동 106호(여의도동, 공작아파트)",37.52705074,126.9296087
서울특별시,영등포구,예꼬어린이집,"서울특별시 영등포구 도신로29길 28 202동 101호(영등포동, 영등포푸르지오2단지아파트)",37.51175428,126.9023257
서울특별시,영등포구,아이세상어린이집,"서울특별시 영등포구 도신로29길 28 215동 104호(영등포동, 영등포푸르지오2단지아파트)",37.51175428,126.9023257
서울특별시,영등포구,예쁜아이어린이집,서울특별시 영등포구 대방천로 245-19 ,37.49940819,126.918118
서울특별시,영등포구,여의도아이사랑어린이집,"서울특별시 영등포구 국제금융로 79 C동 102호(여의도동, 한양아파트)",37.52214313,126.9324829
서울특별시,영등포구,피터팬어린이집,"서울특별시 영등포구 당산로 95 102동 101호(당산동2가, 한전현대아파트)",37.52402305,126.894863
서울특별시,영등포구,한신또래어린이집,"서울특별시 영등포구 양평로24길 9 105동 101호(양평동5가, 한신아파트)",37.54028033,126.8917458
서울특별시,영등포구,온머리어린이집,"서울특별시 영등포구 영등포로 351 102동 101호(신길동, 신길동경남아파트)",37.51531105,126.9180311
서울특별시,영등포구,동화나라어린이집,"서울특별시 영등포구 도신로29길 28 205동 104호(영등포동, 영등포푸르지오2단지아파트)",37.51175428,126.9023257
서울특별시,영등포구,청담몬테소리어린이집,"서울특별시 영등포구 당산동4가 당산로42길 16 504동 103호(당산동4가, 현대5차아파트)",37.53059009,126.899629
서울특별시,영등포구,사랑채움어린이집,"서울특별시 영등포구 선유로 207 601동 102호(양평동3가, 현대6차아파트)",37.53200749,126.8937947
서울특별시,영등포구,웰라이어린이집,"서울특별시 영등포구 영등포로62길 42 101동 104호(영등포동, 순영웰라이빌)",37.51656799,126.913539
서울특별시,영등포구,오렌지어린이집,"서울특별시 영등포구 당산로42길 7 201동 105호(당산동5가, 효성아파트)",37.53066658,126.9003635
서울특별시,영등포구,해태어린이집,서울특별시 영등포구 가마산로 316 (대림동),37.4980624,126.8948361
서울특별시,영등포구,푸른어린이집,서울특별시 영등포구 신길로62나길 3-1 ,37.51428969,126.9158875
서울특별시,영등포구,성모어린이집,서울특별시 영등포구 63로 10 ,37.51827081,126.9367298
서울특별시,영등포구,국회제1어린이집,서울특별시 영등포구 의사당대로 1 국회제1어린이집,37.53291197,126.9164039
서울특별시,영등포구,새예닮어린이집,서울특별시 영등포구 신길로60마길 10 (신길동),37.51384288,126.9133836
서울특별시,영등포구,금융감독원어린이집,서울특별시 영등포구 여의대로 38 금융감독원어린이집 (여의도동),37.52308297,126.9214217
서울특별시,영등포구,한남어린이집,서울특별시 영등포구 양산로 182 (영등포동6가),37.5228565,126.9032747
서울특별시,영등포구,영신어린이집,서울특별시 영등포구 신길로 132 (신길동),37.50397312,126.9106397
서울특별시,영등포구,예승아트스쿨어린이집,서울특별시 영등포구 신길로42길 10 ,37.50785139,126.9118134
서울특별시,영등포구,건강한현대어린이집,서울특별시 영등포구 도신로 31 현대아파트 관리동,37.50623471,126.8951535
서울특별시,영등포구,꼬마대통령어린이집,서울특별시 영등포구 여의대방로47길 12 (신길동),37.50909535,126.9223909
서울특별시,영등포구,신대림어린이집,서울특별시 영등포구 디지털로 455-7 ,37.4962984,126.9069637
서울특별시,영등포구,당성어린이집,서울특별시 영등포구 당산로18길 14-2 ,37.52282967,126.8977278
서울특별시,영등포구,영성어린이집,서울특별시 영등포구 영중로33길 9 비동(영등포성결교회내) (영등포동8가),37.52612702,126.9044585
서울특별시,영등포구,삼성아이어린이집,서울특별시 영등포구 버드나루로 130 강변삼성래미안아파트 3차 관리동 1층,37.5305725,126.9080121
서울특별시,영등포구,예님어린이집,서울특별시 영등포구 도영로7길 10 (도림동),37.5094934,126.8959996
서울특별시,영등포구,강성어린이스쿨어린이집,서울특별시 영등포구 대림로 128-2 (대림동),37.49291588,126.9018935
서울특별시,영등포구,강남새 어린이집,서울특별시 영등포구 당산로42길 16 현대5차아파트 단지내 (당산동4가),37.53059009,126.899629
서울특별시,영등포구,효성어린이집,서울특별시 영등포구 당산로42길 13 효성아파트 1차 관리동1층 (당산동5가),37.53109883,126.9019165
서울특별시,영등포구,리틀영일우리어린이집,서울특별시 영등포구 도신로29사길 22 ,37.51086551,126.9064119
서울특별시,영등포구,참고은어린이집,서울특별시 영등포구 도림로47길 18-1 (대림동),37.49691327,126.9000442
서울특별시,영등포구,푸른숲어린이집,서울특별시 영등포구 당산로 95 한전현대아파트 단지내 푸른숲어린이집 당산동2가,37.52402305,126.894863
서울특별시,영등포구,선유몬테소리어린이집,"서울특별시 영등포구 양평로24길 9 104동 105호(양평동5가, 한신아파트)",37.54028033,126.8917458
서울특별시,영등포구,작은또래어린이집,"서울특별시 영등포구 양평로24길 9 102동 104호(양평동5가, 한신아파트)",37.54028033,126.8917458
서울특별시,영등포구,꼬꼬마어린이집,"서울특별시 영등포구 여의대방로 25 104동 101호(신길동, 경남보라매아너스빌)",37.49471168,126.9089784
서울특별시,영등포구,도림방과후교실어린이집,서울특별시 영등포구 도영로 37 (도림동),37.51018386,126.8974675
서울특별시,영등포구,대림2동어린이집,서울특별시 영등포구 대림로23길 27 구립대림2동어린이집,37.49261965,126.8980785
서울특별시,영등포구,도림어린이집,서울특별시 영등포구 도영로 37 (도림동),37.51018386,126.8974675
서울특별시,영등포구,햇살가득어린이집,"서울특별시 영등포구 도신로29길 28 214동 101호(영등포동, 영등포푸르지오2단지아파트)",37.51175428,126.9023257
서울특별시,영등포구,KBS어린이집,서울특별시 영등포구 여의공원로 13 ,37.52596989,126.9167168
서울특별시,영등포구,하늘어린이집,"서울특별시 영등포구 63로 45 11동 12호(여의도동, 여의도시범아파트)",37.52135273,126.9373261
서울특별시,영등포구,청구 어린이집,"서울특별시 영등포구 도영로7길 5 101동 112호(도림동, 도림청구아파트)",37.50891216,126.8958932
서울특별시,영등포구,코오롱미소천사어린이집,"서울특별시 영등포구 도영로 2-5 102동 102호(대림동, 대림코오롱아파트)",37.50714272,126.894325
서울특별시,영등포구,영등포사임당어린이집,서울특별시 영등포구 양산로 177 경남아너스빌아파트 관리동 (영등포동7가),37.52446352,126.9031483
서울특별시,영등포구,우리누리어린이집,서울특별시 영등포구 선유로 243 ,37.53446788,126.8956442
서울특별시,영등포구,킨더리베어린이집,"서울특별시 영등포구 여의대방로43나길 25 101동 108호(신길동, 삼환아파트)",37.50662535,126.920787
서울특별시,영등포구,하나푸르니신길어린이집,서울특별시 영등포구 신길로40길 5 (신길동),37.50715236,126.9116554
서울특별시,영등포구,별님스타키즈 어린이집,서울특별시 영등포구 당산로41길 17 ,37.53169027,126.8973845
서울특별시,영등포구,대원꼬마숲어린이집,서울특별시 영등포구 문래로4길 26 대원칸타빌 101동 104호 (문래동6가),37.51874728,126.8829437
서울특별시,영등포구,키즈비손어린이집,"서울특별시 영등포구 도림로143길 32 101동 104호(문래동4가, 문래동삼환아파트)",37.51402592,126.8890871
서울특별시,영등포구,문래동어린이집,서울특별시 영등포구 도림로141가길 16 (문래동4가),37.51553153,126.8913548
서울특별시,영등포구,국회제2어린이집,서울특별시 영등포구 의사당대로 1 (여의도동),37.53291197,126.9164039
서울특별시,영등포구,하늘사랑어린이집,"서울특별시 영등포구 영등포로12길 8 3동 107호(양평동1가, 신동아아파트)",37.52235537,126.887037
서울특별시,영등포구,남서울교회부설 꿈이있는어린이집,서울특별시 영등포구 신풍로16길 1 꿈이있는 어린이집,37.49947408,126.9152096
서울특별시,영등포구,당산삼성어린이집,"서울특별시 영등포구 당산로36길 12 203동 102호(당산동4가, 삼성아파트)",37.52807906,126.8978061
서울특별시,영등포구,삼성래미안어린이집,"서울특별시 영등포구 양평동2가 영등포로3길 9 105동 106호(양평동2가, 양평삼성아파트)",37.52465168,126.8821637
서울특별시,영등포구,늘푸른어린이집,"서울특별시 영등포구 도신로15라길 5-7 101동 103호(도림동, 한라아파트)",37.50785334,126.897382
서울특별시,영등포구,여의동어린이집,서울특별시 영등포구 국제금융로 124 (여의도동),37.51769391,126.934614
서울특별시,영등포구,은빛어린이집,"서울특별시 영등포구 도신로 68 106동 107호(신길동, 신길우성1차아파트)",37.50576147,126.899792
서울특별시,영등포구,양평늘푸른어린이집,"서울특별시 영등포구 양평동3가 선유로 207 609동 102호(양평동3가, 현대6차아파트)",37.53200749,126.8937947
서울특별시,영등포구,아이네오어린이집,서울특별시 영등포구 당산동3가 당산로31길 32 ,37.52769544,126.8932462
서울특별시,영등포구,은아어린이집,"서울특별시 영등포구 선유서로 40 101동 101호(문래동6가, 베어스타운아파트)",37.51899427,126.884795
서울특별시,영등포구,열린세상어린이집,"서울특별시 영등포구 선유로33길 22 101동 106호(양평동3가, 양평경남아파트)",37.52720953,126.8883743
서울특별시,영등포구,금융투자협회푸르니어린이집,서울특별시 영등포구 여의나루로 67-8 ,37.52387083,126.9262126
서울특별시,영등포구,한국수출입은행 꿈누리 어린이집,서울특별시 영등포구 은행로 38 ,37.52863723,126.923399
서울특별시,영등포구,케이알엑스푸르니어린이집,서울특별시 영등포구 여의나루로 76 ,37.52291203,126.9280414
서울특별시,영등포구,KDB어린이집,서울특별시 영등포구 은행로 14 한국산업은행,37.5271224,126.920832
서울특별시,영등포구,행복드림어린이집,서울특별시 영등포구 문래로20길 14 문래공원한신아파트 2동 101호,37.51713359,126.893319
서울특별시,영등포구,베네베네어린이집,서울특별시 영등포구 당산로 95 현대아파트 106동  107호,37.52402305,126.894863
서울특별시,영등포구,현대어린이집,서울특별시 영등포구 선유서로 31 현대6차아파트 601동 101호,37.51863216,126.8839747
서울특별시,영등포구,동화숲어린이집,서울특별시 영등포구 도신로 31 현대3차아파트 304동 104호,37.50623471,126.8951535
서울특별시,영등포구,해피아이 어린이집,서울특별시 영등포구 가마산로 312 신동아아파트 3동 102호,37.49747457,126.8943168
서울특별시,영등포구,행복한어린이집,서울특별시 영등포구 도신로29길 28 영등포푸르지오 112동 104호,37.51175428,126.9023257
서울특별시,영등포구,해누리어린이집,서울특별시 영등포구 대림로 256 성원아파트 101동 103호,37.50415159,126.8966941
서울특별시,영등포구,꿈이크는어린이집,서울특별시 영등포구 도신로 100 신길우성5차아파트 502동 105호,37.50675091,126.9030867
서울특별시,영등포구,리틀푸른어린이집,서울특별시 영등포구 시흥대로181길 17 ,37.4910173,126.9059068
서울특별시,영등포구,한신엄마품어린이집,서울특별시 영등포구 양평동5가 양평로24길 9 한신아파트 103동 101호,37.54028033,126.8917458
서울특별시,영등포구,KDB꿈나무어린이집,서울특별시 영등포구 은행로 22 산업은행 별관 1층,37.52781687,126.9220246
서울특별시,영등포구,LG사랑어린이집,서울특별시 영등포구 여의대로 128 LG트윈타워,37.5279271,126.9292412
서울특별시,영등포구,목화마을어린이집,서울특별시 영등포구 문래동3가 경인로 775 에이스하이테크시티 1-101,37.51474642,126.8975368
서울특별시,영등포구,삼육어린이집,"서울특별시 영등포구 양평동2가 선유서로21길 19 101동104호(양평동2가, 양평동벽산블루밍아파트)",37.52230634,126.882683
서울특별시,영등포구,온새미로어린이집,"서울특별시 영등포구 당산동3가 영신로 193 2동 106호(당산동3가,한양아파트)",37.52519492,126.9016951
서울특별시,영등포구,키즈빈생태어린이집,서울특별시 영등포구 문래동4가 선유로 26-1 고산빌딩1층,37.51629578,126.888667
서울특별시,영등포구,신길어린이집,서울특별시 영등포구 영등포로67가길 9 ,37.51507151,126.9195303
서울특별시,영등포구,한화여의도어린이집,서울특별시 영등포구 여의대로 56 ,37.52407935,126.9228727
서울특별시,영등포구,롯데아이사랑어린이집,서울특별시 영등포구 양평동4가 선유로49길 30 ,37.53710159,126.8946224
서울특별시,영등포구,은해어린이집,서울특별시 영등포구 국제금융로 110 여의도동,37.51843184,126.9336583
서울특별시,영등포구,영문어린이집,서울특별시 영등포구 문래동4가 도림로143길 32 문래동삼환아파트 105동 102호,37.51402592,126.8890871
서울특별시,영등포구,아이꿈어린이집,"서울특별시 영등포구 대방천로 180 206동 101호(신길동,신길우성2차아파트)",37.4971007,126.9117177
서울특별시,영등포구,국회제3어린이집,서울특별시 영등포구 의사당대로 1 ,37.53291197,126.9164039
서울특별시,영등포구,GS SHOP 도담도담 어린이집,서울특별시 영등포구 문래동6가 선유로 75 ,37.52081015,126.8890343
서울특별시,영등포구,아트자이어린이집,서울특별시 영등포구 도영로 66 아트자이아파트 단지내 복리시설,37.51039494,126.9001766
서울특별시,영등포구,한세예스24 어린이집,서울특별시 영등포구 은행로 25 안원빌딩 2층,37.52869492,126.9213837
서울특별시,영등포구,the KIDS 어린이집,서울특별시 영등포구 의사당대로 18 1층,37.52711627,126.9175396
서울특별시,영등포구,둥근마음어린이집,서울특별시 영등포구 여의대방로 372 ,37.51814195,126.9307706
서울특별시,영등포구,프레비뉴어린이집,서울특별시 영등포구 가마산로 442 ,37.50498194,126.9095271
서울특별시,영등포구,반디어린이집,서울특별시 영등포구 양평동6가 양평로30가길 15 동양아파트 101동 106호,37.54247608,126.8901066
서울특별시,영등포구,선재어린이집,서울특별시 영등포구 당산동3가 선유동1로 80 ,37.5286199,126.89449
서울특별시,영등포구,동화어린이집,서울특별시 영등포구 당산동4가 당산로41가길 7 1층,37.53101151,126.8973478
서울특별시,영등포구,순수 빅스맘 어린이집,서울특별시 영등포구 당산동3가 국회대로 612 ,37.5257952,126.9020539
서울특별시,영등포구,해솔어린이집,서울특별시 영등포구 가마산로45길 13-1 ,37.5032816,126.8986926
서울특별시,영등포구,효성ITX어린이집,서울특별시 영등포구 양평동4가 선유동2로 57 ,37.53382592,126.8968821
서울특별시,영등포구,아이행복어린이집,서울특별시 영등포구 양평동2가 선유서로 67 ,37.52209338,126.8844551
서울특별시,영등포구,건이강이어린이집,서울특별시 영등포구 당산동6가 당산로 238 ,37.53453845,126.9028534
서울특별시,영등포구,영등포경찰서어린이집,서울특별시 영등포구 양평동6가 양평로28라길 9 ,37.54188742,126.8904578
서울특별시,영등포구,남서울어린이집,서울특별시 영등포구 버드나루로14가길 35 ,37.52867835,126.9083857
서울특별시,영등포구,문래자이어린이집,서울특별시 영등포구 문래동3가 당산로4길 12 관리동,37.51627575,126.8973904
서울특별시,영등포구,도담어린이집,서울특별시 영등포구 당산동6가 당산로50길 29 ,37.53311191,126.9050828
서울특별시,영등포구,한국쓰리엠＆한국투자증권어린이집,서울특별시 영등포구 의사당대로 82 하나금융투자빌딩 2층,37.52268285,126.9218534
서울특별시,영등포구,가람어린이집,"서울특별시 영등포구 도림로 365 101동 101호(도림동, 동아에코빌)",37.50889052,126.8986718
서울특별시,영등포구,이든어린이집,서울특별시 영등포구 양평동4가 양평로17길 36 1동 110호,37.53440211,126.8944285
서울특별시,영등포구,해군바다마을어린이집,서울특별시 영등포구 가마산로 540 ,37.50275046,126.9157934
서울특별시,영등포구,작은꼬마어린이집,서울특별시 영등포구 여의대방로5길 6 우창아파트 1동 108호,37.49697697,126.9124186
서울특별시,영등포구,아이꿈터어린이집,서울특별시 영등포구 당산동4가 당산로41길 23 당산현대아파트 103동 105호,37.5314949,126.8966246
서울특별시,영등포구,즐거운어린이집,서울특별시 영등포구 당산동4가 당산로41길 23 101동 102호,37.5314949,126.8966246
서울특별시,영등포구,키즈어린이집,서울특별시 영등포구 도림천로11길 3 ,37.49111149,126.8965626
서울특별시,영등포구,꿈땅어린이집,서울특별시 영등포구 당산동4가 당산로41길 23 106동 105호,37.5314949,126.8966246
서울특별시,영등포구,래미안에스티움어린이집,서울특별시 영등포구 신풍로 77 래미안에스티움아파트 관리동,37.50041961,126.9115445
서울특별시,영등포구,노아어린이집,서울특별시 영등포구 신풍로 77 래미안에스티움 103동103호,37.50041961,126.9115445
서울특별시,영등포구,영은어린이집,서울특별시 영등포구 양평동3가 양산로 61 ,37.52530289,126.8900758
서울특별시,영등포구,하람어린이집,서울특별시 영등포구 신풍로 77 114동 106호,37.50041961,126.9115445
서울특별시,영등포구,푸르름어린이집,서울특별시 영등포구 도림로81길 12-1 ,37.50142073,126.903512
서울특별시,영등포구,래미안어린이집,서울특별시 영등포구 신풍로 77 래미안에스티움 110동 101호,37.50041961,126.9115445
서울특별시,영등포구,NH투자증권어린이집,서울특별시 영등포구 여의대로 66 2층,37.52454031,126.9237183
서울특별시,영등포구,금나래어린이집,서울특별시 영등포구 도신로60길 17-12 ,37.51043626,126.918172
서울특별시,영등포구,다온어린이집,서울특별시 영등포구 도림로39길 11-13 ,37.49454402,126.8968409
서울특별시,영등포구,이화어린이집,서울특별시 영등포구 도신로29길 28 대우푸르지오 2단지내,37.51175428,126.9023257
서울특별시,영등포구,드림타운어린이집,서울특별시 영등포구 도신로29길 28 대우푸르지오 1단지,37.51175428,126.9023257
서울특별시,영등포구,푸르지오어린이집,서울특별시 영등포구 영등포동8가 영중로 154 당산푸르지오아파트 관리동,37.53118834,126.9060668
서울특별시,영등포구,아르미어린이집,서울특별시 영등포구 당산동5가 당산로 214 ,37.53293123,126.902834
서울특별시,영등포구,선유어린이집,서울특별시 영등포구 양평동3가 선유로 207 ,37.53200749,126.8937947
서울특별시,영등포구,신길삼성어린이집,서울특별시 영등포구 가마산로79길 7 삼성래미안아파트 관리동,37.5051397,126.9145978
서울특별시,영등포구,창의나라어린이집,서울특별시 영등포구 여의대방로47길 24-2 ,37.50889721,126.9215541
서울특별시,영등포구,한국교직원공제회어린이집,서울특별시 영등포구 여의나루로 50 한국교직원공제회관 2층,37.52180529,126.9256512
서울특별시,영등포구,아너스빌어린이집,서울특별시 영등포구 여의대방로 25 경남아너스빌아파트 관리동,37.49471168,126.9089784
서울특별시,영등포구,모아미래도어린이집,서울특별시 영등포구 문래동5가 선유로9나길 5 관리동 1층,37.51727377,126.8867208
서울특별시,영등포구,거성어린이집,서울특별시 영등포구 양평동3가 선유로43가길 24 관리동 1층,37.53142734,126.8920117
서울특별시,영등포구,자연과아이어린이집,서울특별시 영등포구 당산동3가 양산로25길 12 ,37.5246219,126.8989366
서울특별시,영등포구,문래힐스테이트어린이집,서울특별시 영등포구 문래동3가 문래로 82 문래동 힐스테이트 관리동,37.51919147,126.8910328
서울특별시,영등포구,늘해랑어린이집,서울특별시 영등포구 양평동4가 선유로47길 30 (양평동),37.53650136,126.8940394
서울특별시,영등포구,문래동제2어린이집,서울특별시 영등포구 문래동5가 선유로5길 8 ,37.51646621,126.8874872
서울특별시,영등포구,아이숲어린이집,서울특별시 영등포구 문래동3가 문래로 94-7 101동 107호(문래건영아파트),37.51866365,126.8922019
서울특별시,영등포구,자연어린이집,서울특별시 영등포구 문래동6가 문래로4길 14 101동 104호(현대아파트),37.51938718,126.8833136
서울특별시,영등포구,큰나무어린이집,서울특별시 영등포구 문래동3가 문래로20길 14 2동 103호(문래공원한신아파트),37.51713359,126.893319
서울특별시,영등포구,별이달이어린이집,서울특별시 영등포구 대림로22길 29 102동 103호(갑을명가아파트),37.49566375,126.9037289
서울특별시,영등포구,여의도 하나금융그룹 직장어린이집,서울특별시 영등포구 여의나루로 53-1 3층,37.52270192,126.9249939
서울특별시,영등포구,신길햇살아이파크어린이집,서울특별시 영등포구 가마산로 426 ,37.50408662,126.9035026
서울특별시,영등포구,늘봄보라매SK뷰어린이집,서울특별시 영등포구 여의대방로35가길 19 ,37.50373534,126.9174406
서울특별시,영등포구,서비스에이스 하람어린이집,서울특별시 영등포구 문래로28길 25 에스타워 3층(문래동3가),37.5163887,126.8999754
서울특별시,영등포구,신길센트럴자이 솔빛 어린이집,서울특별시 영등포구 신길로29길 17 ,37.50372029,126.9082776
서울특별시,영등포구,아이키움문래어린이집,서울특별시 영등포구 선유로9길 30 102동 1층(문래동6가),37.51840229,126.8848656
서울특별시,영등포구,영등포든든어린이집,서울특별시 영등포구 대림로35가길 9 ,37.49807919,126.8979501
서울특별시,영등포구,당산2동은솔어린이집,서울특별시 영등포구 당산로42길 23 ,37.53003105,126.9015929
서울특별시,영등포구,당산2동센트럴아이파크별하어린이집,서울특별시 영등포구 영신로 247 107동 관리동,37.5304831,126.9028128
서울특별시,영등포구,새솔아델포레어린이집,서울특별시 영등포구 신길로 29 ,37.49451383,126.9061165
서울특별시,영등포구,신길파크자이솔숲어린이집,서울특별시 영등포구 신길로28길 25 ,37.50236306,126.9134659
서울특별시,영등포구,신길힐스테이트나래어린이집,서울특별시 영등포구 신길로28길 9 ,37.50331925,126.9109858
서울특별시,영등포구,KB여의도어린이집,서울특별시 영등포구 국제금융로8길 26 1층,37.52086775,126.927894
서울특별시,영등포구,라온어린이집,서울특별시 영등포구 신길로 29 ,37.49451383,126.9061165
서울특별시,영등포구,코스콤푸르니어린이집,서울특별시 영등포구 여의나루로4길 21 2층,37.52164814,126.9283939
서울특별시,영등포구,신길더샵해늘어린이집,서울특별시 영등포구 가마산로79길 37 관리동,37.50745348,126.9169991
서울특별시,영등포구,LG 에너지솔루션 지정 어린이집,서울특별시 영등포구 여의대로 108 파크원빌딩 3층,37.52519132,126.9291128
서울특별시,영등포구,삼환어린이집,서울특별시 영등포구 영중로 145 영등포삼환아파트 104동 101호,37.52995985,126.90508
서울특별시,영등포구,아토어린이집,서울특별시 영등포구 당산로 83 ,37.52205753,126.8952868
서울특별시,영등포구,위차일드어린이집,"서울특별시 영등포구 국회대로54길 10 13동 204, 205호",37.52365869,126.9064302
서울특별시,영등포구,쌍용누리어린이집,서울특별시 영등포구 도영로7길 15 관리동,37.509361,126.8936204
서울특별시,영등포구,현대키즈맘어린이집,서울특별시 영등포구 도신로4길 14 현대아파트 101동 109호,37.50166309,126.8938289
서울특별시,영등포구,행복한 영이어린이집,서울특별시 영등포구 양산로 232 1층,37.52224505,126.9088958
서울특별시,영등포구,햇님 어린이집,서울특별시 영등포구 선유서로 43 문래한신아파트 1동 105호,37.51939483,126.883761
서울특별시,동작구,예슬어린이집,서울특별시 동작구 사당로16아길 46 (사당4동 291-5),37.48067021,126.9694189
서울특별시,동작구,구립성대어린이집,서울특별시 동작구 성대로10길 27 성대어린이집 (상도동),37.4968209,126.9353114
서울특별시,동작구,구립문화어린이집,서울특별시 동작구 사당로13길 24 (사당동),37.48516392,126.9724096
서울특별시,동작구,구립이수어린이집,서울특별시 동작구 동작대로35길 36 이수어린이집 (사당동),37.49152281,126.9807653
서울특별시,동작구,구립고은어린이집,서울특별시 동작구 신대방2길 42-10 ,37.48945768,126.9126253
서울특별시,동작구,구립예담어린이집,서울특별시 동작구 매봉로 43 예담어린이집 (상도1동 511),37.50693558,126.9512413
서울특별시,동작구,구립큰별어린이집,서울특별시 동작구 흑석한강로 28 구립큰별어린이집 (흑석동 336-1번지),37.50463725,126.9651139
서울특별시,동작구,구립로야어린이집,서울특별시 동작구 상도로62길 87 (상도동),37.49768295,126.9516213
서울특별시,동작구,자이어린이집,서울특별시 동작구 사당로2가길 102 ,37.48837303,126.9634174
서울특별시,동작구,구립둥지어린이집,서울특별시 동작구 사당로14길 20 둥지어린이집 (사당동),37.4832722,126.9714537
서울특별시,동작구,구립참사랑어린이집,서울특별시 동작구 동작대로17길 37 (사당동),37.48280724,126.9775115
서울특별시,동작구,구립큰나무어린이집,서울특별시 동작구 사당로2가길 219 (사당동),37.48566276,126.9669792
서울특별시,동작구,구립상도어린이집,서울특별시 동작구 양녕로36길 15 (상도동),37.50249099,126.9464233
서울특별시,동작구,구립양지어린이집,서울특별시 동작구 사당로23바길 9 삼성래미안내 구립양지어린이집 (사당동),37.48960968,126.9691902
서울특별시,동작구,삼성짐키드어린이집,서울특별시 동작구 상도로53길 8 삼성래미안3차아파트 단지내 삼성짐키드어린이집 (상도동),37.50086276,126.9540532
서울특별시,동작구,예일어린이집,서울특별시 동작구 상도로34가길 23 (상도동),37.50427187,126.9447469
서울특별시,동작구,구립선재어린이집,서울특별시 동작구 노량진로32길 62 (본동),37.51149415,126.9568781
서울특별시,동작구,구립샛별어린이집,서울특별시 동작구 장승배기로3길 1 (상도동),37.50073084,126.9412212
서울특별시,동작구,구립흑석어린이집,서울특별시 동작구 서달로 61 ,37.49957473,126.9601562
서울특별시,동작구,구립사당어린이집,서울특별시 동작구 사당로27길 190 (사당동),37.49095711,126.9715874
서울특별시,동작구,동광어린이집,서울특별시 동작구 성대로1가길 14 (상도동),37.50152379,126.9351595
서울특별시,동작구,구립비둘기어린이집,서울특별시 동작구 여의대방로44길 47 (대방동),37.50992351,126.9304186
서울특별시,동작구,무림어린이집,서울특별시 동작구 신대방13길 1 (신대방동),37.48921557,126.9097314
서울특별시,동작구,구립나래어린이집,서울특별시 동작구 상도로15라길 24 나래어린이집,37.50345691,126.9338807
서울특별시,동작구,구립연꽃어린이집,서울특별시 동작구 성대로16길 21 ,37.49758171,126.9373307
서울특별시,동작구,구립은하어린이집,서울특별시 동작구 여의대방로22아길 77 ,37.49585394,126.9250936
서울특별시,동작구,구립보라매어린이집,서울특별시 동작구 여의대방로22길 44 (신대방동),37.49753922,126.9223638
서울특별시,동작구,구립꿈나무어린이집,서울특별시 동작구 여의대방로36길 11 (대방동),37.50461494,126.9229638
서울특별시,동작구,구립새싹어린이집,서울특별시 동작구 동작대로29길 119 극동아파트111동 뒤 새싹어린이집,37.49088863,126.9760567
서울특별시,동작구,예동영재어린이집,서울특별시 동작구 사당로2길 64 (사당동),37.49029295,126.9645
서울특별시,동작구,휴먼시아어린이집,"서울특별시 동작구 사당로16길 96 108동 101호(사당동, 사당휴먼시아아파트)",37.47949611,126.9701405
서울특별시,동작구,다솜어린이집,"서울특별시 동작구 여의대방로 8 102동 105호(신대방동, 우성아파트)",37.49310363,126.9106015
서울특별시,동작구,서울특별시보라매병원어린이집,서울특별시 동작구 보라매로5길 20 시립보라매병원 본관3층 (신대방동),37.49301375,126.9243325
서울특별시,동작구,YWCA또래또어린이집,서울특별시 동작구 국사봉1길 100 (상도동),37.49710506,126.9314555
서울특별시,동작구,삼성숲어린이집,서울특별시 동작구 매봉로 123 삼성래미안단지내 (본동),37.51014312,126.9498666
서울특별시,동작구,푸른숲어린이집,서울특별시 동작구 보라매로13길 12 (신대방동),37.4961106,126.9269046
서울특별시,동작구,영성방과후교실어린이집,서울특별시 동작구 국사봉1길 146 영성교회1층 (상도동),37.49556623,126.9331802
서울특별시,동작구,미래연 어린이집,서울특별시 동작구 사당로16길 82 (사당동),37.48026013,126.9714558
서울특별시,동작구,모든삐아제어린이집,서울특별시 동작구 상도로13길 17 (상도동),37.50133424,126.9299816
서울특별시,동작구,청호숲어린이집,"서울특별시 동작구 서달로2길 29 103동(흑석동, 청호아파트)",37.50190323,126.9627348
서울특별시,동작구,제일성민어린이집,서울특별시 동작구 성대로12길 71 (상도동),37.49530748,126.938178
서울특별시,동작구,대림삐아제어린이집,"서울특별시 동작구 여의대방로44길 10 102동 102호(대방동, 대림아파트)",37.50736122,126.9260908
서울특별시,동작구,늘푸른어린이집,"서울특별시 동작구 만양로 19 701동 103호(노량진동, 신동아리버파크)",37.50707174,126.9457182
서울특별시,동작구,예영어린이집,"서울특별시 동작구 여의대방로 22 2동 102호(신대방동, 우성아파트)",37.49109691,126.9118137
서울특별시,동작구,엘프어린이집,"서울특별시 동작구 동작대로29길 110 403동 102호(사당동, 신동아4차아파트)",37.48982442,126.9777452
서울특별시,동작구,수산나어린이집,"서울특별시 동작구 여의대방로 28 106동 101호(신대방동, 현대아파트)",37.49527344,126.9116905
서울특별시,동작구,건영어린이집,"서울특별시 동작구 만양로 26 103동 102호(노량진동, 건영)",37.50762648,126.9495479
서울특별시,동작구,샤론어린이집,서울특별시 동작구 동작대로29길 115 305동 108호(사당우성아파트),37.49041718,126.9758253
서울특별시,동작구,예주어린이집,"서울특별시 동작구 동작대로11길 77 1층 (사당동, 예주어린이집)",37.48093732,126.9772159
서울특별시,동작구,아이엠어린이집,서울특별시 동작구 여의대방로10길 13 한성아파트단지내 (신대방동),37.49574265,126.9152118
서울특별시,동작구,우리또래어린이집,서울특별시 동작구 상도로22나길 29 101호,37.50142445,126.9368915
서울특별시,동작구,피노키오어린이집,"서울특별시 동작구 사당로17길 8 8동 105호(사당동, 대림)",37.48410152,126.9743148
서울특별시,동작구,초록햇살어린이집,서울특별시 동작구 만양로13길 44 노량진1동,37.50863873,126.9448531
서울특별시,동작구,신영어린이집,서울특별시 동작구 여의대방로 28 현대아파트 104동 앞,37.49527344,126.9116905
서울특별시,동작구,아이세상어린이집,서울특별시 동작구 상도로 107 쌍용스위트닷홈아파트상가아이세상어린이집 (상도동),37.5024023,126.9310692
서울특별시,동작구,로뎀어린이집,"서울특별시 동작구 양녕로26길 11 A동 102호(상도동, 약수맨션아파트)",37.49875041,126.9443587
서울특별시,동작구,다애어린이집,서울특별시 동작구 사당로20가길 36-4 ,37.48247904,126.9737714
서울특별시,동작구,린아어린이집,서울특별시 동작구 상도로53길 70 상도SH빌 관리동1층 (상도동),37.50253458,126.954541
서울특별시,동작구,해와달어린이집,서울특별시 동작구 성대로16길 67-6 ,37.49595006,126.9391848
서울특별시,동작구,더크는킨더앤어린이집,서울특별시 동작구 성대로31길 2 서울시 동작구 성대로 31길 2 (상도동),37.4998854,126.9406262
서울특별시,동작구,상떼빌키즈어린이집,서울특별시 동작구 신대방1가길 38 동작 상떼빌아파트 101동 상떼빌어린이집 (신대방동),37.487901,126.9069396
서울특별시,동작구,아띠어린이집,"서울특별시 동작구 양녕로 170 101동 103호(상도동, 롯데캐슬비엔)",37.49700194,126.9436426
서울특별시,동작구,브라운스톤어린이집,"서울특별시 동작구 상도로31길 19 104동 101호(상도동, 브라운스톤상도아파트)",37.50623587,126.9445418
서울특별시,동작구,해솔어린이집,"서울특별시 동작구 장승배기로4길 9 105동 1층(상도동, 포스코더샵)",37.5014493,126.9438142
서울특별시,동작구,구립라온어린이집,서울특별시 동작구 동작대로17길 28 (사당동),37.48310498,126.9787779
서울특별시,동작구,라엘어린이집,서울특별시 동작구 성대로10길 44 (상도동),37.49629819,126.9359139
서울특별시,동작구,이편한세상어린이집,서울특별시 동작구 보라매로 70 보라매 E-편한세상아파트 101동 보육시설 (신대방동),37.49577317,126.9289798
서울특별시,동작구,자람어린이집,"서울특별시 동작구 사당로16길 96 102동 101호(사당동, 사당휴먼시아)",37.47949611,126.9701405
서울특별시,동작구,초록어린이집,"서울특별시 동작구 동작대로29길 119 102동 110호(사당동, 극동)",37.49088863,126.9760567
서울특별시,동작구,꿈이룸어린이집,서울특별시 동작구 상도로34길 42 동원 베네스트 102-101,37.50301195,126.944659
서울특별시,동작구,해사랑어린이집,"서울특별시 동작구 흑석한강로 12 흑석동, 한강센트레빌 관리동",37.50517984,126.9645125
서울특별시,동작구,중앙대학교의료원 어린이집,서울특별시 동작구 흑석한강로 27 (흑석동 336) 흑석한강푸르지오 상가D동 B102,37.50409942,126.9662844
서울특별시,동작구,로뎀나무어린이집,"서울특별시 동작구 동작대로29길 91 201동 108호(사당동, 사당우성아파트)",37.48802893,126.9765166
서울특별시,동작구,상도아이파크어린이집,서울특별시 동작구 장승배기로 26 아이파크상도아파트 101-101,37.50066424,126.943415
서울특별시,동작구,두산위브어린이집,서울특별시 동작구 사당로13길 31 관리동 1층,37.485803,126.9712548
서울특별시,동작구,리틀스텝어린이집,서울특별시 동작구 상도로34길 36-13 ,37.50357799,126.9443378
서울특별시,동작구,하랑어린이집,서울특별시 동작구 여의대방로44길 9 성원아파트 101동 105호,37.50973084,126.9259178
서울특별시,동작구,지혜샘어린이집,"서울특별시 동작구 사당로17길 52 2동102호(사당동,대림아파트)",37.4874249,126.9731525
서울특별시,동작구,은혜어린이집,"서울특별시 동작구 현충로 151 101동 110호 (흑석동 28,한강현대아파트)",37.50677865,126.9689342
서울특별시,동작구,이레어린이집,서울특별시 동작구 사당로10길 1 108호 (사당동),37.48481451,126.9701924
서울특별시,동작구,다솔어린이집,서울특별시 동작구 국사봉길 98 신건드림원빌 1층 101호,37.49565286,126.9315262
서울특별시,동작구,푸르미어린이집,"서울특별시 동작구 흑석한강로 27 단지 내 푸르미어린이집 (흑석동 336,흑석한강푸르지오아파트)",37.50409942,126.9662844
서울특별시,동작구,하람어린이집,서울특별시 동작구 동작대로29길 81 대아아파트 601동 108호,37.48883128,126.9774513
서울특별시,동작구,구립한울어린이집,서울특별시 동작구 보라매로9다길 15 ,37.49434076,126.9263414
서울특별시,동작구,우정어린이집,"서울특별시 동작구 여의대방로62길 23 102동 102호, 103호",37.51428026,126.9294056
서울특별시,동작구,구립푸른솔어린이집,서울특별시 동작구 상도로52길 23 청송경로당 1층,37.49723625,126.9510299
서울특별시,동작구,별초롱어린이집,서울특별시 동작구 만양로1길 14 102호(상도2동 상명하이츠빌),37.50627382,126.9467137
서울특별시,동작구,현대힐스어린이집,서울특별시 동작구 동작대로39길 22 이수힐스테이트 아 관리동1층 의무어린이집 109동 앞,37.49463598,126.981966
서울특별시,동작구,삼광어린이집,서울특별시 동작구 동작대로17길 33-8 ,37.48256836,126.9778806
서울특별시,동작구,농심어린이집,서울특별시 동작구 여의대방로 112 ,37.49683535,126.9180932
서울특별시,동작구,한강어린이집,"서울특별시 동작구 서달로 91 (흑석동, 동부센트레빌2차 관리동)",37.50316562,126.958891
서울특별시,동작구,구립로미어린이집,서울특별시 동작구 만양로 19 ,37.50707174,126.9457182
서울특별시,동작구,구립신대방1동어린이집,서울특별시 동작구 신대방1길 44 ,37.48653327,126.9091434
서울특별시,동작구,숭실대학교어린이집,서울특별시 동작구 상도로67길 20 ,37.494488,126.9567945
서울특별시,동작구,프레스티지어린이집,서울특별시 동작구 상도로 346-2 힐스테이트 상도프레스티지 202동 관리동,37.49475271,126.9482708
서울특별시,동작구,구립사당4동어린이집,서울특별시 동작구 사당로22나길 70 ,37.48062992,126.9730779
서울특별시,동작구,구립상도3동어린이집,서울특별시 동작구 성대로6가길 5 ,37.49864411,126.9329364
서울특별시,동작구,구립상도4동어린이집,서울특별시 동작구 상도로22길 45 구립상도4동어린이집,37.50124979,126.9373188
서울특별시,동작구,구립태성어린이집,서울특별시 동작구 여의대방로16길 1 ,37.49622999,126.9170984
서울특별시,동작구,구립대방보듬이나눔이어린이집,서울특별시 동작구 대방동15길 10 ,37.50293235,126.9244115
서울특별시,동작구,구립도담어린이집,서울특별시 동작구 여의대방로10길 59 보라매파크빌아파트 104동 102호,37.49511473,126.9150796
서울특별시,동작구,구립한빛어린이집,서울특별시 동작구 상도로30길 40 두산위브트레지움아파트 202동 1층,37.50431826,126.942467
서울특별시,동작구,구립스마일어린이집,서울특별시 동작구 성대로11길 42 ,37.49925902,126.9344976
서울특별시,동작구,중앙대학교어린이집,서울특별시 동작구 흑석로 84 중앙대학교 307관 1층,37.50472672,126.9538339
서울특별시,동작구,구립아람어린이집,서울특별시 동작구 상도로30길 40 두산위브트레지움아파트 203동 204호,37.50431826,126.942467
서울특별시,동작구,구립사당빛나어린이집,서울특별시 동작구 동작대로29길 118 ,37.49104148,126.9771482
서울특별시,동작구,구립키움어린이집,서울특별시 동작구 매봉로 123 104동 101호,37.51014312,126.9498666
서울특별시,동작구,구립아기둥지어린이집,서울특별시 동작구 상도로 421 108동 108호 (관악현대아파트),37.49266849,126.9582628
서울특별시,동작구,구립새빛어린이집,서울특별시 동작구 장승배기로11가길 11 ,37.50556599,126.9389112
서울특별시,동작구,구립강남어린이집,서울특별시 동작구 만양로12길 5-12 ,37.51023426,126.9455071
서울특별시,동작구,구립해와별어린이집,서울특별시 동작구 만양로8길 50 ,37.51030426,126.9468658
서울특별시,동작구,구립백합어린이집,"서울특별시 동작구 동작대로29길 119 110동 105호 (사당동, 극동아파트)",37.49088863,126.9760567
서울특별시,동작구,구립장미어린이집,서울특별시 동작구 동작대로29길 115 306동 108호,37.49041718,126.9758253
서울특별시,동작구,구립키즈사랑어린이집,서울특별시 동작구 알마타길 37 관리동 1층,37.51265989,126.9295526
서울특별시,동작구,구립열린어린이집,서울특별시 동작구 동작대로29길 91 ,37.48802893,126.9765166
서울특별시,동작구,구립아리아어린이집,서울특별시 동작구 보라매로5길 51 102호,37.49094201,126.9232712
서울특별시,동작구,구립로이어린이집,서울특별시 동작구 사당로23길 112 ,37.48782817,126.9734849
서울특별시,동작구,구립리가어린이집,"서울특별시 동작구 사당로27길 130 105동 키즈클럽(사당동,이수역 리가아파트)",37.48982944,126.9728808
서울특별시,동작구,구립강마루어린이집,서울특별시 동작구 현충로 52 흑석아크로리버하임 아파트,37.5096318,126.9622042
서울특별시,동작구,구립노블어린이집,서울특별시 동작구 만양로 6 e편한세상상도노빌리티 관리동,37.5049819,126.9467885
서울특별시,동작구,구립이솔어린이집,서울특별시 동작구 서달로 123 ,37.50421186,126.9596731
서울특별시,동작구,구립꿈마루어린이집,서울특별시 동작구 현충로 52 흑석아크로리버하임 아파트 관리동,37.5096318,126.9622042
서울특별시,동작구,구립롯데키즈어린이집,서울특별시 동작구 여의대방로10길 38 보라매롯데낙천대아파트 관리동 1층,37.49540996,126.9125665
서울특별시,동작구,구립도레미어린이집,서울특별시 동작구 흑석로13길 25 ,37.5099198,126.9590893
서울특별시,동작구,구립꿈담어린이집,서울특별시 동작구 상도로47아길 44-1 2층,37.50424194,126.9534854
서울특별시,동작구,구립가온어린이집,서울특별시 동작구 상도로15가길 16 ,37.50198084,126.932364
서울특별시,동작구,유한버들새싹어린이집,서울특별시 동작구 노량진로 74 유한양행,37.51275771,126.9340267
서울특별시,동작구,구립다움어린이집,서울특별시 동작구 사당로 90 사당롯데캐슬골든포레 관리동 1층,37.49233562,126.9624478
서울특별시,동작구,구립은솔어린이집,서울특별시 동작구 상도로 346-1 힐스테이트상도 111동 101호,37.49678998,126.9516675
서울특별시,동작구,구립새봄어린이집,서울특별시 동작구 사당로9길 11-13 ,37.48660983,126.9704449
서울특별시,동작구,구립트윈파크어린이집,서울특별시 동작구 노량진로23가길 23 래미안트윈파크아파트 관리동,37.51330347,126.9517825
서울특별시,동작구,구립아름어린이집,서울특별시 동작구 양녕로 220 상도역롯데캐슬아파트 관리동,37.50069236,126.9455364
서울특별시,동작구,해오름어린이집,서울특별시 동작구 상도로 421 현대아파트 108-103,37.49266849,126.9582628
서울특별시,동작구,구립푸른어린이집,서울특별시 동작구 동작대로39길 39 이수푸르지오더프레티움 관리동,37.49376471,126.9797279
서울특별시,동작구,구립숲속자이어린이집,서울특별시 동작구 여의대방로22길 121 ,37.49835192,126.925286
서울특별시,동작구,구립한결어린이집,서울특별시 동작구 여의대방로24길 113 ,37.49928688,126.9262711
서울특별시,동작구,구립까망돌어린이집,서울특별시 동작구 서달로 129 ,37.50512021,126.960611
서울특별시,동작구,포레힐즈어린이집,서울특별시 동작구 동작대로45길 10 이수스위첸포레힐즈아파트 단지 내,37.49704344,126.9823516
서울특별시,동작구,구립신대방누리어린이집,서울특별시 동작구 신대방1다길 19 1층,37.48606517,126.9058854
서울특별시,동작구,구립꿈빛하나어린이집,서울특별시 동작구 등용로9길 5 ,37.50950108,126.9317335
서울특별시,동작구,구립곰돌이어린이집,서울특별시 동작구 서달로 90 ,37.50246295,126.9633467
서울특별시,동작구,현대캐피탈도담 어린이집,서울특별시 동작구 보라매로5가길 24 2층,37.49069953,126.9239441
서울특별시,동작구,사랑어린이집,서울특별시 동작구 보라매로 83 신대방아파트 101동 1층,37.49665868,126.9273398
서울특별시,동작구,구립상도클라베뉴어린이집,서울특별시 동작구 성대로 164 상도푸르지오클라베뉴 관리동,37.49816227,126.9394804
서울특별시,동작구,구립아이누리어린이집,서울특별시 동작구 양녕로22길 27 ,37.49435958,126.944436
서울특별시,동작구,스마일어린이집,서울특별시 동작구 성대로11길 42 ,37.49925902,126.9344976
서울특별시,관악구,구립동산어린이집,서울특별시 관악구 대학14길 56 (신림동)  [대학동],37.4659445,126.9351589
서울특별시,관악구,구립우리꿈어린이집,서울특별시 관악구 양녕로 117 벽산블루밍아파트 506동,37.49150878,126.9427267
서울특별시,관악구,구립새빛어린이집,서울특별시 관악구 신사로10길 29 (신림동)  [신사동],37.486347,126.9151644
서울특별시,관악구,구립청룡어린이집,서울특별시 관악구 참숯1길 7 (봉천동)  [청룡동],37.47881963,126.9421988
서울특별시,관악구,구립문성어린이집,서울특별시 관악구 시흥대로164길 27 (신림동)  [조원동],37.48201343,126.9028913
서울특별시,관악구,구립당곡어린이집,서울특별시 관악구 봉천로23길 6 (봉천동)  [보라매동],37.48672122,126.9354425
서울특별시,관악구,구립새들어린이집,서울특별시 관악구 관천로16길 55 (신림동)  [신림동],37.48775122,126.9264541
서울특별시,관악구,구립비안어린이집,서울특별시 관악구 장군봉6길 8 (봉천동)  [청룡동],37.48161305,126.9393717
서울특별시,관악구,구립청능어린이집,서울특별시 관악구 관악로11길 79-11 (봉천동)  [청룡동],37.47820357,126.9477404
서울특별시,관악구,구립서원어린이집,서울특별시 관악구 서원3길 25 (신림동)  [서원동],37.47692406,126.9342273
서울특별시,관악구,구립상록어린이집,서울특별시 관악구 신원로2길 4-7 (신림동)  [신원동],37.48001426,126.9285036
서울특별시,관악구,구립중앙어린이집,서울특별시 관악구 봉천로41길 35 (봉천동)  [중앙동],37.48448565,126.9482897
서울특별시,관악구,구립구암어린이집,서울특별시 관악구 구암길 76 1층 구암어린이집 (봉천동)  [성현동],37.49080366,126.9478042
서울특별시,관악구,구립금강어린이집,서울특별시 관악구 신림로48길 25 (신림동)  [서원동],37.47942989,126.9334788
서울특별시,관악구,구립복은어린이집,서울특별시 관악구 복은2길 6-24 (신림동) [서림동],37.47326083,126.9367104
서울특별시,관악구,구립미래클어린이집,서울특별시 관악구 법원단지2길 15-4 (신림동) [난곡동],37.47368234,126.9198188
서울특별시,관악구,구립선봉어린이집,서울특별시 관악구 봉천로27길 20 (봉천동)  [은천동],37.48519157,126.9396852
서울특별시,관악구,구립예지어린이집,서울특별시 관악구 미성7길 20 (미성동),37.47420687,126.9143736
서울특별시,관악구,구립난향어린이집,서울특별시 관악구 난향5길 6 ,37.462714,126.9171092
서울특별시,관악구,구립원당어린이집,서울특별시 관악구 행운1길 6-3 (봉천동)  [행운동],37.48005007,126.958825
서울특별시,관악구,구립도담어린이집,서울특별시 관악구 청림3길 37 (봉천동)  [청림동],37.48971079,126.9583655
서울특별시,관악구,구립합실어린이집,서울특별시 관악구 광신길 113 (신림동)  [삼성동],37.4640496,126.9254172
서울특별시,관악구,구립다원어린이집,서울특별시 관악구 미성길 127 다원어린이집,37.47179517,126.9123256
서울특별시,관악구,구립난우어린이집,서울특별시 관악구 난곡로61길 1 (신림동)  [미성동],37.48039993,126.9139642
서울특별시,관악구,구립하난곡어린이집,서울특별시 관악구 난우10길 33 (신림동)  [미성동],37.47614305,126.9193692
서울특별시,관악구,아이사랑어린이집,서울특별시 관악구 난곡로9길 6 (신림동)  [난향동],37.46472701,126.9187541
서울특별시,관악구,당곡1어린이집,서울특별시 관악구 당곡2가길 11 당곡1어린이집 [보라매동] (봉천동),37.4912141,126.9296227
서울특별시,관악구,꿈동산어린이집,서울특별시 관악구 봉천로21길 66 보라매동] (봉천동),37.48980165,126.9344237
서울특별시,관악구,꾸러기어린이집,서울특별시 관악구 문성로 242 (신림동)  [신원동],37.47857029,126.9304444
서울특별시,관악구,24시간연세어린이집,서울특별시 관악구 관악로 246 (봉천동)  [행운동],37.4860897,126.9570179
서울특별시,관악구,서울선교어린이집,서울특별시 관악구 낙성대로3길 26 1층 (봉천동)   [낙성대동],37.47412107,126.9598861
서울특별시,관악구,예은어린이집,서울특별시 관악구 인헌17길 25 (봉천동)  [인헌동],37.4710116,126.969221
서울특별시,관악구,서울대학교어린이보육지원센터 백학어린이집,서울특별시 관악구 관악로 1 (봉천동) [낙성대동],37.46628727,126.9481564
서울특별시,관악구,육영어린이집,서울특별시 관악구 문성로16가길 42-3 (신림동)  [미성동],37.47512602,126.914539
서울특별시,관악구,젬젬어린이집,"서울특별시 관악구 봉천로 387 1동 1층(봉천동, 두산아파트)",37.48376028,126.9427012
서울특별시,관악구,하나어린이집,"서울특별시 관악구 신사로10길 30 지하1층, 지상4층 (신림동)  [신사동]",37.48627698,126.9148954
서울특별시,관악구,해맑은어린이집,"서울특별시 관악구 조원로16길 7 102동 106호(신림동, 신도도브래뉴아파트) [조원동]",37.48387793,126.9112999
서울특별시,관악구,구립은천어린이집,서울특별시 관악구 국회단지10길 22 (봉천동)  [은천동],37.48825203,126.9427923
서울특별시,관악구,은현어린이집,서울특별시 관악구 난곡로11길 8 (신림동)  [난향동],37.4654266,126.9190919
서울특별시,관악구,성아어린이집,서울특별시 관악구 난곡로22길 23 (신림동)  [난곡동],37.46935129,126.9206453
서울특별시,관악구,재능어린이집,서울특별시 관악구 서원6길 28 2층 (신림동)  [서원동],37.47746852,126.9313442
서울특별시,관악구,큐티프리스쿨어린이집,"서울특별시 관악구 호암로 399 관리동 (신림동,삼성산주공아파트)  [삼성동]",37.46137146,126.925455
서울특별시,관악구,봄샘푸르지오어린이집,"서울특별시 관악구 남부순환로 1430 관리동 1층 (신림동, 대우푸르지오아파트)  [미성동]",37.47923845,126.90904
서울특별시,관악구,보라어린이집,서울특별시 관악구 난곡로24가길 6 (신림동)  [난곡동],37.46965789,126.921028
서울특별시,관악구,꿈나무가정어린이집,"서울특별시 관악구 성현로 80 143동 101호(봉천동, 관악드림타운)  [성현동]",37.48984744,126.9529855
서울특별시,관악구,햇님어린이집,"서울특별시 관악구 성현로 80 110동 103호(봉천동, 관악드림타운)  [성현동]",37.48984744,126.9529855
서울특별시,관악구,아이위즈어린이집,"서울특별시 관악구 은천로 93 103동 103호(봉천동, 벽산블루밍아파트)  [은천동]",37.48735272,126.9454289
서울특별시,관악구,은비어린이집,"서울특별시 관악구 관악로30길 27 109동 103호 (봉천동,대우푸르지오아파트)   [청림동]",37.48896635,126.9606433
서울특별시,관악구,무릎학교어린이집,"서울특별시 관악구 은천로 93 209동 101호(봉천동, 벽산블루밍아파트)  [은천동]",37.48735272,126.9454289
서울특별시,관악구,오성어린이집,서울특별시 관악구 난곡로18길 13-4 (신림동)  [난곡동],37.46800184,126.9206375
서울특별시,관악구,구립금빛어린이집,서울특별시 관악구 남부순환로246가길 17 (봉천동)  [인헌동],37.47536345,126.9652204
서울특별시,관악구,백상어린이집,서울특별시 관악구 신림로28길 18 서림동] (신림동),37.47311864,126.9350405
서울특별시,관악구,또래가정어린이집,"서울특별시 관악구 관악로30길 12 105동 113호 (봉천동,우성아파트)  [행운동]",37.48413576,126.9606073
서울특별시,관악구,떡잎어린이집,서울특별시 관악구 장군봉7길 12 청룡동] (봉천동),37.48046043,126.9397958
서울특별시,관악구,소슬어린이집,서울특별시 관악구 성현로 80 성현동] (봉천동),37.48984744,126.9529855
서울특별시,관악구,파랑새어린이집,"서울특별시 관악구 남부순환로 1430 106동 102호(신림동, 신림푸르지오)  [미성동]",37.47923845,126.90904
서울특별시,관악구,푸른어린이집,서울특별시 관악구 낙성대로3길 15 (봉천동)  [낙성대동],37.47508674,126.960041
서울특별시,관악구,구립신일어린이집,서울특별시 관악구 문성로28길 51 (신림동)  [신림동],37.47711751,126.9262973
서울특별시,관악구,전박사어린이집,서울특별시 관악구 보라매로 62 보라매 삼성아파트 단지내 전박사 어린이집,37.4948015,126.9276026
서울특별시,관악구,구립낙성대어린이집,서울특별시 관악구 관악로12길 58-5 (봉천동)  [낙성대동],37.47731114,126.9554748
서울특별시,관악구,남현어린이집,서울특별시 관악구 남현1가길 18-4 남현동] (남현동),37.47514964,126.9774807
서울특별시,관악구,미성어린이집,"서울특별시 관악구 조원로2길 13 1동 112호 (신림동,미성아파트)   [조원동]",37.48278923,126.9029192
서울특별시,관악구,예삐어린이집,"서울특별시 관악구 문성로 238 1,2층 (신림동)  [신원동]",37.47872201,126.9299666
서울특별시,관악구,구립신림어린이집,서울특별시 관악구 난곡로 67 (신림동)  [난향동],37.46150906,126.9187795
서울특별시,관악구,알곡방과후교실어린이집,서울특별시 관악구 난곡로24길 42 (난곡동) (신림동),37.46841641,126.9211993
서울특별시,관악구,사랑샘어린이집,"서울특별시 관악구 난곡로 55 219동 104호(신림동, 관악산휴먼시아2단지아파트)",37.45974172,126.9207528
서울특별시,관악구,꿈여울어린이집,"서울특별시 관악구 은천로 93 207동 102호(봉천동, 벽산블루밍아파트) [은천동]",37.48735272,126.9454289
서울특별시,관악구,해랑어린이집,"서울특별시 관악구 난곡로 55 216동 101호(신림동, 관악산휴먼시아아파트)  [난향동]",37.45974172,126.9207528
서울특별시,관악구,씽씽어린이집,"서울특별시 관악구 대학18길 6 101동 208호(신림동, 금호타운1차)  [대학동]",37.46556006,126.9373646
서울특별시,관악구,123어린이집,"서울특별시 관악구 성현로 80 123동 102호(봉천동, 관악드림타운)  [성현동]",37.48984744,126.9529855
서울특별시,관악구,꿈꾸는새싹어린이집,"서울특별시 관악구 남현길 91 103동 102호(남현동, 우림루미아트)  [남현동]",37.47269963,126.9752699
서울특별시,관악구,아기샘어린이집,"서울특별시 관악구 신림로29길 3-20 107동 104호(신림동, 신림현대아파트)",37.47462652,126.9338049
서울특별시,관악구,보라빛어린이집,서울특별시 관악구 남부순환로246나길 15-2 (봉천동)  [인헌동],37.47498139,126.9651115
서울특별시,관악구,포그니어린이집,"서울특별시 관악구 신림로29길 3-20 106동 113호(신림동, 신림현대아파트)  [서림동]",37.47462652,126.9338049
서울특별시,관악구,아기랑어린이집,"서울특별시 관악구 난곡로 55 205동 103호(신림동, 관악산휴먼시아2단지아파트)",37.45974172,126.9207528
서울특별시,관악구,소나무어린이집,서울특별시 관악구 난곡로45길 28 (신림동)  [미성동],37.47633709,126.9142048
서울특별시,관악구,관악구청직장어린이집,서울특별시 관악구 관악로 145 관악구청 별관 2층 (봉천동)  [청룡동],37.47821067,126.9515012
서울특별시,관악구,신림사임당어린이집,서울특별시 관악구 난곡로59길 16 (신림동)  [미성동],37.48003948,126.9132848
서울특별시,관악구,올리브어린이집,"서울특별시 관악구 은천로 137 1동 102호(봉천동,관악유앤아이)  [성현동]",37.4867979,126.9505824
서울특별시,관악구,구립아이뜰어린이집,서울특별시 관악구 봉천로33나길 30 은천동 복합청사 1층 [은천동],37.48533865,126.9424717
서울특별시,관악구,구립성현햇살어린이집,서울특별시 관악구 관악로37길 65 (봉천동)  [성현동],37.48689269,126.9558426
서울특별시,관악구,서울대학교어린이보육지원센터 느티나무어린이집,서울특별시 관악구 관악로 1 (봉천동) [낙성대동],37.46628727,126.9481564
서울특별시,관악구,올리비아어린이집,서울특별시 관악구 관악로30길 27 관악푸르지오아파트107동103호,37.48896635,126.9606433
서울특별시,관악구,하람어린이집,"서울특별시 관악구 난곡로 55 202동 101호(관악산휴먼시아,신림동)",37.45974172,126.9207528
서울특별시,관악구,아이린어린이집,서울특별시 관악구 관악로30길 27 관악푸르지오아파트119동103호,37.48896635,126.9606433
서울특별시,관악구,한솔어린이집,서울특별시 관악구 관악로 304 현대아파트113동101호,37.49205057,126.957711
서울특별시,관악구,남성교회어린이집,서울특별시 관악구 남현1가길 34 ,37.47434128,126.9776181
서울특별시,관악구,참어린이집,서울특별시 관악구 신림로29길 8 신림현대아파트 110동 102호,37.4755685,126.9328111
서울특별시,관악구,아이숲어린이집,서울특별시 관악구 은천로 93 벽산블루밍 아파트 209-102,37.48735272,126.9454289
서울특별시,관악구,구립두드림어린이집,서울특별시 관악구 조원로18길 26 ,37.48273603,126.9134242
서울특별시,관악구,구립예촌어린이집,서울특별시 관악구 남현1가길 29 남현동 복합청사내 1층,37.47468786,126.9778753
서울특별시,관악구,그린업어린이집,서울특별시 관악구 관악로30길 27 111동 101호(봉천동 관악푸르지오아파트),37.48896635,126.9606433
서울특별시,관악구,수도방위사령부 한울어린이집,서울특별시 관악구 과천대로 851 ,37.4665469,126.9872769
서울특별시,관악구,구립하늘빛어린이집,서울특별시 관악구 청림5길 28 관악푸르지오아파트 2단지 관리동,37.48959558,126.9602716
서울특별시,관악구,구립색동어린이집,서울특별시 관악구 봉천로17길 5-16 ,37.48850457,126.9315704
서울특별시,관악구,구립명지어린이집,서울특별시 관악구 관악로30길 27 관악푸르지오아파트 121-104,37.48896635,126.9606433
서울특별시,관악구,구립해뜨는어린이집,서울특별시 관악구 관천로27길 2 우방아파트 103-103,37.48846493,126.9186431
서울특별시,관악구,구립까치산어린이집,서울특별시 관악구 행운10길 21 관악파크푸르지오아파트 102동 1층,37.48225902,126.9621511
서울특별시,관악구,구립운서어린이집,서울특별시 관악구 미성길 60 두영아파트 103호,37.47449831,126.9138314
서울특별시,관악구,구립무지개어린이집,서울특별시 관악구 조원로11길 24 우민조원아파트 101-101,37.48420111,126.9075246
서울특별시,관악구,구립반디어린이집,서울특별시 관악구 관악로 133 건영아파트 102-103,37.47692805,126.9520627
서울특별시,관악구,구립초롱별어린이집,서울특별시 관악구 난곡로45길 5 ,37.4762619,126.9153799
서울특별시,관악구,구립아람어린이집,서울특별시 관악구 관악로 229-12 ,37.48527442,126.9549654
서울특별시,관악구,구립행운어린이집,서울특별시 관악구 행운1라길 9 ,37.48324188,126.9567565
서울특별시,관악구,구립용꿈어린이집,서울특별시 관악구 신림로58길 68 ,37.48238299,126.9337196
서울특별시,관악구,구립보라매어린이집,서울특별시 관악구 당곡6길 63 ,37.49285697,126.9306437
서울특별시,관악구,구립마루어린이집,서울특별시 관악구 은천로 93 벽산블루밍아파트 503동,37.48735272,126.9454289
서울특별시,관악구,구립나래어린이집,서울특별시 관악구 관악로30길 27 관악푸르지오아파트 112-102,37.48896635,126.9606433
서울특별시,관악구,구립보람어린이집,서울특별시 관악구 관악로 304 현대아파트 118-101,37.49205057,126.957711
서울특별시,관악구,구립현대가정어린이집,서울특별시 관악구 관악로 304 현대아파트 118-102,37.49205057,126.957711
서울특별시,관악구,구립토마토어린이집,서울특별시 관악구 남부순환로248길 78 아이펠리스 101호,37.47280763,126.9660883
서울특별시,관악구,구립아기구름어린이집,서울특별시 관악구 남부순환로237길 22 1층 (행운동),37.47936877,126.9607931
서울특별시,관악구,구립소하어린이집,서울특별시 관악구 관천로15길 116 ,37.48584308,126.9161828
서울특별시,관악구,구립꿀송이어린이집,서울특별시 관악구 성현로 80 관악드림타운아파트 106-104,37.48984744,126.9529855
서울특별시,관악구,구립조은어린이집,서울특별시 관악구 관악로30길 27 관악푸르지오아파트 1단지 관리동(122동 123동 사이),37.48896635,126.9606433
서울특별시,관악구,구립장군봉어린이집,서울특별시 관악구 장군봉길 100 ,37.47875475,126.9393074
서울특별시,관악구,구립강감찬어린이집,서울특별시 관악구 관악로8길 45 ,37.47558054,126.9553852
서울특별시,관악구,구립조앤아이어린이집,서울특별시 관악구 관악로30길 12 봉천우성아파트 103-101,37.48413576,126.9606073
서울특별시,관악구,구립찬솔어린이집,서울특별시 관악구 법원단지12길 24 ,37.47281875,126.9209321
서울특별시,관악구,구립즐거운어린이집,서울특별시 관악구 양녕로 31 두산아파트 3단지 관리동,37.48515982,126.945757
서울특별시,관악구,구립난곡어린이집,서울특별시 관악구 난곡로31길 14 ,37.47130742,126.918971
서울특별시,관악구,구립별이랑어린이집,서울특별시 관악구 낙성대역길 19 동원낙성대아파트 101-106,37.47645876,126.9621221
서울특별시,관악구,구립아이봄어린이집,서울특별시 관악구 은천로 86 두산아파트 208-101,37.48554817,126.9444248
서울특별시,관악구,구립꼬꼬마어린이집,서울특별시 관악구 호암로 399 삼성산주공아파트 306-101,37.46137146,126.925455
서울특별시,관악구,구립희아어린이집,서울특별시 관악구 관악로30길 27 관악푸르지오아파트 122-101,37.48896635,126.9606433
서울특별시,관악구,구립햇님몬테소리어린이집,서울특별시 관악구 관악로30길 27 관악푸르지오아파트 120-103,37.48896635,126.9606433
서울특별시,관악구,구립건강한어린이집,서울특별시 관악구 관악로 285 성현동아아파트 107-103,37.48936831,126.9551316
서울특별시,관악구,구립드림타운어린이집,서울특별시 관악구 난곡로 55 관악산휴먼시아아파트 224-103,37.45974172,126.9207528
서울특별시,관악구,구립신사어린이집,서울특별시 관악구 관천로21길 16 ,37.4880888,126.9206958
서울특별시,관악구,구립e편한1단지어린이집,서울특별시 관악구 청룡10길 45 서울대입구e편한세상1단지 105동 앞,37.47723093,126.9430557
서울특별시,관악구,구립e편한2단지어린이집,서울특별시 관악구 청룡16길 43 서울대입구e편한세상2단지 206동 앞,37.47663345,126.9431957
서울특별시,관악구,구립인헌어린이집,서울특별시 관악구 낙성대역14길 6 ,37.47390966,126.9642655
서울특별시,관악구,구립키즈맘어린이집,서울특별시 관악구 봉천로23나길 35 101호,37.48705916,126.9374008
서울특별시,관악구,카페24직장어린이집,서울특별시 관악구 보라매로3길 23 2층(카페24직장어린이집),37.49104293,126.9255364
서울특별시,관악구,구립햇님데이케어어린이집,"서울특별시 관악구 성현로 80 110동 104호(봉천동, 관악드림타운)",37.48984744,126.9529855
서울특별시,관악구,구립뉴포레어린이집,서울특별시 관악구 조원로 25 1층 상가동,37.48370831,126.9054333
서울특별시,관악구,구립다솜어린이집,"서울특별시 관악구 신림로3길 40 2층(신림동, 건영아파트 관리동)",37.46678342,126.9418862
서울특별시,관악구,구립센트씨엘어린이집,서울특별시 관악구 구암5길 28 ,37.49042333,126.946158
서울특별시,관악구,구립벤처타운어린이집,서울특별시 관악구 약수암길 1-8 ,37.4613151,126.9322586
서울특별시,관악구,관악경찰서어린이집,서울특별시 관악구 관악로5길 33 서울관악경찰서,37.47423395,126.9518701
서울특별시,서초구,아람마주어린이집,서울특별시 서초구 동광로12길 12 (방배동),37.49079911,126.9865192
서울특별시,서초구,언남해피어린이집,서울특별시 서초구 동산로13길 35 (양재동),37.47233002,127.0430052
서울특별시,서초구,샤이닝키즈어린이집,서울특별시 서초구 서초대로74길 30 (서초동),37.49509032,127.0268041
서울특별시,서초구,반포어린이집,서울특별시 서초구 사평대로20길 54 (반포동),37.49702849,126.9967404
서울특별시,서초구,니꼴라오 어린이집,서울특별시 서초구 논현로5길 28 (양재동),37.47206637,127.0481829
서울특별시,서초구,바로미어린이집,서울특별시 서초구 서초중앙로 157 서울법원종합청사별관 (서초동),37.49827618,127.0111232
서울특별시,서초구,신애어린이집,서울특별시 서초구 바우뫼로9길 9 (우면동),37.47184389,127.0265862
서울특별시,서초구,잠원어린이집,서울특별시 서초구 신반포로33길 15 동아아파트 관리동 1층 잠원어린이집,37.50904433,127.0095245
서울특별시,서초구,다솜어린이집,서울특별시 서초구 반포대로 180 다솜어린이집[서초경찰서 맞은편],37.49583914,127.0061569
서울특별시,서초구,수표교어린이집,서울특별시 서초구 명달로 52 (서초동),37.48208207,127.0050113
서울특별시,서초구,경기몬테소리어린이집,서울특별시 서초구 서리풀4길 15-5 1층,37.48835262,127.0213332
서울특별시,서초구,로고스몬테소리어린이집,서울특별시 서초구 명달로4길 8 정양빌딩 1층 (서초동),37.47990922,127.006373
서울특별시,서초구,파란나라어린이집,서울특별시 서초구 서초대로1길 30 현대1차B상가 201호 (방배동),37.48923288,126.9836143
서울특별시,서초구,서초래미안어린이집,서울특별시 서초구 서초대로65길 13-10 서초래미안아파트 관리동 1층 (서초동),37.49742848,127.0191506
서울특별시,서초구,푸르니서초 어린이집,서울특별시 서초구 효령로67길 4 (서초동),37.48743933,127.0238172
서울특별시,서초구,서울성모병원어린이집,서울특별시 서초구 반포대로 222 서울성모병원 내 별관 2층 어린이집 (반포동),37.50239362,127.0058606
서울특별시,서초구,서초한별어린이집,서울특별시 서초구 마방로2길 15-9 ,37.4733096,127.0396321
서울특별시,서초구,반포1동어린이집,서울특별시 서초구 신반포로 318 (반포동),37.51000049,127.0184807
서울특별시,서초구,서초구립 서초성모어린이집,서울특별시 서초구 고무래로8길 21 (반포동),37.50107809,127.0095063
서울특별시,서초구,사랑의어린이집,서울특별시 서초구 신반포로33길 22 ,37.50995205,127.0109937
서울특별시,서초구,서초연꽃어린이집,서울특별시 서초구 사임당로19길 51 (서초동),37.49174654,127.0180392
서울특별시,서초구,구립서초사랑어린이집,서울특별시 서초구 잠원로 213-3 ,37.52055825,127.0148322
서울특별시,서초구,방배어린이집,서울특별시 서초구 방배로19길 36-8 ,37.48509359,126.9930675
서울특별시,서초구,우면어린이집,서울특별시 서초구 바우뫼로7길 11 주공아파트 (우면동),37.4698618,127.023866
서울특별시,서초구,까리따스어린이집,서울특별시 서초구 남부순환로 2124 (방배동),37.47498587,126.9843736
서울특별시,서초구,남태령어린이집,서울특별시 서초구 전원말길 6 (방배동),37.46589698,126.9887854
서울특별시,서초구,서초남서울어린이집,서울특별시 서초구 반포대로 310-5 구립서초남서울어린이집,37.50679968,127.0005909
서울특별시,서초구,서초어린이집,서울특별시 서초구 남부순환로 2271-1 ,37.47467849,127.0002347
서울특별시,서초구,성분도어린이집,서울특별시 서초구 방배로 40 .,37.47843876,126.9999966
서울특별시,서초구,양재2동어린이집,서울특별시 서초구 강남대로8길 66-15 ,37.46912991,127.0446865
서울특별시,서초구,서초장미어린이집,서울특별시 서초구 남부순환로 2543-5 ,37.48419963,127.0284621
서울특별시,서초구,양재복지관어린이집,서울특별시 서초구 남부순환로 2610 (양재동),37.48452702,127.0361645
서울특별시,서초구,토마토어린이집,"서울특별시 서초구 서초중앙로24길 43 101동 103호(서초동, 유원아파트)",37.49594752,127.0189851
서울특별시,서초구,꿈터어린이집,"서울특별시 서초구 바우뫼로 91 101동 101호(양재동, 양재우성아파트)",37.47504047,127.031799
서울특별시,서초구,예랑어린이집,서울특별시 서초구 청두곶길 46 1층 (방배동),37.48073392,126.9855654
서울특별시,서초구,은빛어린이집,"서울특별시 서초구 효령로68길 13 21동 102호(서초동, 현대아파트)",37.48645939,127.0238539
서울특별시,서초구,햇님어린이집,서울특별시 서초구 서리풀6길 28-4 (서초동),37.48869906,127.0213232
서울특별시,서초구,선우어린이집,서울특별시 서초구 방배로15길 26 1층,37.48389775,126.9942882
서울특별시,서초구,서초예랑어린이집,"서울특별시 서초구 효령로23길 82 103호(방배동, 퍼시픽하우스)",37.48383096,126.9923708
서울특별시,서초구,늘푸른아이들어린이집,"서울특별시 서초구 신반포로15길 4 101동 101호(반포동, 반포대우아파트)",37.50414349,126.9974539
서울특별시,서초구,기쁜어린이집,서울특별시 서초구 바우뫼로9길 22-8 (우면동),37.47260419,127.0264683
서울특별시,서초구,함께크는공동육아어린이집,서울특별시 서초구 바우뫼로11안길 12 (우면동),37.47334557,127.0267444
서울특별시,서초구,잠원시온어린이집,서울특별시 서초구 잠원로 150 잠원한신아파트 1동 101호,37.51633689,127.0113511
서울특별시,서초구,서초이화어린이집,서울특별시 서초구 방배로39길 42 (방배동),37.49422224,126.9867425
서울특별시,서초구,아가야어린이집,서울특별시 서초구 방배중앙로15길 22 1층 (방배동),37.48808173,126.9870735
서울특별시,서초구,서초구청 직장어린이집,서울특별시 서초구 남부순환로347길 46 (서초동),37.48642248,127.0314197
서울특별시,서초구,서울시인재개발원 쑥쑥어린이집,서울특별시 서초구 남부순환로340길 58 서울시인재개발원직장어린이집,37.48119596,127.0234336
서울특별시,서초구,서초1삼성어린이집,서울특별시 서초구 서초대로74길 11 삼성전자 內 (서초동),37.49663336,127.0269145
서울특별시,서초구,바름이어린이집,서울특별시 서초구 서초대로45길 20 서울변호사교육문화관 1층 (서초동),37.49414462,127.0089663
서울특별시,서초구,서정어린이집,서울특별시 서초구 방배천로 48 (방배동),37.48076743,126.9827869
서울특별시,서초구,KT연구개발센터 꿈나무어린이집,서울특별시 서초구 태봉로 151 (우면동),37.47131164,127.0293584
서울특별시,서초구,영어린이집,"서울특별시 서초구 잠원로14길 54 101호(잠원동, 신화아파트)",37.51576217,127.0136448
서울특별시,서초구,반포퍼스티지 하늘어린이집,서울특별시 서초구 반포대로 275 (반포동),37.50239027,126.9959653
서울특별시,서초구,서초양재어린이집,서울특별시 서초구 강남대로34길 46-12 1층(양재동),37.48330909,127.0385551
서울특별시,서초구,미소담은어린이집,서울특별시 서초구 바우뫼로 91 우성아파트 105동 105호,37.47504047,127.031799
서울특별시,서초구,KTDS서초어린이집,서울특별시 서초구 효령로 174 ktds서초 어린이집,37.48199861,127.0031157
서울특별시,서초구,리체꿈나라 어린이집,서울특별시 서초구 고무래로 35 (반포동),37.50446749,127.0124545
서울특별시,서초구,반포퍼스티지솔마을어린이집,서울특별시 서초구 반포대로 275 래미안퍼스티지 아파트 125동앞,37.50239027,126.9959653
서울특별시,서초구,서초2삼성어린이집,서울특별시 서초구 서초대로74길 4 삼성생명 서초타워 3층,37.49674373,127.0257036
서울특별시,서초구,서초구립반포서래어린이집,서울특별시 서초구 사평대로28길 70 ,37.49748589,127.0003286
서울특별시,서초구,도담어린이집,서울특별시 서초구 태봉로2길 65 네이처힐4단지 관리동 1층,37.46412574,127.0257879
서울특별시,서초구,산성몬테소리어린이집,서울특별시 서초구 사평대로 253 ,37.50524853,127.0110376
서울특별시,서초구,자연닮은꼬마숲어린이집,"서울특별시 서초구 사임당로23길 58 301동 105호(서초동, 현대3차아파트)",37.49261834,127.0213912
서울특별시,서초구,서초구립신반포어린이집,서울특별시 서초구 신반포로19길 26 신반포중학교 내 복합관,37.50626532,126.9961242
서울특별시,서초구,초록어린이집,서울특별시 서초구 명달로20길 33 진흥골든빌라101호(서초동),37.4861617,127.0059739
서울특별시,서초구,키즈랜드어린이집,서울특별시 서초구 양재대로2길 90 서초보금자리2단지 관리동,37.45760527,127.0175705
서울특별시,서초구,서초구립하나푸르니반포어린이집,서울특별시 서초구 서초중앙로33길 10 반포4동,37.50134657,127.0107505
서울특별시,서초구,서초구립네이처힐3단지어린이집,"서울특별시 서초구 태봉로2길 60 307동 1층(우면동, 서초네이처힐)",37.4656521,127.0271812
서울특별시,서초구,서초구립네이처힐6단지어린이집,서울특별시 서초구 태봉로2길 30 네이처힐6단지 601동 1층,37.46115288,127.0256508
서울특별시,서초구,서초구립네이처힐1단지어린이집,서울특별시 서초구 형촌길 35 네이처힐1단지 109동 1층,37.46411276,127.0191852
서울특별시,서초구,바른아이어린이집,"서울특별시 서초구 양재대로2길 90 208동 105호(우면동, LH스타힐스)",37.45760527,127.0175705
서울특별시,서초구,현대양재어린이집,서울특별시 서초구 염곡말길 17-6 ,37.46229451,127.052079
서울특별시,서초구,서초구립방배열린어린이집,서울특별시 서초구 방배로 173 방배열린문화센터 내 1층,37.48900761,126.9922424
서울특별시,서초구,서초구립 포레스타7단지어린이집,서울특별시 서초구 청계산로11길 7-12 708동 1층,37.44855147,127.0559731
서울특별시,서초구,서초구립 리본타워어린이집,"서울특별시 서초구 바우뫼로18길 20 101동 1층(양재동, 리본타워)",37.47288975,127.0321484
서울특별시,서초구,서초구립 서초3단지어린이집,서울특별시 서초구 양재대로2길 34 우면동 408번지 서초보금자리3단지 내 별동,37.45758224,127.0221668
서울특별시,서초구,서초구립 서리풀어린이집,"서울특별시 서초구 반포대로 121 (서초동, 사랑의 교회내)",37.49079117,127.0074618
서울특별시,서초구,서초구립 포레스타5단지어린이집,서울특별시 서초구 청계산로7길 43 510동 1층,37.45114197,127.0576835
서울특별시,서초구,서초구립 리본타워2단지어린이집,서울특별시 서초구 매헌로16길 40 양재리본타워2단지 관리동(양재동),37.46493104,127.0361709
서울특별시,서초구,서초구립 포레스타3단지어린이집,서울특별시 서초구 헌릉로8길 22 305동 1층,37.45526904,127.0591797
서울특별시,서초구,서초더샵포레어린이집,서울특별시 서초구 헌릉로8길 58 104동 1층,37.45324439,127.0624773
서울특별시,서초구,양지2어린이집,서울특별시 서초구 샘마을길 73 ,37.46346794,127.0704274
서울특별시,서초구,롯데건설어린이집,서울특별시 서초구 강남대로101안길 33 ,37.51581669,127.0170375
서울특별시,서초구,서초구립 서초자연이랑 어린이집,서울특별시 서초구 양재대로2길 109 ,37.4561155,127.0137834
서울특별시,서초구,서초구립 포레스타6단지어린이집,서울특별시 서초구 청계산로9길 1-12 ,37.44968266,127.0562414
서울특별시,서초구,서초구립 포레스타2단지어린이집,서울특별시 서초구 헌릉로8길 45 ,37.45468985,127.0625466
서울특별시,서초구,서초구립예아어린이집,서울특별시 서초구 방배천로18길 36-8 ,37.48239895,126.9845724
서울특별시,서초구,서울발트킨더어린이집,서울특별시 서초구 헌릉로8길 10-12 107동 1층,37.45595172,127.0581198
서울특별시,서초구,국립중앙도서관책사랑어린이집,서울특별시 서초구 반포대로 201 국립중앙도서관 내 어린이집,37.4974226,127.0032279
서울특별시,서초구,삼성전자서울R&D캠퍼스어린이집,서울특별시 서초구 성촌길 67 삼성전자서울알앤디캠퍼스어린이집,37.4657621,127.0210741
서울특별시,서초구,열매어린이집,서울특별시 서초구 태봉로2길 10 네이처힐 7단지 관리동,37.4620461,127.0232663
서울특별시,서초구,방배본동 행복한 어린이집,서울특별시 서초구 동광로11길 86 ,37.49501156,126.9854962
서울특별시,서초구,서초구립 아이숲어린이집,서울특별시 서초구 청계산로9길 1-12 602동 1층내,37.44968266,127.0562414
서울특별시,서초구,서초구립 아람어린이집,"서울특별시 서초구 태봉로2길 5 505동 1층(우면동, 서초네이처힐5단지)",37.46298035,127.0242166
서울특별시,서초구,서초구립 아크로별어린이집,"서울특별시 서초구 신반포로15길 19 100동(반포동, 아크로리버파크)",37.506252,126.9926731
서울특별시,서초구,서초구립 아크로해어린이집,"서울특별시 서초구 신반포로15길 19 106동 1층(반포동, 아크로리버파크)",37.506252,126.9926731
서울특별시,서초구,서초구립 잠원햇살어린이집,"서울특별시 서초구 잠원로8길 25 1층 (잠원동, 래미안신반포팰리스)",37.51445739,127.0114491
서울특별시,서초구,서초구립 아크로달어린이집,"서울특별시 서초구 신반포로15길 19 104동 (아크로리버파크아파트, 반포동)",37.506252,126.9926731
서울특별시,서초구,서초구립 서초4동삼풍어린이집,"서울특별시 서초구 서초중앙로 200 5동, 103호(서초동, 삼풍아파트)",37.50045322,127.0156476
서울특별시,서초구,서초구립 에스티지하늘어린이집,"서울특별시 서초구 서운로 107 1층(서초2동, 래미안서초에스티지 아파트)",37.49302937,127.0255199
서울특별시,서초구,서초구립 느티나무어린이집,서울특별시 서초구 사임당로19길 126 ,37.4923246,127.0199069
서울특별시,서초구,서초구립 서초3동어린이집,서울특별시 서초구 반포대로13길 64 서초구립 서초3동어린이집,37.48521735,127.007598
서울특별시,서초구,서초구립 서초4동행복어린이집,"서울특별시 서초구 서초중앙로 200 3동 106호(서초동, 삼풍아파트)",37.50045322,127.0156476
서울특별시,서초구,서초구립 반포미도어린이집,"서울특별시 서초구 서초중앙로29길 28 303동 108호(반포동, 반포미도아파트)",37.49997334,127.0087056
서울특별시,서초구,서초구립 서초4동써밋1어린이집,"서울특별시 서초구 서운로 201 (서초4동, 푸르지오써밋아파트)",37.50132463,127.0201266
서울특별시,서초구,서초구립 반포1동주민센터어린이집,서울특별시 서초구 사평대로 273 ,37.50509404,127.0133786
서울특별시,서초구,서초구립 서초4동써밋2어린이집,"서울특별시 서초구 서운로 212 (서초4동, 서초푸르지오써밋아파트)",37.50185788,127.0224228
서울특별시,서초구,서초구립 방배본동신나는어린이집,서울특별시 서초구 동광로11길 23 .,37.49222334,126.9858499
서울특별시,서초구,서초구립 서초1동하은어린이집,서울특별시 서초구 서초대로58길 35-6 .,37.49318577,127.0182921
서울특별시,서초구,서초구립 내곡연두어린이집,서울특별시 서초구 헌릉로 226 1층,37.45498921,127.0648005
서울특별시,서초구,서초구립 도구머리어린이집,서울특별시 서초구 청두곶2길 33 ,37.47862287,126.987194
서울특별시,서초구,서초구립 반포단비어린이집,서울특별시 서초구 주흥13길 12 ,37.50868033,127.0185495
서울특별시,서초구,서초구립 방배4동어린이집,서울특별시 서초구 서초대로19길 16 ,37.48782875,126.9912621
서울특별시,서초구,서초구립 서울교육대학교사향어린이집,서울특별시 서초구 서초중앙로 96 서울교육대학교 평생교육원 1층,37.49074049,127.0154245
서울특별시,서초구,서초구립 래미안서초에스티지S어린이집,서울특별시 서초구 서운로 104 ,37.4934156,127.0264914
서울특별시,서초구,서초구립 양재별하어린이집,서울특별시 서초구 논현로5길 15-5 ,37.47197252,127.0493982
서울특별시,서초구,서초구립 방배1동초록꿈어린이집,서울특별시 서초구 효령로23길 16 ,37.48116398,126.9939738
서울특별시,서초구,서초구립 양재목련어린이집,서울특별시 서초구 언남16길 37 ,37.47350972,127.0465605
서울특별시,서초구,서초구립 잠원동어린이집,서울특별시 서초구 강남대로95길 75 .,37.5118742,127.0168344
서울특별시,서초구,서초구립 아르떼어린이집,"서울특별시 서초구 방배천로18길 11 관리동(방배동, 방배롯데캐슬아르떼)",37.48357618,126.9830667
서울특별시,서초구,서초구립 신반포자이어린이집,서울특별시 서초구 잠원로 60 ,37.51017564,127.0082024
서울특별시,서초구,서초구립 신반포아크로빛어린이집,서울특별시 서초구 잠원로 117 신반포아크로리버뷰아파트 104동,37.51451892,127.0069957
서울특별시,서초구,서초구립 반포래미안아이파크어린이집,서울특별시 서초구 서초중앙로 220 112동(반포래미안아이파크),37.50151093,127.0124717
서울특별시,서초구,BSP어린이집,서울특별시 서초구 고무래로 89 반포써밋푸르지오 아파트 단지 내,37.5009526,127.0185009
서울특별시,서초구,서초구립 방배아트자이어린이집,서울특별시 서초구 명달로9길 57 관리동,37.47934362,127.0024889
서울특별시,서초구,KCC직장어린이집,서울특별시 서초구 사평대로 334-2 1층,37.50258434,127.0194845
서울특별시,서초구,서초구립 누리아미어린이집,서울특별시 서초구 서운로26길 3 서초4동 열린문화센터 내,37.50271558,127.02221
서울특별시,서초구,서초구립 나래어린이집,서울특별시 서초구 양재대로2길 33 지상1층,37.458205,127.024132
서울특별시,서초구,서초구립 신반포리오센트어린이집,서울특별시 서초구 잠원로14길 32 ,37.51794544,127.0140557
서울특별시,서초구,LG전자 서초어린이집,서울특별시 서초구 양재대로11길 19 고객센터3층,37.46118926,127.0339659
서울특별시,서초구,CJ키즈빌어린이집,서울특별시 서초구 전원말4길 7 ,37.46567038,126.9898117
서울특별시,서초구,서초구립 롯데캐슬킨더어린이집,서울특별시 서초구 서운로 197 1층,37.49948267,127.0208201
서울특별시,서초구,서초구립 반포센트럴자이어린이집,서울특별시 서초구 반포대로 310-6 (반포센트럴자이어린이집),37.5064734,127.0023527
서울특별시,서초구,서초구립 센트럴아이파크어린이집,서울특별시 서초구 반포대로18길 36 ,37.48720953,127.0114685
서울특별시,서초구,서초구립 래미안리더스원어린이집,서울특별시 서초구 서운로 62 ,37.48943855,127.0284204
서울특별시,서초구,서초구립 한신서래어린이집,서울특별시 서초구 사평대로28길 31 101동 108호,37.49897867,127.0009997
서울특별시,서초구,서초구립 서초3동하나어린이집,서울특별시 서초구 명달로11길 16 ,37.4834231,127.0031205
서울특별시,서초구,서초구립 허니비어린이집,"서울특별시 서초구 서초대로1길 30 105동 101호(방배동, 현대아파트)",37.48923288,126.9836143
서울특별시,서초구,서초구립 라클라스어린이집,서울특별시 서초구 서초중앙로 206 ,37.49977917,127.0127233
서울특별시,서초구,서초구립 서초그랑자이어린이집,서울특별시 서초구 효령로 391 ,37.48932255,127.024591
서울특별시,서초구,서초구립 방배그랑자이어린이집,서울특별시 서초구 방배로 21 방배그랑자이어린이집,37.47557238,126.9998461
서울특별시,서초구,서초구립 반포센트레빌어린이집,서울특별시 서초구 사평대로 310-4 ,37.50345704,127.0159701
서울특별시,서초구,서초구립 서초교대e편한세상어린이집,서울특별시 서초구 서초중앙로24길 33 교대e편한세상아파트 관리동,37.49575347,127.0170548
서울특별시,서초구,무지개어린이집,"서울특별시 서초구 신흥말길 79-3 103동 1층(내곡동, 무지개아파트)",37.45153272,127.0819602
서울특별시,서초구,서초구립 반포르엘어린이집,서울특별시 서초구 신반포로23길 23 ,37.50677998,127.0036992
서울특별시,서초구,서초구립 방배1동숲어린이집,서울특별시 서초구 방배로20길 25-19 ,37.48678653,126.9957742
서울특별시,서초구,서초구립 방배서리풀어린이집,서울특별시 서초구 서초대로29길 20 ,37.48923825,126.9953434
서울특별시,서초구,서초구립 반포르엘2차어린이집,서울특별시 서초구 신반포로23길 33 ,37.50866762,127.0020908
서울특별시,서초구,서초구립 신반포르엘어린이집,서울특별시 서초구 잠원로14길 42 ,37.51716262,127.0135205
서울특별시,서초구,서초구립 원베일리 나래어린이집,서울특별시 서초구 반포대로 333 서초구립 원베일리나래어린이집,37.5077735,126.995904
서울특별시,서초구,서초구립 원베일리 꿈어린이집,서울특별시 서초구 반포대로 333 서초구립 원베일리꿈어린이집,37.5077735,126.995904
서울특별시,서초구,서초구립 원펜타스어린이집,서울특별시 서초구 신반포로15길 1 ,37.50426066,126.9938246
서울특별시,서초구,한국콜마 직장어린이집,서울특별시 서초구 홍씨마을길 22 ,37.45320265,127.0648605
서울특별시,서초구,서초구립 메이플자이 더자람어린이집,서울특별시 서초구 신반포로 253 ,37.50990015,127.0128116
서울특별시,서초구,서초구립 메이플자이 다온어린이집,서울특별시 서초구 신반포로 251 ,37.51287094,127.0128038
서울특별시,서초구,기아 청계산어린이집,서울특별시 서초구 청룡마을길 37 ,37.44837314,127.0586157
서울특별시,서초구,서초구립 원페를라 바다어린이집,서울특별시 서초구 서초대로19길 77 104동,37.49129892,126.9875593
서울특별시,서초구,서초구립 원페를라 해든어린이집,서울특별시 서초구 서초대로19길 77 ,37.49129892,126.9875593
서울특별시,강남구,푸른어린이집,서울특별시 강남구 자곡로7길 8-1 (자곡동),37.47355934,127.0998268
서울특별시,강남구,일원어린이집,서울특별시 강남구 광평로3길 21 일원어린이집 (일원동),37.48408588,127.0779641
서울특별시,강남구,성아어린이집,서울특별시 강남구 논현로32길 16 성아어린이집 (도곡동),37.48406591,127.0435755
서울특별시,강남구,선재어린이집,서울특별시 강남구 삼성로71길 31 선재어린이집 (대치동),37.50147922,127.0563564
서울특별시,강남구,바롬어린이집,서울특별시 강남구 언주로164길 36 (신사동),37.52534097,127.0363643
서울특별시,강남구,연화어린이집,서울특별시 강남구 학동로43길 17 ,37.51728313,127.0372042
서울특별시,강남구,예향어린이집,서울특별시 강남구 개포로22길 87 (개포동) 포이교육문화관 1층,37.47581662,127.0520457
서울특별시,강남구,논현어린이집,서울특별시 강남구 강남대로124길 65 (논현동),37.51102773,127.0268964
서울특별시,강남구,목련어린이집,서울특별시 강남구 개포로 617-8 ,37.4940517,127.0777601
서울특별시,강남구,선우어린이집,서울특별시 강남구 도곡로18길 9 (도곡동),37.49076432,127.0385096
서울특별시,강남구,압구정어린이집,서울특별시 강남구 언주로157길 8 (신사동),37.52396228,127.0322639
서울특별시,강남구,삼성서울병원 어린이집,서울특별시 강남구 광평로31길 66 (수서동),37.48555023,127.0880568
서울특별시,강남구,한티어린이집,서울특별시 강남구 영동대로57길 7 대치평생학습관 3층 (대치동),37.49995494,127.0669768
서울특별시,강남구,방죽어린이집,서울특별시 강남구 밤고개로24길 75 (율현동),37.46991885,127.1045799
서울특별시,강남구,강남아이트라움어린이집,서울특별시 강남구 개포로124길 13 (일원동),37.49380141,127.0830466
서울특별시,강남구,수서어린이집,서울특별시 강남구 광평로 242 (수서동),37.48613985,127.0990823
서울특별시,강남구,구민회관어린이집,서울특별시 강남구 삼성로 154 (대치동),37.49388799,127.0642724
서울특별시,강남구,사랑어린이집,서울특별시 강남구 강남대로54길 9 한우리교회 (도곡동),37.48846759,127.0333798
서울특별시,강남구,다솔어린이집,"서울특별시 강남구 개포로 264 단지 내 다솔어린이집(개포동, 개포래미안포레스트)",37.47975035,127.0522282
서울특별시,강남구,해피어린이집,서울특별시 강남구 광평로19길 10 까치마을아파트 관리동 (수서동),37.48548535,127.0866017
서울특별시,강남구,한솔어린이집,"서울특별시 강남구 광평로10길 6 307동 101호(일원동, 한솔마을)",37.48262917,127.0765203
서울특별시,강남구,초망몬테소리어린이집,서울특별시 강남구 봉은사로105길 24 (삼성동),37.51628286,127.0618606
서울특별시,강남구,미담어린이집,서울특별시 강남구 일원로 115 삼성생명빌딩 (일원동),37.4840224,127.0844597
서울특별시,강남구,수서서머힐어린이집,서울특별시 강남구 광평로51길 22 한아름아파트 관리동,37.49021723,127.1039572
서울특별시,강남구,또래어린이집,서울특별시 강남구 언주로 107 현대아파트 단지내(개포동),37.48358634,127.0519555
서울특별시,강남구,일원사임당어린이집,서울특별시 강남구 개포로 648 동형빌딩101호 (일원동),37.49477999,127.0836899
서울특별시,강남구,나하나어린이집,"서울특별시 강남구 양재대로55길 6 상가동 304,305호",37.49132099,127.0883142
서울특별시,강남구,강남역삼럭키어린이집,"서울특별시 강남구 논현로 213 102동 116호(도곡동, 역삼럭키아파트)",37.49154881,127.0409542
서울특별시,강남구,선릉삼성어린이집,서울특별시 강남구 선릉로100길 48 (삼성동),37.50667164,127.0511776
서울특별시,강남구,삐아제어린이집,서울특별시 강남구 광평로47길 17 신동아아파트 관리동,37.48790865,127.0981863
서울특별시,강남구,신사어린이집,서울특별시 강남구 도산대로15길 26 (신사동),37.51998461,127.0239978
서울특별시,강남구,강남영재어린이집,서울특별시 강남구 논현로 205 (도곡동),37.48794787,127.0406182
서울특별시,강남구,에듀케어어린이집,"서울특별시 강남구 선릉로130길 19 102동 108호(삼성동, 서광)",37.51703215,127.0429371
서울특별시,강남구,포그니어린이집,"서울특별시 강남구 학동로64길 7 102동 107호(삼성동, 한솔파크아파트)",37.51764786,127.0454388
서울특별시,강남구,꿈사랑몬테소리어린이집,서울특별시 강남구 삼성로51길 35 대치팰리스아파트 2단지 내 관리동,37.49490423,127.0601787
서울특별시,강남구,베베키즈룸어린이집,서울특별시 강남구 도곡로43길 21 래미안그레이튼1단지아파트 관리동,37.49572777,127.0470116
서울특별시,강남구,소꿉 어린이집,"서울특별시 강남구 개포로 516 603동 108호(개포동,주공아파트)",37.48914068,127.0708715
서울특별시,강남구,현이어린이집,서울특별시 강남구 밤고개로21길 25 래미안포레아파트 315동 101호,37.47504752,127.1076444
서울특별시,강남구,은마어린이집,"서울특별시 강남구 삼성로 212 30동 114호(대치동, 은마아파트)",37.49961577,127.0659154
서울특별시,강남구,여명어린이집,서울특별시 강남구 역삼로67길 11 (대치동),37.50214548,127.0529221
서울특별시,강남구,아크로힐스논현어린이집,서울특별시 강남구 언주로 604 아크로힐스논현 관리동,37.50953032,127.0384212
서울특별시,강남구,충현어린이집,서울특별시 강남구 테헤란로27길 41 1층(역삼동),37.50404133,127.036667
서울특별시,강남구,아이큰숲어린이집,서울특별시 강남구 학동로68길 29 관리동,37.51656029,127.0471878
서울특별시,강남구,애솔 어린이집,"서울특별시 강남구 언주로 3 5동 106호(개포동, 우성6차아파트)",37.47679218,127.0559259
서울특별시,강남구,서울주택도시개발공사 으뜸어린이집,서울특별시 강남구 개포로 621 SH공사 14동 5호(개포동),37.49413139,127.0787831
서울특별시,강남구,현대키즈어린이집,"서울특별시 강남구 학동로68길 29 105동 103호(삼성동, 삼성동힐스테이트1차아파트)",37.51656029,127.0471878
서울특별시,강남구,도곡어린이집,서울특별시 강남구 선릉로 217 (도곡동),37.4943225,127.0535103
서울특별시,강남구,오르다어린이집,서울특별시 강남구 봉은사로73길 3-4 ,37.51279605,127.050513
서울특별시,강남구,청담어린이집,서울특별시 강남구 도산대로56길 14 (청담동),37.5221221,127.0401127
서울특별시,강남구,대치어린이집,서울특별시 강남구 영동대로65길 11 (대치동),37.50185505,127.0655656
서울특별시,강남구,역삼어린이집,서울특별시 강남구 테헤란로22길 46 (역삼동),37.49719659,127.0356946
서울특별시,강남구,역삼래미안어린이집,서울특별시 강남구 선릉로69길 19 역삼래미안 관리동,37.49812635,127.050691
서울특별시,강남구,대청어린이집,서울특별시 강남구 양재대로37길 19 (일원동),37.49088099,127.0835279
서울특별시,강남구,삼육어린이집,"서울특별시 강남구 선릉로69길 20 105동 104호(역삼동, E편한세상)",37.49874723,127.0509235
서울특별시,강남구,예지어린이집,서울특별시 강남구 언주로7길 23 예지어린이집 (개포동),37.47707467,127.0554813
서울특별시,강남구,리틀바움어린이집,서울특별시 강남구 개포로109길 21 대치2단지 관리동 1층,37.49562649,127.077191
서울특별시,강남구,킹스키즈어린이집,서울특별시 강남구 선릉로69길 20 역삼e편한세상아파트 관리동,37.49874723,127.0509235
서울특별시,강남구,우리누리 어린이집,서울특별시 강남구 테헤란로 114 국세종합상담센터 (역삼동),37.49828846,127.0301032
서울특별시,강남구,청수어린이집,서울특별시 강남구 압구정로79길 26 청수어린이집 (청담동),37.52509211,127.0492911
서울특별시,강남구,보람어린이집,서울특별시 강남구 남부순환로397길 19 (대치동),37.49438501,127.06134
서울특별시,강남구,청마을어린이집,서울특별시 강남구 양재대로55길 10 대청복지관 내 1층 청마을어린이집,37.49315404,127.0909914
서울특별시,강남구,역삼가애어린이집,서울특별시 강남구 도곡로37길 15 (역삼동),37.49486206,127.0447638
서울특별시,강남구,동명어린이집,서울특별시 강남구 개포로20길 34 서울특별시 강남구 개포로 20길34,37.47674574,127.0484658
서울특별시,강남구,인성어린이집,"서울특별시 강남구 개포로109길 21 305동 102호(개포동, 대청아파트)",37.49562649,127.077191
서울특별시,강남구,삼성어린이집,서울특별시 강남구 영동대로122길 7-6 ,37.51724256,127.0596656
서울특별시,강남구,무역센터 꿈나무 어린이집,서울특별시 강남구 영동대로 513 컨벤션센터 2층,37.51182391,127.059159
서울특별시,강남구,언북 어린이집,서울특별시 강남구 삼성로135길 42 언북 초등학교 내 교육문화센터 2층 (청담동),37.52012517,127.0447158
서울특별시,강남구,대치아이리베슐레어린이집,서울특별시 강남구 선릉로 222 대치아이파크 관리동,37.49586698,127.0547491
서울특별시,강남구,하늘어린이집,"서울특별시 강남구 개포로 516 609동 101호(개포동, 주공아파트)",37.48914068,127.0708715
서울특별시,강남구,강남힐스어린이집,서울특별시 강남구 삼성로111길 8 삼성동 힐스테이트 관리동,37.51473151,127.0517391
서울특별시,강남구,연세중앙어린이집,"서울특별시 강남구 개포로 516 604동 104호(개포동, 주공6단지아파트)",37.48914068,127.0708715
서울특별시,강남구,포스코 제1 어린이집,서울특별시 강남구 테헤란로 440 (대치동),37.50581497,127.056131
서울특별시,강남구,한별어린이집,서울특별시 강남구 봉은사로82길 23 (삼성동),37.51179802,127.0555115
서울특별시,강남구,압구정아람어린이집,서울특별시 강남구 압구정로 311 (압구정동),37.52934732,127.0356144
서울특별시,강남구,리엔어린이집,서울특별시 강남구 헌릉로590길 11 세곡리엔파크3단지 관리동,37.46439904,127.1040027
서울특별시,강남구,꼬꼬맘 어린이집,서울특별시 강남구 논현로4길 41 (개포동),37.47410991,127.0531046
서울특별시,강남구,키즈랜드어린이집,서울특별시 강남구 헌릉로590길 100 리엔파크 1단지 관리동 내 키즈랜드어린이집,37.46353772,127.1010426
서울특별시,강남구,그레이튼어린이집,서울특별시 강남구 도곡로43길 20 래미안그레이튼2단지 관리동,37.49685529,127.0485874
서울특별시,강남구,대웅 리틀베어 어린이집,서울특별시 강남구 봉은사로114길 12 ,37.51442557,127.065469
서울특별시,강남구,IBK 참 ! 좋은 어린이집,서울특별시 강남구 선릉로 332 ,37.49943309,127.0517131
서울특별시,강남구,초록어린이집,서울특별시 강남구 헌릉로590길 63 세곡5단지 리엔파크 관리동,37.46104654,127.1015409
서울특별시,강남구,보미나어린이집,서울특별시 강남구 학동로20길 25 ,37.5115038,127.0285345
서울특별시,강남구,강남구청 직장어린이집,서울특별시 강남구 학동로 426 ,37.51796816,127.0470598
서울특별시,강남구,아기사랑 어린이집,"서울특별시 강남구 도곡로18길 35 3동 103호(도곡동, 현대아파트)",37.48928308,127.0390091
서울특별시,강남구,담희어린이집,서울특별시 강남구 영동대로138길 12 청담자이아파트 관리동,37.52410147,127.0572498
서울특별시,강남구,세곡푸르지오어린이집,서울특별시 강남구 자곡로 21 세곡푸르지오아파트(관리동),37.46734665,127.0932645
서울특별시,강남구,다솜어린이집,"서울특별시 강남구 광평로51길 27 402동 104호(수서동, 삼익아파트)",37.48961473,127.1007301
서울특별시,강남구,베이트리 어린이집,서울특별시 강남구 테헤란로25길 53 ,37.504034,127.0340587
서울특별시,강남구,래미안도곡카운티어린이집,서울특별시 강남구 선릉로 227 래미안도곡카운티아파트 관리동,37.49583915,127.0527361
서울특별시,강남구,가온어린이집,서울특별시 강남구 헌릉로618길 8 대왕초등학교내,37.46463918,127.105304
서울특별시,강남구,수연어린이집,서울특별시 강남구 봉은사로59길 22 .,37.51244298,127.045568
서울특별시,강남구,예다솜어린이집,서울특별시 강남구 헌릉로571길 20 강남LH1단지(관리동),37.46709824,127.1021018
서울특별시,강남구,역삼몬테소리어린이집,서울특별시 강남구 테헤란로30길 27 ,37.49954489,127.0398945
서울특별시,강남구,대치도담 어린이집,서울특별시 강남구 선릉로64길 33 도곡초등학교(대치4동),37.49951141,127.0544655
서울특별시,강남구,가로수 어린이집,서울특별시 강남구 압구정로18길 28 신구초등학교,37.52336977,127.0239884
서울특별시,강남구,세곡연두 어린이집,서울특별시 강남구 자곡로3길 22 LH강남3단지(관리동),37.4699716,127.0910208
서울특별시,강남구,이레어린이집,서울특별시 강남구 언주로 332 역삼푸르지오아파트 관리동,37.49822233,127.0473954
서울특별시,강남구,LH서울어린이집,서울특별시 강남구 선릉로121길 12 ,37.51450075,127.0409805
서울특별시,강남구,풀무원어린이집,서울특별시 강남구 광평로 280 4층,37.48731916,127.1031081
서울특별시,강남구,세곡햇빛어린이집,서울특별시 강남구 자곡로 260 강남한양수자인(관리동),37.47656344,127.1117521
서울특별시,강남구,꼬망새어린이집,"서울특별시 강남구 밤고개로21길 25 306동 102호(자곡동, 래미안포레)",37.47504752,127.1076444
서울특별시,강남구,광림어린이집,서울특별시 강남구 논현로175길 49 ,37.52435576,127.025985
서울특별시,강남구,산들어린이집,서울특별시 강남구 자곡로3길 45 강남 브리즈힐(관리동),37.47224324,127.09066
서울특별시,강남구,자곡어린이집,서울특별시 강남구 자곡로 175 LH 강남아이파크(관리동),37.47427422,127.1026422
서울특별시,강남구,힐즈어린이집,서울특별시 강남구 자곡로 101 래미안강남힐즈어린이집,37.47265508,127.0958055
서울특별시,강남구,세아별어린이집,서울특별시 강남구 영동대로 325 S TOWER 2층,37.50329103,127.0654959
서울특별시,강남구,창의나무아이파크어린이집,서울특별시 강남구 테헤란로52길 16 테헤란아이파크아파트 관리동,37.50250061,127.046384
서울특별시,강남구,힐스어린이집,서울특별시 강남구 자곡로3길 21 LHA5블럭 강남LH힐스테이트(관리동),37.47185269,127.0882312
서울특별시,강남구,GS 푸르니 어린이집,서울특별시 강남구 테헤란로27길 34-3 .,37.50378732,127.0375683
서울특별시,강남구,솔빛어린이집,서울특별시 강남구 압구정로80길 17 2층,37.52461326,127.0453815
서울특별시,강남구,아이플러스어린이집,서울특별시 강남구 밤고개로26길 50 강남한신휴플러스 아파트 6단지 내 관리동,37.46781108,127.1048213
서울특별시,강남구,강남세브란스어린이집,서울특별시 강남구 언주로63길 29 명지빌딩 1층,37.49411045,127.0440015
서울특별시,강남구,꿈드림 어린이집,"서울특별시 강남구 선릉로 221 402동 103호 (도곡동, 도곡렉슬아파트)",37.49420684,127.0497348
서울특별시,강남구,대치팰리스어린이집,서울특별시 강남구 삼성로51길 37 래미안대치팰리스 1단지 관리동,37.49343619,127.0576977
서울특별시,강남구,현대선릉어린이집,서울특별시 강남구 봉은사로68길 35-2 ,37.51002967,127.0518442
서울특별시,강남구,동원어린이집,서울특별시 강남구 개포로15길 29 ,37.48031524,127.0458225
서울특별시,강남구,서울세관 직장어린이집,서울특별시 강남구 언주로 721 서울세관 별관동 1층,37.51828319,127.0337847
서울특별시,강남구,놀이존어린이집,서울특별시 강남구 영동대로141길 5 ,37.52327729,127.0542822
서울특별시,강남구,한울어린이집,서울특별시 강남구 삼성로51길 25 대치SK-VIEW아파트 관리동,37.49590789,127.0609998
서울특별시,강남구,GKL행복(강남 코엑스2호점)어린이집,서울특별시 강남구 봉은사로68길 27 ,37.51043257,127.0512746
서울특별시,강남구,오뚜기 어린이집,서울특별시 강남구 영동대로 308 2층,37.50207732,127.0676661
서울특별시,강남구,소담어린이집,서울특별시 강남구 개포로110길 50 ,37.48954101,127.0796242
서울특별시,강남구,현대오토에버 어린이집,서울특별시 강남구 테헤란로113길 12 ,37.51129299,127.0665296
서울특별시,강남구,초롱어린이집,서울특별시 강남구 삼성로 629 삼성동센트럴아이파크 내,37.51578641,127.0513192
서울특별시,강남구,해솔어린이집,서울특별시 강남구 헌릉로590길 88 ,37.46287766,127.1014443
서울특별시,강남구,선혜어린이집,서울특별시 강남구 선릉로 8 레미안블레스티지 관리동,37.48005758,127.0641534
서울특별시,강남구,한빛어린이집,서울특별시 강남구 광평로34길 35 강남더샵포레스트 관리동,37.48211091,127.094906
서울특별시,강남구,어린왕자어린이집,서울특별시 강남구 자곡로7길 8-16 ,37.47458225,127.100154
서울특별시,강남구,지혜어린이집,서울특별시 강남구 삼성로 11 ,37.48444021,127.0679602
서울특별시,강남구,신동아어린이집,서울특별시 강남구 헌릉로590길 10 관리동,37.46451268,127.1027373
서울특별시,강남구,다람패스트파이브공동직장어린이집,서울특별시 강남구 봉은사로18길 45-1 ,37.50342987,127.0293783
서울특별시,강남구,포스코 제2 어린이집,서울특별시 강남구 테헤란로 440 포스코센터 4층,37.50581497,127.056131
서울특별시,강남구,현대모비스모아어린이집,서울특별시 강남구 테헤란로13길 34 ,37.50193646,127.0317855
서울특별시,강남구,빛의숲어린이집,서울특별시 강남구 논현로158길 19 1층,37.52221809,127.0299496
서울특별시,강남구,현대오토에버 늘해랑어린이집,서울특별시 강남구 삼성로84길 13 ,37.50559639,127.0587166
서울특별시,강남구,포레스트어린이집,서울특별시 강남구 개포로 264 ,37.47975035,127.0522282
서울특별시,강남구,삼성서울병원2 어린이집,서울특별시 강남구 양재대로55길 12 ,37.49362958,127.0897076
서울특별시,강남구,쿠키즈(coukids) 어린이집,서울특별시 강남구 테헤란로 332 HJ타워 3층,37.50377463,127.0481921
서울특별시,강남구,도토리소풍넥슨 대치어린이집,서울특별시 강남구 역삼로90길 25 ,37.50261866,127.0627478
서울특별시,강남구,현대백화점 직장어린이집,"서울특별시 강남구 테헤란로98길 12 3층(대치동,현대백화점 본사)",37.50741394,127.0621609
서울특별시,강남구,크래프톤 역삼 어린이집,서울특별시 강남구 논현로99길 21 ,37.50326187,127.0336408
서울특별시,강남구,디에이치자이개포어린이집,서울특별시 강남구 영동대로 22 ,37.49109411,127.074164
서울특별시,강남구,래미안라클래시어린이집,서울특별시 강남구 삼성로 651 ,37.51835131,127.0500365
서울특별시,강남구,강남데시앙포레어린이집,서울특별시 강남구 광평로34길 55 강남데시앙포레 아파트 키즈센터1층,37.48085608,127.0921723
서울특별시,강남구,케이티앤지 어린이집,서울특별시 강남구 영동대로 416 케이티앤지타워 1층,37.50658411,127.0653266
서울특별시,강남구,개포스타힐스어린이집,서울특별시 강남구 영동대로 16 ,37.48870179,127.0748317
서울특별시,강남구,강남센트럴어린이집,서울특별시 강남구 테헤란로44길 26 ,37.50120577,127.0457171
서울특별시,강남구,수서행복한어린이집,서울특별시 강남구 밤고개로 165 ,37.47936832,127.1061498
서울특별시,강남구,수서경찰서 어린이집,서울특별시 강남구 개포로 617 (수서경찰서),37.4935488,127.0771437
서울특별시,강남구,큰솔어린이집,서울특별시 강남구 삼성로 14 개포자이프레지던스 내,37.48615481,127.068451
서울특별시,강남구,디아크리온어린이집,서울특별시 강남구 자곡로11길 11 디아크리온강남 내,37.47695751,127.1079112
서울특별시,강남구,두나무 어린이집,서울특별시 강남구 강남대로84길 13 KR타워 4층,37.4968713,127.0295846
서울특별시,강남구,퍼스티어라별어린이집,"서울특별시 강남구 개포로 310 (개포동,디에이치퍼스티어아이파크)",37.48028672,127.0578478
서울특별시,강남구,퍼스티어누리어린이집,서울특별시 강남구 개포로 310 디에이치퍼스티어아이파크,37.48028672,127.0578478
서울특별시,강남구,퍼스티어고운어린이집,"서울특별시 강남구 개포로 310 (개포동,디에치퍼스티어아이파크)",37.48028672,127.0578478
서울특별시,강남구,퍼스티어다은어린이집,"서울특별시 강남구 개포로 310 (개포동, 디에이치퍼스티어아이파크)",37.48028672,127.0578478
서울특별시,강남구,행복누리어린이집,서울특별시 강남구 자곡로11길 28 ,37.47954139,127.1070565
서울특별시,강남구,엔젤데시앙어린이집,"서울특별시 강남구 헌릉로590길 63 512동 102호(세곡동, 강남데시앙파크아파트)",37.46104654,127.1015409
서울특별시,강남구,LX세미콘 직장어린이집,서울특별시 강남구 남부순환로 2621 1층,37.48526526,127.0366205
서울특별시,강남구,현대강남어린이집,서울특별시 강남구 강남대로 350 4층,37.49399427,127.0300652
서울특별시,강남구,청담르엘어린이집,서울특별시 강남구 학동로 607 청담르엘아파트 내,37.52173742,127.0579983
서울특별시,강남구,아크로삼성어린이집,서울특별시 강남구 영동대로128길 15 아크로삼성아파트 단지 내,37.52015718,127.0592103
서울특별시,강남구,토스 이음 어린이집,서울특별시 강남구 강남대로100길 31 ,37.50221067,127.0284706
서울특별시,송파구,마천어린이집,서울특별시 송파구 마천로61다길 28-7 ,37.49580691,127.151666
서울특별시,송파구,솔이어린이집,서울특별시 송파구 양산로2길 44 거여아파트3단지내,37.49046313,127.1475425
서울특별시,송파구,잠일어린이집,서울특별시 송파구 삼전로13길 44 (잠실동),37.50805874,127.0855703
서울특별시,송파구,천마어린이집,서울특별시 송파구 성내천로 315 (마천동),37.49276267,127.1564378
서울특별시,송파구,열매어린이집,서울특별시 송파구 올림픽로47길 9 열매어린이집 (풍납동),37.52741656,127.1180405
서울특별시,송파구,풍성어린이집,서울특별시 송파구 풍성로25길 21-3 ,37.53538249,127.1204473
서울특별시,송파구,풍납어린이집,서울특별시 송파구 토성로 52 (풍납동),37.52923995,127.1157303
서울특별시,송파구,송파구청어린이집,서울특별시 송파구 올림픽로 326 (신천동),37.51447718,127.10586
서울특별시,송파구,금륜어린이집,서울특별시 송파구 거마로24길 8-6 ,37.49951011,127.1480592
서울특별시,송파구,돌마리어린이집,서울특별시 송파구 백제고분로40길 13-16 돌마리어린이집 2층 (석촌동),37.50355423,127.1074469
서울특별시,송파구,옥토어린이집,"서울특별시 송파구 양산로8길 4 106동 118호(거여동, 거여1단지)",37.49181603,127.1442965
서울특별시,송파구,삼전어린이집,서울특별시 송파구 백제고분로32길 35 삼전종합사회복지관 1층,37.49922708,127.0950061
서울특별시,송파구,거성어린이집,서울특별시 송파구 오금로 544-6 거성어린이집,37.49267886,127.1490686
서울특별시,송파구,조은어린이집,서울특별시 송파구 양산로2길 38 거여6단지아파트 관리사무소 1층 조은어린이집 (거여동),37.48846422,127.1461865
서울특별시,송파구,오금 어린이집,서울특별시 송파구 마천로27길 4 (오금동),37.50257521,127.1405589
서울특별시,송파구,국민체육진흥공단어린이집,서울특별시 송파구 올림픽로 424 올림픽공원내 올림픽수영장건물 국민체육진흥공단어린이집,37.5203397,127.1155179
서울특별시,송파구,송파제일어린이집,서울특별시 송파구 가락로23길 9 ,37.50365632,127.1121873
서울특별시,송파구,롯데호텔어린이집,서울특별시 송파구 백제고분로45길 24 정명빌딩 1층 (송파동),37.51022689,127.1090191
서울특별시,송파구,문정어린이집,서울특별시 송파구 송이로32길 21 (문정동),37.4880722,127.1276712
서울특별시,송파구,예랑어린이집,서울특별시 송파구 백제고분로36가길 21 (석촌동),37.50451059,127.1024368
서울특별시,송파구,가락복지관어린이집,서울특별시 송파구 양재대로 897 (가락동),37.49557955,127.1069137
서울특별시,송파구,산성어린이집,서울특별시 송파구 마천로41길 12 ,37.49700939,127.1486931
서울특별시,송파구,석촌삐아제어린이집,서울특별시 송파구 송파대로39길 13 (석촌동),37.5024122,127.1078413
서울특별시,송파구,보혜어린이집,서울특별시 송파구 가락로28길 11 (송파동),37.50609433,127.1171288
서울특별시,송파구,엄마품어린이집,서울특별시 송파구 오금로31길 19 2층,37.50767135,127.1219443
서울특별시,송파구,쌍용어린이집,서울특별시 송파구 동남로 193 가락쌍용아파트관리동,37.49469823,127.1292231
서울특별시,송파구,다래어린이집,서울특별시 송파구 오금로42길 9 ,37.49714912,127.1343408
서울특별시,송파구,연세중앙어린이집,"서울특별시 송파구 가락로11길 15-15 하인즈빌라 101,2호 (석촌동)",37.50146934,127.1035632
서울특별시,송파구,(재)천주교서울대교구유지재단천사어린이집,서울특별시 송파구 거마로24길 11 (마천동),37.49931338,127.1490965
서울특별시,송파구,새빛어린이집,서울특별시 송파구 백제고분로28길 23-3 (삼전동),37.50092878,127.0917459
서울특별시,송파구,문정동화나라어린이집,서울특별시 송파구 동남로8길 18 (문정동),37.48941543,127.1260694
서울특별시,송파구,요요몬테소리어린이집,서울특별시 송파구 오금로27길 37 (방이동),37.50932526,127.1201545
서울특별시,송파구,래미안파인탑어린이집,서울특별시 송파구 오금로32길 31 래미안송파파인탑 단지 내,37.50298368,127.1194889
서울특별시,송파구,은빛어린이집,서울특별시 송파구 삼전로4길 4 ,37.50203155,127.0869383
서울특별시,송파구,방이하나어린이집,서울특별시 송파구 올림픽로32길 57-9 101호,37.51263367,127.1127372
서울특별시,송파구,삼성래미안어린이집,서울특별시 송파구 오금로32길 14 삼성래미안아파트관리동 (송파동),37.50525374,127.1178045
서울특별시,송파구,야호은물어린이집,"서울특별시 송파구 올림픽로 525 103동 101호(풍납동, 현대아파트)",37.53011301,127.1193553
서울특별시,송파구,예일어린이집,서울특별시 송파구 백제고분로20길 16 현대아파트 단지내,37.50342909,127.0857228
서울특별시,송파구,한나몬테소리어린이집,서울특별시 송파구 백제고분로41길 36-5 ,37.509102,127.1063336
서울특별시,송파구,파란나라어린이집,서울특별시 송파구 풍성로14길 9 (풍납동),37.53352003,127.1165824
서울특별시,송파구,초롱별어린이집,서울특별시 송파구 백제고분로41길 8-8 ,37.50715309,127.1087482
서울특별시,송파구,리나어린이집,서울특별시 송파구 송이로2길 20 (송파동),37.50299193,127.1133099
서울특별시,송파구,조약돌어린이집,서울특별시 송파구 삼학사로1길 18 (삼전동),37.49820719,127.0948337
서울특별시,송파구,에이비시어린이집,"서울특별시 송파구 올림픽로 435 115동 103호(신천동, 파크리오아파트)",37.5213593,127.1049717
서울특별시,송파구,빙고어린이집,서울특별시 송파구 삼학사로4길 13-1 ,37.4994363,127.0983096
서울특별시,송파구,베베라움어린이집,"서울특별시 송파구 오금로32길 42 101동 101호(송파동, 현대)",37.50336425,127.1177008
서울특별시,송파구,영재교육어린이집,서울특별시 송파구 오금로16길 19 (송파동),37.50984397,127.108126
서울특별시,송파구,시온어린이집,서울특별시 송파구 오금로49길 33 (오금동),37.49941115,127.1387325
서울특별시,송파구,양무리어린이집,서울특별시 송파구 백제고분로11길 8 (잠실동),37.50770073,127.0802407
서울특별시,송파구,파란어린이집,서울특별시 송파구 풍성로 52 ,37.53348141,127.1180979
서울특별시,송파구,풍납사임당어린이집,"서울특별시 송파구 한가람로 468 102동 104호(풍납동, 신성노바빌아파트)",37.5383136,127.1168793
서울특별시,송파구,새롬어린이집,서울특별시 송파구 삼학사로6길 29 현대파크빌 101호 (석촌동),37.5000067,127.100062
서울특별시,송파구,다솜어린이집,"서울특별시 송파구 한가람로 448 105동 105호(풍납동, 동아한가람아파트)",37.53750523,127.1152272
서울특별시,송파구,고은별어린이집,"서울특별시 송파구 올림픽로35길 104 24동 110호(신천동, 장미2차아파트)",37.51981736,127.0992977
서울특별시,송파구,키즈스쿨어린이집,"서울특별시 송파구 동남로 193 25동(가락동, 가락1차쌍용아파트)",37.49469823,127.1292231
서울특별시,송파구,내또래어린이집,"서울특별시 송파구 새말로8길 12 102동 101호(문정동, 건영아파트)",37.48145047,127.1259495
서울특별시,송파구,예진어린이집,서울특별시 송파구 올림픽로35길 104 장미1차아파트 7동 106호,37.51981736,127.0992977
서울특별시,송파구,큰나무어린이집,"서울특별시 송파구 송파대로 567 527동 101호(잠실동, 주공아파트)",37.51313818,127.0930487
서울특별시,송파구,햇살어린이집,서울특별시 송파구 삼학사로13길 12 (삼전동),37.5034174,127.0957727
서울특별시,송파구,다온어린이집,서울특별시 송파구 거마로7길 42 (거여동),37.49761251,127.1416644
서울특별시,송파구,왕자와공주어린이집,"서울특별시 송파구 올림픽로 435 227동 104호(신천동, 파크리오)",37.5213593,127.1049717
서울특별시,송파구,성심어린이집,서울특별시 송파구 백제고분로40길 19-8 (),37.50307377,127.1072875
서울특별시,송파구,상아어린이집,"서울특별시 송파구 오금로 407 7동 103호(오금동, 상아아파트)",37.4986414,127.1365867
서울특별시,송파구,서울아산병원어린이집,서울특별시 송파구 올림픽로43길 88 (풍납동),37.52517113,127.1093805
서울특별시,송파구,딩동댕장미어린이집,"서울특별시 송파구 올림픽로35길 104 18동 107(신천동, 장미아파트)",37.51981736,127.0992977
서울특별시,송파구,동부영재어린이집,"서울특별시 송파구 송파대로37길 29 103동 106호(가락동, 송파동부쎈트레빌)",37.50040067,127.1085698
서울특별시,송파구,예꼬키즈어린이집,"서울특별시 송파구 잠실로 88 114동 104호(잠실동, 레이크펠리스)",37.50753416,127.0932143
서울특별시,송파구,무지개어린이집,"서울특별시 송파구 동남로 193 302동 101호(가락동, 가락1차쌍용아파트)",37.49469823,127.1292231
서울특별시,송파구,꿈이크는어린이집,서울특별시 송파구 가락로33길 21 (방이동),37.50931101,127.1149211
서울특별시,송파구,행복숲어린이집,서울특별시 송파구 문정로13길 14 ,37.49447407,127.135412
서울특별시,송파구,햇님어린이집,서울특별시 송파구 백제고분로22길 15-15 ,37.50224715,127.0897318
서울특별시,송파구,뉴한가람어린이집,서울특별시 송파구 성내천로 162 (마천동),37.49966512,127.1463645
서울특별시,송파구,브니엘어린이집,서울특별시 송파구 가락로28길 7-6 1층,37.50634354,127.1170395
서울특별시,송파구,행복한어린이집,서울특별시 송파구 백제고분로42길 5 송파여성문화회관 2층 행복한 어린이집 (송파동),37.5059055,127.1097882
서울특별시,송파구,해맑음몬테소리어린이집,서울특별시 송파구 석촌호수로 133 레이크팰리스아파트 관리사무소,37.50765196,127.0917875
서울특별시,송파구,뽀로롱어린이집,서울특별시 송파구 마천로51가길 16 (마천동),37.49802121,127.1523011
서울특별시,송파구,노브랜드노블베이비어린이집,서울특별시 송파구 오금로46길 62 2층 (가락동),37.49303252,127.1316117
서울특별시,송파구,이레뜰어린이집,"서울특별시 송파구 올림픽로35길 104 22동 108호(신천동, 장미2차아파트)",37.51981736,127.0992977
서울특별시,송파구,다해어린이집,서울특별시 송파구 잠실로 62 트리지움아파트 관리동 1층 (잠실동),37.50801505,127.0902835
서울특별시,송파구,요엘행복한어린이집,서울특별시 송파구 양산로10길 22 (거여동),37.4916304,127.1463675
서울특별시,송파구,풀잎어린이집,서울특별시 송파구 오금로 551 201동 101호(e편한세상송파파크센트럴),37.49318241,127.1503678
서울특별시,송파구,송파사임당어린이집,서울특별시 송파구 송파대로18길 14-5 ,37.48486691,127.1253596
서울특별시,송파구,성신어린이집,서울특별시 송파구 송파대로8길 17 송파파인타운9단지 내 관리동,37.47801529,127.129361
서울특별시,송파구,푸른어린이집,서울특별시 송파구 올림픽로 135 리센츠아파트 250동 1층 (잠실동),37.51673328,127.0898891
서울특별시,송파구,잠실어린이집,서울특별시 송파구 올림픽로37길 121 (신천동),37.52170469,127.1048261
서울특별시,송파구,피노키오어린이집,"서울특별시 송파구 충민로 152 303동 102호(장지동, 송파파인타운3단지아파트)",37.48344222,127.131834
서울특별시,송파구,리센츠사임당어린이집,"서울특별시 송파구 올림픽로 135 202동 102호(잠실동, 리센츠)",37.51673328,127.0898891
서울특별시,송파구,라임나무어린이집,"서울특별시 송파구 올림픽로 99 124동 104호(잠실동, 잠실엘스)",37.51512525,127.07813
서울특별시,송파구,동그라미어린이집,"서울특별시 송파구 올림픽로 99 127동 102호(잠실동, 잠실엘스)",37.51512525,127.07813
서울특별시,송파구,한울어린이집,"서울특별시 송파구 올림픽로 435 212동 101호(신천동, 파크리오아파트)",37.5213593,127.1049717
서울특별시,송파구,자이젠토들러어린이집,"서울특별시 송파구 올림픽로 435 314동 103호(신천동, 파크리오아파트)",37.5213593,127.1049717
서울특별시,송파구,아이린어린이집,"서울특별시 송파구 올림픽로 135 209동 102호(잠실동, 리센츠)",37.51673328,127.0898891
서울특별시,송파구,즐거운어린이집,"서울특별시 송파구 올림픽로 99 123동 102호(잠실동, 잠실엘스)",37.51512525,127.07813
서울특별시,송파구,이로운어린이집,서울특별시 송파구 양재대로62길 17 대원빌딩 1층,37.49825839,127.1188248
서울특별시,송파구,부리도어린이집,서울특별시 송파구 올림픽로 99 엘스아파트단지내 통합관리사무실1층 (잠실동),37.51512525,127.07813
서울특별시,송파구,엔젤어린이집,서울특별시 송파구 올림픽로 525 풍납동 현대아파트 101동 108호,37.53011301,127.1193553
서울특별시,송파구,버들어린이집,서울특별시 송파구 충민로6길 10 버들어린이집,37.48129963,127.1315009
서울특별시,송파구,개롱어린이집,서울특별시 송파구 동남로 225 가락래미안파크팰리스아파트 관리동 1층,37.49800473,127.1308682
서울특별시,송파구,파인8 어린이집,서울특별시 송파구 충민로4길 6 송파파인8단지 802동 (장지동),37.47965382,127.1280781
서울특별시,송파구,파인2 어린이집,서울특별시 송파구 충민로 151 파인2단지 내 파인2 어린이집 (장지동),37.48351714,127.1313064
서울특별시,송파구,파인6어린이집,서울특별시 송파구 충민로6길 14 (장지동),37.48069773,127.1314396
서울특별시,송파구,파인10어린이집,서울특별시 송파구 송파대로8길 20 파인10단지,37.47813402,127.1311867
서울특별시,송파구,파인7어린이집,서울특별시 송파구 충민로4길 19 파인타운7단지 703동 1층(장지동),37.47920992,127.1299527
서울특별시,송파구,가락본동어린이집,서울특별시 송파구 송이로17길 46 (가락동),37.50100345,127.12463
서울특별시,송파구,토토어린이집,"서울특별시 송파구 충민로 188 103동 104호(장지동, 송파파인타운1단지아파트)",37.48622886,127.1345477
서울특별시,송파구,하늘정원어린이집,서울특별시 송파구 새말로12길 16 송파파인타운 4단지 관리동 (1층) (장지동),37.48202781,127.1301294
서울특별시,송파구,재미솔솔어린이집,서울특별시 송파구 동남로24길 9 1층,37.49970149,127.1373908
서울특별시,송파구,파인5어린이집,서울특별시 송파구 충민로4길 5 송파파인타운5단지아파트 503동 1층 (장지동),37.47962067,127.1297265
서울특별시,송파구,석촌사임당어린이집,서울특별시 송파구 가락로11길 13 (석촌동),37.50153931,127.1043226
서울특별시,송파구,메이플트리어린이집,서울특별시 송파구 올림픽로 435 관리동 1층 (신천동),37.5213593,127.1049717
서울특별시,송파구,누리봄어린이집,"서울특별시 송파구 위례성대로8길 28 101동 104호(방이동, 금호베스트빌아파트)",37.51273157,127.1183997
서울특별시,송파구,브니숲어린이집,서울특별시 송파구 삼학사로4길 13-1 브니숲어린이집,37.49937847,127.0981867
서울특별시,송파구,꿈땅어린이집,"서울특별시 송파구 성내천로37길 37 110동 103호(마천동, 송파파크데일1단지)",37.49878503,127.1581013
서울특별시,송파구,라온몬테소리어린이집,서울특별시 송파구 백제고분로22길 3-5 (삼전동),37.50345361,127.089705
서울특별시,송파구,아가랑어린이집,서울특별시 송파구 송이로23길 22-20 101호,37.49535575,127.1257457
서울특별시,송파구,이우어린이집,"서울특별시 송파구 성내천로47길 38 205동 104호(마천동, 송파파크데일2단지)",37.49634097,127.158163
서울특별시,송파구,예꿈어린이집,서울특별시 송파구 오금로64나길 9 ,37.49190196,127.1483228
서울특별시,송파구,홀츠앤키즈어린이집,서울특별시 송파구 충민로 188 송파파인타운1단지 관리동,37.48622886,127.1345477
서울특별시,송파구,솔바람어린이집,서울특별시 송파구 풍성로20길 3 (풍납동),37.5338102,127.1178096
서울특별시,송파구,혜원어린이집,서울특별시 송파구 거마로20길 8 (마천동),37.49806329,127.1476171
서울특별시,송파구,아이숲어린이집,서울특별시 송파구 오금로36길 36 ,37.50072477,127.1234281
서울특별시,송파구,잠실3동어린이집,서울특별시 송파구 석촌호수로 155 ,37.50727531,127.0942308
서울특별시,송파구,엘프랜드어린이집,서울특별시 송파구 오금로46길 66 1층,37.49280212,127.1313812
서울특별시,송파구,열린마음어린이집,"서울특별시 송파구 성내천로37길 37 (마천동, 송파파크데일1단지관리동)",37.49878503,127.1581013
서울특별시,송파구,오주어린이집,서울특별시 송파구 성내천로8가길 16-1 오주어린이집,37.50359163,127.1346899
서울특별시,송파구,베베스쿨어린이집,"서울특별시 송파구 올림픽로35길 104 24동 103호(신천동, 장미아파트)",37.51981736,127.0992977
서울특별시,송파구,동화키즈 어린이집,서울특별시 송파구 동남로8길 19 1층,37.48943312,127.1263768
서울특별시,송파구,오금사임당어린이집,서울특별시 송파구 동남로23길 50 ,37.50377676,127.1343137
서울특별시,송파구,별나라어린이집,"서울특별시 송파구 양산로4길 16 502동 103호(거여동, 거여5단지아파트)",37.48920968,127.1449643
서울특별시,송파구,햇살나무어린이집,서울특별시 송파구 오금로31길 15-6 1층,37.50757142,127.1216831
서울특별시,송파구,키즈온어린이집,서울특별시 송파구 오금로23길 18 키즈온어린이집,37.50992005,127.1165227
서울특별시,송파구,맘앤아이어린이집,"서울특별시 송파구 올림픽로 435 217동104호(신천동, 파크리오아파트)",37.5213593,127.1049717
서울특별시,송파구,아이가어린이집,서울특별시 송파구 송이로 249 1층,37.4875783,127.1324686
서울특별시,송파구,올리브어린이집,"서울특별시 송파구 올림픽로 435 306동104호(신천동,파크리오아파트)",37.5213593,127.1049717
서울특별시,송파구,푸른하늘어린이집,"서울특별시 송파구 중대로12길 35 101동 102호(가락동, 가락우성2차아파트)",37.49201556,127.1254714
서울특별시,송파구,다니엘어린이집,서울특별시 송파구 올림픽로 435 225동 103호,37.5213593,127.1049717
서울특별시,송파구,리틀짐어린이집,서울특별시 송파구 백제고분로46길 26-11 ,37.50699422,127.1137463
서울특별시,송파구,무궁화누리어린이집,서울특별시 송파구 오금로23길 23 1층,37.51037065,127.1165116
서울특별시,송파구,라원어린이집,서울특별시 송파구 마천로7길 7 ,37.50882765,127.1278624
서울특별시,송파구,꼬마수피아어린이집,서울특별시 송파구 가락로39길 40 1층,37.51314427,127.1150743
서울특별시,송파구,잠실예닮어린이집,서울특별시 송파구 동남로16길 5 1층,37.49455445,127.1314089
서울특별시,송파구,우방샛별어린이집,서울특별시 송파구 성내천로 211 102동 107호,37.50002221,127.1520609
서울특별시,송파구,롯데캐슬아이어린이집,서울특별시 송파구 거마로 56 송파시그니처롯데캐슬 111동 104호,37.49704548,127.1472821
서울특별시,송파구,하나둘셋어린이집,서울특별시 송파구 동남로20길 11 1층,37.49644258,127.1336738
서울특별시,송파구,키움어린이집,"서울특별시 송파구 가락로31길 19 102호(송파동, 경일아파트)",37.50819039,127.1144991
서울특별시,송파구,잠실키즈사랑어린이집,서울특별시 송파구 올림픽로 435 308동 103호,37.5213593,127.1049717
서울특별시,송파구,에코맘어린이집,"서울특별시 송파구 송파대로32길 15 107동 102호(가락동, 가락금호아파트)",37.49658241,127.1157571
서울특별시,송파구,삼성SDS 더자람어린이집,"서울특별시 송파구 올림픽로35길 123 3층,4층",37.51657779,127.1012259
서울특별시,송파구,아이소리어린이집,"서울특별시 송파구 올림픽로 435 305동 104호(신천동, 파크리오)",37.5213593,127.1049717
서울특별시,송파구,나무어린이집,"서울특별시 송파구 중대로31길 18 가동 103호(오금동, 현대타운)",37.50572782,127.1291228
서울특별시,송파구,행복누리어린이집,"서울특별시 송파구 오금로34길 12-14 102호(가락동,대림하이츠)",37.50286284,127.124045
서울특별시,송파구,잠실아이누리어린이집,"서울특별시 송파구 잠실로 88 116동 101호 (잠실동,레이크팰리스)",37.50753416,127.0932143
서울특별시,송파구,단비어린이집,서울특별시 송파구 동남로8길 9 ,37.49010599,127.1257948
서울특별시,송파구,송파위례22어린이집,서울특별시 송파구 위례광장로 163 ,37.4796684,127.1393228
서울특별시,송파구,송파위례24어린이집,서울특별시 송파구 위례광장로 121 ,37.47686504,127.1382163
서울특별시,송파구,산모건강증진센터어린이집,서울특별시 송파구 충민로2길 20 ,37.47793609,127.1271269
서울특별시,송파구,해나라어린이집,서울특별시 송파구 송파대로8길 58 복지관 1층,37.48023216,127.1337902
서울특별시,송파구,은송어린이집,서울특별시 송파구 동남로9길 17-10 ,37.49384453,127.1263006
서울특별시,송파구,꿈초롱어린이집,서울특별시 송파구 위례송파로 123 1708동 102호,37.48456553,127.1478035
서울특별시,송파구,아리솔어린이집,서울특별시 송파구 올림픽로51길 62 1층,37.53450185,127.1152081
서울특별시,송파구,우리키즈어린이집,"서울특별시 송파구 위례광장로 121 위례 24단지, 2410동 101호",37.47686504,127.1382163
서울특별시,송파구,디딤돌어린이집,서울특별시 송파구 백제고분로23길 25 ,37.50625185,127.0918305
서울특별시,송파구,위례수어린이집,서울특별시 송파구 위례광장로 121 2418동 102호,37.47686504,127.1382163
서울특별시,송파구,아기숲어린이집,서울특별시 송파구 중대로 317-14 ,37.50886814,127.1328147
서울특별시,송파구,도담어린이집,"서울특별시 송파구 올림픽로 435 113동 103호(신천동, 파크리오아파트)",37.5213593,127.1049717
서울특별시,송파구,조이어린이집,서울특별시 송파구 위례광장로 121 2411동 104호,37.47686504,127.1382163
서울특별시,송파구,아이꿈어린이집,서울특별시 송파구 위례광장로 163 2202동 103호,37.4796684,127.1393228
서울특별시,송파구,석촌동주민센터어린이집,서울특별시 송파구 백제고분로37길 16 석촌동주민센터 1층,37.50356569,127.1036892
서울특별시,송파구,위례새솔어린이집,서울특별시 송파구 위례순환로 413 위례근린공원8호 내,37.47797343,127.1412858
서울특별시,송파구,우리누리송파어린이집,서울특별시 송파구 강동대로 62 (풍납동),37.52669065,127.1135015
서울특별시,송파구,해피어린이집,"서울특별시 송파구 올림픽로35길 104 30동108(신천동,장미아파트)",37.51981736,127.0992977
서울특별시,송파구,베리젬어린이집,"서울특별시 송파구 올림픽로 99 127동101호 (잠실동,엘스아파트)",37.51512525,127.07813
서울특별시,송파구,키즈크레용어린이집,"서울특별시 송파구 중대로 24 230동 103호(문정동, 올림픽훼밀리타운)",37.48812925,127.111066
서울특별시,송파구,기쁨새생명어린이집,서울특별시 송파구 성내천로23가길 7 ,37.5019965,127.1444376
서울특별시,송파구,AJ어린이집,서울특별시 송파구 정의로8길 9 문정동 640-5,37.48622713,127.1167765
서울특별시,송파구,푸르지오그린어린이집,서울특별시 송파구 위례광장로 185 관리동,37.48047747,127.1400402
서울특별시,송파구,서울시농수산식품공사올본어린이집,서울특별시 송파구 양재대로 932 서울시농수산식품공사 3층,37.49453769,127.1087136
서울특별시,송파구,롯데mom편한어린이집,서울특별시 송파구 올림픽로35길 137 한국광고문화회관 5층 3호,37.51592726,127.0996432
서울특별시,송파구,풍납토성어린이집,서울특별시 송파구 토성로 34 ,37.53012399,127.1138913
서울특별시,송파구,잠실국민연금어린이집,서울특별시 송파구 올림픽로35다길 13 ,37.51572714,127.1007175
서울특별시,송파구,롯데mom편한월드점어린이집,서울특별시 송파구 올림픽로 240 롯데월드 240 WB(3호),37.51130961,127.0981418
서울특별시,송파구,리센츠어린이집,"서울특별시 송파구 올림픽로 135 215동 101호(잠실동, 리센츠)",37.51673328,127.0898891
서울특별시,송파구,잠실엘스어린이집,서울특별시 송파구 올림픽로 99 101동 104호,37.51512525,127.07813
서울특별시,송파구,문정2동어린이집,"서울특별시 송파구 중대로 24 307동 104호(문정동, 올림픽훼밀리타운)",37.48812925,127.111066
서울특별시,송파구,해달별어린이집,서울특별시 송파구 송파대로 567 507동 110호,37.51313818,127.0930487
서울특별시,송파구,위례아이파크어린이집,"서울특별시 송파구 위례광장로 136 103동 1층(장지동, 위례아이파크)",37.47719582,127.1423748
서울특별시,송파구,신한신이한이송파어린이집,서울특별시 송파구 중대로 68 2층,37.49156539,127.1164372
서울특별시,송파구,동부법원어린이집,서울특별시 송파구 법원로 101 서울동부지방법원 2층,37.48349446,127.1197516
서울특별시,송파구,푸른솔어린이집,서울특별시 송파구 정의로 30 ,37.48279569,127.117993
서울특별시,송파구,위례꿈별어린이집,"서울특별시 송파구 위례광장로 215 (장지동, 위례스타힐스)",37.48171208,127.1448547
서울특별시,송파구,힐스송파어린이집,"서울특별시 송파구 위례광장로 170 102동 1층(장지동, 힐스테이트송파위례)",37.47989602,127.1423248
서울특별시,송파구,파크하비오어린이집,서울특별시 송파구 송파대로 111 107동 1층,37.47968706,127.1249798
서울특별시,송파구,위례별마루어린이집,"서울특별시 송파구 위례광장로 215 (장지동, 위례스타힐스)",37.48171208,127.1448547
서울특별시,송파구,송파푸르지오어린이집,서울특별시 송파구 송파대로 111 103동 1층,37.47968706,127.1249798
서울특별시,송파구,문정훼밀리타운어린이집,서울특별시 송파구 중대로 24 228동 102호,37.48812925,127.111066
서울특별시,송파구,송파더샵어린이집,서울특별시 송파구 위례광장로 270 103동 1층,37.47709543,127.1437235
서울특별시,송파구,송파아이별어린이집,서울특별시 송파구 위례광장로 230 204동 1층,37.47861981,127.1435334
서울특별시,송파구,파크리오어린이집,"서울특별시 송파구 올림픽로 435 112동 102호(신천동, 파크리오아파트)",37.5213593,127.1049717
서울특별시,송파구,풍납또래어린이집,"서울특별시 송파구 한가람로 478 101동 109호(풍납동, 씨티극동아파트)",37.53979928,127.1179507
서울특별시,송파구,송파위례23어린이집,"서울특별시 송파구 위례순환로 477 2323동 1층(장지동, 위례포레샤인)",37.47511,127.1365581
서울특별시,송파구,송파위례햇살어린이집,서울특별시 송파구 위례순환로 477 ,37.47511,127.1365581
서울특별시,송파구,삼전초록어린이집,서울특별시 송파구 백제고분로32길 6-76 (삼전동),37.49993512,127.0930485
서울특별시,송파구,송파레미니스어린이집,"서울특별시 송파구 성내천로 6 1단지(오금동, 송파레미니스)",37.50833724,127.1348282
서울특별시,송파구,큰솔어린이집,"서울특별시 송파구 송이로 88 5동 107호(가락동,대림아파트)",37.49949103,127.118311
서울특별시,송파구,다사랑어린이집,"서울특별시 송파구 양산로8길 24 211동 102호(거여동,거여2단지)",37.48964757,127.1466437
서울특별시,송파구,아이조아어린이집,"서울특별시 송파구 백제고분로46길 8-23 101호(송파동, 온누리아파트)",37.50750195,127.1115605
서울특별시,송파구,가락예은어린이집,"서울특별시 송파구 송파대로32길 8 6동 101호(가락동, 우성아파트)",37.49685709,127.1177114
서울특별시,송파구,석촌사랑어린이집,"서울특별시 송파구 백제고분로33길 32-14 102호(석촌동, 호수맨션)",37.50559399,127.0994506
서울특별시,송파구,방이두리어린이집,서울특별시 송파구 오금로23길 9-17 1층 2호(방이동),37.50962126,127.1150695
서울특별시,송파구,송이어린이집,서울특별시 송파구 송파대로36길 5-8 송파아파트 106호,37.50037209,127.1127287
서울특별시,송파구,거여다온어린이집,서울특별시 송파구 오금로56길 16 우방1차아파트 102동 101호,37.49290941,127.1419818
서울특별시,송파구,가락라온어린이집,서울특별시 송파구 송이로15길 31 가락2차쌍용아파트 102동 102호,37.50217165,127.1221681
서울특별시,송파구,송파꿈꾸는어린이집,"서울특별시 송파구 동남로 341 (오금동, 송파레미니스2단지)",37.50638593,127.1380298
서울특별시,송파구,거여새싹어린이집,"서울특별시 송파구 양산로8길 8 관리동 1층(거여동, 거여1단지아파트)",37.49091614,127.144567
서울특별시,송파구,가락1동어린이집,서울특별시 송파구 양재대로 921 구립가락1동어린이집,37.49641555,127.1095107
서울특별시,송파구,베르디움어린이집,서울특별시 송파구 동남로 342 101동 1층,37.5049807,127.1396597
서울특별시,송파구,헬리오가람어린이집,"서울특별시 송파구 송파대로 345 , 103동 앞(가락동,헬리오시티)",37.49761457,127.1025318
서울특별시,송파구,헬리오다올어린이집,"서울특별시 송파구 송파대로 345 306동 앞(가락동,헬리오시티)",37.49761457,127.1025318
서울특별시,송파구,헬리오라온어린이집,"서울특별시 송파구 송파대로 345 ,414동 앞(가락동,헬리오시티)",37.49761457,127.1025318
서울특별시,송파구,헬리오나래어린이집,"서울특별시 송파구 송파대로 345 , 209동 뒤(가락동,헬리오시티)",37.49761457,127.1025318
서울특별시,송파구,오금숲어린이집,서울특별시 송파구 중대로27길 2 ,37.50356836,127.1285614
서울특별시,송파구,방이어린이집,서울특별시 송파구 오금로23길 27 ,37.51090247,127.1168294
서울특별시,송파구,파인3어린이집,"서울특별시 송파구 충민로 152 관리동 1층(장지동, 송파파인타운3단지)",37.48344222,127.131834
서울특별시,송파구,리버빌꿈마을어린이집,서울특별시 송파구 토성로 37 ,37.53109771,127.1155537
서울특별시,송파구,거여초원어린이집,"서울특별시 송파구 양산로4길 16 관리동 1층(거여동, 거여5단지)",37.48920968,127.1449643
서울특별시,송파구,쌍용아이사랑어린이집,"서울특별시 송파구 송이로15길 31 (가락동, 가락2차쌍용아파트)",37.50217165,127.1221681
서울특별시,송파구,헬리오어린이집,"서울특별시 송파구 송파대로 345 206동 103호(가락동, 헬리오시티)",37.49761457,127.1025318
서울특별시,송파구,동화숲어린이집,"서울특별시 송파구 송파대로 345 406동 104호(가락동, 헬리오시티)",37.49761457,127.1025318
서울특별시,송파구,헬리오바른어린이집,"서울특별시 송파구 송파대로 345 , 515동 앞(가락동, 헬리오시티)",37.49761457,127.1025318
서울특별시,송파구,헬리오사랑어린이집,"서울특별시 송파구 송파대로 345 , 201동 앞(가락동, 헬리오시티)",37.49761457,127.1025318
서울특별시,송파구,오금물빛어린이집,서울특별시 송파구 동남로28길 40 ,37.50039954,127.1415558
서울특별시,송파구,거여리본타운어린이집,서울특별시 송파구 오금로53길 14 ,37.49567801,127.142295
서울특별시,송파구,사랑별어린이집,"서울특별시 송파구 송파대로 345 201동 102호(가락동, 헬리오시티)",37.49761457,127.1025318
서울특별시,송파구,헬리오마음어린이집,"서울특별시 송파구 송파대로 345 , 510동 앞(가락동, 헬리오시티)",37.49761457,127.1025318
서울특별시,송파구,더나은어린이집,서울특별시 송파구 충민로 152 306동 104호(송파파인타운3단지),37.48344222,127.131834
서울특별시,송파구,잠실올림픽아이파크어린이집,"서울특별시 송파구 올림픽로43길 34 관리동 1층(풍납동, 잠실올림픽공원아이파크)",37.5249191,127.1144437
서울특별시,송파구,가락아이들어린이집,서울특별시 송파구 중대로12길 34 (가락동),37.49194966,127.125001
서울특별시,송파구,삼성아트어린이집,서울특별시 송파구 문정로 83 ,37.48920432,127.130232
서울특별시,송파구,파인13어린이집,"서울특별시 송파구 송파대로8길 10 (장지동, 송파파인타운13단지)",37.47689671,127.1291786
서울특별시,송파구,우아한어린이집,서울특별시 송파구 올림픽로32길 37-22 ,37.51389763,127.110997
서울특별시,송파구,거여키즈어린이집,"서울특별시 송파구 거마로 41 303동 102호(거여동, 현대3차아파트)",37.49741129,127.1448743
서울특별시,송파구,송파파크센트럴어린이집,서울특별시 송파구 오금로 551 ,37.49318241,127.1503678
서울특별시,송파구,방이즐거운어린이집,서울특별시 송파구 가락로39길 6 (방이동),37.51182314,127.1184354
서울특별시,송파구,쿠팡(위례)어린이집,서울특별시 송파구 위례광장로 188 아이온스퀘어 2F,37.48108554,127.1423948
서울특별시,송파구,거여사과나무어린이집,"서울특별시 송파구 거마로 41 302동 101호(거여동, 현대3차아파트)",37.49741129,127.1448743
서울특별시,송파구,위례푸른숲어린이집,서울특별시 송파구 위례북로4길 12 ,37.48820554,127.151053
서울특별시,송파구,송파든든어린이집,서울특별시 송파구 위례서이로 25 ,37.48290315,127.1376737
서울특별시,송파구,석촌새싹어린이집,서울특별시 송파구 가락로11길 9-18 ,37.5009144,127.1036835
서울특별시,송파구,삼전하늘어린이집,서울특별시 송파구 삼전로10길 21 ,37.50539833,127.0919481
서울특별시,송파구,서울아산병원제2어린이집,서울특별시 송파구 강동대로 13 ,37.52959996,127.1106793
서울특별시,송파구,위례봄어린이집,서울특별시 송파구 위례광장로 121 2414동 101호,37.47686504,127.1382163
서울특별시,송파구,거여하나어린이집,서울특별시 송파구 오금로 475 ,37.49453346,127.1421494
서울특별시,송파구,위례아이숲어린이집,"서울특별시 송파구 위례송파로 123 (거여동, 위례포레샤인 17단지)",37.48456553,127.1478035
서울특별시,송파구,위례바른숲어린이집,서울특별시 송파구 위례송파로 89 ,37.48625134,127.1445786
서울특별시,송파구,수협아라맘어린이집,서울특별시 송파구 오금로 62 1층,37.51638179,127.1054789
서울특별시,송파구,마루별어린이집,서울특별시 송파구 마천로28길 3 1층,37.50213955,127.1399765
서울특별시,송파구,위례리슈빌어린이집,서울특별시 송파구 위례송파로 124 101동 1층,37.48437237,127.146628
서울특별시,송파구,아가세상어린이집,서울특별시 송파구 위례송파로 123 1711동 101호,37.48456553,127.1478035
서울특별시,송파구,위례고운별어린이집,서울특별시 송파구 위례송파로 123 1715동 103호,37.48456553,127.1478035
서울특별시,송파구,송파롯데캐슬어린이집,서울특별시 송파구 거마로 56 송파시그니처롯데캐슬,37.49704548,127.1472821
서울특별시,송파구,위례하나숲어린이집,서울특별시 송파구 위례송파로 40 호반써밋송파1차아파트,37.48497239,127.1377617
서울특별시,송파구,위례두리숲어린이집,서울특별시 송파구 위례송파로 80 호반써밋송파2차아파트,37.48494162,127.1419181
서울특별시,송파구,사과나무어린이집,서울특별시 송파구 문정로11길 15 101호,37.49372374,127.1339628
서울특별시,송파구,우아한2어린이집,서울특별시 송파구 오금로13길 25 ,37.51377746,127.1105828
서울특별시,송파구,씨젠어린이집,서울특별시 송파구 오금로 91 3층,37.51405703,127.107667
서울특별시,송파구,송파더플래티넘어린이집,"서울특별시 송파구 성내천로 50 101동 1층(오금동, 송파더플래티넘)",37.50329659,127.1363056
서울특별시,송파구,KT송파어린이집,서울특별시 송파구 중대로20길 8 ,37.49860371,127.1268299
서울특별시,송파구,힐스테이트아이편한세상어린이집,서울특별시 송파구 송이로31길 20 힐스테이트e편한세상문정 110동 1층,37.48998165,127.1343011
서울특별시,송파구,빛의자녀어린이집,서울특별시 송파구 위례순환로 377 위례심포니아 B동,37.47777423,127.1447037
서울특별시,송파구,국공립 잠실진주어린이집,서울특별시 송파구 올림픽로 393 111동 1층,37.51677795,127.1092657
서울특별시,송파구,국공립 잠실벚꽃어린이집,서울특별시 송파구 올림픽로 393 114동 1층,37.51677795,127.1092657
서울특별시,송파구,국공립 잠실르엘새빛어린이집,서울특별시 송파구 올림픽로 333 102동 1층,37.51643086,127.1080129
서울특별시,송파구,국공립 잠실르엘새별어린이집,"서울특별시 송파구 올림픽로 333 113동 1,2층",37.51643086,127.1080129
서울특별시,송파구,잠실더샵루벤어린이집,서울특별시 송파구 송이로12길 11 잠실더샵루벤어린이집,37.50037511,127.1176635
서울특별시,강동구,애지어린이집,서울특별시 강동구 진황도로 160 (둔촌동 452-2),37.53179746,127.1415944
서울특별시,강동구,강동구청직장어린이집,"서울특별시 강동구 성내로 25 1층,강동구청직장어린이집",37.53016097,127.1237923
서울특별시,강동구,구립성내일어린이집,서울특별시 강동구 풍성로42길 20 (성내동 521-7),37.53055421,127.1268928
서울특별시,강동구,키즈랜드어린이집,서울특별시 강동구 성안로13길 42-7 (성내동 507-6),37.5322489,127.1298856
서울특별시,강동구,나래어린이집,서울특별시 강동구 올림픽로 932 나래어린이집 (암사동),37.56359552,127.1334425
서울특별시,강동구,화가마을어린이집,서울특별시 강동구 동남로82길 87 (고덕동 258-8),37.56071322,127.1618396
서울특별시,강동구,강동빅스맘어린이집,서울특별시 강동구 상일로7길 12-5 (상일동 240),37.55010503,127.172003
서울특별시,강동구,영재아이짐어린이집,서울특별시 강동구 양재대로121길 17 ,37.54244271,127.1405165
서울특별시,강동구,예일어린이집,서울특별시 강동구 양재대로 1305 (성내동441-3),37.52297043,127.1339616
서울특별시,강동구,구립암사어린이집,서울특별시 강동구 상암로4가길 28 구립암사어린이집 (암사동),37.55061052,127.1249775
서울특별시,강동구,구립성내삼어린이집,서울특별시 강동구 강동대로51길 28-1 (성내3동 446-30),37.52478661,127.1303867
서울특별시,강동구,미소어린이집,서울특별시 강동구 고덕로20가길 21 (암사1동 457-43),37.55409687,127.135175
서울특별시,강동구,예꿈어린이집,서울특별시 강동구 상암로 89 (암사동 490-39),37.54793943,127.1329666
서울특별시,강동구,구립보람나무어린이집,서울특별시 강동구 암사길 57 (암사동474-8),37.5521738,127.1357082
서울특별시,강동구,구민회관어린이집,서울특별시 강동구 상암로 168 구민회관1층 (천호동41),37.54573141,127.1412225
서울특별시,강동구,기린어린이집,서울특별시 강동구 구천면로 278 동아하이빌아파트 관리동 (천호동 217-132 ),37.54464714,127.1338815
서울특별시,강동구,우성어린이집,"서울특별시 강동구 천호대로193길 37 관리동(길동, 길동우성아파트)",37.53753608,127.1435606
서울특별시,강동구,혜림어린이집,서울특별시 강동구 천중로39길 77 (천호동47-23),37.54460149,127.1399199
서울특별시,강동구,성심어린이집,서울특별시 강동구 천호대로193길 23-3 (길동 401-2),37.53621522,127.1445868
서울특별시,강동구,예지어린이집,서울특별시 강동구 천호대로182길 35 예지어린이집,37.53206189,127.1410814
서울특별시,강동구,예맘어린이집,서울특별시 강동구 명일로 157-6 (둔촌동),37.53319206,127.1441008
서울특별시,강동구,고우리어린이집,서울특별시 강동구 고덕로10길 16 ,37.55407811,127.1299754
서울특별시,강동구,구립신바람어린이집,서울특별시 강동구 성안로13길 56 (성내동 508-1),37.53220687,127.1293463
서울특별시,강동구,세종어린이집,서울특별시 강동구 천호옛6길 3 (성내동 119-14),37.5332614,127.1234506
서울특별시,강동구,알콩달콩어린이집,서울특별시 강동구 양재대로102길 35-1 (둔촌동  429-4),37.53237638,127.1402932
서울특별시,강동구,향기로운어린이집,서울특별시 강동구 양재대로130길 47 명일동 268-2,37.54602927,127.1459005
서울특별시,강동구,새순어린이집,서울특별시 강동구 상암로17길 49-6 (암사1동 492-12),37.55079685,127.1321686
서울특별시,강동구,은혜영재어린이집,"서울특별시 강동구 상암로 11 104동 107호(암사동, 선사현대아파트)",37.55344749,127.12566
서울특별시,강동구,고덕샛별어린이집,"서울특별시 강동구 양재대로 1706 4동 104호(고덕동, 아남아파트)",37.55795484,127.1462943
서울특별시,강동구,피터팬어린이집,서울특별시 강동구 구천면로64길 6 2층 (천호동 18-47호 2층),37.55028331,127.1398898
서울특별시,강동구,삐아제어린이집,"서울특별시 강동구 고덕로61길 37 102동 104호(고덕동, 현대아파트)",37.55675612,127.1519579
서울특별시,강동구,성내참사랑어린이집,서울특별시 강동구 성내로18길 19 (성내동  435-26),37.52601922,127.129124
서울특별시,강동구,행복한어린이집,서울특별시 강동구 진황도로 209-11 (둔촌동 98-48),37.52778241,127.1448691
서울특별시,강동구,열린삐아제 어린이집,"서울특별시 강동구 고덕로62길 29 101동 105호(명일동, 명일삼환아파트)",37.55431733,127.1542273
서울특별시,강동구,새솔어린이집,"서울특별시 강동구 양재대로130길 26 101호(명일동,다성씨티아파트)",37.54573904,127.1446687
서울특별시,강동구,이슬어린이집,"서울특별시 강동구 양재대로134길 87 101동 104호(명일동, 현대)",37.54868085,127.1489071
서울특별시,강동구,향기어린이집,"서울특별시 강동구 고덕로 210 507동 102호(명일동, 삼익그린맨션)",37.5538093,127.147061
서울특별시,강동구,사랑어린이집,서울특별시 강동구 진황도로 195 (둔촌동 94의3호),37.52897207,127.1436379
서울특별시,강동구,이루니키즈어린이집,서울특별시 강동구 명일로 230-15 (길동 101-2),37.53925261,127.1474813
서울특별시,강동구,에덴동산Kids 어린이집,서울특별시 강동구 상일로5길 10-14 (상일동270-2),37.54959836,127.1723362
서울특별시,강동구,하임어린이집,서울특별시 강동구 올림픽로78길 30 힐데스하임천호아파트 관리동,37.54196612,127.1259458
서울특별시,강동구,이삭어린이집,서울특별시 강동구 양재대로97길 44 (성내동  386-58),37.53164155,127.134855
서울특별시,강동구,봄햇살어린이집,서울특별시 강동구 천중로40길 49 (길동  380-2),37.53877543,127.1383348
서울특별시,강동구,자이맘어린이집,서울특별시 강동구 천호대로 1239 GS강동자이아파트 관리동 1층,37.53786128,127.148277
서울특별시,강동구,상미어린이집,서울특별시 강동구 천중로21길 39 (천호동 303-18),37.5464528,127.1323122
서울특별시,강동구,라온어린이집,서울특별시 강동구 천중로39길 43-1 (천호1동49-33),37.5431651,127.1393997
서울특별시,강동구,고일어린이집,서울특별시 강동구 양재대로156길 121 ,37.55696328,127.151306
서울특별시,강동구,라움키즈어린이집,서울특별시 강동구 고덕로20마길 38 (암사동 470-7),37.55237069,127.1315474
서울특별시,강동구,구립빗살어린이집,서울특별시 강동구 구천면로17길 22 (천호동 340-39),37.54266122,127.1236653
서울특별시,강동구,이큐어린이집,"서울특별시 강동구 명일로 293 509동 105호(길동, 삼익파크)",37.54470657,127.1463634
서울특별시,강동구,조은어린이집,서울특별시 강동구 고덕로 210 삼익그린아파트 상가 (명일동 28),37.5538093,127.147061
서울특별시,강동구,엔젤어린이집,"서울특별시 강동구 명일로 102 102동 105호(둔촌동, 둔촌신성미소지움1차아파트)",37.5276464,127.1425472
서울특별시,강동구,아기둥지어린이집,"서울특별시 강동구 양재대로123길 30 102동 107호(천호동, 강동이루미아파트)",37.54373189,127.1402632
서울특별시,강동구,길동새순어린이집,"서울특별시 강동구 명일로12길 56 101동 102호(둔촌동, 성원아파트)",37.53289618,127.1478828
서울특별시,강동구,천호어린이집,서울특별시 강동구 천중로35길 60 (천호동 48-2호),37.54377506,127.1384967
서울특별시,강동구,구립둔촌어린이집,서울특별시 강동구 명일로 129 (둔촌동 81-4),37.53056625,127.1430094
서울특별시,강동구,구립곡교어린이집,서울특별시 강동구 천중로12길 23-40 구립곡교어린이집 (천호동 362-60),37.54414809,127.127272
서울특별시,강동구,방주어린이집,서울특별시 강동구 천호대로187길 31 (길동 길1동 406-1),37.53561062,127.1420927
서울특별시,강동구,구립청소년회관어린이집,서울특별시 강동구 양재대로 1634 (명일동 327-6),37.55126175,127.1443451
서울특별시,강동구,구립상일어린이집,서울특별시 강동구 고덕로80길 41 구립상일어린이집,37.55461597,127.165887
서울특별시,강동구,구립천일방과후어린이집,서울특별시 강동구 구천면로42길 59 (천호동  76-2),37.54500381,127.1368198
서울특별시,강동구,구립고덕2어린이집,"서울특별시 강동구 고덕로 333 112동 101호(고덕그라시움, 고덕2동)",37.55617709,127.1591765
서울특별시,강동구,강동어린이집,서울특별시 강동구 고덕로 131 (암사동 414-2)  롯데캐슬퍼스트아파트 관리동,37.55516675,127.1438388
서울특별시,강동구,루하마어린이집,서울특별시 강동구 구천면로53가길 1 (암사동 478-53),37.55024978,127.136124
서울특별시,강동구,천동어린이집,서울특별시 강동구 성안로 194-1 (길동  373-19),37.54012559,127.1370023
서울특별시,강동구,아이숲어린이집,서울특별시 강동구 고덕로24가길 19 (암사동   453-17),37.55345441,127.1366233
서울특별시,강동구,배꼽어린이집,서울특별시 강동구 천중로39길 105 (천호동  39-15),37.54564427,127.1404852
서울특별시,강동구,강일어린이집,서울특별시 강동구 풍산로 235 서울시 강동구 강일동669-1(강일동 348-1),37.56911869,127.1785941
서울특별시,강동구,꿈쟁이어린이집,"서울특별시 강동구 고덕로 210 506동 106호(명일동, 삼익그린맨션)",37.5538093,127.147061
서울특별시,강동구,쥬베베어린이집,"서울특별시 강동구 상암로 11 115동 104호(암사동, 선사현대아파트)",37.55344749,127.12566
서울특별시,강동구,태영키즈어린이집,"서울특별시 강동구 천호대로 1055 103동 101호(천호동, 천호태영)",37.53836972,127.1294245
서울특별시,강동구,해랑어린이집,"서울특별시 강동구 상암로 251 903동 108호(명일동, 고덕주공아파트)",37.54859381,127.1506883
서울특별시,강동구,아이캐슬어린이집,서울특별시 강동구 고덕로 333 110동 104호 (고덕그라시움),37.55617709,127.1591765
서울특별시,강동구,프라이어생태어린이집,서울특별시 강동구 고덕로 130 프라이어팰리스 관리동 1층,37.55420667,127.1409011
서울특별시,강동구,바움어린이집,"서울특별시 강동구 고덕로 131 133동 101호(암사동, 강동롯데캐슬퍼스트아파트)",37.55516675,127.1438388
서울특별시,강동구,선사현대사임당어린이집,"서울특별시 강동구 상암로 11 109동 101호(암사동, 선사현대아파트)",37.55344749,127.12566
서울특별시,강동구,은빛꼬마숲어린이집,"서울특별시 강동구 아리수로97길 20 509동 101호(강일동, 강일리버파크5단지아파트)",37.56851427,127.1781372
서울특별시,강동구,드림하우스어린이집,"서울특별시 강동구 아리수로94길 19 608동 102호(강일동, 강일리버파크6단지아파트)",37.56273301,127.1772602
서울특별시,강동구,킨더하우스어린이집,"서울특별시 강동구 아리수로97길 19 407동 106호(강일동, 강일리버파크4단지아파트)",37.56699524,127.1767913
서울특별시,강동구,아이맘어린이집,"서울특별시 강동구 고덕로97길 20 1008동 104호(강일동, 강일리버파크10단지아파트)",37.55920849,127.1799976
서울특별시,강동구,아이니어린이집,"서울특별시 강동구 아리수로98길 25 711동 101호(강일동, 강일리버파크7단지아파트)",37.56529058,127.1782119
서울특별시,강동구,행복자람어린이집,"서울특별시 강동구 아리수로93길 40 (강일동, 강일리버파크3단지 관리동)",37.56551714,127.1751066
서울특별시,강동구,소담별어린이집,서울특별시 강동구 아리수로94길 72 강일리버파크 8단지 관리동 1층 (강일동),37.5607223,127.1762696
서울특별시,강동구,은행나무어린이집,서울특별시 강동구 아리수로93가길 25 강일리버파크 1단지 관리동 1층 (강일동),37.56686794,127.1720243
서울특별시,강동구,동화어린이집,서울특별시 강동구 아리수로97길 68 강일리버파크2단지 관리동 1층 (강일동 668),37.56873076,127.1766546
서울특별시,강동구,구립둔촌숲속어린이집,서울특별시 강동구 천호대로198길 12-12 (둔촌동 628),37.53505823,127.146651
서울특별시,강동구,다솜어린이집,서울특별시 강동구 아리수로97길 20 강일리버파크 5단지 관리동 (강일동 670),37.56851427,127.1781372
서울특별시,강동구,구립강일새롬어린이집,서울특별시 강동구 고덕로97길 29 강일리버파크 9단지 관리동 1층 (강일동 699),37.55835403,127.1778326
서울특별시,강동구,하늘보라어린이집,"서울특별시 강동구 성내로6가길 29 201동 101호(성내동, 동원아파트)",37.52750993,127.124075
서울특별시,강동구,푸른숲어린이집,서울특별시 강동구 동남로67길 42 (명일동),37.54886244,127.1535195
서울특별시,강동구,아이본어린이집,서울특별시 강동구 상일로19길 36 (고덕동 185번지),37.55933767,127.1689168
서울특별시,강동구,구립둔촌푸르지오어린이집,서울특별시 강동구 명일로 172 ,37.53413819,127.1450708
서울특별시,강동구,강동다원어린이집,서울특별시 강동구 고덕로98길 160 1406동 103호,37.55109004,127.1808371
서울특별시,강동구,지혜로운어린이집,서울특별시 강동구 고덕로20나길 14 ,37.55329152,127.1327467
서울특별시,강동구,리틀예홍어린이집,서울특별시 강동구 성안로13길 28 1층 (성내동),37.53171905,127.1309187
서울특별시,강동구,참빛어린이집,"서울특별시 강동구 상암로 251 911동 106호(명일동, 고덕주공아파트)",37.54859381,127.1506883
서울특별시,강동구,오륜어린이집,서울특별시 강동구 양재대로81길 34 (성내동 442-13),37.5233996,127.1323419
서울특별시,강동구,리틀아트짐어린이집,"서울특별시 강동구 상일로 74 324동 104호(상일동, 고덕리엔파크)",37.55136837,127.1747855
서울특별시,강동구,강동리베라움어린이집,서울특별시 강동구 동남로79길 26 고덕현대아이파크 관리동 1층 (고덕동 499),37.55918388,127.1537442
서울특별시,강동구,어울림어린이집,서울특별시 강동구 고덕로 333 127동 104호(고덕그라시움),37.55617709,127.1591765
서울특별시,강동구,두빛나래어린이집,"서울특별시 강동구 상일로 74 336동 102호(상일동490, 고덕리엔파크)",37.55136837,127.1747855
서울특별시,강동구,꼬마별어린이집,서울특별시 강동구 상일로 74 336동 104호(고덕리엔파크),37.55136837,127.1747855
서울특별시,강동구,예랑어린이집,"서울특별시 강동구 고덕로 210 503동 105호(명일동, 삼익그린2차)",37.5538093,127.147061
서울특별시,강동구,아이재미어린이집,서울특별시 강동구 고덕로80길 99 511동 104호 (고덕센트럴아이파크),37.55079267,127.1664048
서울특별시,강동구,좋은친구어린이집,서울특별시 강동구 상암로4가길 24 (암사동),37.55051765,127.1252134
서울특별시,강동구,성내삼성어린이집,"서울특별시 강동구 풍성로 128 205동 105호(성내동590, 성내동삼성아파트)",37.52994395,127.1259811
서울특별시,강동구,롯데예닮어린이집,"서울특별시 강동구 상암로 11 112동 101호(암사동, 선사현대아파트)",37.55344749,127.12566
서울특별시,강동구,리틀프린스어린이집,"서울특별시 강동구 아리수로93길 40 313동 104호(강일동674, 강일리버파크3단지아파트)",37.56551714,127.1751066
서울특별시,강동구,성내장미어린이집,서울특별시 강동구 풍성로45길 39 (성내2동 504-9),37.53245564,127.1304917
서울특별시,강동구,예다미어린이집,서울특별시 강동구 구천면로68나길 21-4 (천호동 29-3 ),37.54829221,127.1413891
서울특별시,강동구,구립꿈사랑어린이집,서울특별시 강동구 천중로17길 42-16 ,37.546212,127.1317141
서울특별시,강동구,별초롱어린이집,서울특별시 강동구 성내로12길 9-12 (성내동 564),37.52765325,127.1263123
서울특별시,강동구,이호어린이집,서울특별시 강동구 풍성로38길 14 (성내동 296-1 ),37.53141686,127.1250074
서울특별시,강동구,꼬꼬마어린이집,"서울특별시 강동구 상암로 11 115동 102호(암사동,선사현대아파트)",37.55344749,127.12566
서울특별시,강동구,튼튼어린이집,"서울특별시 강동구 상암로 251 901동 102호(고덕주공아파트, 명일동)",37.54859381,127.1506883
서울특별시,강동구,삼성GEC어린이집,서울특별시 강동구 상일로6길 26 글로벌엔지니어링센터 B동 1층,37.54881766,127.1753246
서울특별시,강동구,구립코알라어린이집,"서울특별시 강동구 상일로 152 107동 1층(강일동 707, 고덕리엔파크1단지아파트)",37.56164287,127.1714804
서울특별시,강동구,사랑샘어린이집,"서울특별시 강동구 상암로 11 106동 104호(암사동, 선사현대아파트)",37.55344749,127.12566
서울특별시,강동구,하늘숲어린이집,"서울특별시 강동구 암사19길 25 101동 106호(암사동, 한솔아파트)",37.55182509,127.1403557
서울특별시,강동구,암사신현대어린이집,서울특별시 강동구 상암로 8-1 1층(암사동 510-5 ),37.55117387,127.1246735
서울특별시,강동구,세빛어린이집,서울특별시 강동구 올림픽로88길 8 (천호2동 314-13),37.54650347,127.1267777
서울특별시,강동구,혜윰어린이집,서울특별시 강동구 상암로63길 39-4 ,37.54851271,127.1538353
서울특별시,강동구,아장아장어린이집,"서울특별시 강동구 고덕로 131 108동 101호(암사동, 롯데캐슬퍼스트)",37.55516675,127.1438388
서울특별시,강동구,구립해솔어린이집,"서울특별시 강동구 상일로 74 310동1층 (상일동, 고덕리엔파크3단지아파트)",37.55136837,127.1747855
서울특별시,강동구,구립도담어린이집,"서울특별시 강동구 성내로14길 18 (성내동, 선광아파트상가 116호)",37.52719478,127.1266872
서울특별시,강동구,구립해그린어린이집,"서울특별시 강동구 고덕로 427 208동 1층 (강일동, 고덕리엔파크2단지 아파트)",37.55879729,127.1731822
서울특별시,강동구,구립허브림어린이집,서울특별시 강동구 풍성로65길 15 ,37.52879998,127.1393494
서울특별시,강동구,구립해여울어린이집,서울특별시 강동구 상일로12길 60 1층(상일동 483),37.55528493,127.1742302
서울특별시,강동구,구립기리울어린이집,서울특별시 강동구 진황도로49길 17 (길동244-3),37.53457369,127.1409344
서울특별시,강동구,구립동심어린이집,서울특별시 강동구 고덕로27길 33-19 ,37.55613309,127.1373886
서울특별시,강동구,구립행복이든어린이집,서울특별시 강동구 고덕로97길 100 강일리버파크11단지 관리동,37.562735,127.1799929
서울특별시,강동구,구립한마을어린이집,서울특별시 강동구 상암로81길 14 (상일동337-2),37.54635399,127.1678084
서울특별시,강동구,구립명일2동어린이집,서울특별시 강동구 동남로65길 46-12 (명일2동 237),37.54828152,127.1536279
서울특별시,강동구,구립은강어린이집,서울특별시 강동구 양재대로103길 28 (성내3동 378-9),37.53334944,127.136386
서울특별시,강동구,구립천호2어린이집,서울특별시 강동구 구천면로41길 84 (천호2동 289-76),37.54806412,127.1298236
서울특별시,강동구,구립한빛어린이집,서울특별시 강동구 구천면로55길 35-1 ,37.55115624,127.1357642
서울특별시,강동구,구립현대어린이집,"서울특별시 강동구 고덕로27길 36 관리동(암사동, 강동 현대홈타운)",37.55688852,127.1384371
서울특별시,강동구,구립해든어린이집,서울특별시 강동구 상암로21길 26 ,37.54882224,127.1331216
서울특별시,강동구,구립연두어린이집,"서울특별시 강동구 천중로44길 40 101동109호(길동, 희훈리치파크A)",37.53958612,127.1398061
서울특별시,강동구,구립초롱별어린이집,서울특별시 강동구 양재대로134길 41 ,37.54784646,127.1459293
서울특별시,강동구,구립엄마품어린이집,서울특별시 강동구 진황도로 212 둔촌신성미소지움 202동 103호,37.52720774,127.1433319
서울특별시,강동구,구립래미안힐스테이트어린이집,서울특별시 강동구 아리수로50길 50 관리동,37.55768646,127.1485777
서울특별시,강동구,구립해나어린이집,서울특별시 강동구 아리수로 46-14 ,37.55585391,127.1347703
서울특별시,강동구,구립길동어린이집,서울특별시 강동구 명일로 238 도림시티빌 상가동 1층 1호,37.53984261,127.1469523
서울특별시,강동구,구립별하어린이집,"서울특별시 강동구 상암로 11 110동 105호(암사동, 선사현대아파트)",37.55344749,127.12566
서울특별시,강동구,사랑가득어린이집,서울특별시 강동구 아리수로50길 50 122동 203호(래미안힐스테이트 고덕),37.55768646,127.1485777
서울특별시,강동구,구립색종이어린이집,"서울특별시 강동구 강동대로53길 66 102호(성내동, 한솔애리즈5차)",37.52558851,127.1326448
서울특별시,강동구,강동경희대병원어린이집,서울특별시 강동구 동남로 881 5층 서희스타힐스(명일동),37.55229076,127.1557725
서울특별시,강동구,애플어린이집,서울특별시 강동구 아리수로50길 50 124동 203호,37.55768646,127.1485777
서울특별시,강동구,구립올림픽파크꿈별어린이집,서울특별시 강동구 성내로 80 ,37.52717962,127.1279653
서울특별시,강동구,구립꿈마루어린이집,"서울특별시 강동구 천호대로 1077 101동 1층(천호동, 래미안강동팰리스)",37.53725665,127.1314376
서울특별시,강동구,구립다온어린이집,서울특별시 강동구 올림픽로79길 46 ,37.54477328,127.1232056
서울특별시,강동구,구립고덕숲어린이집,"서울특별시 강동구 고덕로80길 134 107동 1층(상일동, 고덕숲아이파크아파트)",37.55171846,127.164857
서울특별시,강동구,구립성내1동어린이집,"서울특별시 강동구 풍성로 127 관리동(성내동, 성내삼성아파트)",37.53207383,127.1262281
서울특별시,강동구,구립천호1동어린이집,서울특별시 강동구 상암로27길 18 ,37.54685703,127.1377117
서울특별시,강동구,구립성내푸른어린이집,서울특별시 강동구 성내로3길 49 (성내동),37.53202068,127.123754
서울특별시,강동구,구립봄빛어린이집,"서울특별시 강동구 아리수로97길 19 (강일동, 강일리버파크4단지아파트)",37.56699524,127.1767913
서울특별시,강동구,구립유진어린이집,"서울특별시 강동구 아리수로94길 19 강일동,강일리버파크6단지아파트",37.56273301,127.1772602
서울특별시,강동구,구립도토리어린이집,"서울특별시 강동구 고덕로97길 20 강일동, 강일리버파크10단지아파트",37.55920849,127.1799976
서울특별시,강동구,구립태영어린이집,"서울특별시 강동구 천호대로163길 21-10 관리동(천호동, 천호태영아파트)",37.53797992,127.1306733
서울특별시,강동구,삼성물산강동어린이집,서울특별시 강동구 상일로6길 26 글로벌엔지니어링센터 B동 2층,37.54881766,127.1753246
서울특별시,강동구,현대홈키즈어린이집,"서울특별시 강동구 올림픽로70길 34 현대홈쇼핑 1층, 현대홈키즈어린이집",37.53907057,127.1256156
서울특별시,강동구,구립성내2동어린이집,서울특별시 강동구 성안로13길 21-14 (성내동),37.53100181,127.1307955
서울특별시,강동구,금빛어린이집,"서울특별시 강동구 고덕로27길 36 107동 101호(암사동, 현대홈타운)",37.55688852,127.1384371
서울특별시,강동구,구립별가득어린이집,서울특별시 강동구 양재대로97길 17 ,37.53112425,127.1360629
서울특별시,강동구,구립꿈이찬어린이집,서울특별시 강동구 천중로27길 70 청운캐슬 106동 101호,37.54581031,127.1371191
서울특별시,강동구,구립꽃다비어린이집,서울특별시 강동구 성안로31마길 9 (천호동),37.54057242,127.1338461
서울특별시,강동구,구립래미안솔베뉴어린이집,서울특별시 강동구 양재대로 1650 구립래미안솔베뉴어린이집,37.55437885,127.1459442
서울특별시,강동구,구립그라시움은빛어린이집,"서울특별시 강동구 고덕로 333 113동 1층(고덕동, 고덕그라시움아파트)",37.55617709,127.1591765
서울특별시,강동구,구립그라시움별빛어린이집,"서울특별시 강동구 고덕로 333 140동 1층(고덕동, 고덕그라시움아파트)",37.55617709,127.1591765
서울특별시,강동구,구립그라시움물빛어린이집,"서울특별시 강동구 고덕로 333 119동 1층(고덕동, 고덕그라시움아파트)",37.55617709,127.1591765
서울특별시,강동구,베베키즈어린이집,"서울특별시 강동구 고덕로 333 112동 105호(고덕동, 고덕그라시움아파트)",37.55617709,127.1591765
서울특별시,강동구,구립힐스아이어린이집,서울특별시 강동구 올림픽로91길 30 관리동(구립힐스아이어린이집),37.54893395,127.125137
서울특별시,강동구,구립센트럴아이파크어린이집,서울특별시 강동구 고덕로80길 99 관리동(구립센트럴아이파크어린이집),37.55079267,127.1664048
서울특별시,강동구,구립롯데캐슬베네루체어린이집,서울특별시 강동구 구천면로 630 고덕롯데캐슬베네루체 관리동(구립롯데캐슬베네루체어린이집),37.55015572,127.1679561
서울특별시,강동구,아이뜰어린이집,"서울특별시 강동구 고덕로80길 99 517동 103호(상일동, 고덕센트럴아이파크아파트)",37.55079267,127.1664048
서울특별시,강동구,구립아르테온보나어린이집,서울특별시 강동구 고덕로 360 고덕아르테온 339동 인근 관리동,37.55668291,127.1695273
서울특별시,강동구,구립아르테온보예어린이집,서울특별시 강동구 고덕로 360 고덕아르테온아파트 319동 1층(상일동),37.55668291,127.1695273
서울특별시,강동구,이삭숲어린이집,서울특별시 강동구 동남로82길 29-8 이삭숲어린이집,37.56068757,127.1585683
서울특별시,강동구,구립에코포레어린이집,서울특별시 강동구 천중로 253 이편한세상강동에코포레아파트 관리동 1층,37.54090932,127.1479462
서울특별시,강동구,구립강동든든어린이집,서울특별시 강동구 아리수로93가길 110 강동리버스트 4단지 관리동,37.57378021,127.1731798
서울특별시,강동구,구립늘해랑어린이집,서울특별시 강동구 고덕로 399 고덕센트럴푸르지오아파트 관리동,37.55744052,127.1696789
서울특별시,강동구,구립강동해밀어린이집,서울특별시 강동구 아리수로93가길 77 강동리버스트6단지아파트 관리동,37.56973609,127.1715778
서울특별시,강동구,구립해봄어린이집,서울특별시 강동구 아리수로93가길 70 강동리버스트7단지아파트 관리동,37.57033717,127.1740857
서울특별시,강동구,구립사랑그린어린이집,서울특별시 강동구 고덕로98길 29 강동리엔파크9단지 관리동,37.55698872,127.1802303
서울특별시,강동구,구립가람슬기어린이집,서울특별시 강동구 올림픽로98가길 12-16 ,37.54962556,127.1309507
서울특별시,강동구,구립또바기어린이집,서울특별시 강동구 상일로 55 고덕자이아파트 관리동,37.55331821,127.1687882
서울특별시,강동구,구립해뜨는어린이집,서울특별시 강동구 고덕로98길 101 강동리엔파크11단지아파트 관리동,37.55427797,127.1805327
서울특별시,강동구,구립도로롱어린이집,서울특별시 강동구 고덕로98길 160 강동리엔파크14단지아파트 관리동,37.55109004,127.1808371
서울특별시,강동구,구립가래여울어린이집,서울특별시 강동구 아리수로93나길 88 강동리버스트8단지아파트관리동,37.57172229,127.1748049
서울특별시,강동구,자이숲어린이집,"서울특별시 강동구 아리수로 375 104동 121호(고덕동, 고덕풍경채어바니티)",37.5629969,127.1694744
서울특별시,강동구,구립하랑어린이집,서울특별시 강동구 고덕로98길 161 강동리엔파크13단지,37.55209802,127.1810492
서울특별시,강동구,구립별마루어린이집,서울특별시 강동구 올림픽로 610 ,37.53579317,127.1229724
서울특별시,강동구,구립꿈이랑어린이집,"서울특별시 강동구 아리수로93다길 80 1층, 힐스테이트리슈빌강일",37.57287515,127.1742319
서울특별시,강동구,구립풍경채어린이집,"서울특별시 강동구 아리수로 375 (고덕동, 고덕풍경채어바니티)",37.5629969,127.1694744
서울특별시,강동구,라임어린이집,"서울특별시 강동구 아리수로93다길 80 502동 111호(강일동, 힐스테이트리슈빌강일)",37.57287515,127.1742319
서울특별시,강동구,별이랑어린이집,"서울특별시 강동구 아리수로93다길 80 504동 113호 (강일동, 힐스테이트리슈빌강일)",37.57287515,127.1742319
서울특별시,강동구,구립어반어린이집,서울특별시 강동구 고덕로98길 75 ,37.55505319,127.180529
서울특별시,강동구,에코풍경채어린이집,"서울특별시 강동구 아리수로 375 101동 103호(고덕동, 고덕풍경채어바니티)",37.5629969,127.1694744
서울특별시,강동구,구립헤리티지어린이집,"서울특별시 강동구 천중로 264 (길동, 강동헤리티지자이)",37.53961968,127.1495515
서울특별시,강동구,아이사랑어린이집,"서울특별시 강동구 천중로 264 101동 104호(길동, 강동헤리티지 자이)",37.53961968,127.1495515
서울특별시,강동구,구립천호3동어린이집,서울특별시 강동구 진황도로23길 7 ,37.53992761,127.1297726
서울특별시,강동구,구립중흥자람어린이집,서울특별시 강동구 올림픽로78길 60 ,37.54097344,127.1284993
서울특별시,강동구,구립둔촌포레어린이집,서울특별시 강동구 동남로49길 57 ,37.53121435,127.1460917
서울특별시,강동구,구립포레온나율어린이집,서울특별시 강동구 양재대로 1300 ,37.52496772,127.1402906
서울특별시,강동구,구립포레온다솜어린이집,서울특별시 강동구 양재대로 1300 ,37.52496772,127.1402906
서울특별시,강동구,구립포레온라별어린이집,서울특별시 강동구 양재대로 1300 ,37.52496772,127.1402906
서울특별시,강동구,구립포레온가온어린이집,서울특별시 강동구 양재대로 1300 ,37.52496772,127.1402906
서울특별시,강동구,구립포레온마음어린이집,서울특별시 강동구 양재대로 1300 ,37.52496772,127.1402906
서울특별시,강동구,포레온키즈어린이집,서울특별시 강동구 양재대로 1360 올림픽파크포레온 307동 101호,37.52747586,127.1370461
서울특별시,강동구,구립그란츠리버키즈어린이집,서울특별시 강동구 천호대로 1050 101동 1~2층,37.536712,127.1283249
서울특별시,강동구,구립둔촌1동어린이집,서울특별시 강동구 양재대로 1342 1층,37.52588693,127.1364362
서울특별시,강동구,구립온빛어린이집,서울특별시 강동구 아리수로 385 1층(고덕동),37.56275888,127.170832
서울특별시,강동구,구립더샵강동센트럴시티어린이집,서울특별시 강동구 진황도로 14 102동,37.53952385,127.1284733
서울특별시,강동구,구립강동프레스티지원어린이집,서울특별시 강동구 올림픽로78길 37 104동,37.54295337,127.1262614
경기도,부천시 소사구,새소망어린이집,경기도 부천시 소사구 안곡로 78 (괴안동),37.47821683,126.8109174
경기도,부천시 원미구,근로복지공단 부천어린이집,경기도 부천시 수도로206번길 54-14 (도당동),37.51813842,126.7876617
경기도,부천시 소사구,범박어린이집,경기도 부천시 소사구 범안로129번길 17 (범박동),37.47058661,126.8097219
경기도,부천시 원미구,복사골문화센터어린이집,경기도 부천시 원미구 장말로 107 (상동),37.49446471,126.7539749
경기도,부천시 소사구,온누리어린이집,경기도 부천시 소사구 성주로164번길 53 (심곡본동),37.4766415,126.773748
경기도,부천시 소사구,혜림어린이집,경기도 부천시 소사구 경인로304번길 26 (심곡본동),37.48079565,126.7885152
경기도,부천시 소사구,괴안어린이집,경기도 부천시 소사구 범안로36번길 6 (괴안동),37.478712,126.8068882
경기도,부천시 소사구,소새울어린이집,경기도 부천시 소사구 경인옛로 73 (소사본동),37.48004709,126.7999473
경기도,부천시 원미구,역곡2어린이집,경기도 부천시 원미구 지봉로63번길 18-20 (역곡동),37.48795101,126.8068822
경기도,부천시 원미구,상동어린이집,경기도 부천시 원미구 석천로16번길 46 (상동),37.48884704,126.7622984
경기도,부천시 오정구,고강어린이집,경기도 부천시 오정구 고리울로 79 (고강동),37.52705487,126.8248156
경기도,부천시 소사구,소사어린이집,경기도 부천시 소사구 소사로177번길 19 (소사본동),37.47406041,126.7945742
경기도,부천시 원미구,역곡1어린이집,경기도 부천시 원미구 부일로750번길 11 (역곡동),37.48610473,126.8134292
경기도,부천시 원미구,참사랑어린이집,경기도 부천시 원미구 길주로391번길 59 (도당동),37.50614644,126.7853691
경기도,부천시 오정구,오정어린이집,경기도 부천시 오정구 부천로476번나길 51 (오정동),37.52814608,126.7863971
경기도,부천시 오정구,고리울어린이집,경기도 부천시 오정구 고강로72번길 8 (고강동),37.52947868,126.8120031
경기도,부천시 원미구,밀알어린이집,경기도 부천시 원미구 소사로320번길 34 (소사동),37.4855852,126.7954568
경기도,부천시 소사구,역곡하나어린이집,경기도 부천시 소사구 경인로562번길 35 (괴안동),37.48532594,126.8183142
경기도,부천시 원미구,춘의어린이집,"경기도 부천시 원미구 원미로 202 (춘의동, 춘의주공아파트 춘의종합사회복지관 내)",37.50075927,126.7952311
경기도,부천시 오정구,원종어린이집,경기도 부천시 오정구 고강로24번길 33 (원종동),37.52997323,126.8078571
경기도,부천시 소사구,유진어린이집,경기도 부천시 소사구 성주로34번길 30-10 (송내동),37.47930545,126.7612186
경기도,부천시 오정구,삼정어린이집,경기도 부천시 오정구 삼작로 52 (삼정동),37.5197065,126.7664568
경기도,부천시 오정구,오정복지관어린이집,경기도 부천시 오정구 성오로149번길 18 (오정동),37.52591608,126.7977975
경기도,부천시 원미구,신중동어린이집,"경기도 부천시 원미구 도약로 146 복지관 1층 (중동, 덕유마을주공1단지,2단지,4단지아파트)",37.50951424,126.7671235
경기도,부천시 소사구,영원어린이집,경기도 부천시 소사구 양지로40번길 23 (괴안동),37.47713479,126.8124857
경기도,부천시 소사구,심곡어린이집,경기도 부천시 소사구 성주로 178-1 (심곡본동),37.47852087,126.7759911
경기도,부천시 오정구,대장어린이집,경기도 부천시 오정구 대장로 176 1층 (대장동),37.54321747,126.7827048
경기도,부천시 원미구,상2어린이집,경기도 부천시 원미구 조마루로 95 (상동),37.5006354,126.7540994
경기도,부천시 소사구,소사주공어린이집,"경기도 부천시 소사구 은성로 110-1 관리동 (소사본동, 소사주공2단지아파트)",37.47438874,126.8028806
경기도,부천시 오정구,여월베르네어린이집,"경기도 부천시 오정구 여월로 65 205동 1층 (여월동, 여월휴먼시아2단지아파트)",37.51372477,126.8037589
경기도,부천시 오정구,여월주공어린이집,"경기도 부천시 오정구 소사로 639 112동 1층 (여월동, 여월휴먼시아1단지아파트)",37.51491865,126.7987537
경기도,부천시 소사구,범박주공어린이집,"경기도 부천시 소사구 양지로 20-1 관리동 (범박동, 범박휴먼시아1단지)",37.47748369,126.8136434
경기도,부천시 오정구,테크노파크3차어린이집,경기도 부천시 오정구 석천로 397 (삼정동),37.52293455,126.765429
경기도,부천시 원미구,꿈이랑어린이집,경기도 부천시 원미구 부흥로 149 (중동),37.49712964,126.7592398
경기도,부천시 원미구,신중동중2마을어린이집,"경기도 부천시 원미구 계남로 330 1층 (중동, 육아종합지원센터)",37.50149689,126.7826057
경기도,부천시 소사구,옥길어린이집,"경기도 부천시 소사구 양지로 134 관리동 (옥길동, 부천옥길엘에이치1단지)",37.47069137,126.8179985
경기도,부천시 원미구,부천중동어린이집,"경기도 부천시 원미구 중동로 108 110동 105호 (중동, 팰리스카운티)",37.49180978,126.7669867
경기도,부천시 소사구,송내어린이집,"경기도 부천시 소사구 경인로134번길 72 102동 101호 (송내동, 송내대우아파트)",37.48046594,126.7692387
경기도,부천시 소사구,옥길센트리뷰어린이집,"경기도 부천시 소사구 옥길로 55 관리동 (옥길동, 엘에이치센트리뷰)",37.4661688,126.8207388
경기도,부천시 소사구,옥길양지어린이집,"경기도 부천시 소사구 양지로 134 사회복지시설 1층 (옥길동, 부천옥길엘에이치1단지)",37.47069137,126.8179985
경기도,부천시 원미구,원미1어린이집,"경기도 부천시 원미구 부천로136번길 27 1층 (원미동, 원미어울마당)",37.49673391,126.7875099
경기도,부천시 원미구,부천따복어린이집,경기도 부천시 원미구 조마루로366번길 63 (심곡동),37.49572889,126.7832244
경기도,부천시 원미구,중동백합어린이집,경기도 부천시 원미구 석천로92번길 29 (중동),37.49549458,126.762888
경기도,부천시 소사구,옥길자이어린이집,"경기도 부천시 소사구 범안로219번길 19 (옥길동, 부천옥길자이)",37.46340377,126.8132299
경기도,부천시 소사구,옥길행복어린이집,"경기도 부천시 소사구 양지로 151 (옥길동, 부천옥길LH8단지아파트)",37.47097894,126.819444
경기도,부천시 소사구,스타필드시티부천어린이집,"경기도 부천시 소사구 옥길로 1 1층 (옥길동, 스타필드시티 부천)",37.46152025,126.8139403
경기도,부천시 원미구,상동하늘꿈어린이집,"경기도 부천시 원미구 부일로 203 (상동, 상동스카이뷰자이)",37.48911217,126.7524541
경기도,부천시 소사구,이편한심곡어린이집,경기도 부천시 소사구 성주로 158 (심곡본동),37.47874812,126.7733565
경기도,부천시 원미구,중동해링턴어린이집,"경기도 부천시 원미구 심중로 67 (중동, 중동효성해링턴플레이스)",37.49050402,126.7707027
경기도,부천시 오정구,아침햇살어린이집,"경기도 부천시 오정구 길주로573번길 37 관리동 1층(여월동, 여월휴먼시아3단지)",37.50981473,126.80422
경기도,부천시 원미구,중동센트럴파크어린이집,"경기도 부천시 원미구 소향로 181 (중동, 센트럴파크푸르지오)",37.50202295,126.7681329
경기도,부천시 소사구,이편한온수어린이집,경기도 부천시 소사구 경인로 605 (괴안동),37.48904398,126.8203398
경기도,부천시 원미구,부천아이파크어린이집,"경기도 부천시 원미구 평천로 679 (약대동, 부천아이파크)",37.51566063,126.7656292
경기도,부천시 소사구,래미안어반비스타어린이집,"경기도 부천시 소사구 중동로 19 (송내동, 래미안부천어반비스타)",37.48147512,126.7625806
경기도,부천시 원미구,힐스테이트중동어린이집,경기도 부천시 원미구 길주로 234 1층 힐스테이트중동어린이집,37.50340307,126.7682067
경기도,부천시 원미구,중동복지관어린이집,경기도 부천시 원미구 계남로 336 근로자종합복지관 1층,37.50078874,126.7828747
경기도,부천시 원미구,상동행복주택어린이집,경기도 부천시 원미구 부일로 232 ,37.48815392,126.7554669
경기도,부천시 소사구,일루미햇빛어린이집,경기도 부천시 소사구 범안로129번길 72 104동 1층,37.47126544,126.8110191
경기도,부천시 소사구,일루미달빛어린이집,경기도 부천시 소사구 범안로 157-7 ,37.46896014,126.8097993
경기도,부천시 소사구,일루미별빛어린이집,경기도 부천시 소사구 범안로 157-8 3단지,37.46753523,126.8108318
경기도,부천시 소사구,일루미금빛어린이집,경기도 부천시 소사구 범안로 180 ,37.46642725,126.8079744
경기도,부천시 소사구,소사햇살어린이집,"경기도 부천시 소사구 소사구 소삼로 47 (소사본동, 부천소사역 푸르지오)",37.47982147,126.7973508
경기도,부천시 원미구,예술마을어린이집,경기도 부천시 원미구 원미구 길주로 17 101동,37.5102563,126.7443316
경기도,부천시 소사구,푸른숲어린이집,경기도 부천시 소사구 소사동로 220-1 ,37.478434,126.8172292
경기도,부천시 소사구,힐스테이트소사역어린이집,"경기도 부천시 소사구 경인옛로 37 (소사본동, 힐스테이트 소사역 103동)",37.48166161,126.7959976
경기도,부천시 오정구,원종더리브어린이집,"경기도 부천시 오정구 원일로 43 (원종동, 원종더리브)",37.53097132,126.8023192
경기도,부천시 원미구,약대조이랜드어린이집,경기도 부천시 원미구 평천로706번길 26 (약대동),37.51400146,126.7690296
경기도,부천시 원미구,덕유성심어린이집,"경기도 부천시 원미구 도약로 146 관리동 1층 (중동, 덕유마을주공1단지,2단지,4단지아파트)",37.50951424,126.7671235
경기도,부천시 원미구,한양어린이집,"경기도 부천시 원미구 도약로 36-2 관리동 1층 (상동, 라일락마을 신성미소지움)",37.51109405,126.7539196
경기도,부천시 원미구,원미어린이집,경기도 부천시 원미구 조종로50번길 26-12 (원미동),37.49181799,126.789349
경기도,부천시 원미구,꿈샘어린이집,"경기도 부천시 원미구 계남로 329 101호 (춘의동, 춘의동 리치빌)",37.50153141,126.7831039
경기도,부천시 원미구,상미어린이집,경기도 부천시 원미구 상이로67번길 31-7 (상동),37.49451412,126.7424114
경기도,부천시 원미구,푸른나무어린이집,"경기도 부천시 원미구 옥산로 83 1010동 101호(중동,꿈마을)",37.50216038,126.7791052
경기도,부천시 원미구,푸른솔어린이집,"경기도 부천시 원미구 상일로 71 1815동102호(상동,반달마을아파트)",37.49309079,126.7511067
경기도,부천시 원미구,꼬마천사어린이집,"경기도 부천시 원미구 석천로 216 508동 101호 (중동, 은하마을 대우,동부아파트)",37.50615164,126.7643229
경기도,부천시 원미구,포도마을어린이집,"경기도 부천시 원미구 조마루로 135 826동 102호 (중동, 포도마을아파트)",37.50030693,126.759896
경기도,부천시 원미구,리틀엔젤어린이집,"경기도 부천시 원미구 조마루로 134 1114동 104호 (중동, 보람마을아주아파트)",37.49760917,126.7568268
경기도,부천시 원미구,솔푸른어린이집,"경기도 부천시 원미구 평천로 680 206동 102호 (약대동, 부천아이파크2단지)",37.51477083,126.7661908
경기도,부천시 원미구,아이베스트어린이집,"경기도 부천시 원미구 신흥로276번길 15 관리동 1층 (중동, 래미안부천중동)",37.50801746,126.775767
경기도,부천시 원미구,순천향대학교 부천병원 직장어린이집,경기도 부천시 원미구 중동로161번길 80-1 (중동),37.49483985,126.7627217
경기도,부천시 원미구,유베이스어린이집,경기도 부천시 원미구 석천로60번길 29 (상동),37.49249244,126.7629844
경기도,부천시 원미구,사랑숲어린이집,경기도 부천시 원미구 부천로 189-1 1층 (춘의동),37.5012035,126.7862491
경기도,부천시 원미구,아름다운어린이집,"경기도 부천시 원미구 장말로 71 1515동 101호 (상동, 한아름마을 라이프, 현대1차아파트)",37.49445401,126.7505946
경기도,부천시 원미구,가톨릭대학교요한어린이집,"경기도 부천시 지봉로 43 1층 (역곡동, 가톨릭대학교 성심교정 창업보육지원센터)",37.487485,126.7985672
경기도,부천시 원미구,글로벌광음어린이집,"경기도 부천시 원미구 상이로 92 1층 (상동, 광음교회)",37.49678018,126.7445829
경기도,부천시 원미구,랄랄라꼬마숲어린이집,"경기도 부천시 원미구 평천로 680 관리동 1층 (약대동, 부천아이파크2단지)",37.51477083,126.7661908
경기도,부천시 원미구,부천성모병원어린이집,경기도 부천시 원미구 소사로327번길 21 (소사동),37.48664296,126.7933741
경기도,부천시 원미구,상동사랑샘어린이집,경기도 부천시 원미구 상일로149번길 26-13 1층,37.49205644,126.7599453
경기도,부천시 원미구,우리들어린이집,"경기도 부천시 원미구 계남로 72-1 관리동(상동, 효성센트럴타운)",37.50844237,126.7564259
경기도,부천시 원미구,키즈월드어린이집,"경기도 부천시 원미구 평천로 679 관리동 1층(약대동, 부천아이파크)",37.51566063,126.7656292
경기도,부천시 원미구,꿈이자라는어린이집,"경기도 부천시 원미구 조마루로 104 관리동 (상동, 하얀마을)",37.49993251,126.754782
경기도,부천시 원미구,동남어린이집,"경기도 부천시 원미구 부흥로 71 2716동 103호 (상동, 백송마을 동남디아망)",37.49878902,126.750385
경기도,부천시 원미구,동그라미발도르프어린이집,경기도 부천시 원미구 장말로279번길 15 1층 (심곡동),37.49226055,126.7730912
경기도,부천시 원미구,도담어린이집,경기도 부천시 원미구 조종로7번길 5 (원미동),37.49367426,126.7854541
경기도,부천시 원미구,아이원어린이집,"경기도 부천시 부흥로 49 관리동 1층 (상동, 백송마을 풍림아이원)",37.49927289,126.7479806
경기도,부천시 원미구,반석어린이집,"경기도 부천시 원미구 계남로 106 관리동 (중동, 금강마을아파트)",37.50727913,126.7601028
경기도,부천시 원미구,햇살나무어린이집,"경기도 부천시 원미구 상동로 186 다정한마을 관리동 (상동, 다정한마을 금강KCC아파트)",37.51372667,126.7554735
경기도,부천시 원미구,라일락어린이집,"경기도 부천시 원미구 상동로117번길 64 관리동 1층 (상동, 라일락마을 대우이안,유림아파트)",37.5097559,126.7499783
경기도,부천시 원미구,상록어린이집,"경기도 부천시 원미구 신상로 45 관리동(상동, 목련마을 상록아파트)",37.49379069,126.7471592
경기도,부천시 원미구,초록어린이집,경기도 부천시 원미구 신흥로276번가길 18 (중동),37.50746372,126.7774408
경기도,부천시 원미구,파랑새어린이집,경기도 부천시 원미구 원미로 127-1 (원미동),37.49399041,126.7909277
경기도,부천시 원미구,한울어린이집,"경기도 부천시 원미구 계남로 60-1 관리동 (상동, 진달래마을 써미트빌)",37.50848084,126.7559433
경기도,부천시 원미구,해솔어린이집,"경기도 부천시 원미구 조마루로 135 824동 101호 (중동, 포도마을 삼보,영남아파트)",37.50030693,126.759896
경기도,부천시 원미구,해맑은어린이집,경기도 부천시 원미구 부천로148번길 61-4 1~2층 (원미동),37.49695133,126.7891731
경기도,부천시 원미구,즐거운어린이집,"경기도 부천시 원미구 상일로 72 1834동 104호(상동, 반달마을극동신라아파트)",37.49052239,126.7497412
경기도,부천시 원미구,꿈나라어린이집,"경기도 부천시 원미구 부흥로 100 1521동 101호 (상동, 한아름마을 동성,동아,삼환아파트)",37.49669466,126.7533555
경기도,부천시 원미구,구름빵어린이집,"경기도 부천시 원미구 장말로 102 1829동 104호 (상동, 반달마을 삼익아파트)",37.49333305,126.7532875
경기도,부천시 원미구,한아름어린이집,"경기도 부천시 원미구 장말로 71 1509동 103호(상동, 한아름마을현대아파트)",37.49445401,126.7505946
경기도,부천시 원미구,행복가득어린이집,"경기도 부천시 원미구 장말로 102 1828동 106호 (상동, 반달마을삼익아파트)",37.49333305,126.7532875
경기도,부천시 원미구,예소람어린이집,"경기도 부천시 원미구 상일로 71 1818동 102호 (상동, 반달마을 건영,동아,선경아파트)",37.49309079,126.7511067
경기도,부천시 원미구,반달어린이집,"경기도 부천시 원미구 상일로 71 1807동 105호 (상동, 반달마을, 건영,동아,선경아파트)",37.49309079,126.7511067
경기도,부천시 원미구,덕유어린이집,경기도 부천시 원미구 도약로 146-1 관리동 (중동),37.50855684,126.7668517
경기도,부천시 원미구,토마토어린이집,"경기도 부천시 원미구 원미로 100 101동 106호(원미동, 원미동풍림아파트)",37.49192202,126.7918729
경기도,부천시 원미구,깊은샘어린이집,"경기도 부천시 원미구 원미로 100 106동 109호(원미동, 원미동풍림아파트)",37.49192202,126.7918729
경기도,부천시 원미구,바다와별에듀어린이집,"경기도 부천시 원미구 지봉로143번길 7 103동 101호 (역곡동, 대림e편한세상1차아파트)",37.48989655,126.8142414
경기도,부천시 원미구,삐아제어린이집,"경기도 부천시 원미구 부흥로 100 1533동 104호 (상동, 한아름마을 동성,동아,삼환아파트)",37.49669466,126.7533555
경기도,부천시 원미구,재원어린이집,경기도 부천시 원미구 역곡로26번길 70 (역곡동),37.48853816,126.8143962
경기도,부천시 원미구,자연몬테소리어린이집,"경기도 부천시 원미구 상동로 25 2706동 101호 (상동, 백송마을 GS,SK아파트)",37.50035238,126.7499712
경기도,부천시 원미구,참조은어린이집,"경기도 부천시 원미구 부흥로 100 1529동 101호(상동, 한아름아파트)",37.49669466,126.7533555
경기도,부천시 원미구,꼬꼬마어린이집,"경기도 부천시 원미구 장말로 102 1830동 102호 (상동, 반달마을 삼익아파트)",37.49333305,126.7532875
경기도,부천시 원미구,아이소리어린이집,"경기도 부천시 원미구 상일로 71 1809동 102호(상동, 반달마을 건영,동아,선경아파트)",37.49309079,126.7511067
경기도,부천시 원미구,보물섬어린이집,"경기도 부천시 원미구 중동로 166 1712동 101호 (중동, 복사골마을 건영아이숲,건영캐스빌아파트)",37.4935444,126.7674896
경기도,부천시 원미구,아이누리어린이집,경기도 부천시 원미구 조종로7번길 25 1층 (원미동),37.49459456,126.7856612
경기도,부천시 원미구,행복한해나라어린이집,"경기도 부천시 원미구 소향로 18 2403동 101호 (상동, 행복한마을 금호어울림)",37.50351417,126.7487742
경기도,부천시 원미구,하늘심곡어린이집,경기도 부천시 원미구 신흥로99번길 26 (심곡동),37.49290069,126.7767678
경기도,부천시 원미구,우리아이어린이집,"경기도 부천시 부흥로 49 2722동 103호 (상동, 백송마을 풍림아이원아파트)",37.49927289,126.7479806
경기도,부천시 원미구,예원어린이집,"경기도 부천시 원미구 송내대로205번길 70 2502동 101호(상동, 푸른마을창보밀레시티)",37.50308409,126.7531639
경기도,부천시 원미구,새샛별어린이집,"경기도 부천시 원미구 계남로 195 관리동(중동, 설악마을주공아파트)",37.5081145,126.7706995
경기도,부천시 원미구,슬기어린이집,"경기도 부천시 원미구 조마루로 231 928동 104호(중동, 미리내마을)",37.49977131,126.7694069
경기도,부천시 원미구,코알라어린이집,"경기도 부천시 원미구 성곡로63번길 122 101동 104호(도당동, 명성로즈빌아파트)",37.51693185,126.7920459
경기도,부천시 원미구,백송어린이집,"경기도 부천시 부흥로 49 2727동 103호 (상동, 백송마을 풍림아이원)",37.49927289,126.7479806
경기도,부천시 원미구,사랑몬테소리어린이집,경기도 부천시 원미구 상이로51번길 30 (상동),37.49347579,126.7424861
경기도,부천시 원미구,미소어린이집,"경기도 부천시 원미구 중동로 327 232동 104호 (중동, 덕유마을 주공3단지아파트)",37.50963446,126.7680503
경기도,부천시 원미구,부천민들레어린이집,"경기도 부천시 원미구 도약로 146 206동 105호 (중동, 덕유마을주공1단지,2단지,4단지아파트)",37.50951424,126.7671235
경기도,부천시 원미구,해맑음어린이집,경기도 부천시 원미구 평천로 702 (약대동),37.5149289,126.7685884
경기도,부천시 원미구,부천시청직장어린이집,경기도 부천시 원미구 길주로 210-2 (중동),37.50230749,126.7650357
경기도,부천시 원미구,중앙어린이집,경기도 부천시 원미구 조종로69번길 38-8 중앙어린이집 (원미동),37.49391666,126.7926348
경기도,부천시 원미구,이든어린이집,"경기도 부천시 원미구 도약로 82 관리동1층(상동, 진달래마을)",37.51141708,126.7571052
경기도,부천시 원미구,다솜어린이집,"경기도 부천시 원미구 조마루로 135 827동 101호 (중동, 포도마을 삼보,영남아파트)",37.50030693,126.759896
경기도,부천시 원미구,딩동댕어린이집,"경기도 부천시 원미구 조마루로 135 822동 101호 (중동, 포도마을 삼보,영남아파트)",37.50030693,126.759896
경기도,부천시 원미구,세하어린이집,"경기도 부천시 원미구 상동로117번길 64 2332동 104호 (상동, 라일락마을 대우이안,유림아파트)",37.5097559,126.7499783
경기도,부천시 원미구,포그니어린이집,"경기도 부천시 원미구 도약로 36 2316동 105호 (상동, 라일락마을 신성미소지움)",37.51201997,126.7523901
경기도,부천시 원미구,꿈마을삐아제어린이집,"경기도 부천시 원미구 옥산로 83 1005동 103호(중동,꿈마을)",37.50216038,126.7791052
경기도,부천시 원미구,사랑해은하수어린이집,"경기도 부천시 원미구 조마루로 231 933동 104호 (중동, 미리내마을 동성아파트)",37.49977131,126.7694069
경기도,부천시 원미구,파란꿈어린이집,"경기도 부천시 원미구 도약로 16 2304동 102호(상동, 라일락마을 경남아너스빌)",37.51243892,126.7505419
경기도,부천시 원미구,상동제일어린이집,"경기도 부천시 원미구 도약로 16 2301동 101호(상동, 라일락마을경남아너스빌)",37.51243892,126.7505419
경기도,부천시 원미구,예삐어린이집,"경기도 부천시 원미구 계남로 19 2312동 103호(상동, 라일락마을 동양덱스빌)",37.51091964,126.7501979
경기도,부천시 원미구,아이사랑어린이집,"경기도 부천시 원미구 석천로 107 1121동 106호(중동, 보람마을 동남아파트)",37.49800277,126.7607318
경기도,부천시 원미구,예랑어린이집,"경기도 부천시 원미구 조마루로 271 943동 103호 (중동, 미리내마을 롯데아파트)",37.49836008,126.7742666
경기도,부천시 원미구,새콤달콤어린이집,"경기도 부천시 원미구 도약로 106 128동 103호(중동, 한라마을주공3차아파트)",37.50999518,126.7615155
경기도,부천시 원미구,부천신나는어린이집,"경기도 부천시 원미구 계남로 106 410동 102호 (중동, 금강마을아파트)",37.50727913,126.7601028
경기도,부천시 원미구,해울어린이집,"경기도 부천시 원미구 상일로 71 1823동 107호 (상동, 반달마을 건영,동아,선경아파트)",37.49309079,126.7511067
경기도,부천시 원미구,숙명키즈어린이집,경기도 부천시 원미구 지봉로115번길 44 (역곡동),37.49042024,126.8110775
경기도,부천시 원미구,큰별어린이집,"경기도 부천시 원미구 도약로 36 2315동 101호 (상동, 라일락마을신성미소지움)",37.51201997,126.7523901
경기도,부천시 원미구,파스텔어린이집,"경기도 부천시 원미구 중동로 204 1309동 105호(중동, 그린타운우성1차아파트)",37.49810795,126.7692152
경기도,부천시 원미구,부천키움어린이집,경기도 부천시 원미구 부일로394번길 20 (심곡동),37.4863872,126.7736769
경기도,부천시 원미구,부곡어린이집,경기도 부천시 원미구 장말로271번길 24 (심곡동),37.49272636,126.7725247
경기도,부천시 원미구,햇살가득한어린이집,"경기도 부천시 원미구 계남로 195 309동 110호 (중동, 설악마을 주공아파트)",37.5081145,126.7706995
경기도,부천시 원미구,대림동화어린이집,"경기도 부천시 원미구 지봉로143번길 7 102동 106호(역곡동, 대림E편한세상1차아파트)",37.48989655,126.8142414
경기도,부천시 원미구,새봄어린이집,"경기도 부천시 원미구 장말로 71 1507동 106호 (상동, 한아름마을)",37.49445401,126.7505946
경기도,부천시 원미구,성도어린이집,경기도 부천시 원미구 장말로271번길 18-20 (심곡동),37.49235491,126.7732016
경기도,부천시 원미구,퐁피두창의스쿨어린이집,경기도 부천시 원미구 지봉로 75 (역곡동),37.48727692,126.807632
경기도,부천시 원미구,위니어린이집,"경기도 부천시 원미구 원미로144번길 51 105동 103호(원미동, 두산아파트)",37.4948369,126.7940512
경기도,부천시 원미구,꿈동산어린이집,"경기도 부천시 원미구 원미로144번길 51 관리동 1층 (원미동, 두산아파트)",37.4948369,126.7940512
경기도,부천시 원미구,열매어린이집,경기도 부천시 원미구 석천로78번길 30 (중동),37.4940976,126.7626798
경기도,부천시 원미구,꾸러기어린이집,"경기도 부천시 원미구 지봉로45번길 16-7 104호 (역곡동, 대명앙뜨레빌아파트)",37.48694344,126.8037293
경기도,부천시 원미구,은빛어린이집,"경기도 부천시 원미구 중동로 107 118동 103호(중동, 팰리스카운티)",37.49188168,126.7660731
경기도,부천시 원미구,금빛은빛어린이집,경기도 부천시 원미구 장말로 297 (심곡동),37.49148061,126.7750081
경기도,부천시 원미구,쌍용어린이집,"경기도 부천시 원미구 도약로 81 관리동 (상동, 다정한마을 쌍용아파트)",37.51337537,126.7583624
경기도,부천시 원미구,아이다운어린이집,"경기도 부천시 원미구 옥산로 47 1403동 102호(중동, 연화마을 쌍용아파트)",37.49803974,126.7803208
경기도,부천시 원미구,베베숲어린이집,"경기도 부천시 원미구 지봉로143번길 7 101동 102호 (역곡동, 대림e편한세상1차아파트)",37.48989655,126.8142414
경기도,부천시 원미구,예린어린이집,"경기도 부천시 원미구 옥산로 47 1407동 104호 (중동, 연화마을 쌍용아파트)",37.49803974,126.7803208
경기도,부천시 원미구,숲속나라어린이집,"경기도 부천시 원미구 평천로 679 109동 104호 (약대동, 부천아이파크1단지)",37.51566063,126.7656292
경기도,부천시 원미구,오즈의마법사어린이집,경기도 부천시 원미구 중동로280번길 61 (중동),37.50442697,126.7726112
경기도,부천시 원미구,아이조아어린이집,"경기도 부천시 원미구 중동로 327 관리동 1층 (중동, 덕유마을 주공3단지아파트)",37.50963446,126.7680503
경기도,부천시 원미구,감나무어린이집,"경기도 부천시 원미구 계남로 196 624동 104호 (중동, 중흥마을 주공아파트)",37.50650751,126.7718356
경기도,부천시 원미구,라온어린이집,경기도 부천시 원미구 평천로861번길 28 (도당동),37.51622517,126.7870248
경기도,부천시 원미구,색동어린이집,경기도 부천시 원미구 중동로 325 (중동),37.50889983,126.7693652
경기도,부천시 원미구,지니어린이집,"경기도 부천시 원미구 조마루로285번길 47 915동 105호(중동, 미리내마을한신아파트)",37.50039317,126.7720481
경기도,부천시 원미구,아기나무어린이집,"경기도 부천시 원미구 조마루로 134 1114동 101호 (중동, 보람마을아주아파트)",37.49760917,126.7568268
경기도,부천시 원미구,리더아이어린이집,경기도 부천시 원미구 부흥로414번길 32 (심곡동),37.48797251,126.7855551
경기도,부천시 원미구,한결사랑어린이집,경기도 부천시 원미구 신흥로92번길 12 (심곡동),37.49167121,126.7786038
경기도,부천시 원미구,성가정어린이집,경기도 부천시 원미구 삼작로268번길 65-6 (도당동),37.51709927,126.7913393
경기도,부천시 원미구,중동별밭어린이집,"경기도 부천시 원미구 도약로 106 125동 105호(중동, 한라마을아파트)",37.50999518,126.7615155
경기도,부천시 원미구,은하어린이집,"경기도 부천시 원미구 중동로 297 (중동, 은하마을 주공1단지)",37.50645778,126.769054
경기도,부천시 원미구,다나어린이집,경기도 부천시 원미구 부흥로 473 (소사동),37.48565466,126.791587
경기도,부천시 원미구,역곡샘터사랑어린이집,경기도 부천시 원미구 역곡로 49 (역곡동),37.48940773,126.8096416
경기도,부천시 원미구,목련어린이집,"경기도 부천시 원미구 신상로 91 관리동 1층 (상동, 목련마을 상록아파트)",37.49697463,126.7474823
경기도,부천시 원미구,아이유키즈어린이집,경기도 부천시 원미구 부천로86번길 18 (심곡동),37.49123662,126.785126
경기도,부천시 원미구,아이숲어린이집,"경기도 부천시 원미구 중동로 166 1713동 103호(중동, 복사골마을 건영아이숲,건영캐스빌아파트)",37.4935444,126.7674896
경기도,부천시 원미구,그린아이어린이집,"경기도 부천시 원미구 옥산로 16 1409동 103호 (중동, 연화마을)",37.49463487,126.7813063
경기도,부천시 원미구,포도나무어린이집,"경기도 부천시 원미구 중동로280번길 27 618동 102호(중동, 중흥마을신동아아파트)",37.50465848,126.7721188
경기도,부천시 원미구,푸르미아어린이집,"경기도 부천시 원미구 길주로377번길 12 105동 105호(춘의동, 우남푸르미아 아파트)",37.50365678,126.7848235
경기도,부천시 원미구,숲보아어린이집,"경기도 부천시 원미구 석천로 216 509동 104호(중동, 은하마을대우아파트)",37.50615164,126.7643229
경기도,부천시 원미구,온새미로어린이집,"경기도 부천시 원미구 옥산로 83 1001동 106호 (중동, 꿈마을)",37.50216038,126.7791052
경기도,부천시 원미구,미래어린이집,경기도 부천시 원미구 성곡로97번길 46 (도당동),37.52172765,126.7930956
경기도,부천시 원미구,아이존어린이집,경기도 부천시 원미구 수도로48번길 16-4 (약대동),37.51336291,126.7718497
경기도,부천시 원미구,건강한어린이집,"경기도 부천시 원미구 조마루로 135 819동 103호 (중동, 포도마을 삼보,영남아파트)",37.50030693,126.759896
경기도,부천시 원미구,하은꿈마을어린이집,"경기도 부천시 원미구 옥산로 75 1017동 102호 (중동, 꿈마을 동아아파트)",37.50025876,126.7788348
경기도,부천시 원미구,동부어린이집,"경기도 부천시 원미구 역곡로45번길 36 203동 104호 (역곡동, 동부센트레빌2단지아파트)",37.48935205,126.8077565
경기도,부천시 원미구,하얀마음어린이집,"경기도 부천시 원미구 부흥로 109 2619동 101호 (상동, 하얀마을)",37.49863782,126.7543754
경기도,부천시 원미구,푸른어린이집,"경기도 부천시 원미구 송내대로205번길 26 2508동 104호 (상동, 푸른마을 한라비발디)",37.50279108,126.755372
경기도,부천시 원미구,상동피터팬어린이집,"경기도 부천시 원미구 계남로 72 2231동 102호(상동, 진달래마을효성아파트)",37.508789,126.7564318
경기도,부천시 원미구,바른길어린이집,경기도 부천시 원미구 부흥로424번길 41 1층 (심곡동),37.48668818,126.7868756
경기도,부천시 원미구,기쁨가득어린이집,"경기도 부천시 원미구 부일로685번길 22 301동 105호 (역곡동, 역곡3차 한양수자인아파트)",37.48514678,126.8063748
경기도,부천시 원미구,맑은세상어린이집,"경기도 부천시 원미구 중동로279번길 22 516동 104호 (중동, 은하마을 쌍용,효성아파트)",37.50524072,126.7689717
경기도,부천시 원미구,큰사랑어린이집,"경기도 부천시 원미구 조마루로 212 1201동 101호(중동, 무지개마을동신12단지아파트)",37.49849808,126.7666885
경기도,부천시 원미구,꿈꾸는사랑마을어린이집,"경기도 부천시 원미구 부흥로 150 1615동 103호 (상동, 사랑마을 벽산,삼익,선경아파트)",37.4965467,126.7569981
경기도,부천시 원미구,고운어린이집,경기도 부천시 원미구 부일로 601 1층 (소사동),37.48430246,126.7970951
경기도,부천시 원미구,꿈나래어린이집,"경기도 부천시 원미구 중동로 108 101동 105호 (중동, 팰리스카운티)",37.49180978,126.7669867
경기도,부천시 원미구,사임당어린이집,"경기도 부천시 원미구 중동로 108 119동 102호 (중동, 팰리스카운티)",37.49180978,126.7669867
경기도,부천시 원미구,아이린어린이집,"경기도 부천시 원미구 중동로 108 114동 103호 (중동, 팰리스카운티)",37.49180978,126.7669867
경기도,부천시 원미구,위브꿈어린이집,"경기도 부천시 원미구 옥산로 83 1002동 103호(중동, 꿈마을삼환아파트)",37.50216038,126.7791052
경기도,부천시 원미구,두리몬테소리어린이집,"경기도 부천시 원미구 장말로 71 1502동 106호 (상동, 한아름마을 라이프,현대1차아파트)",37.49445401,126.7505946
경기도,부천시 원미구,사과나무어린이집,"경기도 부천시 원미구 옥산로 16 1411동 104호(중동, 연화마을 건영캐스빌아파트)",37.49463487,126.7813063
경기도,부천시 원미구,중동사랑어린이집,"경기도 부천시 원미구 중동로 108 관리동 1층(중동, 팰리스카운티)",37.49180978,126.7669867
경기도,부천시 원미구,중동신나는어린이집,"경기도 부천시 원미구 중동로 107 127동 관리동 1층 (중동, 팰리스카운티)",37.49188168,126.7660731
경기도,부천시 원미구,개구쟁이어린이집,"경기도 부천시 원미구 석천로 216 512동 103호 (중동, 은하마을 대우,동부아파트)",37.50615164,126.7643229
경기도,부천시 원미구,DB하이텍 햇살어린이집,"경기도 부천시 원미구 수도로 90 (도당동, DB하이텍)",37.51457523,126.7769093
경기도,부천시 원미구,산들어린이집,"경기도 부천시 원미구 도약로 206 202동 101호 (약대동, 부천위브트레지움2단지아파트)",37.51014203,126.7709316
경기도,부천시 원미구,리틀아이꿈어린이집,"경기도 부천시 원미구 도약로 206 202동 104호 (약대동, 부천위브트레지움2단지아파트)",37.51014203,126.7709316
경기도,부천시 원미구,위브숲 어린이집,"경기도 부천시 원미구 도약로 206 213동 101호(약대동, 두산위브트레지움아파트 2단지)",37.51014203,126.7709316
경기도,부천시 원미구,역곡e편한자연어린이집,"경기도 부천시 원미구 역곡로19번길 26 206동 관리동 (역곡동, 역곡이편한세상)",37.48680654,126.8084283
경기도,부천시 원미구,보람아트브레인어린이집,경기도 부천시 원미구 부일로619번길 26-29 (소사동),37.48549193,126.8002415
경기도,부천시 원미구,약대사랑어린이집,"경기도 부천시 원미구 수도로 18 관리동 1층 (약대동, 두산위브 트레지움아파트 1단지)",37.51228242,126.7682372
경기도,부천시 원미구,그린비브레인어린이집,경기도 부천시 원미구 심중로35번길 26 (중동),37.48689152,126.7716741
경기도,부천시 원미구,위브느티나무어린이집,"경기도 부천시 원미구 도약로 206 관리동 1층(약대동, 부천위브트레지움2단지)",37.51014203,126.7709316
경기도,부천시 원미구,아띠랑어린이집,"경기도 부천시 원미구 조마루로285번길 47 916동 101호(중동, 미리내마을 금호, 한신, 한양아파트)",37.50039317,126.7720481
경기도,부천시 원미구,리베어린이집,"경기도 부천시 원미구 중동로 108 105동 104호 (중동, 팰리스카운티)",37.49180978,126.7669867
경기도,부천시 원미구,반딧불어린이집,"경기도 부천시 원미구 조마루로 48 2701동 101호 (상동, 백송마을 상동자이)",37.50053889,126.7492892
경기도,부천시 원미구,한국어린이집,"경기도 부천시 원미구 부흥로 102 1542동 101호(상동, 한아름마을한국아파트)",37.49676341,126.7540047
경기도,부천시 원미구,상동아기천사어린이집,"경기도 부천시 원미구 장말로 102 1824동 101호(상동, 반달마을삼익아파트)",37.49333305,126.7532875
경기도,부천시 원미구,미리내누리어린이집,"경기도 부천시 원미구 조마루로285번길 47 913동 103호 (중동, 미리내마을 금호,한신,한양아파트)",37.50039317,126.7720481
경기도,부천시 원미구,솔방울어린이집,"경기도 부천시 원미구 평천로 616 2110동 101호 (상동, 다정한마을 삼성래미안아파트)",37.51490997,126.7578833
경기도,부천시 원미구,진달래꼬마숲어린이집,"경기도 부천시 원미구 도약로 82 2212동 102호(상동, 진달래마을대림e편한세상)",37.51141708,126.7571052
경기도,부천시 원미구,상동아기별어린이집,"경기도 부천시 원미구 부흥로 71 2719동 102호(상동, 백송마을동남)",37.49878902,126.750385
경기도,부천시 소사구,산들바람어린이집,"경기도 부천시 소사구 옥길로 80 관리동 1층 (옥길동, 엘에이치옥길브리즈힐)",37.46388524,126.8206565
경기도,부천시 소사구,올리브어린이집,"경기도 부천시 소사구 양지로 234-26 관리동 (옥길동, LH옥길헤일라움)",37.46470149,126.8252429
경기도,부천시 소사구,옥길푸른나무어린이집,"경기도 부천시 소사구 옥길로 80 612동 103호 (옥길동, 엘에이치옥길브리즈힐)",37.46388524,126.8206565
경기도,부천시 소사구,버들어린이집,"경기도 부천시 소사구 옥길로 80 605동 101호 (옥길동, 엘에이치옥길브리즈힐)",37.46388524,126.8206565
경기도,부천시 소사구,꽃길어린이집,"경기도 부천시 소사구 양지로 234-38 관리동 (옥길동, 엘에이치옥길센트럴힐)",37.46337074,126.8244817
경기도,부천시 소사구,파인푸르지오어린이집,"경기도 부천시 소사구 송내대로 16 관리동 (송내동, 송내역파인푸르지오1단지))",37.48527209,126.7536195
경기도,부천시 소사구,토리어린이집,"경기도 부천시 소사구 옥길로 55 703동 105호 (옥길동, LH 센트리뷰)",37.4661688,126.8207388
경기도,부천시 소사구,한신꿈어린이집,"경기도 부천시 소사구 양지로 234-10 104동 101호 (옥길동, 제이드카운티 1단지)",37.46592818,126.8263177
경기도,부천시 소사구,제일조은어린이집,경기도 부천시 소사구 소사구 범안로 220 115동 101호(옥길호반베르디움),37.46345335,126.8108103
경기도,부천시 소사구,하담어린이집,"경기도 부천시 소사구 양지로 234-9 제일풍경채 관리동 (옥길동, 제이드카운티 2단지)",37.4656435,126.8269573
경기도,부천시 소사구,반디어린이집,"경기도 부천시 소사구 양지로 234-10 한신더휴 관리동 (옥길동, 제이드카운티 1단지)",37.46592818,126.8263177
경기도,부천시 소사구,호반꿈어린이집,"경기도 부천시 소사구 범안로 220 102동 101호 (옥길동, 옥길호반베르디움)",37.46345335,126.8108103
경기도,부천시 소사구,호반몬테소리어린이집,"경기도 부천시 소사구 범안로 220 관리동 1층 (옥길동, 옥길호반베르디움)",37.46345335,126.8108103
경기도,부천시 소사구,꿈초롱어린이집,"경기도 부천시 소사구 옥길로 80 608동 105호(옥길동, LH옥길브리즈힐)",37.46388524,126.8206565
경기도,부천시 소사구,부천발도르프협동조합어린이집,"경기도 부천시 소사구 범안로 130-27 관리동 1층(범박동, 부천범박힐스테이트5단지)",37.46991833,126.8083264
경기도,부천시 소사구,빛솔어린이집,경기도 부천시 소사구 범안로 180 일루미스테이트 406동 102호,37.46642725,126.8079744
경기도,부천시 소사구,일루미꿈빛어린이집,경기도 부천시 소사구 범안로 180 404동 104호,37.46642725,126.8079744
경기도,부천시 소사구,햇빛어린이집,"경기도 부천시 소사구 경인로134번길 16 101동 101호 (송내동, 부천 우방 유쉘아파트)",37.4835476,126.7693007
경기도,부천시 소사구,소사큰나무어린이집,경기도 부천시 소사구 호현로489번가길 29 (소사본동),37.47994601,126.7921724
경기도,부천시 소사구,해님달님어린이집,경기도 부천시 소사구 호현로387번길 7 (소사본동),37.47243179,126.7921789
경기도,부천시 소사구,기쁨어린이집,"경기도 부천시 소사구 소안로 20 105동 108호 (괴안동, 삼익세라믹아파트)",37.47630592,126.8026223
경기도,부천시 소사구,다니엘어린이집,경기도 부천시 소사구 경인로9번나길 21 (송내동),37.48508184,126.7576948
경기도,부천시 소사구,소사소망어린이집,경기도 부천시 소사구 경인로392번가길 15 (소사본동),37.4808752,126.7999934
경기도,부천시 소사구,현대해와달어린이집,"경기도 부천시 소사구 범안로96번길 23 408동 101호 (범박동, 부천범박힐스테이트4단지아파트)",37.47274706,126.8083331
경기도,부천시 소사구,이레몬테소리어린이집,"경기도 부천시 소사구 범안로 81 관리동(범박동, 부천범박힐스테이트1단지)",37.47526022,126.808872
경기도,부천시 소사구,현대어린이집,"경기도 부천시 소사구 범안로96번길 23 관리동 (범박동, 부천범박힐스테이트4단지아파트)",37.47274706,126.8083331
경기도,부천시 소사구,초록별어린이집,"경기도 부천시 소사구 범안로 81 111동 105호 (범박동, 부천범박힐스테이트1단지)",37.47526022,126.808872
경기도,부천시 소사구,현대몬테소리어린이집,"경기도 부천시 소사구 은성로 172-17 608동 102호 (범박동, 부천범박힐스테이트 6단지)",37.4688355,126.8062827
경기도,부천시 소사구,사랑어린이집,"경기도 부천시 소사구 범안로96번길 23 410동 104호 (범박동, 부천범박힐스테이트4단지아파트)",37.47274706,126.8083331
경기도,부천시 소사구,키즈맘어린이집,"경기도 부천시 소사구 안곡로 4 202동 103호(괴안동, 삼익아파트)",37.4769288,126.8025742
경기도,부천시 소사구,꼬마어린이집,"경기도 부천시 소사구 부광로30번길 14 104호(괴안동,남향아파트)",37.48217928,126.8131778
경기도,부천시 소사구,또래어린이집,"경기도 부천시 소사구 범안로 130-27 501동 101호 (범박동, 부천범박힐스테이트5단지아파트)",37.46991833,126.8083264
경기도,부천시 소사구,자연의아이들탐구몬테소리어린이집,경기도 부천시 소사구 성주로 248 (심곡본동),37.48044908,126.7819957
경기도,부천시 소사구,아가소리어린이집,경기도 부천시 소사구 소사로125번가길 7-7 (소사본동),37.46984829,126.7951004
경기도,부천시 소사구,예뜰어린이집,"경기도 부천시 소사구 소안로 20 관리동 (괴안동, 삼익세라믹아파트)",37.47630592,126.8026223
경기도,부천시 소사구,언덕위에늘푸른어린이집,경기도 부천시 소사구 은성로6번길 17 (소사본동),37.4745094,126.7916508
경기도,부천시 소사구,오키어린이집,"경기도 부천시 소사구 소사로102번길 67 108동 106호(소사본동, 소사주공1단지아파트)",37.46929657,126.8013079
경기도,부천시 소사구,꼬마숲로이어린이집,경기도 부천시 소사구 경인로137번나길 2 (송내동),37.48494431,126.7710036
경기도,부천시 소사구,ABC몬테소리어린이집,"경기도 부천시 소사구 소사로78번길 42 관리동 (소사본동, 풍림아파트)",37.46453005,126.8020033
경기도,부천시 소사구,SK아름드리어린이집,"경기도 부천시 소사구 소삼로 62 108동 102호 (소사본동, 소사에스케이뷰아파트)",37.47681941,126.8010134
경기도,부천시 소사구,우리두리어린이집,경기도 부천시 소사구 소사로170번길 53 (소사본동),37.47343691,126.7984982
경기도,부천시 소사구,기쁜소리어린이집,"경기도 부천시 소사구 소사로170번길 81 102동 103호 (소사본동, 한신아파트)",37.47487009,126.8011267
경기도,부천시 소사구,꿈꾸는어린이집,경기도 부천시 소사구 성주로23번길 21-13 (송내동),37.48225137,126.7609402
경기도,부천시 소사구,해나라어린이집,"경기도 부천시 소사구 소사로102번길 47 101동 104호(소사본동,소사청구아파트)",37.46912643,126.8004335
경기도,부천시 소사구,초원어린이집,"경기도 부천시 소사구 안곡로149번길 16 108호 (괴안동, 초원아파트)",37.48271815,126.8170791
경기도,부천시 소사구,산어린이집,경기도 부천시 소사구 성주로80번길 16 (송내동),37.47926102,126.7646219
경기도,부천시 소사구,소사대장어린이집,경기도 부천시 소사구 소사로78번길 85 (소사본동),37.46804477,126.8011301
경기도,부천시 소사구,I-즐거운어린이집,"경기도 부천시 소사구 범안로21번길 39 2동 102호 (괴안동, 아주아파트)",37.48003491,126.8098118
경기도,부천시 소사구,아이월드어린이집,경기도 부천시 소사구 마니로 4 (송내동),37.47887675,126.7729173
경기도,부천시 소사구,라온제나어린이집,"경기도 부천시 소사구 양지남로68번길 25 212동 102호 (범박동, 범박휴먼시아)",37.46746502,126.8141092
경기도,부천시 소사구,성지어린이집,"경기도 부천시 소사구 소사로148번길 75-3 1층 (소사본동, 성지교회)",37.47175251,126.7996859
경기도,부천시 소사구,꿈이가득한어린이집,"경기도 부천시 소사구 범안로45번길 34 102호 (괴안동, 남양클레버아파트)",37.47739917,126.8091797
경기도,부천시 소사구,새별나라어린이집,경기도 부천시 소사구 송내대로30번길 84-7 (송내동),37.48563875,126.7581776
경기도,부천시 소사구,새그림나라예능어린이집,경기도 부천시 소사구 은성로68번길 76 (소사본동),37.47184773,126.7981933
경기도,부천시 소사구,아이꿈어린이집,경기도 부천시 소사구 경인로120번길 96 (송내동),37.47986419,126.7685659
경기도,부천시 소사구,행복나무어린이집,경기도 부천시 소사구 성주로 106 (송내동),37.47951903,126.7681153
경기도,부천시 소사구,딸기어린이집,"경기도 부천시 소사구 소사동로72번길 32 403동 105호 (소사본동, 소사주공뜨란채4단지아파트)",37.47229812,126.8027672
경기도,부천시 소사구,행복이가득한어린이집,경기도 부천시 소사구 심곡로 23 (심곡본동),37.48181465,126.7759756
경기도,부천시 소사구,또래또몬테소리어린이집,경기도 부천시 소사구 경인로484번길 112 (괴안동),37.47885695,126.8120726
경기도,부천시 소사구,삼일어린이집,경기도 부천시 소사구 성주로212번길 6 1층 (심곡본동),37.47797384,126.7797146
경기도,부천시 소사구,소사아이사랑어린이집,"경기도 부천시 소사구 경인로134번길 72 104동 102호 (송내동, 송내대우아파트)",37.48046594,126.7692387
경기도,부천시 소사구,아이조은어린이집,"경기도 부천시 소사구 범안로95번길 32 관리동 (범박동, 부천범박힐스테이트3단지아파트)",37.47336018,126.8112881
경기도,부천시 소사구,탑몬테소리어린이집,경기도 부천시 소사구 성주로214번길 12 (심곡본동),37.47769623,126.7801952
경기도,부천시 소사구,예솔나무어린이집,경기도 부천시 소사구 경인로120번길 18 (송내동),37.48330064,126.7682949
경기도,부천시 소사구,소사꾸러기어린이집,경기도 부천시 소사구 호현로433번길 16 (소사본동),37.47644954,126.7915491
경기도,부천시 소사구,샘솔어린이집,경기도 부천시 소사구 심곡로67번길 73 (심곡본동),37.47732339,126.7789401
경기도,부천시 소사구,아남어린이집,"경기도 부천시 소사구 심곡로 83 108호 (심곡본동,아남아파트)",37.47668162,126.7756978
경기도,부천시 소사구,아이맘어린이집,"경기도 부천시 소사구 성주로 86-4 102동 107호(송내동, 현대고층아파트)",37.47878822,126.7643297
경기도,부천시 소사구,현대아이스쿨어린이집,"경기도 부천시 소사구 은성로 172-17 관리동 (범박동, 부천범박힐스테이트 6단지)",37.4688355,126.8062827
경기도,부천시 소사구,예쁜삼성어린이집,경기도 부천시 소사구 경인로234번길 37 (심곡본동),37.4814559,126.7814284
경기도,부천시 소사구,아름드리어린이집,"경기도 부천시 소사구 중동로71번길 39 107동103호(송내동, 뉴서울아파트)",37.48597585,126.7629505
경기도,부천시 소사구,뜨란채어린이집,"경기도 부천시 소사구 소사동로72번길 32 관리동 (소사본동, 소사주공뜨란채4단지아파트)",37.47229812,126.8027672
경기도,부천시 소사구,정연몬테소리어린이집,"경기도 부천시 소사구 중동로71번길 39 104동 104호 (송내동, 뉴서울아파트)",37.48597585,126.7629505
경기도,부천시 소사구,평강어린이집,경기도 부천시 소사구 은성로67번길 29 (소사본동),37.47651811,126.7981961
경기도,부천시 소사구,엄마랑어린이집,"경기도 부천시 소사구 안곡로 22 13동 101호 (괴안동, 역곡조공2차아파트)",37.47877314,126.804565
경기도,부천시 소사구,아름솔어린이집,"경기도 부천시 소사구 중동로 64 105동 101호(송내동, 중동역푸르지오아파트)",37.48534419,126.7656318
경기도,부천시 소사구,꼬마사랑어린이집,"경기도 부천시 소사구 경인로29번길 32 8동 107호 (송내동, 우성아파트)",37.48452082,126.7599636
경기도,부천시 소사구,사랑샘어린이집,경기도 부천시 소사구 호현로433번길 14 (소사본동),37.47648968,126.7916786
경기도,부천시 소사구,늘사랑소사어린이집,"경기도 부천시 소사구 소안로 20 107동 106호(괴안동, 삼익세라믹아파트)",37.47630592,126.8026223
경기도,부천시 소사구,푸르지오예꿈어린이집,"경기도 부천시 소사구 경인로117번길 27 206동 101호(송내동, 부천중동역푸르지오2차아파트)",37.48571117,126.7665866
경기도,부천시 소사구,예일어린이집,"경기도 부천시 소사구 경인로117번길 27 202동 104호 (송내동, 부천중동역2차푸르지오A단지)",37.48571117,126.7665866
경기도,부천시 소사구,자연어린이집,"경기도 부천시 소사구 경인로117번길 27 관리동(송내동,중동역2차푸르지오)",37.48571117,126.7665866
경기도,부천시 소사구,송내사과나무어린이집,"경기도 부천시 소사구 경인로26번길 22 관리동 (송내동, 송내 자이)",37.48275218,126.756982
경기도,부천시 소사구,빛나는어린이집,"경기도 부천시 소사구 양지남로68번길 25 관리동 (범박동, 범박휴먼시아)",37.46746502,126.8141092
경기도,부천시 소사구,천사들의꿈터어린이집,"경기도 부천시 소사구 양지남로68번길 25 210동103호(범박동,휴먼시아2단지)",37.46746502,126.8141092
경기도,부천시 소사구,예뜨란어린이집,"경기도 부천시 소사구 은성로67번길 12 104동101호(소사본동,소새울KCC스위첸)",37.47550491,126.7988191
경기도,부천시 소사구,늘푸른예진어린이집,경기도 부천시 소사구 안곡로 7 1층 일부 (괴안동),37.47902819,126.8031413
경기도,부천시 소사구,소사좋은나무어린이집,"경기도 부천시 소사구 소삼로 47 관리동 1층 (소사본동, 부천소사역푸르지오)",37.47982147,126.7973508
경기도,부천시 오정구,자연아이어린이집,"경기도 부천시 오정구 오정로251번길 39 105동 104호 (오정동, 오정생활휴먼시아1단지아파트)",37.53013722,126.7813829
경기도,부천시 오정구,부천오정경찰서어린이집,경기도 부천시 오정구 소사로 631 (여월동),37.51457556,126.8004586
경기도,부천시 오정구,한사랑어린이집,"경기도 부천시 오정구 역곡로496번길 37 다동 102호 (고강동, 명성빌라)",37.52875502,126.819054
경기도,부천시 오정구,금빛어린이집,경기도 부천시 오정구 고리울로 86-12 (고강동),37.52631287,126.8255899
경기도,부천시 오정구,경희키즈스쿨어린이집,경기도 부천시 오정구 소사로793번길 41 (원종동),37.52605528,126.802802
경기도,부천시 오정구,예닮어린이집,경기도 부천시 오정구 까치로124번길 47-4 (원종동),37.51744602,126.807934
경기도,부천시 오정구,오정꾸러기어린이집,"경기도 부천시 오정구 삼작로302번길 21-12 101호 (여월동, 다성아트빌라2차)",37.51909492,126.7957318
경기도,부천시 오정구,세상의 중심 가온어린이집,경기도 부천시 오정구 성곡로 63 (여월동),37.51908565,126.7978849
경기도,부천시 오정구,성림어린이집,"경기도 부천시 오정구 성곡로98번길 42 성곡동, 아남아파트 103호",37.52088887,126.7979633
경기도,부천시 오정구,아기별어린이집,"경기도 부천시 오정구 원종로107번길 14-11 102동 104호(고강동, 동광모닝스카이)",37.52514934,126.8131196
경기도,부천시 오정구,예다움어린이집,경기도 부천시 오정구 고강로98번길 28 1층 (고강동),37.529044,126.815063
경기도,부천시 오정구,꽃비어린이집,"경기도 부천시 오정구 고리울로16번길 4 3동 102호(고강동, 부영빌라)",37.52742981,126.8175833
경기도,부천시 오정구,원종예쁜어린이집,"경기도 부천시 오정구 삼작로424번길 5 2동 101호(오정동, 롯데아파트)",37.51975212,126.8091511
경기도,부천시 오정구,어깨동무어린이집,경기도 부천시 오정구 까치로95번길 14-16 (작동),37.51536043,126.8053778
경기도,부천시 오정구,크레아트스쿨어린이집,경기도 부천시 오정구 고강로56번길 35 (원종동),37.52844548,126.81058
경기도,부천시 오정구,붕붕어린이집,경기도 부천시 오정구 성지로42번길 9-4 (고강동),37.52292571,126.8118391
경기도,부천시 오정구,오정행복한아이어린이집,경기도 부천시 오정구 수주로 21 (고강동),37.52547274,126.8249612
경기도,부천시 오정구,한빛어린이집,경기도 부천시 오정구 삼작로 363 (원종동),37.52004682,126.8022361
경기도,부천시 오정구,맑은샘어린이집,경기도 부천시 오정구 신흥로365번길 21 (내동),37.51618915,126.7741348
경기도,부천시 오정구,동화나라어린이집,경기도 부천시 오정구 원종로24번길 33 (원종동),37.52249145,126.8027978
경기도,부천시 오정구,지혜어린이집,경기도 부천시 오정구 성오로102번길 34 (원종동),37.52267027,126.8024546
경기도,부천시 오정구,온빛가득어린이집,경기도 부천시 오정구 성곡로33번길 30 (여월동),37.51768362,126.7993232
경기도,부천시 오정구,진솔 kids school 어린이집,경기도 부천시 오정구 부천로476번길 91 (오정동),37.52701217,126.7876436
경기도,부천시 오정구,신화어린이집,"경기도 부천시 오정구 소사로 855 102동106호(원종동,세창짜임)",37.5324498,126.8056998
경기도,부천시 오정구,오정중앙어린이집,경기도 부천시 오정구 소사로775번길 62 (원종동),37.52543808,126.8013985
경기도,부천시 오정구,동문어린이집,"경기도 부천시 오정구 상오정로182번길 21 502동 101호 (원종동, 5차 동문아파트)",37.52900127,126.7987355
경기도,부천시 오정구,오정색동어린이집,"경기도 부천시 오정구 역곡로496번길 37 다동, 101호(고강동, 명성빌라)",37.52875502,126.819054
경기도,부천시 오정구,튼튼 어린이집,"경기도 부천시 오정구 성오로149번길 77-15 102동 101호 (원종동, 용상아파트)",37.52337019,126.7984183
경기도,부천시 오정구,해바라기어린이집,경기도 부천시 오정구 삼작로423번길 13 (원종동),37.52035028,126.8084193
경기도,부천시 오정구,빛나어린이집,"경기도 부천시 오정구 원종로107번길 14-11 101동 101호 (고강동, 동광모닝스카이아파트1)",37.52514934,126.8131196
경기도,부천시 오정구,하늘산어린이집,경기도 부천시 오정구 삼작로108번길 16 나동 1층 일부 (내동),37.5191945,126.7729936
경기도,부천시 오정구,오정열매어린이집,"경기도 부천시 오정구 오정로252번길 41 204동 104호(오정동, 세종아파트)",37.52951015,126.7884254
경기도,부천시 오정구,즐거운상아어린이집,경기도 부천시 오정구 삼작로74번길 50 (삼정동),37.51797367,126.7691931
경기도,부천시 오정구,누리어린이집,경기도 부천시 오정구 삼작로423번길 17 (원종동),37.52069261,126.8086656
경기도,부천시 오정구,오정샛별어린이집,"경기도 부천시 오정구 오정로 289 302동 관리동 1층 (오정동, 오정생활휴먼시아3단지아파트)",37.5333733,126.7874828
경기도,부천시 오정구,노블키즈어린이집,"경기도 부천시 오정구 오정로251번길 39 106동 1층 관리동 (오정동, 오정생활휴먼시아1단지아파트)",37.53013722,126.7813829
경기도,부천시 오정구,아이마을 어린이집,"경기도 부천시 오정구 오정로 253 관리동 (오정동, 오정생활휴먼시아2단지아파트)",37.53161635,126.7881879
경기도,부천시 오정구,아기곰어린이집,"경기도 부천시 오정구 오정로 253 201동 102호 (오정동, 오정생활휴먼시아2단지아파트)",37.53161635,126.7881879
경기도,부천시 오정구,어울림어린이집,"경기도 부천시 오정구 소사로819번길 33 105동 101호 (원종동, 금호 어울림)",37.52938615,126.8023491
경기도,부천시 오정구,오정아이맘어린이집,"경기도 부천시 오정구 상오정로108번길 12 103호 (오정동, 서문아파트)",37.52334873,126.7959402
경기도,부천시 오정구,지원어린이집,경기도 부천시 오정구 상오정로7번길 44 (오정동),37.52625301,126.7846203
경기도,부천시 오정구,예림어린이집,경기도 부천시 오정구 오정로244번길 44 (오정동),37.52788937,126.7874376
경기도,부천시 오정구,예람어린이집,"경기도 부천시 오정구 원종로 118 가동 106호(고강동, 부강1차아파트)",37.52377377,126.8130542
경기도,부천시 오정구,솔지혜어린이집,"경기도 부천시 오정구 원종로 29 나동 103호(원종동, 중앙아파트)",37.52439684,126.8029275
경기도,부천시 오정구,꿈예쁜I어린이집,"경기도 부천시 오정구 원종로119번길 66 101동 106호 (고강동, 청광플러스원)",37.52729879,126.8139348
경기도,부천시 오정구,오정키즈어린이집,경기도 부천시 오정구 원종로9번길 44 (원종동),37.52603189,126.8012644
경기도,부천시 오정구,오정천사어린이집,경기도 부천시 오정구 원종로120번길 26 1층 (고강동),37.52296625,126.8133717
경기도,부천시 오정구,꿈빛어린이집,"경기도 부천시 오정구 길주로573번길 37 309동 103호(여월동, 여월휴먼시아3단지아파트)",37.50981473,126.80422
경기도,부천시 오정구,아이천국어린이집,"경기도 부천시 오정구 소사로742번길 39 104동 101호(원종동, 정든마을)",37.52234213,126.8079238
경기도,부천시 오정구,자연휴먼시아어린이집,"경기도 부천시 오정구 여월로 27 주민복지관2 1층 (여월동, 여월휴먼시아5단지아파트)",37.51093563,126.801388
경기도,부천시 오정구,금호어울림 몬테소리 어린이집,"경기도 부천시 오정구 소사로819번길 33 주민복지동 1층 (원종동, 원종동 금호 어울림)",37.52938615,126.8023491
경기도,고양시 덕양구,신임마누엘어린이집,경기도 고양시 덕양구 혜음로13번길 34 (고양동),37.70206633,126.8996537
경기도,고양시 덕양구,새싹소만어린이집,"경기도 고양시 덕양구 충경로 135 1001동 101호(행신동, 소만마을동성10단지아파트)",37.61592849,126.8440981
경기도,고양시 덕양구,예품어린이집,"경기도 고양시 덕양구 호국로742번길 53 802동 101호(성사동, 어울림마을)",37.65428572,126.8359029
경기도,고양시 덕양구,예솜키즈어린이집,"경기도 고양시 덕양구 화중로 205 3층 (화정동,화수빌딩)",37.64531593,126.8337408
경기도,고양시 덕양구,해처럼어린이집,"경기도 고양시 덕양구 화수로 22 308동 101호(화정동, 달빛마을신안3단지아파트)",37.64300711,126.8328093
경기도,고양시 덕양구,샘솟는어린이집,"경기도 고양시 덕양구 화중로 219 112동 104호(화정동, 달빛마을경남1단지아파트)",37.64778836,126.8328794
경기도,고양시 덕양구,해든어린이집,"경기도 고양시 덕양구 화신로 291 관리사무소2층(화정동, 별빛마을10단지)",37.63085479,126.8292081
경기도,고양시 덕양구,늘사랑어린이집,"경기도 고양시 덕양구 충장로123번길 26 관리동 1층(행신동, 샘터마을3단지아파트)",37.62539803,126.8317582
경기도,고양시 덕양구,화정프뢰벨어린이집,경기도 고양시 덕양구 화신로 234 백양빌딩 2층 202호 (화정동),37.63053071,126.8353551
경기도,고양시 덕양구,엄마마음어린이집,"경기도 고양시 덕양구 백양로 27 (화정동,옥빛마을14단지아파트 내 보육시설)",37.62856818,126.8328534
경기도,고양시 덕양구,피앤피어린이집,"경기도 고양시 덕양구 능곡로13번길 16 204동 104호(토당동, 능곡현대홈타운2차아파트)",37.62194399,126.8207258
경기도,고양시 덕양구,은진어린이집,경기도 고양시 덕양구 충경로 151 소만마을 1단지 내 은진어린이집,37.6170162,126.8456988
경기도,고양시 덕양구,비키어린이집,"경기도 고양시 덕양구 호국로742번길 53 804동 106호(성사동, 신원당마을삼보8단지아파트)",37.65428572,126.8359029
경기도,고양시 덕양구,성원어린이집,경기도 고양시 덕양구 소만로 19 소만마을6단지 내 관리소 1층 (행신동),37.61477462,126.841009
경기도,고양시 덕양구,키즈랜드어린이집,"경기도 고양시 덕양구 용현로 10 506동 102호(행신동, 무원마을5단지아파트)",37.61396433,126.8364376
경기도,고양시 덕양구,꼬마루소 어린이집,"경기도 고양시 덕양구 무원로 63 1001동 102호(행신동, 무원마을서광10단지아파트)",37.61844176,126.82998
경기도,고양시 덕양구,즐거운어린이집,경기도 고양시 덕양구 소만로 49 소만마을8단지아파트 단지내(행신동),37.61699356,126.8409327
경기도,고양시 덕양구,햇빛솔비어린이집,"경기도 고양시 덕양구 중앙로558번길 57 (행신동,햇빛마을18단지아파트 내 보육시설)",37.62610976,126.8375046
경기도,고양시 덕양구,아이랑어린이집,"경기도 고양시 덕양구 성신로 99 관리소 내(행신동, 햇빛마을19단지)",37.62805538,126.8403
경기도,고양시 덕양구,꼬꼬마어린이집,"경기도 고양시 덕양구 중앙로558번길 57 1821동 102호(행신동, 햇빛마을주공18단지아파트)",37.62610976,126.8375046
경기도,고양시 덕양구,키즈월드어린이집,"경기도 고양시 덕양구 화신로 102 2411동 102호(행신동, 햇빛마을일신건영24단지아파트)",37.62167462,126.8406545
경기도,고양시 덕양구,한솔어린이집,경기도 고양시 덕양구 행신로 192 예수인 COMPLEX CENTER 1층 (행신동),37.61815276,126.8362463
경기도,고양시 덕양구,도담영아어린이집,"경기도 고양시 덕양구 화신로 105 2315동 102호(행신동, 햇빛마을23단지아파트)",37.62269983,126.8384466
경기도,고양시 덕양구,쑥쑥어린이집,"경기도 고양시 덕양구 중앙로558번길 57 1824동 103호(행신동, 햇빛마을주공18단지아파트)",37.62610976,126.8375046
경기도,고양시 덕양구,키움어린이집,경기도 고양시 덕양구 소만로 48 소만마을9단지내단독,37.61751936,126.8421937
경기도,고양시 덕양구,별빛예성어린이집,경기도 고양시 덕양구 화신로 319 문정교육센터 1층 (화정동),37.63265125,126.8262949
경기도,고양시 덕양구,꿈을키우는어린이집,"경기도 고양시 덕양구 마상로57번길 54 102동 105호(주교동, 벽산)",37.6642896,126.8319551
경기도,고양시 덕양구,좋은열매어린이집,"경기도 고양시 덕양구 통일로802번길 69 관리동1층(관산동, 주공그린빌아파트)",37.69137082,126.865438
경기도,고양시 덕양구,화정밤비니어린이집,"경기도 고양시 덕양구 화신로 291 1001동 101호(화정동, 별빛마을건영10단지아파트)",37.63085479,126.8292081
경기도,고양시 덕양구,햇빛자연발도르프어린이집,"경기도 고양시 덕양구 중앙로558번길 57 1822동 103호(행신동, 햇빛마을주공18단지아파트)",37.62610976,126.8375046
경기도,고양시 덕양구,보람어린이집,경기도 고양시 덕양구 마상로107번길 14 (주교동),37.66134955,126.8359396
경기도,고양시 덕양구,공동육아도토리어린이집,경기도 고양시 덕양구 고양대로1432번길 182 ,37.65201357,126.8445821
경기도,고양시 덕양구,삼송한울어린이집,경기도 고양시 덕양구 삼송로139번길 12 (삼송동),37.65321148,126.8893722
경기도,고양시 덕양구,예원어린이집,경기도 고양시 덕양구 중앙로152번길 27-10 ,37.60300417,126.871292
경기도,고양시 덕양구,예일어린이집,경기도 고양시 덕양구 통일로780번길 47 (관산동),37.69015463,126.8643697
경기도,고양시 덕양구,새싹어린이집,경기도 고양시 덕양구 지도로 39 (토당동),37.62065025,126.8243135
경기도,고양시 덕양구,고양시립화전어린이집,경기도 고양시 덕양구 화랑로 1-1 ,37.59946894,126.8727723
경기도,고양시 덕양구,에벤에셀어린이집,경기도 고양시 덕양구 토당로104번길 19-20 ,37.62485848,126.8185941
경기도,고양시 덕양구,다올어린이집,"경기도 고양시 덕양구 토당로 93 101동 104호(토당동, 한강한라비발디아파트)",37.62327226,126.8174032
경기도,고양시 덕양구,근로복지공단고양어린이집,경기도 고양시 덕양구 중앙로468번길 85 (행신동),37.62263481,126.8447834
경기도,고양시 덕양구,고양시립원당어린이집,경기도 고양시 덕양구 호국로716번길 13-11 ,37.65158156,126.8328612
경기도,고양시 덕양구,능곡자연어린이집,경기도 고양시 덕양구 토당로104번길 48-19 ,37.62368827,126.8196453
경기도,고양시 덕양구,키즈브레인어린이집,"경기도 고양시 덕양구 능곡로 30-12 105동 1층(토당동, 현대홈타운1차아파트)",37.6221085,126.8222682
경기도,고양시 덕양구,해달별어린이집,경기도 고양시 덕양구 강매로 229 (강매동),37.60784788,126.8435471
경기도,고양시 덕양구,덕양구청직장어린이집,경기도 고양시 덕양구 은빛로 78 (화정동),37.63711758,126.8364903
경기도,고양시 덕양구,샘터마루어린이집,"경기도 고양시 덕양구 충장로 118-30 209동 108호(행신동, 샘터마을주공2단지아파트)",37.62027467,126.8359195
경기도,고양시 덕양구,삼신키즈 어린이집,"경기도 고양시 덕양구 소원로181번길 15 501동 106호(행신동, 소만마을삼신5단지아파트)",37.61425334,126.8427134
경기도,고양시 덕양구,도깨비어린이집,경기도 고양시 덕양구 고양대로1730번길 77-62 (원흥동),37.64331999,126.8711276
경기도,고양시 덕양구,고양시립화정어린이집,경기도 고양시 덕양구 화중로 20 (화정동),37.62872115,126.8304426
경기도,고양시 덕양구,안데르센어린이집,"경기도 고양시 덕양구 백양로 108 1110동 105호(화정동, 은빛마을부영11단지아파트)",37.63536553,126.8347437
경기도,고양시 덕양구,달빛영아어린이집,"경기도 고양시 덕양구 화중로 222 205동 106호(화정동, 달빛마을2단지아파트)",37.64783353,126.835529
경기도,고양시 덕양구,나무를키우는햇살어린이집,경기도 고양시 덕양구 대주로 125-9 ,37.63743704,126.8133374
경기도,고양시 덕양구,꿈의정원어린이집,"경기도 고양시 덕양구 토당로32번길 11 (토당동 , 능곡대림아파트)",37.61943961,126.821801
경기도,고양시 덕양구,무원작은별어린이집,"경기도 고양시 덕양구 화신로 45 106동 107호(행신동, 무원마을부영1단지아파트)",37.61693747,126.838643
경기도,고양시 덕양구,고양시청 직장어린이집,경기도 고양시 덕양구 원당로59번길 50-16 ,37.65992274,126.8328506
경기도,고양시 덕양구,고양시립능곡아이어린이집,경기도 고양시 덕양구 토당로 83 (토당동),37.62269237,126.8180323
경기도,고양시 덕양구,아이보리어린이집,"경기도 고양시 덕양구 충장로152번길 39 2017동 101호(행신동, 햇빛마을주공20단지아파트)",37.62483033,126.838472
경기도,고양시 덕양구,고양시립고양어린이집,경기도 고양시 덕양구 혜음로 19-11 ,37.70251731,126.9011967
경기도,고양시 덕양구,무원포도나무어린이집,"경기도 고양시 덕양구 화신로 47 101동 107호(행신동, 무원마을부영1단지아파트)",37.6172558,126.8383178
경기도,고양시 덕양구,고양시립푸른숲어린이집,경기도 고양시 덕양구 푸른마을로 55 경기 고양시 덕양구 푸른마을로 55,37.71227085,126.9054284
경기도,고양시 덕양구,고양시립덕양어린이집,경기도 고양시 덕양구 어울림로 49 (화정동),37.64844456,126.8366845
경기도,고양시 덕양구,꿈별어린이집,"경기도 고양시 덕양구 화신로 233 1506동 103호(화정동, 옥빛마을주공15단지아파트)",37.62865567,126.8357426
경기도,고양시 덕양구,아이꿈어린이집,경기도 고양시 덕양구 혜음로13번길 20 1층(고양동),37.70200137,126.9006121
경기도,고양시 덕양구,시립신정어린이집,"경기도 고양시 덕양구 서정마을로 25 202동(행신동, 서정마을주공휴먼시아2단지아파트)",37.61904089,126.8486828
경기도,고양시 덕양구,시립다정어린이집,"경기도 고양시 덕양구 소원로 267 314동(행신동, 서정마을주공휴먼시아3단지아파트)",37.61535896,126.851061
경기도,고양시 덕양구,서정푸른숲어린이집,"경기도 고양시 덕양구 서정마을로 46 409동 1층(행신동, 서정마을주공휴먼시아4단지아파트)",37.62228039,126.8526742
경기도,고양시 덕양구,고양시립서정어린이집,"경기도 고양시 덕양구 서정마을2로 2 111동 1층(행신동, 서정마을주공휴먼시아1단지아파트)",37.62079097,126.8456942
경기도,고양시 덕양구,하늘별어린이집,"경기도 고양시 덕양구 충경로 156 502동 101호(행신동, 서정마을5단지아파트)",37.61662518,126.8469549
경기도,고양시 덕양구,고양시립관산어린이집,경기도 고양시 덕양구 통일로742번길 28 관산동 복지회관,37.68868893,126.8685114
경기도,고양시 덕양구,시립가장어린이집,경기도 고양시 덕양구 동헌로9번길 21 (관산동),37.70556717,126.859605
경기도,고양시 덕양구,새빛어린이집,경기도 고양시 덕양구 통일로802번길 82 (관산동),37.69106906,126.8656566
경기도,고양시 덕양구,별생각어린이집,경기도 고양시 덕양구 보광로50번길 33 ,37.7192512,126.9062967
경기도,고양시 덕양구,은빛사랑어린이집,"경기도 고양시 덕양구 백양로 126 1108동 107호(화정동, 은빛마을부영11단지아파트)",37.63668418,126.835305
경기도,고양시 덕양구,고양시립햇빛어린이집,경기도 고양시 덕양구 성신로 77 (행신동),37.62736421,126.8377095
경기도,고양시 덕양구,아기숲어린이집,"경기도 고양시 덕양구 푸른마을로 52 406동 102호(고양동, 푸른마을)",37.71213803,126.9059697
경기도,고양시 덕양구,신화속어린이집,경기도 고양시 덕양구 무원로54번길 7-11 ,37.61816138,126.8326951
경기도,고양시 덕양구,SK사랑어린이집,경기도 고양시 덕양구 행신로143번길 54-8 SK2차아파트 단지 내 (행신동),37.62133278,126.8317575
경기도,고양시 덕양구,성사영아 어린이집,"경기도 고양시 덕양구 호국로 860 214동 101호(성사동, 래미안휴레스트)",37.6612227,126.842222
경기도,고양시 덕양구,밤토리어린이집,"경기도 고양시 덕양구 마상로57번길 114 101동 104호(주교동, 우인아크리움빌)",37.66527846,126.8341419
경기도,고양시 덕양구,삼성보금자리어린이집,"경기도 고양시 덕양구 호국로 860 213동 103호(성사동, 래미안휴레스트아파트)",37.6612227,126.842222
경기도,고양시 덕양구,예쁜아이어린이집,경기도 고양시 덕양구 호국로 860 206동 101호,37.6612227,126.842222
경기도,고양시 덕양구,토마토키즈어린이집,"경기도 고양시 덕양구 호국로 860 207동 104호(성사동, 래미안휴레스트아파트)",37.6612227,126.842222
경기도,고양시 덕양구,꿈의요정어린이집,"경기도 고양시 덕양구 푸른마을로120번길 34 1001동 103호(고양동, 풍림아파트)",37.71533204,126.9030492
경기도,고양시 덕양구,키즈스타어린이집,"경기도 고양시 덕양구 푸른마을로 15 302동 102호(고양동, 푸른마을3단지아파트)",37.70992549,126.9031655
경기도,고양시 덕양구,아이비키즈어린이집,경기도 고양시 덕양구 소원로266번길 2-1 서정마을 3단지 앞 (행신동),37.61435743,126.8515695
경기도,고양시 덕양구,고양시립성사어린이집,경기도 고양시 덕양구 호국로 860 래미안2단지 내 시립성사어린이집,37.6612227,126.842222
경기도,고양시 덕양구,고양시립행신그린어린이집,경기도 고양시 덕양구 용현로 47 (행신동),37.61708332,126.8355553
경기도,고양시 덕양구,네오어린이집,"경기도 고양시 덕양구 호국로 860 220동 101호(성사동, 래미안휴레스트아파트)",37.6612227,126.842222
경기도,고양시 덕양구,미카엘어린이집,"경기도 고양시 덕양구 무원로 1 608동 104호(행신동, 무원마을두산6단지아파트)",37.61302639,126.8321911
경기도,고양시 덕양구,달빛피터팬 어린이집,"경기도 고양시 덕양구 화중로 222 214동 109호(화정동, 달빛마을라이프2단지아파트)",37.64783353,126.835529
경기도,고양시 덕양구,임마누엘몬테소리 어린이집,"경기도 고양시 덕양구 충장로103번길 23 104동 103호(행신동, SK-VIEW아파트)",37.62175884,126.8325032
경기도,고양시 덕양구,고양시립백양어린이집,경기도 고양시 덕양구 성신로 55 (화정동),37.62780292,126.8348014
경기도,고양시 덕양구,SK샛별 어린이집,"경기도 고양시 덕양구 충장로103번길 23 102동 102호(행신동, 행신에스케이뷰1차아파트)",37.62175884,126.8325032
경기도,고양시 덕양구,삼송산새어린이집,경기도 고양시 덕양구 삼송로136번길 60 (삼송동),37.65250322,126.8921046
경기도,고양시 덕양구,웃는아이어린이집,경기도 고양시 덕양구 푸른마을로120번길 34 푸른마을 10단지내 (고양동),37.71533204,126.9030492
경기도,고양시 덕양구,화정영세전문어린이집,"경기도 고양시 덕양구 화신로 291 1012동 105호(화정동, 별빛마을10단지아파트)",37.63085479,126.8292081
경기도,고양시 덕양구,자유산새어린이집,경기도 고양시 덕양구 동헌로 175-11 ,37.70785803,126.8762047
경기도,고양시 덕양구,엄지어린이집,"경기도 고양시 덕양구 화신로 102 2414동 101호(행신동, 햇빛마을일신건영24단지아파트)",37.62167462,126.8406545
경기도,고양시 덕양구,노리아어린이집,"경기도 고양시 덕양구 화신로 311 902동 103호(화정동, 별빛마을벽산9단지아파트)",37.63133332,126.8265607
경기도,고양시 덕양구,쁘띠킨더어린이집,경기도 고양시 덕양구 호국로 859 관리동 1층 (성사동),37.65956482,126.8385673
경기도,고양시 덕양구,라라캐슬어린이집,"경기도 고양시 덕양구 푸른마을로 16 202동 102호(고양동,푸른마을2단지)",37.70939515,126.9041235
경기도,고양시 덕양구,라온누리어린이집,"경기도 고양시 덕양구 호국로 754 701동 105호(성사동, 신원당마을7단지아파트)",37.65454662,126.8347879
경기도,고양시 덕양구,하나린어린이집,"경기도 고양시 덕양구 충장로 118-30 223동 102호(행신동, 샘터마을2단지)",37.62027467,126.8359195
경기도,고양시 덕양구,예쁜꿈을꾸는어린이집,"경기도 고양시 덕양구 토당로 123 207동 104호(토당동, 대림아파트)",37.62590441,126.8168262
경기도,고양시 덕양구,칭찬가득어린이집,"경기도 고양시 덕양구 세솔로 25 2217동 101호(동산동, 동산마을호반베르디움22단지)",37.64631168,126.8888184
경기도,고양시 덕양구,호반아띠숲어린이집,경기도 고양시 덕양구 세솔로 25 단지내 관리동 어린이집,37.64631168,126.8888184
경기도,고양시 덕양구,세솔어린이집,"경기도 고양시 덕양구 세솔로 25 2210동 103호(동산동, 호반베르디움22단지)",37.64631168,126.8888184
경기도,고양시 덕양구,예쁜꿈어린이집,"경기도 고양시 덕양구 신원3로 20 804동 102호(신원동, 신원마을고양삼송아이파크)",37.66821592,126.885078
경기도,고양시 덕양구,숲속삼성어린이집,경기도 고양시 덕양구 푸른마을로 110-8 ,37.7151886,126.9041442
경기도,고양시 덕양구,스마트튼튼어린이집,"경기도 고양시 덕양구 화중로 164 522동 102호(화정동,은빛마을5단지아파트)",37.64169421,126.8342239
경기도,고양시 덕양구,더봄어린이집,"경기도 고양시 덕양구 동세로 125 1506동 101호(원흥동,삼송마을15단지아파트)",37.65135941,126.8821029
경기도,고양시 덕양구,다엘어린이집,경기도 고양시 덕양구 행신로311번길 33 ,37.62298292,126.8444125
경기도,고양시 덕양구,삼송이화어린이집,경기도 고양시 덕양구 세솔로2길 84-10 (삼송동),37.65393592,126.8876161
경기도,고양시 덕양구,효경어린이집,"경기도 고양시 덕양구 동산2로 18 관리동(동산동,동산마을호반베르디움)",37.64611533,126.8853108
경기도,고양시 덕양구,키즈파크어린이집,"경기도 고양시 덕양구 신원3로 20 관리동(신원동, 신원마을고양삼송아이파크)",37.66821592,126.885078
경기도,고양시 덕양구,동원예가어린이집,경기도 고양시 덕양구 세솔로 105 관리동 보육시설,37.65255675,126.8873835
경기도,고양시 덕양구,하늘숲에벤에셀어린이집,경기도 고양시 덕양구 삼송로139번길 43-4 ,37.6546474,126.8893039
경기도,고양시 덕양구,즐거운예향어린이집,경기도 고양시 덕양구 세솔로2길 60-5 ,37.65471436,126.8884632
경기도,고양시 덕양구,베라체어린이집,경기도 고양시 덕양구 권율대로 831 신원마을9단지 호벤베르대움아파트내 관리동,37.66093125,126.884282
경기도,고양시 덕양구,자람동산어린이집,경기도 고양시 덕양구 고양대로2002번길 16-13 (동산동),37.6460419,126.9004957
경기도,고양시 덕양구,숲향기어린이집,경기도 고양시 덕양구 행신로143번길 130 ,37.62436741,126.8290721
경기도,고양시 덕양구,더채움어린이집,경기도 고양시 덕양구 동세로 125 삼송마을15단지 계룡리슈빌,37.65135941,126.8821029
경기도,고양시 덕양구,고양시립장미어린이집,경기도 고양시 덕양구 오금2로 26 신원마을 2단지,37.66491119,126.8921159
경기도,고양시 덕양구,고양시립개나리어린이집,"경기도 고양시 덕양구 오금로 7 (신원동, 신원마을3단지 관리동)",37.66389019,126.8932981
경기도,고양시 덕양구,명지어린이집,경기도 고양시 덕양구 통일로1108번길 169 ,37.71495733,126.853199
경기도,고양시 덕양구,숲속반디어린이집,경기도 고양시 덕양구 삼송로221번길 11 (지축동),37.65428903,126.8992042
경기도,고양시 덕양구,원흥푸르미어린이집,경기도 고양시 덕양구 도래울로 16 LH원흥 도래울6단지 내,37.62731462,126.8675468
경기도,고양시 덕양구,고양시립신원어린이집,경기도 고양시 덕양구 신원2로 24 ,37.66638123,126.886358
경기도,고양시 덕양구,원흥 센트럴파크어린이집,경기도 고양시 덕양구 도래울3로 33 원흥도래을마을4단지내,37.63062779,126.873429
경기도,고양시 덕양구,삼송코코어린이집,경기도 고양시 덕양구 덕수천1로 59 삼송스타클래스 내 보육시설,37.64892924,126.883516
경기도,고양시 덕양구,튼튼영아어린이집,"경기도 고양시 덕양구 도래울로 16 617동 102호(도내동,원흥도래울마을)",37.62731462,126.8675468
경기도,고양시 덕양구,도래울영아어린이집,"경기도 고양시 덕양구 도래울로 16 616동 101호(도내동,원흥도래울마을)",37.62731462,126.8675468
경기도,고양시 덕양구,고양청사푸르미어린이집,"경기도 고양시 덕양구 화중로104번길 50 (화정동,정부고양지방합동청사)",37.63581557,126.8340355
경기도,고양시 덕양구,자연어린이집,경기도 고양시 덕양구 삼송로205번길 32 ,37.65515738,126.8968914
경기도,고양시 덕양구,고양시립솔빛어린이집,경기도 고양시 덕양구 세솔로 149 ,37.65158698,126.8832705
경기도,고양시 덕양구,코레일고양어린이집,경기도 고양시 덕양구 행주로 108-1 (행주내동),37.61044516,126.8551228
경기도,고양시 덕양구,아롱별어린이집,"경기도 고양시 덕양구 백양로 15 1605동 103호(화정동, 옥빛마을)",37.62744665,126.8325473
경기도,고양시 덕양구,밝은빛어린이집,경기도 고양시 덕양구 도래울로 85 원흥도래울마을2단지 내,37.63429684,126.8705781
경기도,고양시 덕양구,행복한꼬마어린이집,"경기도 고양시 덕양구 신원로 35 (신원동,삼송힐스테이트 내)",37.6623266,126.8867909
경기도,고양시 덕양구,고양시립삼송어린이집,경기도 고양시 덕양구 덕수천1로 73 ,37.64888762,126.8848054
경기도,고양시 덕양구,고양시립꽃우물어린이집,경기도 고양시 덕양구 화신로 325 ,37.63301543,126.8262972
경기도,고양시 덕양구,온새미어린이집,경기도 고양시 덕양구 서오릉로663번길 68-17 ,37.63560204,126.8658528
경기도,고양시 덕양구,토토빌어린이집,"경기도 고양시 덕양구 도래울로 85 212동101호(도내동,엘에이치원흥도래울마을2단지)",37.63429684,126.8705781
경기도,고양시 덕양구,아이숲어린이집,"경기도 고양시 덕양구 신원로 55 (신원동,신원마을5단지 우림필유아파트 관리사무실 내)",37.66355127,126.8861913
경기도,고양시 덕양구,고양시립해솔어린이집,경기도 고양시 덕양구 권율대로 726 삼송마을 14단지 내,37.65199822,126.8791808
경기도,고양시 덕양구,서정빅스맘어린이집,"경기도 고양시 덕양구 소원로181번길 20 (행신동,서정마을7단지 내 보육시설)",37.61367378,126.8436988
경기도,고양시 덕양구,고양시립원흥어린이집,경기도 고양시 덕양구 삼원로 102 원흥도래울마을 1단지 내 고양시립원흥어린이집,37.63659664,126.8728527
경기도,고양시 덕양구,글로벌숲어린이집,경기도 고양시 덕양구 서오릉로663번길 34 ,37.63629063,126.8682219
경기도,고양시 덕양구,양지어린이집,"경기도 고양시 덕양구 중앙로64번길 136-2 121동102호(화전동, 양지마을아파트)",37.60380587,126.8737173
경기도,고양시 덕양구,샘터마을어린이집,"경기도 고양시 덕양구 화신로 76 (행신동, 샘터마을1단지아파트 내 보육시설)",37.62009509,126.8393138
경기도,고양시 덕양구,명지병원직장어린이집,경기도 고양시 덕양구 백양로 126 은빛마을11단지 내 어린이집,37.63668418,126.835305
경기도,고양시 덕양구,해나래어린이집,경기도 고양시 덕양구 신도길 17-5 (삼송동),37.65193076,126.8948215
경기도,고양시 덕양구,한밀어린이집,경기도 고양시 덕양구 고양대로1916번길 73-3 (동산동),37.64174417,126.8934357
경기도,고양시 덕양구,달빛키즈어린이집,"경기도 고양시 덕양구 화수로 22 화정동, 달빛마을3단지아파트 내 보육시설",37.64300711,126.8328093
경기도,고양시 덕양구,고양시립큰솔어린이집,경기도 고양시 덕양구 덕수천1로 37 ,37.64814419,126.881053
경기도,고양시 덕양구,아이다움어린이집,"경기도 고양시 덕양구 세솔로 73 (삼송동,삼송2차아이파크)",37.65146618,126.8879377
경기도,고양시 덕양구,한빛어린이집,"경기도 고양시 덕양구 호국로 1172-1 (원신동,한빛아파트)",37.67335901,126.8655922
경기도,고양시 덕양구,해피트리어린이집,"경기도 고양시 덕양구 통일로 374 커뮤니티센터 1층(신원동,신원마을1단지우남퍼스트빌)",37.6692481,126.8886653
경기도,고양시 덕양구,고양시립무궁화어린이집,경기도 고양시 덕양구 신원로 60 공동주택내 고양시립무궁화어린이집,37.66444914,126.8883064
경기도,고양시 덕양구,어린별어린이집,"경기도 고양시 덕양구 도래울3로 33 406동 103호(도내동, 엘에이치원흥도래울마을4단지)",37.63062779,126.873429
경기도,고양시 덕양구,고양시립소나무어린이집,경기도 고양시 덕양구 원흥1로 25 고양시립소나무어린이집,37.65100695,126.8659888
경기도,고양시 덕양구,고양시립행복어린이집,경기도 고양시 덕양구 서정마을2로 13 덕양종합사회복지관 내 1층,37.62138226,126.8471264
경기도,고양시 덕양구,코코빅스맘어린이집,"경기도 고양시 덕양구 도래울로 86 (도내동, 도내울LH3단지)",37.63105818,126.8712607
경기도,고양시 덕양구,파크드림빅스맘어린이집,경기도 고양시 덕양구 동산1로 50 화성파크드림 파디오 관리동,37.64415715,126.8836728
경기도,고양시 덕양구,이케아다기스(고양)어린이집,경기도 고양시 덕양구 권율대로 420 이케아 1층,37.62958898,126.8631238
경기도,고양시 덕양구,양지2어린이집,"경기도 고양시 덕양구 중앙로64번길 136-2 121동 101호(화전동, 양지마을아파트)",37.60380587,126.8737173
경기도,고양시 덕양구,고양시립꿈나무어린이집,경기도 고양시 덕양구 도래울로 17 원흥5단지 호반베르디움,37.62888755,126.8674585
경기도,고양시 덕양구,꿈꾸는어린이집,"경기도 고양시 덕양구 도래울1로 80 705동 101호(도내동, 원흥7단지 고양원흥동일스위트)",37.62670306,126.8708181
경기도,고양시 덕양구,노리숲어린이집,"경기도 고양시 덕양구 도래울1로 80 713동 103호(도내동, 원흥7단지 고양원흥동일스위트)",37.62670306,126.8708181
경기도,고양시 덕양구,고양시립송강어린이집,경기도 고양시 덕양구 신원2로 50 고양시립송강어린이집,37.66594394,126.8854736
경기도,고양시 덕양구,고양시립사랑어린이집,경기도 고양시 덕양구 신원1로 70 ,37.65951056,126.8874233
경기도,고양시 덕양구,고양시립내유어린이집,경기도 고양시 덕양구 유산길 96 ,37.73129387,126.8483916
경기도,고양시 덕양구,고양시립향동어린이집,경기도 고양시 덕양구 향기로 30 향동 DMC리슈빌 아파트 단지 내,37.59374823,126.8879232
경기도,고양시 덕양구,고양시립푸른솔어린이집,경기도 고양시 덕양구 원흥5로 25 ,37.64857501,126.8765568
경기도,고양시 덕양구,고양시립우리누리어린이집,경기도 고양시 덕양구 도래울1로 80 ,37.62670306,126.8708181
경기도,고양시 덕양구,고양시립꽃향기어린이집,경기도 고양시 덕양구 향기2로 22 ,37.59302456,126.8917955
경기도,고양시 덕양구,고양시립누리숲어린이집,경기도 고양시 덕양구 향기로 77 ,37.5974274,126.8923561
경기도,고양시 덕양구,고양시립숲내어린이집,경기도 고양시 덕양구 향기로 25 ,37.59600667,126.8896701
경기도,고양시 덕양구,고양시립송화어린이집,경기도 고양시 덕양구 원흥1로 11 원흥마을12단지 내,37.65027966,126.8646323
경기도,고양시 덕양구,고양시립향기로운어린이집,경기도 고양시 덕양구 향기로 185 ,37.60650878,126.894583
경기도,고양시 덕양구,고양시립늘품어린이집,경기도 고양시 덕양구 향기로 112 ,37.60005436,126.8948804
경기도,고양시 덕양구,고양시립지축어린이집,경기도 고양시 덕양구 오부자로 150 (엘에이치3단지),37.64797407,126.9199232
경기도,고양시 덕양구,향동해링턴어린이집,"경기도 고양시 덕양구 향기로 185 1005동 104호(향동동,DMC해링턴플레이스)",37.60650878,126.894583
경기도,고양시 덕양구,꽃마을어린이집,"경기도 고양시 덕양구 향기로 25 308동 102호(향동동, DMC호반베르디움더포레)",37.59600667,126.8896701
경기도,고양시 덕양구,엘로이어린이집,"경기도 고양시 덕양구 화신로 76 102동 102(행신동,샘터마을1단지아파트)",37.62009509,126.8393138
경기도,고양시 덕양구,엄마무릎어린이집,"경기도 고양시 덕양구 향기로 185 1010동 101호(향동동,DMC해링턴플레이스NHF)",37.60650878,126.894583
경기도,고양시 덕양구,고양시립초록빛어린이집,경기도 고양시 덕양구 지축로 55 지축센트럴프루지오 관리동 내,37.65073177,126.9147286
경기도,고양시 덕양구,고양시립다원어린이집,경기도 고양시 덕양구 향기5로 55 ,37.60771794,126.8964441
경기도,고양시 덕양구,고양시립별하어린이집,경기도 고양시 덕양구 오부자로 15 ,37.65434493,126.9090023
경기도,고양시 덕양구,고양시립새봄어린이집,경기도 고양시 덕양구 오부자로 14 ,37.65176494,126.9114563
경기도,고양시 덕양구,꿈터어린이집,"경기도 고양시 덕양구 향기로 30 109동 102호(향동동, DMC리슈빌더포레스트)",37.59374823,126.8879232
경기도,고양시 덕양구,고양시립청아어린이집,경기도 고양시 덕양구 향동1로 20 ,37.60304817,126.8937812
경기도,고양시 덕양구,나라어린이집,"경기도 고양시 덕양구 오부자로 15 105동 101호(지축동,지축역한림풀에버)",37.65434493,126.9090023
경기도,고양시 덕양구,고양시립하나어린이집,경기도 고양시 덕양구 덕수천1로 14 ,37.64618567,126.8792323
경기도,고양시 덕양구,고양시립은솔어린이집,경기도 고양시 덕양구 푸른마을로 15 ,37.70992549,126.9031655
경기도,고양시 덕양구,기쁨어린이집,경기도 고양시 덕양구 향기로 30 102동 103호,37.59374823,126.8879232
경기도,고양시 덕양구,고양시립라라어린이집,경기도 고양시 덕양구 향기5로 66 ,37.61036157,126.8972079
경기도,고양시 덕양구,고양시립라임어린이집,경기도 고양시 덕양구 향기5로 65 ,37.60793962,126.8954707
경기도,고양시 덕양구,고양시립큰숲어린이집,경기도 고양시 덕양구 오부자로 77 ,37.65336808,126.9177044
경기도,고양시 덕양구,고양시립향지어린이집,경기도 고양시 덕양구 오부자로 43 ,37.65381624,126.9150504
경기도,고양시 덕양구,고양시립다울어린이집,경기도 고양시 덕양구 권율대로 690 원흥동원로얄듀크비스타 단지내,37.65045717,126.8756194
경기도,고양시 덕양구,헤리엇 도담 어린이집,경기도 고양시 덕양구 삼송로 222 현대 헤리엇 아파트 관리동 1층,37.65293382,126.8990463
경기도,고양시 덕양구,고양시립슬기로운어린이집,경기도 고양시 덕양구 지축로 163 ,37.6492511,126.9252452
경기도,고양시 덕양구,MBN샛별어린이집,경기도 고양시 덕양구 동송로 30 MBN 스튜디오 기숙사 102호,37.65024192,126.8973368
경기도,고양시 덕양구,고양시립어울림어린이집,경기도 고양시 덕양구 원흥1로 35 ,37.65219639,126.867874
경기도,고양시 덕양구,고양시립아이솔어린이집,경기도 고양시 덕양구 원흥1로 31 1003동,37.65152375,126.8671005
경기도,고양시 덕양구,고양시립이음어린이집,경기도 고양시 덕양구 지정로 110 ,37.65429398,126.921882
경기도,고양시 덕양구,고양시립덕은어린이집,경기도 고양시 덕양구 대덕산로 70 ,37.58012515,126.8649549
경기도,고양시 덕양구,고양시립꽃구름어린이집,경기도 고양시 덕양구 오부자로 99 ,37.65209871,126.920904
경기도,고양시 덕양구,고양시립한강숲어린이집,경기도 고양시 덕양구 대덕산로 123 ,37.58306401,126.8684653
경기도,고양시 덕양구,덕은한강어린이집,"경기도 고양시 덕양구 대덕산로 147 (덕은동, 고양덕은LH1단지 내)",37.58553848,126.868694
경기도,고양시 덕양구,고양시립한강햇살어린이집,경기도 고양시 덕양구 대덕산로 90 ,37.57969335,126.8681067
경기도,고양시 덕양구,고양시립한강노을어린이집,경기도 고양시 덕양구 대덕산로 20 ,37.58060611,126.8607016
경기도,고양시 덕양구,고양시립놀이숲어린이집,경기도 고양시 덕양구 토당로 140 ,37.62718827,126.8190754
경기도,고양시 덕양구,고양시립덕은하늘어린이집,경기도 고양시 덕양구 대덕산로 31 ,37.58176552,126.8621673
경기도,고양시 덕양구,한강새싹어린이집,"경기도 고양시 덕양구 대덕산로 21 (덕은동, 디엠씨리버포레자이)",37.58090773,126.860068
경기도,고양시 덕양구,고양시립봄빛어린이집,경기도 고양시 덕양구 오금로 40 서한비아티움 단지 내,37.66283683,126.8966101
경기도,고양시 덕양구,키즈레일행신역어린이집,경기도 고양시 덕양구 소원로 114 행신역 내,37.61235842,126.8355371
경기도,고양시 덕양구,고양경찰서어린이집,경기도 고양시 덕양구 화중로 12 ,37.6287047,126.829842
경기도,고양시 덕양구,고양시립꽃피움어린이집,경기도 고양시 덕양구 오부자로 120 ,37.6505338,126.9203719
경기도,고양시 덕양구,아이사랑 어린이집,경기도 고양시 덕양구 오부자로 120 208동 102호,37.6505338,126.9203719
경기도,고양시 덕양구,라움어린이집,경기도 고양시 덕양구 오부자로 120 207동 102호,37.6505338,126.9203719
경기도,고양시 덕양구,위브아이어린이집,경기도 고양시 덕양구 호수로 6 대곡역 두산위브 1단지 아파트 내,37.62512716,126.8151728
경기도,고양시 덕양구,솔숲어린이집,경기도 고양시 덕양구 지정로 60 ,37.65006714,126.9187337
경기도,고양시 덕양구,고양시립지축아이어린이집,경기도 고양시 덕양구 오부자로 55 ,37.65390064,126.9164086
경기도,고양시 덕양구,삼송행복한어린이집,경기도 고양시 덕양구 동송로 23-28 306동 1층,37.64909026,126.8925514
경기도,고양시 덕양구,고양시립이플어린이집,경기도 고양시 덕양구 고양대로1369번길 60 ,37.65649235,126.8386105
경기도,고양시 덕양구,고양삼송중앙어린이집,경기도 고양시 덕양구 동송로 23-50 아이엠삼송 관리동 1층,37.64742757,126.8923385
경기도,고양시 덕양구,한강삼정어린이집,경기도 고양시 덕양구 으뜸로 90 관리동 어린이집,37.57850549,126.8647746
경기도,고양시 덕양구,라피아노어린이집,경기도 고양시 덕양구 오금로 193 삼송라피아노 관리동 어린이집,37.66294446,126.9155759
경기도,고양시 덕양구,고양시립새별어린이집,경기도 고양시 덕양구 고양대로 1415 ,37.65378319,126.841401
경기도,고양시 덕양구,엘사랑어린이집,경기도 고양시 덕양구 화신로 233 옥빛마을15단지 내 관리동 1층,37.62865567,126.8357426
경기도,고양시 일산동구,고양시립저현어린이집,경기도 고양시 일산동구 위시티2로11번길 22-21 ,37.67734126,126.8137087
경기도,고양시 일산동구,동심어린이집,"경기도 고양시 일산동구 강촌로 191 (마두동,백마마을4단지 내)",37.65534263,126.7947355
경기도,고양시 일산동구,안젤라어린이집,경기도 고양시 일산동구 강송로225번길 39 (마두동),37.65744254,126.7792142
경기도,고양시 일산동구,일산동구청 어린이집,경기도 고양시 일산동구 중앙로 1256 일산동구청내,37.65888191,126.774957
경기도,고양시 일산동구,영아전문어린이집,경기도 고양시 일산동구 정발산로196번길 15-1 ,37.6627823,126.7875127
경기도,고양시 일산동구,삼성키즈어린이집,경기도 고양시 일산동구 일산로 241 (마두동),37.6573394,126.7868206
경기도,고양시 일산동구,호크마어린이집,"경기도 고양시 일산동구 일산로 242 604동 104호(마두동, 백마마을6단지아파트)",37.65803315,126.7893791
경기도,고양시 일산동구,백석키즈스쿨어린이집,"경기도 고양시 일산동구 강촌로 192 604동 102호(백석동,백송마을6단지아파트)",37.65445616,126.7949444
경기도,고양시 일산동구,고양시립흰돌복지관어린이집,경기도 고양시 일산동구 장백로 61 YMCA 흰돌복지관 어린이집,37.64305143,126.7856652
경기도,고양시 일산동구,사이좋은24시어린이집,"경기도 고양시 일산동구 일산로 9 505동 102호(백석동, 흰돌마을서안5단지아파트)",37.64055808,126.7843463
경기도,고양시 일산동구,해피아이어린이집,"경기도 고양시 일산동구 백석로 175 707동 103호(백석동, 백송마을임광7단지아파트)",37.65187435,126.7956963
경기도,고양시 일산동구,예솔어린이집,경기도 고양시 일산동구 호수로430번길 37 (백석동),37.64454513,126.7806906
경기도,고양시 일산동구,해맑은어린이집,"경기도 고양시 일산동구 경의로 333 503동 101호(마두동, 백마마을쌍용한성5단지아파트)",37.65947738,126.7917393
경기도,고양시 일산동구,일산예일어린이집,경기도 고양시 일산동구 장백로 88 (백석동),37.64497546,126.7842228
경기도,고양시 일산동구,재롱둥이 어린이집,"경기도 고양시 일산동구 강촌로 114 511동 104호(백석동, 백송마을삼호풍림5단지아파트)",37.65111087,126.7867455
경기도,고양시 일산동구,창의어린이집,경기도 고양시 일산동구 고양대로1080번길 40 (식사동),37.66777864,126.808206
경기도,고양시 일산동구,푸른아이세상어린이집,경기도 고양시 일산동구 성현로482번길 73 (사리현동),37.69541112,126.835557
경기도,고양시 일산동구,아기미소어린이집,경기도 고양시 일산동구 일산로441번길 41-1 ,37.6716885,126.7766528
경기도,고양시 일산동구,밤비니몬테소리 어린이집,경기도 고양시 일산동구 일산로463번길 51-5 ,37.67209657,126.7746266
경기도,고양시 일산동구,엔젤영재어린이집,경기도 고양시 일산동구 일산로427번길 41 (정발산동),37.67211543,126.7771038
경기도,고양시 일산동구,늘사랑숲어린이집,"경기도 고양시 일산동구 탄중로 398 806동 103호(중산동, 중산마을8단지아파트)",37.68794132,126.7814166
경기도,고양시 일산동구,키즈아이파크어린이집,"경기도 고양시 일산동구 중산로 60 203동 101호(중산동,일산2차현대아이파크)",37.67786604,126.7831623
경기도,고양시 일산동구,엘리어린이집,"경기도 고양시 일산동구 노루목로 100 210동 105호(장항동, 호수마을현대2단지아파트)",37.64882661,126.7768565
경기도,고양시 일산동구,고려어린이집,경기도 고양시 일산동구 애니골길 68 (풍동),37.67342895,126.7922996
경기도,고양시 일산동구,고양시립풍동어린이집,경기도 고양시 일산동구 숲속마을1로 38 (풍동),37.66432244,126.7999355
경기도,고양시 일산동구,호수어린이집,"경기도 고양시 일산동구 노루목로 99 (장항동,호수마을5단지 내)",37.64960686,126.7762383
경기도,고양시 일산동구,중산어린이집,경기도 고양시 일산동구 탄중로 343 중산마을5단지 내 관리동,37.69220041,126.7832725
경기도,고양시 일산동구,바다의별어린이집,경기도 고양시 일산동구 숲속마을로 14-8 ,37.66748293,126.8021418
경기도,고양시 일산동구,햇살몬테소리어린이집,"경기도 고양시 일산동구 공릉천로 64 204동 103호(사리현동, 동문2단지아파트)",37.69879731,126.8460091
경기도,고양시 일산동구,꿈이있는어린이집,"경기도 고양시 일산동구 은행마을로 100 (식사동,은행마을3단지 내 관리동)",37.67097517,126.8064647
경기도,고양시 일산동구,꼬마둥지어린이집,"경기도 고양시 일산동구 탄중로 344 604동 105호(중산동, 중산마을태영6단지아파트)",37.69254797,126.7822753
경기도,고양시 일산동구,야호어린이집,경기도 고양시 일산동구 성현로138번길 81 (성석동),37.70532364,126.8015422
경기도,고양시 일산동구,국립암센터어린이집,경기도 고양시 일산동구 일산로330번길 30-19 (마두동),37.66541372,126.7865788
경기도,고양시 일산동구,숲속친구어린이집,"경기도 고양시 일산동구 숲속마을1로 85 502동 104호(풍동, 숲속마을현대아이파크5단지아파트)",37.66866617,126.7999462
경기도,고양시 일산동구,평화몬테소리어린이집,경기도 고양시 일산동구 강촌로 114 백송마을5단지내  평화몬테소리어린이집,37.65111087,126.7867455
경기도,고양시 일산동구,두산예보미어린이집,"경기도 고양시 일산동구 고봉로 424 (중산동, 중산마을1단지 내)",37.69651755,126.780172
경기도,고양시 일산동구,꿈사랑어린이집,경기도 고양시 일산동구 중산로 260 ,37.69514327,126.7816153
경기도,고양시 일산동구,두산파랑새어린이집,"경기도 고양시 일산동구 강촌로 166 904동 102호(백석동, 백송마을두산9단지아파트)",37.65322847,126.7916474
경기도,고양시 일산동구,고양시립풍산어린이집,경기도 고양시 일산동구 숲속마을1로 86 (풍동),37.66862939,126.8006788
경기도,고양시 일산동구,고양시립마두어린이집,경기도 고양시 일산동구 일산로 271 (마두동),37.66005574,126.7864093
경기도,고양시 일산동구,은행마을어린이집,"경기도 고양시 일산동구 은행마을로 16 101동 105호(풍동, 은행마을1단지아파트)",37.66503276,126.8042748
경기도,고양시 일산동구,청솔어린이집,"경기도 고양시 일산동구 탄중로 426 1005동 104호(중산동, 중산마을동신10단지아파트)",37.68755857,126.7788949
경기도,고양시 일산동구,하늘꿈나무어린이집,"경기도 고양시 일산동구 하늘마을1로 23 509동 106호(중산동, 하늘마을주공휴먼시아5단지아파트)",37.67580969,126.7877918
경기도,고양시 일산동구,딸기어린이집,"경기도 고양시 일산동구 하늘마을1로 23 509동 102호(중산동, 하늘마을주공휴먼시아5단지아파트)",37.67580969,126.7877918
경기도,고양시 일산동구,딩동댕키즈어린이집,"경기도 고양시 일산동구 하늘마을1로 25 (중산동,하늘마을5단지 내)",37.6759059,126.7874332
경기도,고양시 일산동구,i행복어린이집,"경기도 고양시 일산동구 하늘마을로 94 (중산동,하늘마을2단지_관리동)",37.681496,126.7849396
경기도,고양시 일산동구,고양시립숲속아이어린이집,경기도 고양시 일산동구 숲속마을1로 29-15 숲속마을 1단지 104동 관리동 (풍동),37.66273173,126.7975945
경기도,고양시 일산동구,고양시립금빛하늘어린이집,경기도 고양시 일산동구 하늘마을1로 7 관리동내 시립금빛하늘어린이집,37.67507428,126.7858287
경기도,고양시 일산동구,고양시립파아란하늘어린이집,경기도 고양시 일산동구 하늘마을1로 105 하늘마을3단지 관리동내 (중산동),37.67677354,126.7843563
경기도,고양시 일산동구,고양시립푸른하늘어린이집,경기도 고양시 일산동구 중산로 101 하늘마을1단지아파트 관리동 내,37.68099914,126.779637
경기도,고양시 일산동구,영아생각놀이 어린이집,"경기도 고양시 일산동구 백석로 175 707동 102호(백석동, 백송마을임광7단지아파트)",37.65187435,126.7956963
경기도,고양시 일산동구,다은어린이집,경기도 고양시 일산동구 중산로 160-20 (중산동),37.68681772,126.782006
경기도,고양시 일산동구,고양시립풍동숲속어린이집,경기도 고양시 일산동구 숲속마을2로 151 (풍동),37.6730509,126.7970096
경기도,고양시 일산동구,백석곤지곤지어린이집,경기도 고양시 일산동구 강송로113번길 36-1 ,37.64804864,126.7850693
경기도,고양시 일산동구,고양시립중산누리어린이집,경기도 고양시 일산동구 중산로 224 중산동 주민자치센터 1층 (중산동),37.69181748,126.7804395
경기도,고양시 일산동구,해모아어린이집,경기도 고양시 일산동구 성현로659번길 138-25 ,37.69900442,126.8484954
경기도,고양시 일산동구,주따라샘어린이집,경기도 고양시 일산동구 일산로380번길 59 (정발산동),37.67084894,126.7840415
경기도,고양시 일산동구,아이비어린이집,경기도 고양시 일산동구 노루목로 80 호수마을 3단지 제 유치원동,37.64650497,126.7755307
경기도,고양시 일산동구,키즈트리어린이집,"경기도 고양시 일산동구 탄중로 398 803동 101호(중산동, 중산마을삼성8단지아파트)",37.68794132,126.7814166
경기도,고양시 일산동구,백마꿈나무어린이집,"경기도 고양시 일산동구 일산로 206 304동 103호(마두동, 백마마을)",37.65490543,126.7912202
경기도,고양시 일산동구,브레인키즈스쿨 어린이집,"경기도 고양시 일산동구 탄중로 398 (중산동,중산마을8단지 내)",37.68794132,126.7814166
경기도,고양시 일산동구,해다미어린이집,"경기도 고양시 일산동구 숲속마을1로 55 206동 104호(풍동, 숲속마을2단지아파트)",37.6661102,126.7995322
경기도,고양시 일산동구,아이파크어린이집,"경기도 고양시 일산동구 숲속마을1로 85 504동 102호(풍동, 숲속마을현대아이파크5단지아파트)",37.66866617,126.7999462
경기도,고양시 일산동구,초콜릿어린이집,"경기도 고양시 일산동구 은행마을로 62 206동 102호(식사동, 은행마을2단지아파트)",37.66792411,126.805979
경기도,고양시 일산동구,고양시립백석어린이집,경기도 고양시 일산동구 경의로 84 1층 (백석동),37.64112005,126.7951289
경기도,고양시 일산동구,무지개숲어린이집,경기도 고양시 일산동구 애니골길 26-20 (풍동),37.66946302,126.7915801
경기도,고양시 일산동구,화니베베어린이집,"경기도 고양시 일산동구 숲속마을1로 55 208동 101호(풍동, 숲속마을2단지아파트)",37.6661102,126.7995322
경기도,고양시 일산동구,아이뜰어린이집,"경기도 고양시 일산동구 하늘마을로 76 (중산동,하늘마을6단지 내)",37.68243677,126.7864135
경기도,고양시 일산동구,햇살누리어린이집,"경기도 고양시 일산동구 숲속마을1로 115 802동 104호(풍동, 숲속마을8단지아파트)",37.67199966,126.7997625
경기도,고양시 일산동구,맑은누리어린이집,"경기도 고양시 일산동구 고풍로 44-46 202동 104호(풍동, 성원아파트)",37.66437685,126.7969753
경기도,고양시 일산동구,샬롬어린이집,"경기도 고양시 일산동구 위시티4로 80 관리동(식사동, 위시티일산자이1단지아파트)",37.68437953,126.8109453
경기도,고양시 일산동구,고양시립식사어린이집,경기도 고양시 일산동구 위시티2로 43-4 ,37.67568766,126.8157521
경기도,고양시 일산동구,아라kids어린이집,경기도 고양시 일산동구 위시티4로 79 커뮤니티센터 (식사동),37.68159621,126.8076975
경기도,고양시 일산동구,식사아이슐레 어린이집,경기도 고양시 일산동구 위시티1로 7 커뮤니티센터 (식사동),37.67646738,126.8108687
경기도,고양시 일산동구,아이젠킨더어린이집,"경기도 고양시 일산동구 강송로 153 (마두동, 강촌마을3단지 내)",37.65206496,126.7839439
경기도,고양시 일산동구,내아이어린이집,경기도 고양시 일산동구 숲속마을2로 111 1층 (풍동),37.67312568,126.801239
경기도,고양시 일산동구,해님이놀러온어린이집,"경기도 고양시 일산동구 위시티4로 80 107동 104호(식사동, 위시티일산자이1단지아파트)",37.68437953,126.8109453
경기도,고양시 일산동구,식사자이블루어린이집,"경기도 고양시 일산동구 위시티4로 45 402동 104호(식사동, 위시티일산자이4단지아파트)",37.67881902,126.8158781
경기도,고양시 일산동구,아이린어린이집,경기도 고양시 일산동구 위시티4로 45 위시티 일산 자이 4단지 내 관리동 (식사동),37.67881902,126.8158781
경기도,고양시 일산동구,숲속오감놀이어린이집,"경기도 고양시 일산동구 숲속마을1로 116 관리동(풍동, 숲속마을7단지아파트)",37.67136895,126.8012362
경기도,고양시 일산동구,풍동햇살어린이집,"경기도 고양시 일산동구 숲속마을1로 115 주민복지관2동 (풍동, 숲속마을8단지아파트)",37.67199966,126.7997625
경기도,고양시 일산동구,캥거루어린이집,"경기도 고양시 일산동구 백석로 119 212동 103호(백석동, 백송마을2단지)",37.65053405,126.7914767
경기도,고양시 일산동구,연세키즈스쿨어린이집,경기도 고양시 일산동구 영심길 23-15 (식사동),37.66416604,126.8124395
경기도,고양시 일산동구,고은색동어린이집,경기도 고양시 일산동구 위시티2로 43-25 (식사동 1557-1),37.67610779,126.8144318
경기도,고양시 일산동구,해나무어린이집,"경기도 고양시 일산동구 위시티4로 46 일산자이 2단지 관리동 1층(식사동,위시티 일산자이2단지)",37.68413609,126.8145837
경기도,고양시 일산동구,한국지역난방공사일산따소미어린이집,"경기도 고양시 일산동구 강송로 194 (마두동, 강촌마을1단지)",37.65580814,126.7830885
경기도,고양시 일산동구,주사랑어린이집,경기도 고양시 일산동구 강송로74번길 53-9 (백석동),37.6487576,126.7910249
경기도,고양시 일산동구,IBK참!좋은어린이집,경기도 고양시 일산동구 중앙로 1168 ,37.65131887,126.7786062
경기도,고양시 일산동구,아이펀어린이집,경기도 고양시 일산동구 백석로 151 802동 103호,37.65074187,126.7929897
경기도,고양시 일산동구,일산라온어린이집,"경기도 고양시 일산동구 백석로 119 214동 101호(백석동, 백송마을2단지)",37.65053405,126.7914767
경기도,고양시 일산동구,나무둥지어린이집,"경기도 고양시 일산동구 숲속마을1로 116 709동 104호(풍동, 숲속마을7단지아파트0",37.67136895,126.8012362
경기도,고양시 일산동구,꿈꾸는아이세상어린이집,경기도 고양시 일산동구 강송로125번길 43-11 (백석동),37.64868682,126.7846341
경기도,고양시 일산동구,스마일어린이집,"경기도 고양시 일산동구 백석로 26 304동 104호(백석동, 흰돌마을3단지)",37.64380019,126.7829755
경기도,고양시 일산동구,푸른숲어린이집,"경기도 고양시 일산동구 강석로 110 505동 102호(마두동, 강촌마을5단지)",37.65122626,126.7808325
경기도,고양시 일산동구,하늘이어린이집,"경기도 고양시 일산동구 하늘마을로 94 209동 105호(중산동, 하늘마을2단지)",37.681496,126.7849396
경기도,고양시 일산동구,토마토어린이집,경기도 고양시 일산동구 고봉로658번길 27 (성석동),37.71503165,126.7899099
경기도,고양시 일산동구,하늘솜사탕어린이집,"경기도 고양시 일산동구 하늘마을로 94 204동 102호(중산동, 하늘마을)",37.681496,126.7849396
경기도,고양시 일산동구,고양시립백송어린이집,경기도 고양시 일산동구 장백로 72 ,37.643913,126.7854948
경기도,고양시 일산동구,바움어린이집,경기도 고양시 일산동구 대산로 17 1층(정발산동),37.66969122,126.7741494
경기도,고양시 일산동구,아리솔어린이집,경기도 고양시 일산동구 약산길 45-1 ,37.68220041,126.7918849
경기도,고양시 일산동구,숲속에버나인어린이집,경기도 고양시 일산동구 숲속마을2로 25 1006동 105호,37.67279879,126.7957982
경기도,고양시 일산동구,일산에버나인어린이집,"경기도 고양시 일산동구 숲속마을2로 25 1006동 104호 (풍동, 숲속마을10단지아파트)",37.67279879,126.7957982
경기도,고양시 일산동구,작은숲어린이집,경기도 고양시 일산동구 소개울3길 36 (중산동),37.68409087,126.7899238
경기도,고양시 일산동구,국민건강보험공단일산병원어린이집,경기도 고양시 일산동구 일산로 107 ,37.64698535,126.7922401
경기도,고양시 일산동구,마두사랑가득모아어린이집,경기도 고양시 일산동구 정발산로196번길 7-6 ,37.66297258,126.7875608
경기도,고양시 일산동구,동국대일산병원직장어린이집,경기도 고양시 일산동구 무궁화로 260 ,37.67372415,126.7891733
경기도,고양시 일산동구,와이시티어린이집,"경기도 고양시 일산동구 강송로 33 102동 어린이집(백석동, 일산요진와이시티)",37.64407121,126.792801
경기도,고양시 일산동구,EBS직장어린이집,경기도 고양시 일산동구 한류월드로 281 ,37.66172442,126.7546265
경기도,고양시 일산동구,고양 법원어린이집,경기도 고양시 일산동구 호수로 550 고양 법원어린이집,37.65211376,126.772428
경기도,고양시 일산동구,팅커벨어린이집,"경기도 고양시 일산동구 중산로 70 103동103호(중산동,일산센트럴아이파크)",37.67869225,126.7826303
경기도,고양시 일산동구,고양시립일산센트럴어린이집,경기도 고양시 일산동구 중산로 70 일산센트럴아이파크 내,37.67869225,126.7826303
경기도,고양시 일산동구,신한키즈 일산어린이집,경기도 고양시 일산동구 중앙로 1311 ,37.66246418,126.7704545
경기도,고양시 일산동구,별아이어린이집,경기도 고양시 일산동구 산두로145번길 43-11 ,37.66971886,126.7843913
경기도,고양시 일산동구,고양시립아름어린이집,경기도 고양시 일산동구 월드고양로 19 ,37.66372843,126.7483624
경기도,고양시 일산동구,고양시립다움어린이집,경기도 고양시 일산동구 월드고양로 21 ,37.66135831,126.7489103
경기도,고양시 일산동구,베베숲어린이집,"경기도 고양시 일산동구 태극로 8 관리동(장항동, 킨텍스원시티 1블럭)",37.66397143,126.7498934
경기도,고양시 일산동구,고양시립호수아이어린이집,경기도 고양시 일산동구 연리지로 50 ,37.66018309,126.7569634
경기도,고양시 일산동구,고양시립한별어린이집,경기도 고양시 일산동구 위시티3로 110 ,37.67336503,126.8102407
경기도,고양시 일산동구,고양시립꿈샘어린이집,경기도 고양시 일산동구 위시티3로 111 ,37.67244922,126.8100368
경기도,고양시 일산동구,고양시립장항누리어린이집,경기도 고양시 일산동구 장항한강2로 20 ,37.65251553,126.7470036
경기도,고양시 일산동구,고양시립별빛어린이집,경기도 고양시 일산동구 장항한강3로 30 ,37.65062396,126.7485392
경기도,고양시 일산동구,스마트키즈어린이집,경기도 고양시 일산동구 장항한강2로 20 503동 101호 (장항동),37.65251553,126.7470036
경기도,고양시 일산동구,고양시립달빛어린이집,경기도 고양시 일산동구 장항한강3로 30 ,37.65062396,126.7485392
경기도,고양시 일산동구,꽃별어린이집,경기도 고양시 일산동구 장항한강2로 20 508동 103호 (장항동),37.65251553,126.7470036
경기도,고양시 일산동구,미소아이어린이집,경기도 고양시 일산동구 장항한강3로 30 403동 103호 (장항동),37.65062396,126.7485392
경기도,고양시 일산동구,꿈비어린이집,경기도 고양시 일산동구 장항한강3로 30 411동 101호 (장항동),37.65062396,126.7485392
경기도,고양시 일산동구,정다운어린이집,경기도 고양시 일산동구 장항한강2로 20 506동 104호,37.65251553,126.7470036
경기도,고양시 일산동구,고양시립다솜나래어린이집,경기도 고양시 일산동구 장항한강1로 21 ,37.65400353,126.7463892
경기도,고양시 일산동구,고양시립예담어린이집,경기도 고양시 일산동구 고풍로 161 더샵 일산퍼스트월드 1단지,37.67280438,126.7939361
경기도,고양시 일산동구,고양시립아이큰숲어린이집,경기도 고양시 일산동구 고풍로 109 더샵 일산퍼스트월드 2단지,37.66833381,126.7927488
경기도,고양시 일산서구,미소어린이집,"경기도 고양시 일산서구 대산로 249 106동 102호(대화동, 성저마을동익1단지아파트)",37.67956429,126.7514681
경기도,고양시 일산서구,푸르니일산어린이집,경기도 고양시 일산서구 일산로 650 (대화동),37.68273908,126.7570588
경기도,고양시 일산서구,고양시립탄현어린이집,경기도 고양시 일산서구 탄중로 238 (탄현동),37.69301738,126.7717461
경기도,고양시 일산서구,아이키움어린이집,"경기도 고양시 일산서구 고양대로 724-17 관리동 1층(일산동, 산들마을3단지아파트)",37.68233301,126.7767957
경기도,고양시 일산서구,동양아트어린이집,경기도 고양시 일산서구 고양대로 631 108동 104호(동양메이져아파트),37.68627483,126.7672199
경기도,고양시 일산서구,ABC키즈스쿨어린이집,"경기도 고양시 일산서구 원일로21번길 22 106동 103호(일산동, 일신건영휴먼빌1차아파트)",37.68791093,126.7651868
경기도,고양시 일산서구,The행복한아이나라어린이집,경기도 고양시 일산서구 산현로 28 동문1차 단지내,37.68955461,126.7648854
경기도,고양시 일산서구,이화젠월드어린이집,"경기도 고양시 일산서구 탄중로 518 일산동, 에이스10차아파트",37.69030433,126.7688118
경기도,고양시 일산서구,초롱초롱어린이집,"경기도 고양시 일산서구 원일로21번길 22 101동 101호(일산동, 일산휴먼빌아파트)",37.68791093,126.7651868
경기도,고양시 일산서구,연세예능어린이집,경기도 고양시 일산서구 강선로 187 ,37.68005481,126.7696782
경기도,고양시 일산서구,태양어린이집,경기도 고양시 일산서구 킨텍스로 300 문촌세경14단지 내 태양어린이집,37.67141046,126.753193
경기도,고양시 일산서구,햇살가득어린이집,"경기도 고양시 일산서구 일중로 30 506동 101호(일산동, 산들마을5단지아파트)",37.68255531,126.7752486
경기도,고양시 일산서구,보배어린이집,"경기도 고양시 일산서구 주화로 207 106동 104호(대화동, 장성마을동부1단지아파트)",37.67535926,126.746393
경기도,고양시 일산서구,예쁨어린이집,"경기도 고양시 일산서구 일산로 788 206동 104호(대화동, 장성마을대명2단지아파트)",37.6738763,126.7477617
경기도,고양시 일산서구,벽산키즈어린이집,"경기도 고양시 일산서구 가좌1로 8 515동 103호(가좌동, 가좌마을청원벽산블루밍5단지아파트)",37.69084827,126.7219989
경기도,고양시 일산서구,YWCA어린이집,"경기도 고양시 일산서구 주엽로 161 804동 104호(주엽동, 문촌마을동아8단지아파트)",37.67291285,126.758769
경기도,고양시 일산서구,고양시립문촌9사회복지관어린이집,"경기도 고양시 일산서구 주엽로 156 복지관 1층(주엽동, 문촌마을9단지아파트)",37.67221575,126.760176
경기도,고양시 일산서구,숲소리어린이집,"경기도 고양시 일산서구 대산로 184 112동 105호(주엽동, 문촌마을우성1단지아파트)",37.67747783,126.7575847
경기도,고양시 일산서구,토이어린이집,"경기도 고양시 일산서구 주엽로 122 1606동 105호(주엽동, 문촌마을뉴삼익16단지아파트)",37.66963554,126.758023
경기도,고양시 일산서구,대우사과나무어린이집,"경기도 고양시 일산서구 가좌3로 45 207동 103호(가좌동, 가좌마을)",37.68844297,126.7169762
경기도,고양시 일산서구,잰둥이어린이집,"경기도 고양시 일산서구 대화1로 51 304동 102호(대화동, 대화마을동문3단지아파트)",37.67206336,126.731956
경기도,고양시 일산서구,가좌다솜어린이집,경기도 고양시 일산서구 가좌3로 45 가좌마을2단지 관리동,37.68844297,126.7169762
경기도,고양시 일산서구,고양시립성모어린이집,경기도 고양시 일산서구 고양대로 654 일산종합사회복지관 1층,37.68451135,126.7685039
경기도,고양시 일산서구,초록별성저 어린이집,경기도 고양시 일산서구 성저로42번길 4 1층,37.68347895,126.7525853
경기도,고양시 일산서구,화성영아어린이집,"경기도 고양시 일산서구 강성로 62 901동 101호(주엽동, 강선마을화성9단지아파트)",37.66805942,126.7674986
경기도,고양시 일산서구,엄마품 어린이집,"경기도 고양시 일산서구 강선로 70 810동 103호(주엽동, 강선마을럭키8단지아파트)",37.66984926,126.7654758
경기도,고양시 일산서구,꾸러기들어린이집,"경기도 고양시 일산서구 일현로 140 102동 106호(탄현동, 큰마을대림아파트)",37.70014661,126.7655482
경기도,고양시 일산서구,나래어린이집,"경기도 고양시 일산서구 일청로 45 관리동 1층(일산동, 일산3차현대홈타운)",37.68802849,126.7719705
경기도,고양시 일산서구,생각하는어린이집,"경기도 고양시 일산서구 강선로 169 1507동 104호(일산동, 후곡마을15단지)",37.67771223,126.7697984
경기도,고양시 일산서구,폴라리스가정어린이집,"경기도 고양시 일산서구 일산로 612 601동 101호(일산동, 후곡마을동부6단지아파트)",37.68134674,126.7602857
경기도,고양시 일산서구,삼환 어린이집,"경기도 고양시 일산서구 현중로 13 1304동 103호(탄현동, 탄현마을삼환13단지아파트)",37.69170806,126.7675812
경기도,고양시 일산서구,바른어린이집,경기도 고양시 일산서구 주엽로 123 문촌마을 부영아파트 15단지내 바른어린이집,37.67066949,126.7570051
경기도,고양시 일산서구,마미키즈스쿨어린이집,"경기도 고양시 일산서구 탄현로 115-22 103동 106호(탄현동, 큰마을현대대림1단지아파트)",37.70141706,126.7662191
경기도,고양시 일산서구,힐스테이트일산파스텔키즈어린이집,경기도 고양시 일산서구 킨텍스로 217-21 ,37.66430797,126.7453147
경기도,고양시 일산서구,느티나무어린이집,"경기도 고양시 일산서구 일현로 140 125동 105호(탄현동, 큰마을대림아파트)",37.70014661,126.7655482
경기도,고양시 일산서구,굿모닝어린이집,"경기도 고양시 일산서구 덕산로 282 201동 102호(덕이동, 덕이동문굿모닝힐2차아파트)",37.69518176,126.733864
경기도,고양시 일산서구,무지개어린이집,"경기도 고양시 일산서구 주엽로 156 (주엽동,문촌마을9단지 내_관리사무소 2층)",37.67221575,126.760176
경기도,고양시 일산서구,생각하는i어린이집,"경기도 고양시 일산서구 대산로 176 111동 105호(주엽동, 문촌마을우성1단지아파트)",37.6768831,126.7588616
경기도,고양시 일산서구,높푸른어린이집,경기도 고양시 일산서구 원일로21번길 22 일신건영아파트 관리동1층,37.68791093,126.7651868
경기도,고양시 일산서구,사랑웃음가득어린이집,경기도 고양시 일산서구 일산로803번길 47-15 ,37.6717764,126.750006
경기도,고양시 일산서구,아이조아어린이집,경기도 고양시 일산서구 현중로 10 (탄현마을 16단지 아파트 내),37.69245546,126.768792
경기도,고양시 일산서구,푸른잔디어린이집,"경기도 고양시 일산서구 킨텍스로 344 관리동 2층(주엽동, 문촌마을7단지아파트)",37.67502151,126.7554509
경기도,고양시 일산서구,푸르미어린이집,"경기도 고양시 일산서구 강성로 270 301동 106호(대화동, 성저마을 풍림3단지)",37.67764231,126.7472213
경기도,고양시 일산서구,이레하바어린이집,"경기도 고양시 일산서구 가좌3로 45 201동 102호(가좌동, 가좌마을대우2단지아파트)",37.68844297,126.7169762
경기도,고양시 일산서구,고양시립덕이어린이집,경기도 고양시 일산서구 송산로 567-42 덕이어린이집 (덕이동),37.69368819,126.7388519
경기도,고양시 일산서구,365일 연세어린이집,"경기도 고양시 일산서구 현중로 13 1306동 102호(탄현동, 탄현마을13단지)",37.69170806,126.7675812
경기도,고양시 일산서구,동신어린이집,"경기도 고양시 일산서구 대산로 53 410동 102호(주엽동, 강선마을동신4단지아파트)",37.67097427,126.7710478
경기도,고양시 일산서구,단우물키즈스쿨어린이집,경기도 고양시 일산서구 고양대로 620 유치원동,37.6861942,126.7643209
경기도,고양시 일산서구,밝은 어린이집,경기도 고양시 일산서구 일산로741번길 5-14 ,37.6775337,126.7515251
경기도,고양시 일산서구,도담도담어린이집,"경기도 고양시 일산서구 후곡로 36 404동 104호(일산동, 후곡마을금호4단지아파트)",37.68063194,126.7650922
경기도,고양시 일산서구,고양시립문촌새싹어린이집,경기도 고양시 일산서구 킨텍스로 344 문촌7사회복지관내(주엽동),37.67502151,126.7554509
경기도,고양시 일산서구,나무와새어린이집,경기도 고양시 일산서구 강성로 270 성저마을 3단지 풍림아파트 단지내,37.67764231,126.7472213
경기도,고양시 일산서구,예솔키즈어린이집,"경기도 고양시 일산서구 고양대로255번길 45 관리동 1층(대화동, 대화마을9단지아파트)",37.66928835,126.7349081
경기도,고양시 일산서구,꽃과호수어린이집,경기도 고양시 일산서구 강성로 62 꽃과호수 어린이집,37.66805942,126.7674986
경기도,고양시 일산서구,썬키즈 어린이집,경기도 고양시 일산서구 대산로 58 강선마을 3단지 내,37.67180929,126.7704411
경기도,고양시 일산서구,주엽어린이집,경기도 고양시 일산서구 주화로 49 강선마을 14단지내,37.66848587,126.7620854
경기도,고양시 일산서구,수정어린이집,"경기도 고양시 일산서구 고양대로 633 110동 102호(일산동, 일산동양)",37.6858305,126.767103
경기도,고양시 일산서구,성저꼬맹이 어린이집,"경기도 고양시 일산서구 대산로 249 102동 102호(대화동, 성저마을동익1단지아파트)",37.67956429,126.7514681
경기도,고양시 일산서구,꼬맹이어린이집,"경기도 고양시 일산서구 대산로 249 102동 101호(대화동, 성저마을동익1단지아파트)",37.67956429,126.7514681
경기도,고양시 일산서구,후곡천사어린이집,"경기도 고양시 일산서구 강선로 188 1105동 102호(일산동, 후곡마을주공아파트)",37.67914812,126.7719778
경기도,고양시 일산서구,국제어린이집,경기도 고양시 일산서구 대산로 55 주엽동 강선마을 4단지 내,37.67128137,126.7704698
경기도,고양시 일산서구,꼬마별어린이집,"경기도 고양시 일산서구 현중로 10 1604동 102호(탄현동, 탄현마을풍림16단지아파트)",37.69245546,126.768792
경기도,고양시 일산서구,보석어린이집,"경기도 고양시 일산서구 현중로 10 1601동 104호(탄현동, 탄현마을풍림16단지아파트)",37.69245546,126.768792
경기도,고양시 일산서구,고양시립가좌어린이집,경기도 고양시 일산서구 가좌1로 10 벽산블루밍5단지 관리동1층,37.69097992,126.7207872
경기도,고양시 일산서구,시립일산해담은어린이집,경기도 고양시 일산서구 고양대로672번길 15-7 ,37.68355435,126.7710515
경기도,고양시 일산서구,유진예능어린이집,"경기도 고양시 일산서구 주화로 7 1606동 102호(주엽동, 강선마을16단지아파트)",37.66634901,126.765318
경기도,고양시 일산서구,사랑샘어린이집,"경기도 고양시 일산서구 킨텍스로 410 710동 103호(일산동, 후곡마을동성7단지아파트)",37.68071447,126.7593748
경기도,고양시 일산서구,다솜키즈랜드어린이집,"경기도 고양시 일산서구 일현로 140 110동 101호(탄현동, 큰마을현대대림1단지아파트)",37.70014661,126.7655482
경기도,고양시 일산서구,아이세상어린이집,"경기도 고양시 일산서구 고양대로 624 101동 102호(일산동, 일산태영데시앙1단지아파트)",37.68578216,126.7655771
경기도,고양시 일산서구,탄현해누리 어린이집,"경기도 고양시 일산서구 일현로 140 117동 101호(탄현동, 큰마을대림현대아파트)",37.70014661,126.7655482
경기도,고양시 일산서구,동화그림어린이집,"경기도 고양시 일산서구 현중로 64 606동 104호(탄현동, 탄현마을6단지아파트)",37.69630155,126.7679726
경기도,고양시 일산서구,후곡영아어린이집,"경기도 고양시 일산서구 강선로 188 1106동 103호(일산동, 후곡마을주공아파트)",37.67914812,126.7719778
경기도,고양시 일산서구,동문아름다운어린이집,"경기도 고양시 일산서구 장자길118번길 27 303동 101호(덕이동,동문3차아파트)",37.70199717,126.7430832
경기도,고양시 일산서구,도레미어린이집,"경기도 고양시 일산서구 산현로17번길 38 1101동 102호(탄현동, 탄현마을동신11단지아파트)",37.69154424,126.7641208
경기도,고양시 일산서구,반달어린이집,경기도 고양시 일산서구 대산로212번길 17 1층 (대화동),37.67912342,126.7555087
경기도,고양시 일산서구,탄현해오름어린이집,"경기도 고양시 일산서구 현중로 62 607동 101호(탄현동, 탄현마을한신6단지아파트)",37.69613378,126.767373
경기도,고양시 일산서구,롯데영아 어린이집,"경기도 고양시 일산서구 후곡로 10 904동 103호(일산동, 후곡마을롯데9단지아파트)",37.6779818,126.7631078
경기도,고양시 일산서구,아이키즈어린이집,"경기도 고양시 일산서구 현중로 64 607동 107호(탄현동, 탄현마을현대6단지아파트)",37.69630155,126.7679726
경기도,고양시 일산서구,아이마루어린이집,"경기도 고양시 일산서구 일산로 487 1809동 102호(일산동, 후곡마을현대18단지아파트)",37.67499969,126.7726962
경기도,고양시 일산서구,신한은행새싹어린이집,경기도 고양시 일산서구 중앙로 1442 신한은행건물2층 (주엽동),37.67088231,126.7604463
경기도,고양시 일산서구,보나보나어린이집,"경기도 고양시 일산서구 대산로 56 302동 101호(주엽동, 강선마을한신3단지아파트)",37.67194218,126.7710411
경기도,고양시 일산서구,열린키즈어린이집,경기도 고양시 일산서구 후곡로 55 후곡마을2단지내,37.6822697,126.7650289
경기도,고양시 일산서구,대화피터팬어린이집,경기도 고양시 일산서구 일산로803번길 39 ,37.67147016,126.749289
경기도,고양시 일산서구,꿈예뜰어린이집,"경기도 고양시 일산서구 일현로 128 801동 103호(탄현동, 탄현마을동성8단지아파트)",37.69767353,126.7667732
경기도,고양시 일산서구,꼬마숲예화어린이집,경기도 고양시 일산서구 일청로 80 1층 (일산동),37.690454,126.7745446
경기도,고양시 일산서구,초록벌어린이집,"경기도 고양시 일산서구 가좌3로 43 209동 105호(가좌동, 가좌마을대우2단지아파트)",37.68810258,126.7181034
경기도,고양시 일산서구,맑은샘어린이집,"경기도 고양시 일산서구 현중로 62 602동 101호(탄현동, 탄현마을현대6단지아파트)",37.69613378,126.767373
경기도,고양시 일산서구,아이캐슬어린이집,"경기도 고양시 일산서구 일산로 486 1302동 105호(일산동, 후곡마을태영13단지아파트)",37.67555992,126.7735851
경기도,고양시 일산서구,태영아이 어린이집,"경기도 고양시 일산서구 탄중로101번길 36 104동 101호(덕이동, 태영아파트)",37.694094,126.7567182
경기도,고양시 일산서구,나래빅스맘어린이집,"경기도 고양시 일산서구 가좌2로 20 613동 104호(가좌동, 가좌마을청원벽산블루밍6단지아파트)",37.68855742,126.7225967
경기도,고양시 일산서구,아띠누리어린이집,"경기도 고양시 일산서구 탄현로 133 108동 104호(탄현동, 일산임광진흥아파트)",37.70299075,126.7658387
경기도,고양시 일산서구,꼬마동네어린이집,경기도 고양시 일산서구 덕이로 281  -9 동문아파트101-104,37.70060139,126.7313226
경기도,고양시 일산서구,베이비맘어린이집,"경기도 고양시 일산서구 주엽로 156 908동 106호(주엽동, 문촌마을주공9단지아파트)",37.67221575,126.760176
경기도,고양시 일산서구,산새어린이집,경기도 고양시 일산서구 탄현로 133 임광진흥 아파트 단지내 보육시설,37.70299075,126.7658387
경기도,고양시 일산서구,탄현무지개어린이집,"경기도 고양시 일산서구 현중로 5 1501동 102호(탄현마을, 탄현마을15단지)",37.6910708,126.7681319
경기도,고양시 일산서구,테디어린이집,"경기도 고양시 일산서구 일현로 68 103동 105호(탄현동, 탄현마을경남1단지아파트)",37.69289993,126.7641161
경기도,고양시 일산서구,디엠시티하늘꿈어린이집,경기도 고양시 일산서구 킨텍스로 255 ,37.66914144,126.749558
경기도,고양시 일산서구,에이스하늘어린이집,경기도 고양시 일산서구 탄중로 518 에이스10차102동103호,37.69030433,126.7688118
경기도,고양시 일산서구,아이원어린이집,경기도 고양시 일산서구 대산로 145 문촌마을 4단지내 아이원어린이집,37.67526771,126.7614164
경기도,고양시 일산서구,하사랑어린이집,"경기도 고양시 일산서구 킨텍스로 284 1902동 101호(주엽동, 문촌마을신우19단지아파트)",37.66966888,126.7516938
경기도,고양시 일산서구,대화아람어린이집,경기도 고양시 일산서구 대화로156번길 36 ,37.67023039,126.7362611
경기도,고양시 일산서구,사랑숲어린이집,"경기도 고양시 일산서구 대화1로 70 705동 102호(대화동, 대화마을양우파크타운7단지아파트)",37.67012823,126.7337816
경기도,고양시 일산서구,다올i어린이집,경기도 고양시 일산서구 장자길118번길 103 (덕이동),37.7011996,126.746486
경기도,고양시 일산서구,덕이아이키즈어린이집,경기도 고양시 일산서구 하이파크3로 62 덕이동 아이파크5단지내,37.6981077,126.7554275
경기도,고양시 일산서구,키즈아트어린이집,경기도 고양시 일산서구 하이파크로 113 ,37.70380722,126.7531619
경기도,고양시 일산서구,숲속둥지어린이집,"경기도 고양시 일산서구 하이파크3로 61 412동 105호(덕이동, 하이파크시티일산파밀리에4단지)",37.69747377,126.7523172
경기도,고양시 일산서구,예쁜아기어린이집,"경기도 고양시 일산서구 킨텍스로 340 709동 105호(주엽동, 문촌마을주공7단지아파트)",37.67448889,126.7551636
경기도,고양시 일산서구,일산파밀리에연세아이어린이집,"경기도 고양시 일산서구 하이파크3로 61 (덕이동, 일산파밀리에 4단지내)",37.69747377,126.7523172
경기도,고양시 일산서구,일산파밀리에이화리더어린이집,"경기도 고양시 일산서구 하이파크3로 111 (덕이동, 일산파밀리에2단지내)",37.69977416,126.7510489
경기도,고양시 일산서구,일산파밀리에라온어린이집,"경기도 고양시 일산서구 하이파크2로59번길 7 (덕이동, 일산파밀리에3단지내)",37.7005083,126.755669
경기도,고양시 일산서구,고양시립앵두어린이집,경기도 고양시 일산서구 하이파크3로 75 1층 시립앵두어린이집,37.69825707,126.7525303
경기도,고양시 일산서구,대화동뽀로롱어린이집,경기도 고양시 일산서구 성저로46번길 46 ,37.68377489,126.7551184
경기도,고양시 일산서구,대화예일어린이집,경기도 고양시 일산서구 호수로838번길 46-18 ,37.67123297,126.7517768
경기도,고양시 일산서구,성저카라어린이집,경기도 고양시 일산서구 대산로212번길 11 ,37.67891691,126.7553773
경기도,고양시 일산서구,일산아이사랑어린이집,경기도 고양시 일산서구 송산로 339 (가좌동),37.68406301,126.7167292
경기도,고양시 일산서구,에코빌i어린이집,"경기도 고양시 일산서구 주엽로 161 803동 101호(주엽동, 문촌마을8단지)",37.67291285,126.758769
경기도,고양시 일산서구,동문키즈어린이집,"경기도 고양시 일산서구 대화1로 51 (대화동,대화마을3단지 관리동)",37.67206336,126.731956
경기도,고양시 일산서구,덕이킨더바움어린이집,경기도 고양시 일산서구 하이파크1로 99 (덕이동),37.69764624,126.7573126
경기도,고양시 일산서구,일산서구청직장어린이집,경기도 고양시 일산서구 중앙로 1600 ,37.67791456,126.745242
경기도,고양시 일산서구,제니스키즈어린이집,"경기도 고양시 일산서구 일현로 97-11 탄현동,일산위브더제니스단지 내",37.69521273,126.7620116
경기도,고양시 일산서구,고양시립대화소망어린이집,경기도 고양시 일산서구 일산로 778 ,37.67447522,126.7481578
경기도,고양시 일산서구,일산푸르지오어린이집,"경기도 고양시 일산서구 일청로 75 (일산동,일산푸르지오단지 내)",37.69106927,126.7721996
경기도,고양시 일산서구,호두나무발도르프어린이집,"경기도 고양시 일산서구 강성로 62 903동 101호(주엽동,강선마을9단지아파트)",37.66805942,126.7674986
경기도,고양시 일산서구,현대아름드리어린이집,"경기도 고양시 일산서구 고양대로 706-12 (일산동, 일산2차현대홈타운 단지내)",37.68274005,126.773711
경기도,고양시 일산서구,숲속에어린이집,"경기도 고양시 일산서구 대화1로 70 관리동 1층(대화동, 대화마을7단지아파트)",37.67012823,126.7337816
경기도,고양시 일산서구,리틀트라움어린이집,경기도 고양시 일산서구 산현로132번길 46 (일산동),37.68995856,126.7747408
경기도,고양시 일산서구,대화예솔어린이집,"경기도 고양시 일산서구 대화2로 137 (대화동, 대화마을6단지내)",37.67312432,126.7361782
경기도,고양시 일산서구,SBS일산어린이집,"경기도 고양시 일산서구 일현로 111 (탄현동,SBS일산제작센터 아카데미동 1층)",37.69680381,126.7625723
경기도,고양시 일산서구,고양시립늘푸른어린이집,경기도 고양시 일산서구 탄현로 136 일산에듀포레푸르지오 내,37.70361227,126.7663969
경기도,고양시 일산서구,다온어린이집,"경기도 고양시 일산서구 탄현로 136 109동 101호(탄현동,일산에듀포레푸르지오)",37.70361227,126.7663969
경기도,고양시 일산서구,고양시립꿈모아어린이집,경기도 고양시 일산서구 킨텍스로 240 킨텍스한화꿈에그린 단지 내,37.66587565,126.7510421
경기도,고양시 일산서구,키즈봉봉어린이집,"경기도 고양시 일산서구 탄현로 136 103동 102호(탄현동,일산에듀포레푸르지오)",37.70361227,126.7663969
경기도,고양시 일산서구,탄현해달별어린이집,경기도 고양시 일산서구 탄현로 136 101동 102호(일산에듀포레푸르지오),37.70361227,126.7663969
경기도,고양시 일산서구,일산서부경찰서어린이집,경기도 고양시 일산서구 주엽로 176 ,37.67391,126.7603341
경기도,고양시 일산서구,키즈레일탄현역어린이집,경기도 고양시 일산서구 경의로 856 탄현역 주차장 내,37.69402009,126.7610211
경기도,고양시 일산서구,고양시립일산어린이집,경기도 고양시 일산서구 고양대로 666 ,37.68355474,126.7692643
경기도,고양시 일산서구,꿈에그린프라우스어린이집,경기도 고양시 일산서구 송포로 207 가좌7단지 내 관리동,37.68391933,126.7209319
경기도,고양시 일산서구,광성어린이집,경기도 고양시 일산서구 산현로17번길 40 1층,37.69141302,126.7638302
경기도,광명시,또래별어린이집,"경기도 광명시 하안로 284 1214동 103호(하안동, 하안주공12단지아파트)",37.46273494,126.8836021
경기도,광명시,늘푸른어린이집,"경기도 광명시 하안로 320 1016동 108호(하안동, 주공10단지아파트)",37.46359595,126.8800939
경기도,광명시,아기별어린이집,"경기도 광명시 금당로 11-24 701동 105호(하안동, 하안주공7단지아파트)",37.45999002,126.8793077
경기도,광명시,현진어린이집,"경기도 광명시 목감로 88 103동 101호(광명동, 현진에버빌아파트)",37.47587507,126.8478237
경기도,광명시,다영어린이집,"경기도 광명시 금당로 13 711동 103호(하안동, 하안주공7단지아파트)",37.46032928,126.8814714
경기도,광명시,피터팬어린이집,"경기도 광명시 사성로103번길 14 105동 102호(철산동, 광복현대)",37.49125974,126.8669007
경기도,광명시,초콜릿어린이집,경기도 광명시 광명로848번길 66 영화아이닉스아파트 101동 105호,37.46960959,126.8510464
경기도,광명시,해피아이어린이집,"경기도 광명시 하안로 237 809동 104호(하안동, 하안주공8단지아파트)",37.45670122,126.8824176
경기도,광명시,홍당무어린이집,"경기도 광명시 광명로 877 104동 103호(광명동, 한진아파트)",37.4779125,126.8531511
경기도,광명시,꿀단지어린이집,"경기도 광명시 하안로 154 102동 101호(소하동, 금호어울림)",37.45174599,126.8894961
경기도,광명시,광명이삭어린이집,"경기도 광명시 광명로 877 105동 112호(광명동, 한진아파트)",37.4779125,126.8531511
경기도,광명시,또래어린이집,"경기도 광명시 하안로 364 914동 103호(하안동, 하안주공9단지아파트)",37.46807462,126.8785247
경기도,광명시,그린들어린이집,"경기도 광명시 하안로 320 1014동 105호(하안동, 하안주공10단지아파트)",37.46359595,126.8800939
경기도,광명시,꿈동이어린이집,경기도 광명시 가림로 38 하안주공5단지507동103호,37.46509632,126.8658529
경기도,광명시,우리아기어린이집,"경기도 광명시 하안로 237 812동 101호(하안동, 하안주공8단지아파트)",37.45670122,126.8824176
경기도,광명시,초록나라어린이집,"경기도 광명시 안현로 15 109동 110호(하안동, 하안주공1단지아파트)",37.46434321,126.8726494
경기도,광명시,엄마어린이집,"경기도 광명시 새터로 78 101동 104호(광명동, 팰리스필아파트)",37.47458487,126.8557634
경기도,광명시,철산단비어린이집,"경기도 광명시 철산로 57 1314동 105호(철산동, 주공13차아파트)",37.48020721,126.8700086
경기도,광명시,샘물어린이집,"경기도 광명시 도덕로 56 101동 102호(광명동, 중앙하이츠1차아파트)",37.46848424,126.8551156
경기도,광명시,하일사임당어린이집,"경기도 광명시 하안로 364 915동 107호(하안동, 하안주공9단지아파트)",37.46807462,126.8785247
경기도,광명시,오렌지어린이집,"경기도 광명시 하안로 318 1106동 110호(하안동, 주공11차아파트)",37.46554202,126.8824956
경기도,광명시,해맑은어린이집,"경기도 광명시 안현로 36 402동 105호(하안동, 하안주공4단지아파트)",37.46269723,126.8783721
경기도,광명시,철산아기자기어린이집,"경기도 광명시 가림일로 101 203동 107호(철산동, 주공도덕파크타운아파트)",37.47049409,126.8658487
경기도,광명시,꿈담어린이집,"경기도 광명시 하안로 320 1003동 102호(하안동, 주공10단지아파트)",37.46359595,126.8800939
경기도,광명시,아이숲어린이집,"경기도 광명시 안현로 34 308동 102호(하안동, 하안주공3단지아파트)",37.46147218,126.875823
경기도,광명시,소꿉어린이집,"경기도 광명시 안현로 35 201동 108호(하안동, 주공2단지아파트)",37.46751761,126.8747997
경기도,광명시,세종어린이집,"경기도 광명시 하안로 284 1209동 104호(하안동, 주공아파트)",37.46273494,126.8836021
경기도,광명시,시립구름산어린이집,경기도 광명시 가림일로 76 ,37.4689782,126.8658167
경기도,광명시,에코비샤론어린이집,경기도 광명시 광삼로33번길 19 (광명동),37.47994765,126.8612378
경기도,광명시,사랑마을어린이집,경기도 광명시 도덕로 63 (광명동),37.46988212,126.8544272
경기도,광명시,광명푸른숲어린이집,경기도 광명시 광명로865번안길 9 (광명동),37.47783401,126.8506982
경기도,광명시,시립안현어린이집,경기도 광명시 안재로1번안길 2 ,37.459386,126.8706392
경기도,광명시,시립광명어린이집,경기도 광명시 광오로 38 (광명5동),37.47631355,126.8482818
경기도,광명시,공룡어린이집,경기도 광명시 사성로103번길 14 경기도 광명시 사성로 103번길14(철산동 현대아파트),37.49125974,126.8669007
경기도,광명시,시립푸른어린이집,경기도 광명시 철망산로 48 (하안2동),37.46796254,126.8743036
경기도,광명시,이레어린이집,"경기도 광명시 안현로 36 404동 103호(하안동, 하안주공4단지아파트)",37.46269723,126.8783721
경기도,광명시,시립무지개어린이집,경기도 광명시 새터로12번길 11 (광명7동),37.4698341,126.8534805
경기도,광명시,시립꿈나무어린이집,경기도 광명시 광명로791번길 8 (광명6동),37.47117125,126.8484502
경기도,광명시,예림어린이집,경기도 광명시 광명로832번길 15-3 ,37.47314638,126.853328
경기도,광명시,시립한빛어린이집,경기도 광명시 광덕산로 35 (하안1동),37.47103401,126.8723
경기도,광명시,도담어린이집,"경기도 광명시 철산로 57 1310동 106호(철산동, 주공13차아파트)",37.48020721,126.8700086
경기도,광명시,선한어린이집,경기도 광명시 하안로 198 동양2차아파트 관리동 1층 (소하동),37.45416797,126.8885881
경기도,광명시,시립철산어린이집,경기도 광명시 연서일로17번길 18 (철산2동),37.48218294,126.862063
경기도,광명시,광명시청직장어린이집,경기도 광명시 시청로 20 광명시청 (철산동),37.47910459,126.8648274
경기도,광명시,철산색동원어린이집,"경기도 광명시 철산로 57 1313동 107호(철산동, 주공13차아파트)",37.48020721,126.8700086
경기도,광명시,한진삐아제어린이집,경기도 광명시 광명로 877 (광명동),37.4779125,126.8531511
경기도,광명시,솔바람어린이집,"경기도 광명시 가림로 38 513동 106호(하안동, 하안주공5단지아파트)",37.46509632,126.8658529
경기도,광명시,예크어린이집,경기도 광명시 도덕로 78 (광명동) 1층,37.47000422,126.8558305
경기도,광명시,큰별어린이집,경기도 광명시 영당안로 43 (소하동),37.43604109,126.8772127
경기도,광명시,벧엘어린이집,경기도 광명시 철산로 62 주공아파트 12단지 사상가 2층,37.47715719,126.8730646
경기도,광명시,비타민어린이집,경기도 광명시 목감로 88 현진에버빌아파트 105동 놀이터 앞,37.47587507,126.8478237
경기도,광명시,예빛어린이집,"경기도 광명시 가림일로 101 201동(철산동, 주공도덕파크타운아파트)",37.47049409,126.8658487
경기도,광명시,시립소하어린이집,경기도 광명시 금하로527번길 33 (소하1동),37.45377018,126.8893713
경기도,광명시,한진어린이집,"경기도 광명시 광명로 877 102동 103호(광명동, 한진아파트)",37.4779125,126.8531511
경기도,광명시,마리아어린이집,경기도 광명시 도덕공원로 37 천주교 철산성당 (철산동),37.47259854,126.864943
경기도,광명시,움찬어린이집,"경기도 광명시 안현로 15 108동 111호(하안동, 주공1단지아파트)",37.46434321,126.8726494
경기도,광명시,홍익어린이집,경기도 광명시 도덕공원로 49 브라운스톤상가1층내,37.47310204,126.8650316
경기도,광명시,행복한어린이집,"경기도 광명시 하안로 237 807동 106호(하안동, 하안주공8단지아파트)",37.45670122,126.8824176
경기도,광명시,굿모닝어린이집,"경기도 광명시 사성로 91 114동 103호(철산동, 두산위브아파트)",37.48908467,126.8663829
경기도,광명시,꿈샘어린이집,"경기도 광명시 하안로 364 912동 106호(하안동, 하안주공9단지아파트)",37.46807462,126.8785247
경기도,광명시,하늘빛어린이집,"경기도 광명시 사성로 91 104동 102호(철산동, 두산위브아파트)",37.48908467,126.8663829
경기도,광명시,함박웃음어린이집,경기도 광명시 가림로 38 하안주공아파트516-101호,37.46509632,126.8658529
경기도,광명시,참사랑어린이집,"경기도 광명시 하안로 284 1207동 103호(하안동, 하안주공12단지아파트)",37.46273494,126.8836021
경기도,광명시,파란들어린이집,"경기도 광명시 가림일로 79 103동 101호(철산동, 주공도덕파크타운아파트)",37.47092177,126.863777
경기도,광명시,예그랑어린이집,"경기도 광명시 철산로 57 1303동 108호(철산동, 주공13차아파트)",37.48020721,126.8700086
경기도,광명시,아름드리어린이집,"경기도 광명시 도덕로 56 102동 103호(광명동, 중앙하이츠아파트)",37.46848424,126.8551156
경기도,광명시,백상어린이집,"경기도 광명시 사성로103번길 14 107동 101호(철산동, 광복현대)",37.49125974,126.8669007
경기도,광명시,시립충현어린이집,경기도 광명시 충현로42번길 19 (소하2동),37.43404967,126.8847398
경기도,광명시,롯데아기사랑어린이집,"경기도 광명시 사성로 123 103동 101호(철산동, 광명롯데낙천대아파트)",37.49167546,126.86778
경기도,광명시,유성어린이집,경기도 광명시 광명로848번길 15 1층 (광명동),37.47404635,126.8530662
경기도,광명시,사랑의손어린이집,"경기도 광명시 가림로 38 518동 103호(하안동, 하안본주공5단지아파트)",37.46509632,126.8658529
경기도,광명시,시립한내어린이집,경기도 광명시 소하로 161 604동1층 (휴먼시아아파트) (소하1동),37.44714494,126.8887012
경기도,광명시,시립다원어린이집,경기도 광명시 소하로 55 414동 1층 (휴먼시아아파트) (소하1동),37.45006251,126.8854842
경기도,광명시,꼬마별어린이집,"경기도 광명시 하안로 364 908동 101호(하안동, 하안주공9단지아파트)",37.46807462,126.8785247
경기도,광명시,시립운산어린이집,경기도 광명시 소하로 10 107동 1층(휴먼시아아파트) (소하1동),37.4548116,126.8857097
경기도,광명시,아이주니어린이집,"경기도 광명시 도덕로 56 103동 105호(광명동, 중앙하이츠1차아파트)",37.46848424,126.8551156
경기도,광명시,옹달샘어린이집,경기도 광명시 광오로24번길 2 (광명동),37.47580909,126.8499196
경기도,광명시,래미안자이사임당어린이집,"경기도 광명시 디지털로 56 101동 104호(철산동, 철산래미안자이아파트)",37.47036151,126.8739954
경기도,광명시,꿈나래어린이집,경기도 광명시 소하로 9 휴먼시아 511동 관리동 (소하동),37.45248987,126.886358
경기도,광명시,꿈꾸는어린이집,"경기도 광명시 소하로 9 504동 104호(소하동, 소하휴먼시아5단지아파트)",37.45248987,126.886358
경기도,광명시,이편한센트레빌어린이집,"경기도 광명시 오리로 801 202동 104호(하안동, 대림동부)",37.46954501,126.8681296
경기도,광명시,꿈동산어린이집,"경기도 광명시 디지털로 56 101동 103호(철산동, 래미안자이아파트)",37.47036151,126.8739954
경기도,광명시,풀꽃어린이집,"경기도 광명시 오리로 801 208동 103호(하안동, 대림동부)",37.46954501,126.8681296
경기도,광명시,페퍼밀어린이집,"경기도 광명시 금당로 13 705동 107호(하안동, 하안주공7단지아파트)",37.46032928,126.8814714
경기도,광명시,꿀송이어린이집,"경기도 광명시 오리로 801 201동 102호(하안동, 이편한세상 센트레빌아파트)",37.46954501,126.8681296
경기도,광명시,해오름어린이집,"경기도 광명시 하안로 284 1201동 105호(하안동, 하안주공12단지아파트)",37.46273494,126.8836021
경기도,광명시,해나어린이집,"경기도 광명시 가림일로 101 202동 105호(철산동, 주공도덕파크타운아파트)",37.47049409,126.8658487
경기도,광명시,가온어린이집,경기도 광명시 소하로 162 휴먼시아아파트  7단지 관리동,37.44469725,126.8896656
경기도,광명시,숲속나라어린이집,"경기도 광명시 안현로 15 112동 102호(하안동, 하안주공1단지아파트)",37.46434321,126.8726494
경기도,광명시,미래아이어린이집,경기도 광명시 디지털로 24 철산푸르지오하늘채아파트 복지시설(철산동),37.4706683,126.8688575
경기도,광명시,광명구름산어린이집,경기도 광명시 소하로 38 휴먼시아2단지아파트 214동 1층 (소하동),37.45163573,126.8834203
경기도,광명시,지혜늘샘어린이집,경기도 광명시 신촌로 7 (소하동),37.44762358,126.8890978
경기도,광명시,고은아이어린이집,"경기도 광명시 소하로 161 614동 105호(소하동, 소하휴먼시아6단지아파트)",37.44714494,126.8887012
경기도,광명시,하담어린이집,"경기도 광명시 가림일로 79 109동 102호(철산동, 주공도덕파크타운아파트)",37.47092177,126.863777
경기도,광명시,아이빛어린이집,"경기도 광명시 광덕산로 26 관리동 1층 (하안동, 두산위브트레지움아파트 )",37.46831205,126.8724659
경기도,광명시,신촌개구장이어린이집,경기도 광명시 신촌로 49 신촌휴먼시아아파트 102동 1층 (소하동),37.44880738,126.8925668
경기도,광명시,한솔어린이집,"경기도 광명시 시청로 139 107동 103호(철산1동, 우성아파트)",37.48789961,126.8683458
경기도,광명시,래미안어린이집,경기도 광명시 디지털로 56 철산래미안자이아파트 관리동 1층,37.47036151,126.8739954
경기도,광명시,이든샘어린이집,"경기도 광명시 오리로 801 B동 1층(하안동, 대림동부)",37.46954501,126.8681296
경기도,광명시,아이앤빅스맘어린이집,경기도 광명시 성채로 37 광명역세권 4단지 복지관 1층 (소하동),37.43160489,126.8819465
경기도,광명시,우리숲어린이집,경기도 광명시 구름산로48번길 9 1층 (하안1동),37.45670434,126.8775055
경기도,광명시,시립SK테크노파크어린이집,경기도 광명시 하안로 60 C동 101호(소하1동),37.44474476,126.8940262
경기도,광명시,도덕파크어린이집,"경기도 광명시 가림일로 79 107동 104호(철산동, 주공도덕파크타운아파트)",37.47092177,126.863777
경기도,광명시,솜사탕어린이집,경기도 광명시 성채로 36 광명역세권아) 307동 104호 (소하동),37.43348643,126.883346
경기도,광명시,해와달어린이집,경기도 광명시 서원로 13 광명역세권휴먼시아 501동 103호 (소하2동),37.43159185,126.8849823
경기도,광명시,역세권휴먼시아사임당어린이집,"경기도 광명시 성채로 36 309동 102호(소하동, 광명역세권휴먼시아아파트)",37.43348643,126.883346
경기도,광명시,별사랑어린이집,"경기도 광명시 도덕공원로 59 102동 102호(철산동, 광명푸르지오아파트)",37.47359163,126.8634547
경기도,광명시,미소천사어린이집,"경기도 광명시 철산로 57 1324동 102호(철산동, 주공아파트)",37.48020721,126.8700086
경기도,광명시,네버랜드어린이집,"경기도 광명시 가림일로 79 101동 101호(철산동, 주공도덕파크타운아파트)",37.47092177,126.863777
경기도,광명시,열린어린이집,"경기도 광명시 디지털로 64 108동 102호(철산동, 철산한신)",37.47317796,126.8764523
경기도,광명시,중앙하이츠어린이집,"경기도 광명시 덕단이로 115 202동 107호(광명동, 중앙하이츠아파트)",37.47181623,126.8572321
경기도,광명시,룰루어린이집,"경기도 광명시 성채로 36 310동 101호(소하동, 역세권휴먼시아아파트)",37.43348643,126.883346
경기도,광명시,애기똥풀어린이집,경기도 광명시 목감로 58 광명동광명해모로이연아파트102동102호,37.47379782,126.8461043
경기도,광명시,우리누리어린이집,"경기도 광명시 목감로 58 106동 104호(광명동, 광명해모로이연아파트)",37.47379782,126.8461043
경기도,광명시,해모로어린이집,경기도 광명시 목감로 58 해모로이연아파트 115동 103호,37.47379782,126.8461043
경기도,광명시,엄지창의어린이집,경기도 광명시 광오로 24 ,37.47571729,126.849856
경기도,광명시,52어린이집,경기도 광명시 소하로 144 ,37.44466449,126.8890253
경기도,광명시,새나래어린이집,경기도 광명시 성채로 36 광명역세권3단지아파트 관리동 (소하동),37.43348643,126.883346
경기도,광명시,철산아장어린이집,"경기도 광명시 디지털로 63 1217동 104호 (철산동, 철산주공12단지아파트)",37.47467496,126.8716093
경기도,광명시,한비숲어린이집,"경기도 광명시 디지털로 24 107동 103호 (철산동, 철산푸르지오하늘채아파트)",37.4706683,126.8688575
경기도,광명시,아기사랑어린이집,"경기도 광명시 오리로348번길 23 101호(소하동, 렉스빌)",37.43460887,126.8814849
경기도,광명시,숲속이야기어린이집,"경기도 광명시 목감로 88 102동 101호(광명동, 현진에버빌아파트)",37.47587507,126.8478237
경기도,광명시,베베숲어린이집,"경기도 광명시 가림일로 101 205동 108호(철산동, 주공도덕파크타운아파트)",37.47049409,126.8658487
경기도,광명시,예다움어린이집,경기도 광명시 도덕로38번길 12 (광명동),37.46748985,126.8519588
경기도,광명시,시립소하누리어린이집,경기도 광명시 소하일로 51 (소하1동),37.44963759,126.8875511
경기도,광명시,하안숲소리어린이집,경기도 광명시 안재로14번길 30 (하안동),37.46095126,126.8743342
경기도,광명시,혜원어린이집,경기도 광명시 광화로 25 (광명동),37.47338255,126.8483423
경기도,광명시,자연누리어린이집,"경기도 광명시 사성로 91 주민공동이용시설 1층(철산동, 두산위브아파트)",37.48908467,126.8663829
경기도,광명시,아가세상어린이집,"경기도 광명시 금당로 11 601동 110호(하안동, 하안주공6단지아파트)",37.46035872,126.8782582
경기도,광명시,동화숲어린이집,"경기도 광명시 디지털로 63 1214동 108호(철산동, 철산주공12단지아파트)",37.47467496,126.8716093
경기도,광명시,정겨운어린이집,경기도 광명시 너부대로 30 (광명동),37.47742911,126.8487219
경기도,광명시,자이숲어린이집,"경기도 광명시 디지털로 56 112동 104호(철산동, 철산래미안자이아파트)",37.47036151,126.8739954
경기도,광명시,시립철산누리어린이집,경기도 광명시 모세로 48 (철산3동),37.48090036,126.8703407
경기도,광명시,신일드림키즈어린이집,경기도 광명시 시청로101번길 8 (철산동),37.48528117,126.8651317
경기도,광명시,구름산발도르프어린이집,경기도 광명시 호봉골길 16 ,37.41815079,126.8789787
경기도,광명시,이케아 다기스(광명)어린이집,경기도 광명시 일직로 17 이케아 다기스(광명)어린이집,37.424311,126.88278
경기도,광명시,시립별하숲어린이집,경기도 광명시 성채로78번길 5 (소하2동),37.43209032,126.877127
경기도,광명시,광명경찰서어린이집,경기도 광명시 금당로 31 ,37.45925933,126.8816518
경기도,광명시,기아소하어린이집,경기도 광명시 기아로 34 기아자동차 고객센터 1층,37.4360851,126.8832997
경기도,광명시,시립푸르지오어린이집,"경기도 광명시 양달로 7 105동 1층(일직동, 광명역푸르지오아파트)",37.41369459,126.8802768
경기도,광명시,시립새빛어린이집,"경기도 광명시 광명역로 26 101동 1층(일직동, 광명역파크자이아파트)",37.41411656,126.8853842
경기도,광명시,시립빛가온어린이집,"경기도 광명시 양지로 16 106동 1층(일직동, 광명역써밋플레이스아파트)",37.41710346,126.8809474
경기도,광명시,시립둥지어린이집,경기도 광명시 하안로 238 하안종합사회복지관 신관1층,37.45877252,126.8856852
경기도,광명시,시립하안누리어린이집,경기도 광명시 철망산로 48 시립하안누리어린이집,37.46796254,126.8743036
경기도,광명시,시립가온자이어린이집,경기도 광명시 광명역로 28 센트럴자이아파트 관리동,37.4178913,126.8885123
경기도,광명시,시립빛누리어린이집,경기도 광명시 양지로 7 ,37.41818429,126.8805549
경기도,광명시,시립새론어린이집,"경기도 광명시 오리로 835 철산센트럴푸르지오(A) 101동, 1층",37.47306381,126.8668376
경기도,광명시,시립솔빛어린이집,경기도 광명시 새터로 44-7 ,37.47335964,126.8550716
경기도,광명시,시립클래스티지어린이집,경기도 광명시 시청로 50 시립클래스티지어린이집,37.48073501,126.8653327
경기도,광명시,누리숲어린이집,경기도 광명시 새터로 44-8 아크포레자이위브아파트 관리동,37.4714649,126.8541099
경기도,광명시,자연숲어린이집,경기도 광명시 목감로 58 해모로이연아파트관리동(광명6동),37.47379782,126.8461043
경기도,광명시,시립센트베르어린이집,경기도 광명시 새터로 27 110동 1층(광명푸르지오센트베르),37.47184433,126.8531073
경기도,광명시,시립킨더레일광명역어린이집,경기도 광명시 광명역로 51 ,37.41861291,126.8859465
경기도,광명시,시립광명포레나어린이집,경기도 광명시 새터안로 16 ,37.47433001,126.8573535
경기도,광명시,하안꼬꼬마어린이집,경기도 광명시 하안로 320 주공아파트 1010동 101호(하안동),37.46359595,126.8800939
경기도,광명시,시립트리우스어린이집,"경기도 광명시 광이로 95 (광명동, 트리우스 광명)",37.48483709,126.857174
경기도,광명시,시립트리우스토리어린이집,경기도 광명시 광이로 96 ,37.48502868,126.8613685
경기도,광명시,시립호반샛별어린이집,"경기도 광명시 광명로848번길 42 (광명동, 광명호반써밋그랜드에비뉴)",37.47206629,126.8514108
경기도,광명시,트리우스광명어린이집,"경기도 광명시 광이로 95 114동 103호(광명동, 트리우스광명아파트)",37.48483709,126.857174
경기도,광명시,시립호반써밋어린이집,"경기도 광명시 광화로13번길 9 (광명동, 광명호반써밋그랜드에비뉴 1단지)",37.47217242,126.8505494
경기도,광명시,시립더헤리티지어린이집,경기도 광명시 시청로 70 (철산동),37.48201932,126.8713351
경기도,광명시,시립더헤리티지다온어린이집,경기도 광명시 시청로 70 (철산동),37.48201932,126.8713351
경기도,광명시,시립센트럴아이파크어린이집,"경기도 광명시 광이로 49 (광명동, 광명센트럴아이파크)",37.48175145,126.8583381
경기도,광명시,시립자이더샵포레나어린이집,"경기도 광명시 사성로75번길 1 (광명동, 광명자이더샵포레나))",37.488668,126.8618027
경기도,광명시,시립자이더샵포레나해담어린이집,"경기도 광명시 사성로75번길 34 (광명동, 광명자이더샵포레나))",37.49035989,126.8637244
경기도,광명시,시립브리에르어린이집,경기도 광명시 시청로 100 ,37.4847718,126.8670863
경기도,광명시,자이물댄동산어린이집,"경기도 광명시 사성로75번길 1 103동 106호(광명동, 광명자이더샵포레나1단지)",37.488668,126.8618027
경기도,구리시,아이랑어린이집,"경기도 구리시 원수택로 20 101동 105호(수택동, 쌍용아파트)",37.59388837,127.1396667
경기도,구리시,작은숲어린이집,"경기도 구리시 원수택로12번길 9 101호 (수택동, 유창뉴튼하우스)",37.59353725,127.1398226
경기도,구리시,시립장자어린이집,경기도 구리시 장자대로 34 (교문동),37.58706434,127.1341579
경기도,구리시,현대가온어린이집,경기도 구리시 동구릉로 114 현대아파트 관리동 2층 (인창동),37.60930274,127.1371624
경기도,구리시,구리사랑어린이집,경기도 구리시 아차산로 439 구리사랑어린이집 (교문동),37.59434976,127.1296401
경기도,구리시,피터팬어린이집,"경기도 구리시 체육관로 122 102동 107호(교문동, 동방)",37.59555526,127.1373888
경기도,구리시,드림모아어린이집,"경기도 구리시 건원대로 56 308동 101호(인창동, 삼보)",37.60780939,127.1404976
경기도,구리시,시립인창어린이집,경기도 구리시 인창2로43번길 50 ,37.60668695,127.1289613
경기도,구리시,주공아가어린이집,"경기도 구리시 건원대로76번길 39 203동106호(인창동, 인창주공아파트)",37.61069531,127.1407541
경기도,구리시,시립딸기원어린이집,경기도 구리시 딸기원중문길 29 (교문동),37.60316553,127.1203423
경기도,구리시,원창어린이집,경기도 구리시 장자대로111번길 15 한일아파트 관리동 원창어린이집,37.58815205,127.1430337
경기도,구리시,아이와어린이집,경기도 구리시 이문안로113번길 26-13 ,37.59288889,127.1443172
경기도,구리시,안델센어린이집,경기도 구리시 경춘로162번길 40 (교문동),37.59874889,127.1329261
경기도,구리시,신광어린이집,경기도 구리시 동구릉로 217-9 (인창동),37.61813585,127.1381627
경기도,구리시,윤희어린이집,경기도 구리시 안골로20번길 27 (교문동),37.59593325,127.1333626
경기도,구리시,아름어린이집,경기도 구리시 동구릉로85번길 17 (인창동),37.60973895,127.1316634
경기도,구리시,큰빛어린이집,경기도 구리시 체육관로 64 ,37.59028986,127.138168
경기도,구리시,나눔어린이집,경기도 구리시 검배로60번길 10 2층 (수택동),37.59639072,127.1447284
경기도,구리시,동원서머힐어린이집,경기도 구리시 동구릉로53번길 42 동원베네스트아파트관리동내,37.60669953,127.1333762
경기도,구리시,또래어린이집,"경기도 구리시 체육관로 54 101동 103호(수택동, 엘지원앙)",37.58903755,127.1387253
경기도,구리시,남양아이꿈 어린이집,경기도 구리시 경춘로276번길 67-40 남양 아이좋은집 아파트 내 상가 1층 (수택동),37.60028887,127.1492006
경기도,구리시,명성어린이집,경기도 구리시 검배로72번길 11-5 ,37.59552508,127.1461641
경기도,구리시,시립동구어린이집,경기도 구리시 동구릉로 217-16 동구동,37.61858477,127.1381967
경기도,구리시,큰나무어린이집,경기도 구리시 장자대로 38 금호1차 아파트 관리동,37.58704194,127.1337337
경기도,구리시,스타터즈어린이집,경기도 구리시 동구릉로238번길 20 한진그랑빌아파트 단지내,37.61896886,127.141847
경기도,구리시,아해뜰어린이집,경기도 구리시 동구릉로53번길 67 203동 103호 인창동 LG아파트,37.60763365,127.131871
경기도,구리시,예사랑어린이집,"경기도 구리시 이문안로 51 115동 102호(교문동, 한성아파트)",37.59259489,127.1366029
경기도,구리시,하얀어린이집,경기도 구리시 벌말로129번길 86 토평동,37.59043279,127.1451243
경기도,구리시,동화속 어린이집,"경기도 구리시 장자대로37번길 55 101동 102호(교문동, 덕현)",37.59115051,127.1341691
경기도,구리시,주공이지 어린이집,"경기도 구리시 건원대로76번길 39 211동 103호(인창동, 주공2단지아파트)",37.61069531,127.1407541
경기도,구리시,토평어린이집,경기도 구리시 장자호수길 125 토평마을e편한세상아파트 단지내 토평어린이집,37.58593016,127.1436634
경기도,구리시,동화나라어린이집,"경기도 구리시 동구릉로103번길 61 104동 104호(인창동, 동양주택조합)",37.6116342,127.133178
경기도,구리시,이레어린이집,"경기도 구리시 건원대로34번길 51 501동 104호(인창동, 삼환)",37.60486267,127.1427838
경기도,구리시,동심어린이집,"경기도 구리시 수택천로 60 102동 105호(수택동, 수택주공아파트)",37.59899575,127.1492891
경기도,구리시,홍익어린이집,"경기도 구리시 건원대로76번길 134 402동 104호(인창동, 인창주공4단지아파트)",37.60694053,127.143298
경기도,구리시,늘사랑어린이집,경기도 구리시 벌말로 226 검배 주공5차 아파트 관리동 (수택동),37.59573034,127.15298
경기도,구리시,사임당어린이집,경기도 구리시 검배로72번길 92 사임당어린이집,37.59441549,127.1423446
경기도,구리시,가대라곡어린이집,경기도 구리시 동구릉로148번길 15 원일가대라곡아파트 관리동 (인창동),37.61241362,127.1393647
경기도,구리시,원일어린이집,"경기도 구리시 동구릉로85번길 17 103동 108호(인창동, 원일아름)",37.60973895,127.1316634
경기도,구리시,하랑어린이집,경기도 구리시 인창2로27번길 28 (인창동),37.60548038,127.1299219
경기도,구리시,교문사임당어린이집,경기도 구리시 장자대로37번길 76 한가람아파트105동103호,37.59124226,127.1347727
경기도,구리시,동구사임당어린이집,"경기도 구리시 건원대로76번길 134 413동 105호(인창동, 주공4단지아파트)",37.60694053,127.143298
경기도,구리시,해피아이어린이집,"경기도 구리시 동구릉로85번길 17 101동 101호(인창동, 아름마을원일아파트)",37.60973895,127.1316634
경기도,구리시,두산어린이집,"경기도 구리시 체육관로113번길 45 109동 105호(교문동, 구리두산아파트)",37.59403961,127.1355273
경기도,구리시,금초롱어린이집,"경기도 구리시 건원대로 92 101동 101호(인창동, 주공1단지아파트)",37.61053409,127.1397968
경기도,구리시,대림어린이집,경기도 구리시 동구릉로129번길 23 인창2차이-편한세상 관리동,37.61129615,127.1353098
경기도,구리시,도담어린이집,"경기도 구리시 벌말로 226 501동 101호(수택동, 토평주공아파트)",37.59573034,127.15298
경기도,구리시,앙팡어린이집,"경기도 구리시 건원대로76번길 39 203동 101호 (인창동, 인창2단지주공아파트)",37.61069531,127.1407541
경기도,구리시,꿈나무어린이집,"경기도 구리시 건원대로99번길 112 103동 102호(인창동, 동문굿모닝힐아파트)",37.6051427,127.1385422
경기도,구리시,한가람어린이집,"경기도 구리시 장자대로37번길 70 106동 106호(교문동, 한가람아파트)",37.59153945,127.1348142
경기도,구리시,이삭어린이집,"경기도 구리시 동구릉로 93 701동 104호(인창동, 아름마을일신7단지아파트)",37.60873012,127.1343767
경기도,구리시,별하어린이집,"경기도 구리시 체육관로 45 105동 102호(교문동, 구리우성한양아파트)",37.58851367,127.1373738
경기도,구리시,예림어린이집,"경기도 구리시 동구릉로85번길 76 501동 102호(인창동, 아름마을인창래미안아파트)",37.61090762,127.1323979
경기도,구리시,시립토평마을어린이집,경기도 구리시 벌말로129번길 50 (토평동),37.58919687,127.14639
경기도,구리시,아가궁전어린이집,"경기도 구리시 건원대로34번길 77 602동 102호(인창동, 주공6단지아파트)",37.60553815,127.1439628
경기도,구리시,시립갈매어린이집,경기도 구리시 갈매중앙로 80 (갈매동),37.63143001,127.1177975
경기도,구리시,한빛꼬마어린이집,"경기도 구리시 응달말로52번길 10 101동 106호(인창동, 정은스카이빌)",37.60484784,127.1349424
경기도,구리시,베베어린이집,"경기도 구리시 동구릉로85번길 9 107동 103호(인창동, 동원베네스트)",37.60805923,127.1333551
경기도,구리시,아이나무어린이집,"경기도 구리시 장자대로37번길 20 101동 101호(교문동, 교문동양고속아파트)",37.58854207,127.1350195
경기도,구리시,아차산꼬마숲속어린이집,"경기도 구리시 아차산로487번길 10 102동 103호(교문동, 금호어울림아파트)",37.59877111,127.1292288
경기도,구리시,애림어린이집,경기도 구리시 응달말로40번길 13 삼호아파트 1동 101호,37.60363447,127.1358854
경기도,구리시,꿈이룸어린이집,경기도 구리시 건원대로 92 112동 105호(인창동 1단지주공아파트),37.61053409,127.1397968
경기도,구리시,예랑어린이집,경기도 구리시 건원대로34번길 51 508동 104호(인창동 삼환.신일아파트),37.60486267,127.1427838
경기도,구리시,자람어린이집,"경기도 구리시 동구릉로 114 106동 103호(인창동, 현대아파트)",37.60930274,127.1371624
경기도,구리시,리틀꿈초롱어린이집,"경기도 구리시 동구릉로238번길 20 106동 101호(인창동, 한진그랑빌아파트)",37.61896886,127.141847
경기도,구리시,예그리나어린이집,"경기도 구리시 장자대로37번길 55 102동 106호(교문동, 덕현아파트)",37.59115051,127.1341691
경기도,구리시,푸른어린이집,"경기도 구리시 체육관로 54 101동 107호(수택동, 엘지원앙아파트)",37.58903755,127.1387253
경기도,구리시,토리랑어린이집,"경기도 구리시 건원대로34번길 77 609동 102호(인창동, 인창6단지주공아파트)",37.60553815,127.1439628
경기도,구리시,자연어린이집,"경기도 구리시 장자대로37번길 70 103동 106호(교문동, 한가람아파트)",37.59153945,127.1348142
경기도,구리시,사랑숲어린이집,"경기도 구리시 동구릉로129번길 23 101동 103호(인창동,인창2차 이-편한세상)",37.61129615,127.1353098
경기도,구리시,와이즈키즈어린이집,"경기도 구리시 동구릉로129번길 24 101동 102호(인창동, 성원2차아파트)",37.61151182,127.1358863
경기도,구리시,예닮어린이집,경기도 구리시 갈매중앙로 131 한라비발디 단지 내,37.63562134,127.1195526
경기도,구리시,마음이어린이집,"경기도 구리시 갈매중앙로 131 307동 101호(갈매동,한라비발디)",37.63562134,127.1195526
경기도,구리시,숲속어린이집,"경기도 구리시 갈매중앙로 131 312동 102호(갈매동, 한라비발디)",37.63562134,127.1195526
경기도,구리시,시립새빛어린이집,경기도 구리시 갈매순환로 143 관리동,37.63215434,127.1210594
경기도,구리시,구리경찰서어린이집,경기도 구리시 아차산로 359 ,37.58710226,127.1297375
경기도,구리시,다사랑어린이집,"경기도 구리시 갈매중앙로 131 305동 102호(갈매동,한라비발디)",37.63562134,127.1195526
경기도,구리시,시립갈매행복어린이집,경기도 구리시 갈매중앙로 132 이스트힐아파트 내 어린이집,37.6356067,127.1209192
경기도,구리시,더샵사랑어린이집,경기도 구리시 갈매순환로 10 갈매더샵나인힐스 관리동,37.62531808,127.1112048
경기도,구리시,하늘별어린이집,"경기도 구리시 산마루로 46 관리동(갈매동,갈매4단지)",37.63012042,127.1182571
경기도,구리시,다솜어린이집,"경기도 구리시 산마루로 46 408동 102호(갈매동, 갈매스타힐스)",37.63012042,127.1182571
경기도,구리시,갈매아이사랑어린이집,"경기도 구리시 산마루로 46 409동 102호(갈매동, 갈매4단지)",37.63012042,127.1182571
경기도,구리시,아이조아어린이집,"경기도 구리시 갈매중앙로 16 706동 104호(갈매동, 대우 푸르지오아파트)",37.62686388,127.1149868
경기도,구리시,수피아어린이집,"경기도 구리시 갈매중앙로 16 703동 102호(갈매동, 대우푸르지오아파트)",37.62686388,127.1149868
경기도,구리시,뜰에빛어린이집,경기도 구리시 갈매중앙로 45 관리동,37.62925294,127.1149842
경기도,구리시,시립갈매푸르지오어린이집,경기도 구리시 갈매중앙로 16 푸르지오아파트 내,37.62686388,127.1149868
경기도,구리시,하솜어린이집,"경기도 구리시 경춘북로 252 806동 101호(갈매동, 갈매역아이파크)",37.63381259,127.1183227
경기도,구리시,시립갈매아이파크어린이집,경기도 구리시 경춘북로 252 갈매역아이파크아파트 내,37.63381259,127.1183227
경기도,구리시,갈매아이어린이집,"경기도 구리시 경춘북로 252 803동 103호 (갈매동, 갈매역아이파크)",37.63381259,127.1183227
경기도,구리시,시립갈매스위첸어린이집,경기도 구리시 갈매중앙로 25 갈매6단지아파트 내,37.62734941,127.1139774
경기도,구리시,사랑나눔어린이집,경기도 구리시 갈매순환로 28 1층 (갈매동),37.62469614,127.1134627
경기도,구리시,새봄어린이집,"경기도 구리시 갈매중앙로 25 601동 102호 (갈매동, 갈매6단지)",37.62734941,127.1139774
경기도,구리시,더샵리틀어린이집,"경기도 구리시 갈매순환로 10 2005동 103호(갈매동, 갈매더샵나인힐스)",37.62531808,127.1112048
경기도,구리시,시립수택어린이집,경기도 구리시 안골로64번길 10 이편한세상 수택 센트럴파크 내,37.59654111,127.1380259
경기도,구리시,e편한어린이집,"경기도 구리시 안골로64번길 10 102동 101호(수택동, e편한세상 수택 센트럴파크)",37.59654111,127.1380259
경기도,구리시,시립어반포레어린이집,경기도 구리시 건원대로33번길 9 인창동 어반포레아파트 내,37.60340457,127.1388033
경기도,구리시,시립행복가득어린이집,경기도 구리시 체육관로74번길 67 시립행복가득어린이집,37.59142572,127.141536
경기도,구리시,시립구리수자인어린이집,경기도 구리시 경춘로276번길 21 107동 1층,37.60222242,127.1464513
경기도,구리시,시립인창칸타빌어린이집,경기도 구리시 인창1로 39-9 ,37.60681516,127.1306834
경기도,구리시,시립힐스테이트어린이집,경기도 구리시 경춘로276번길 34 ,37.60149444,127.1459217
경기도,김포시,해맑은어린이집,경기도 김포시 봉화로51번길 74-4 ,37.6169444,126.7127795
경기도,김포시,리베폴어린이집,"경기도 김포시 사우중로73번길 11 211동 104호(북변동, 풍년마을청구한라아파트)",37.62080277,126.719482
경기도,김포시,늘푸른어린이집,경기도 김포시 김포대로1216번길 152 걸포동 36동 1호(걸포동),37.64379226,126.6957068
경기도,김포시,시립양곡어린이집,경기도 김포시 양촌면 양곡2로60번길 5 ,37.65736986,126.6279547
경기도,김포시,아이사랑몬테소리어린이집,"경기도 김포시 풍무로69번길 51 312동 103호(풍무동, 당곡마을월드메르디앙)",37.60199875,126.718807
경기도,김포시,시립북변어린이집,경기도 김포시 김포대로926번길 14 (북변동),37.62485784,126.7145617
경기도,김포시,예꼬어린이집,"경기도 김포시 전원로 27 105동 103호(운양동, 전원마을월드1단지아파트)",37.64685094,126.6828926
경기도,김포시,그리새어린이집,"경기도 김포시 사우중로73번길 11 관리동(북변동, 풍년마을한라청구)",37.62080277,126.719482
경기도,김포시,통진어린이집,경기도 김포시 통진읍 조강로56번길 116-19 ,37.69491613,126.6046021
경기도,김포시,파랑새 어린이집,경기도 김포시 풍년로 19 진흥아파트 단지내  파랑새  어린이집,37.62345654,126.7244559
경기도,김포시,어깨동무어린이집,경기도 김포시 봉화로167번길 35-18 107동 101호 감정동 신화아파트,37.62498206,126.7019421
경기도,김포시,삐아제어린이집,"경기도 김포시 감정로38번길 16 113동 101호(감정동, 푸른마을신안실크밸리1단지아파트)",37.61957613,126.6992359
경기도,김포시,꼬마또래어린이집,"경기도 김포시 봉화로181번길 31-14 106동 101호(감정동, 한국아파트)",37.62570754,126.6990352
경기도,김포시,우리아기어린이집,"경기도 김포시 봉화로167번길 35-18 103동 104호(감정동, 신화아파트)",37.62498206,126.7019421
경기도,김포시,싱그리아 어린이집,경기도 김포시 통진읍 조강로36번길 12-9 싱그리아아파트 101호,37.69000413,126.6024616
경기도,김포시,시립사우어린이집,경기도 김포시 돌문로 10 (사우동),37.61829672,126.7218577
경기도,김포시,월곶어린이집,경기도 김포시 월곶면 용강로37번길 76 ,37.72363791,126.5537637
경기도,김포시,아름다운어린이집,경기도 김포시 봉화로 59-10 농장마을 신안아파트 단지내,37.62013723,126.7113086
경기도,김포시,시립김포어린이집,경기도 김포시 북변1로16번길 17 ,37.6276825,126.7044181
경기도,김포시,시립대곶어린이집,경기도 김포시 대곶면 율생중앙로 15 ,37.64964639,126.5829097
경기도,김포시,아이그린어린이집,경기도 김포시 청송로 19 301동 102호( 청송마을현대3단지아파트),37.64926835,126.6680503
경기도,김포시,고촌어린이집,경기도 김포시 고촌읍 황어로350번길 128 ,37.5858573,126.7573547
경기도,김포시,꽃들어린이집,"경기도 김포시 전원로 28 106동 104호(운양동, 전원마을월드1단지아파트)",37.64604581,126.6831553
경기도,김포시,사랑뜰어린이집,경기도 김포시 북변중로25번길 16 (북변동),37.62450335,126.7114689
경기도,김포시,시립학운어린이집,경기도 김포시 양촌읍 학운산단3로17번길 7 ,37.60527639,126.5922029
경기도,김포시,전원어린이집,경기도 김포시 대곶면 불당로 110-25 ,37.66751166,126.6080508
경기도,김포시,신안큰사랑어린이집,"경기도 김포시 풍무로 113 관리동(풍무동,신안아파트)",37.60598164,126.7218033
경기도,김포시,삼환어린이집,"경기도 김포시 봉화로181번길 30 관리동 (감정동, 삼환아파트)",37.62766465,126.7005922
경기도,김포시,아장아장어린이집,"경기도 김포시 고촌읍 수기로 8 ,101동 104호(오룡마을한화아파트)",37.60279573,126.7667901
경기도,김포시,사랑샘어린이집,"경기도 김포시 풍년로 19 114동 104호(사우동, 풍년마을흥화아파트)",37.62345654,126.7244559
경기도,김포시,하나로어린이집,경기도 김포시 감정로 3-1 (감정동),37.62281972,126.7011702
경기도,김포시,마조어린이집,경기도 김포시 하성면 하성로 932 ,37.7540989,126.6344687
경기도,김포시,벧엘어린이집,경기도 김포시 하성면 석평로165번길 9 ,37.72570517,126.650175
경기도,김포시,꿈동이어린이집,"경기도 김포시 풍무로69번길 51 301동 101호(풍무동, 당곡마을월드메르디앙3단지아파트)",37.60199875,126.718807
경기도,김포시,청송어린이집,경기도 김포시 청송로 18 단지내 청송어린이집,37.64738998,126.6659751
경기도,김포시,김포시청직장어린이집,경기도 김포시 사우중로 1 김포시청직장어린이집,37.61606397,126.7143075
경기도,김포시,스폰지어린이집,경기도 김포시 풍무로 2 사회복지관내 스폰지어린이집,37.59630069,126.7219499
경기도,김포시,참신안어린이집,경기도 김포시 감정로38번길 16 관리동1층,37.61957613,126.6992359
경기도,김포시,하늘구멍어린이집,경기도 김포시 옹주물로 94-10 (감정동 102),37.63197863,126.6830606
경기도,김포시,그루터기어린이집,"경기도 김포시 풍무로 2 105동 103호(풍무동, 유현마을신동아1단지아파트)",37.59630069,126.7219499
경기도,김포시,아이나라어린이집,경기도 김포시 대곶면 종생로 8-9 ,37.64830646,126.5879874
경기도,김포시,아람키즈어린이집,경기도 김포시 통진읍 담터로 86 (통진읍 서암리 773-1),37.69404171,126.5986463
경기도,김포시,현대어린이집,경기도 김포시 통진읍 김포대로2270번길 29 ,37.69271005,126.5929629
경기도,김포시,현대꿈동이어린이집,"경기도 김포시 사우로 12 ,관리동(사우동,풍년마을현대아파트)",37.62084341,126.7225319
경기도,김포시,서광어린이집,"경기도 김포시 김포대로926번길 15 315동 104호(북변동, 풍년마을서광3단지아파트)",37.62562114,126.7149667
경기도,김포시,주공예능어린이집,경기도 김포시 통진읍 김포대로2270번길 40 관리동(소망마을주공아파트),37.69259284,126.5952407
경기도,김포시,아기궁전어린이집,"경기도 김포시 유현로 19 111동 101호(풍무동, 유현마을신동아1단지아파트)",37.59754115,126.7246302
경기도,김포시,삼성어린이집,경기도 김포시 승가로 89 장릉마을 삼성아파트단지내,37.60556975,126.707835
경기도,김포시,프라임햇살어린이집,"경기도 김포시 유현로 51 관리동(풍무동,유현마을현대프라임빌아파트)",37.59725629,126.7262696
경기도,김포시,동화나라어린이집,"경기도 김포시 풍무로69번길 23 303동 102호(풍무동, 당곡마을월드메르디앙3단지아파트)",37.60198918,126.720162
경기도,김포시,현대아이어린이집,경기도 김포시 풍무로 35 관리동1층 현대아이어린이집,37.59847568,126.7187198
경기도,김포시,해바라기어린이집,"경기도 김포시 김포대로926번길 88-36 301동 103호(북변동, 풍년마을대림아파트)",37.62305946,126.7167635
경기도,김포시,이솝어린이집,경기도 김포시 양촌면 양곡2로80번길 34 곡촌마을 102동 106호,37.6576867,126.6282568
경기도,김포시,큰나무어린이집,"경기도 김포시 중봉로 18 106동 102호(감정동, 쌍용아파트)",37.62432507,126.6974851
경기도,김포시,서해어린이집,"경기도 김포시 양도로 18 관리동 (풍무동, 양도마을 서해아파트)",37.60581633,126.7245003
경기도,김포시,푸르지오사랑어린이집,"경기도 김포시 유현로 215 213동 102호(풍무동, 풍무 센트럴 푸르지오)",37.61174676,126.7264923
경기도,김포시,아이랑어린이집,"경기도 김포시 돌문로15번길 45 102동 102호(사우동, 한신아파트)",37.61627669,126.7205125
경기도,김포시,아해뜰숲어린이집,경기도 김포시 고촌읍 신기신동로 53 ,37.60945815,126.7715641
경기도,김포시,김포한강어린이집,경기도 김포시 옹주물로 30 (장기동),37.637016,126.6866629
경기도,김포시,보람어린이집,"경기도 김포시 전원로 28 111동 101호(운양동, 전원마을월드1단지아파트)",37.64604581,126.6831553
경기도,김포시,별초롱어린이집,"경기도 김포시 사우중로74번길 8 103동 104호(사우동, 풍년마을동양아파트)",37.62094348,126.7209141
경기도,김포시,큰별어린이집,"경기도 김포시 통진읍 흥신로 291 ,111동 102호(태일포로미)",37.68225087,126.6080751
경기도,김포시,아이원어린이집,"경기도 김포시 풍년로 9 112동 102호(사우동, 풍년마을삼보아파트)",37.62398331,126.7234784
경기도,김포시,시립신곡어린이집,경기도 김포시 고촌읍 은행영사정로23번길 52-15 ,37.60389074,126.772814
경기도,김포시,초록별어린이집,"경기도 김포시 고촌읍 고송로 17 110동 104호(, 숲속마을대우아파트)",37.60490724,126.7679542
경기도,김포시,초록빛어린이집,"경기도 김포시 유현로 51 203동 101호(풍무동, 유현마을현대프라임빌아파트)",37.59725629,126.7262696
경기도,김포시,팅커벨어린이집,"경기도 김포시 통진읍 김포대로 2282 204동 103호(마송리, 현대2차아파트)",37.69218085,126.5927886
경기도,김포시,푸른숲어린이집,"경기도 김포시 고촌읍 수기로 67-54 124동 101호(신곡리, 수기마을힐스테이트1단지)",37.59375523,126.765394
경기도,김포시,힐스영재어린이집,경기도 김포시 수기로 67-54 수기마을힐스테이트 1단지 122-104,37.59375523,126.765394
경기도,김포시,산들어린이집,경기도 김포시 고촌읍 상미1로 7 222동 102호(힐스테이트 리버시티 2단지),37.62182721,126.7471127
경기도,김포시,힐스아이별어린이집,"경기도 김포시  고촌읍 상미1로 7 222동 101호(고촌읍, 힐스테이트리버시티 2단지)",37.62182721,126.7471127
경기도,김포시,아띠 어린이집,"경기도 김포시 고촌읍 수기로 136 209동 105호(신곡리, 캐슬앤파밀리에2단지)",37.59482587,126.7592166
경기도,김포시,아기둥지어린이집,"경기도 김포시 김포한강2로 168 104동 101호(장기동, 고창마을신영지웰아파트)",37.64225444,126.6666896
경기도,김포시,시립장기어린이집,"경기도 김포시 김포한강2로 144 ,관리동(장기동,초당마을주공아파트)",37.64337608,126.6689995
경기도,김포시,창조어린이집,"경기도 김포시 전원로 44 202동 101호 (운양동, 전원마을월드2단지아파트)",37.64682084,126.6848401
경기도,김포시,사랑숲어린이집,"경기도 김포시 김포한강1로 9 904동 101호(장기동, 고창마을반도유보라)",37.63989793,126.6648486
경기도,김포시,겨자씨 어린이집,"경기도 김포시 김포한강3로 290-16 801동 102호(장기동, 고창마을이니스더원아파트)",37.64213245,126.6605307
경기도,김포시,하나어린이집,경기도 김포시 통진읍 도이곶로 9 ,37.68550915,126.6129061
경기도,김포시,시립서암주공어린이집,경기도 김포시 통진읍 조강로36번길 39 110동 1층(휴먼시아주공아파트),37.69154453,126.6018758
경기도,김포시,꼬야꼬야어린이집,경기도 김포시 고촌읍 수기로 67-54 수기힐스테이트1단지 관리동,37.59375523,126.765394
경기도,김포시,잼잼어린이집,"경기도 김포시 김포한강2로 192 302동 103호(장기동, 고창마을자연앤어울림)",37.64414375,126.6639438
경기도,김포시,시립마송어린이집,경기도 김포시 통진읍 마송1로 22 ,37.68390967,126.6053538
경기도,김포시,자연키즈어린이집,"경기도 김포시 김포한강2로 192 관리동(장기동,고창마을자연앤어울림아파트)",37.64414375,126.6639438
경기도,김포시,꿈틀어린이집,경기도 김포시 고촌읍 신곡로 48 월드메르디앙 관리동 1층,37.60683969,126.7751261
경기도,김포시,꿈꾸는아이들어린이집,경기도 김포시 양곡3로 155 휴먼시아3단지내 관리동,37.66214828,126.6316268
경기도,김포시,시립곡촌어린이집,"경기도 김포시 양촌읍 양곡3로 129 ,206동 1층(곡촌마을휴먼시아아파트)",37.66171369,126.6358791
경기도,김포시,청아어린이집,경기도 김포시 양곡2로30번길 77 701동 101호,37.65453071,126.6310258
경기도,김포시,아림어린이집,경기도 김포시 양촌면 해평로 126-21 ,37.65400577,126.6591044
경기도,김포시,샛별어린이집,경기도 김포시 고촌읍 장곡로 2-17 ,37.60623812,126.75478
경기도,김포시,시립고다니어린이집,경기도 김포시 양촌읍 양곡로467번길 52 810동 1층(양곡휴먼시아고다니마을),37.6550008,126.6331801
경기도,김포시,리틀아이파크어린이집,"경기도 김포시 김포한강4로420번길 100 310동 103호(구래동, 김포한강아이파크)",37.65107278,126.6325934
경기도,김포시,시립원님어린이집,"경기도 김포시 양촌읍 황금로89번길 49 ,관리동(원님마을휴먼시아아파트)",37.61697362,126.6251423
경기도,김포시,시립매수리9단지어린이집,"경기도 김포시 통진읍 마송1로 133 ,관리동(매수리마을휴먼시아아파트)",37.68771931,126.5959517
경기도,김포시,시립매수리10단지어린이집,경기도 김포시 통진읍 마송1로 134-25 관리동(매수리마을10단지아파트),37.69026326,126.5937147
경기도,김포시,금별어린이집,"경기도 김포시 풍무로96번길 40 506동 104호(풍무동, 풍무자이)",37.60439624,126.7240939
경기도,김포시,오스타어린이집,"경기도 김포시 걸포1로 10 209동 101호(걸포동, 오스타파라곤2단지)",37.6336167,126.704729
경기도,김포시,아이좋아어린이집,"경기도 김포시  걸포2로 83 106동 201호(걸포동, 한강메트로자이1단지)",37.6331164,126.7010503
경기도,김포시,해든어린이집,경기도 김포시 청송로 50 (장기동),37.64895589,126.6700107
경기도,김포시,드림키즈어린이집,경기도 김포시 양촌면 양곡1로 68 양곡휴먼시아 2지구 1단지 관리동 드림키즈어린이집,37.65670369,126.6237832
경기도,김포시,다온어린이집,"경기도 김포시 유현로 215 216동 101호(풍무동, 풍무 센트럴 푸르지오)",37.61174676,126.7264923
경기도,김포시,리틀예담어린이집,경기도 김포시 황금로89번길 25 (자연앤데시앙113동101호),37.61868514,126.6242116
경기도,김포시,오스타파라곤아이숲어린이집,경기도 김포시 걸포1로 11 오스타파라곤 1단지 아파트 키즈라운지,37.63418938,126.7034069
경기도,김포시,키즈빌어린이집,"경기도 김포시  김포한강7로22번길 22 510동 104호(마산동, 한강힐스테이트)",37.64021747,126.6350448
경기도,김포시,강희어린이집,경기도 김포시 걸포1로 10 오스타파라곤 2단지 관리동,37.6336167,126.704729
경기도,김포시,시립김포시보듬이나눔이어린이집,경기도 김포시 양촌읍 황금로89번길 44 ,37.6170772,126.6232076
경기도,김포시,숲속마을어린이집,경기도 김포시 걸포1로 39 오스타파라곤 3단지 키즈라운지 (걸포동),37.63645709,126.706589
경기도,김포시,수정어린이집,"경기도 김포시 김포한강2로 12 ,관리동(장기동,김포한강수정마을2단지)",37.6437008,126.6776565
경기도,김포시,자이세상어린이집,"경기도 김포시 태장로 845 105동 103호(장기동, 한강센트럴자이1단지)",37.63579294,126.6771456
경기도,김포시,자이별어린이집,"경기도 김포시 태장로 845 131동 104호(장기동, 한강센트럴자이 1단지)",37.63579294,126.6771456
경기도,김포시,우미린어린이집,"경기도 김포시 김포한강5로 417 111동 201호(구래동, 한가람마을 우미린)",37.64819261,126.6254255
경기도,김포시,시립솔터어린이집,"경기도 김포시 김포한강8로 331 솔터마을 관리동 (마산동, 김포한강엘에이치솔터마을2단지)",37.6436885,126.6339128
경기도,김포시,우남미소어린이집,"경기도 김포시 김포한강2로 103 관리동(장기동, 초당마을 우남퍼스트빌",37.63643617,126.6735867
경기도,김포시,꿈애뜰어린이집,경기도 김포시 풍무로96번길 42 관리동(풍무자이 1단지),37.60418512,126.724201
경기도,김포시,금빛어린이집,경기도 김포시 황금로89번길 25 자연앤데시앙 관리동,37.61868514,126.6242116
경기도,김포시,토리어린이집,"경기도 김포시 김포한강8로 331 201동 101호(마산동, 김포한강엘에이치솔터마을)",37.6436885,126.6339128
경기도,김포시,홀츠앤키즈어린이집,경기도 김포시 풍무로96번길 100 풍무자이아파트 관리동,37.60387968,126.7269535
경기도,김포시,노리숲어린이집,"경기도 김포시 김포한강2로 69 603동 102호(장기동,초당마을래미안한강아파트)",37.63905762,126.6751362
경기도,김포시,키즈웨이어린이집,경기도 김포시 김포한강2로 362 중흥S클래스 파크애비뉴 615-105,37.65095993,126.666803
경기도,김포시,칭찬가득어린이집,경기도 김포시 김포한강3로 290-13 한양수자인 616-103,37.64336405,126.6592033
경기도,김포시,꼬마숲한양어린이집,"경기도 김포시 김포한강3로 290-13 613동104호(장기동, 고창마을 한양수자인 리버팰리스)",37.64336405,126.6592033
경기도,김포시,래미안꼬마숲어린이집,경기도 김포시 김포한강2로 69 (장기동 초당마을 삼성래미안 606-102),37.63905762,126.6751362
경기도,김포시,스위첸새빛어린이집,경기도 김포시 김포한강2로 208 스위첸 관리동,37.64694254,126.6618275
경기도,김포시,도담도담어린이집,경기도 김포시 김포한강3로 290-13 한양수자인 602-101,37.64336405,126.6592033
경기도,김포시,라온어린이집,"경기도 김포시 김포한강4로420번길 100 310동 104호(구래동, 김포한강아이파크)",37.65107278,126.6325934
경기도,김포시,아이노리어린이집,경기도 김포시 중봉로 1-1 314동 102호(감정동 중봉마을신안실크밸리3차),37.62242728,126.6968706
경기도,김포시,아이뜰어린이집,"경기도 김포시 중봉로 1-1 313동 102호(감정동,신안실크밸리아파트)",37.62242728,126.6968706
경기도,김포시,아이친구어린이집,경기도 김포시 신곡로3번길 34-38 동부a 205-101,37.60531629,126.7743192
경기도,김포시,행복가득한어린이집,경기도 김포시 양곡2로30번길 77 고다니7단지 701-103,37.65453071,126.6310258
경기도,김포시,사랑가득어린이집,"경기도 김포시 유현로 19 117동 102호(풍무동, 신동아아파트)",37.59754115,126.7246302
경기도,김포시,아이사랑어린이집,경기도 김포시 김포한강2로 11 쌍용예가a 102-201,37.64261427,126.6792959
경기도,김포시,베이비스쿨어린이집,경기도 김포시 김포한강2로 208 스위첸a 402-102,37.64694254,126.6618275
경기도,김포시,쌍용해피아이어린이집,"경기도 김포시 김포한강2로 11 116동 204호(장기동,수정마을쌍용예가아파트)",37.64261427,126.6792959
경기도,김포시,꼬꼬맘어린이집,경기도 김포시 감정로 64 신안실크밸리아파트 122동106호,37.61943004,126.699927
경기도,김포시,하늘땅어린이집,"경기도 김포시 풍년로 9 110동 101호(사우동, 풍년마을삼보아파트)",37.62398331,126.7234784
경기도,김포시,예승어린이집,"경기도 김포시 김포한강11로 227 503동 104호(운양동,풍경마을래미안2차아파트)",37.65328914,126.674614
경기도,김포시,푸르미르어린이집,경기도 김포시 서암로131번길 42-42 선진아파트 내,37.69799738,126.6001457
경기도,김포시,토마토어린이집,"경기도 김포시 김포한강8로 409 507동 102호(구래동, 한강신도시 3차 푸르지오)",37.63977279,126.6225177
경기도,김포시,초롱초롱어린이집,"경기도 김포시 양도로 46 203동 101호(풍무동,양도마을서해아파트)",37.60517908,126.727534
경기도,김포시,주닮어린이집,"경기도 김포시 유현로 200 ,118동 103호(풍무동,풍무푸르지오아파트)",37.60964426,126.7326057
경기도,김포시,자이아이어린이집,"경기도 김포시 태장로 846 202동 101호(장기동, 한강센트럴자이2단지)",37.63556818,126.6726817
경기도,김포시,자이사랑어린이집,"경기도 김포시 태장로 845 133동 102호(장기동, 한강센트럴자이 1단지)",37.63579294,126.6771456
경기도,김포시,중흥i-class어린이집,경기도 김포시 김포한강2로 113 중흥s클래스 리버티 관리동,37.63766014,126.6684768
경기도,김포시,혜원어린이집,경기도 김포시 김포한강2로 113 중흥s클래스 리버티 317-103,37.63766014,126.6684768
경기도,김포시,호반꼬마숲어린이집,경기도 김포시 김포한강2로 229 호반베르디움 513-104,37.6478019,126.6608866
경기도,김포시,반디어린이집,"경기도 김포시 김포한강11로 276 705동 201호(운양동, 한강신도시반도유보라2차)",37.65485664,126.6804056
경기도,김포시,해누리어린이집,경기도 김포시 양곡로390번길 27-8 ,37.66445605,126.6348178
경기도,김포시,대림파랑새어린이집,"경기도 김포시 김포한강11로 287 206동 104호(운양동,풍경마을대림e-편한세상)",37.6563533,126.6815856
경기도,김포시,리버팰리스어린이집,경기도 김포시 김포한강3로 290-13 한양수자인 관리동,37.64336405,126.6592033
경기도,김포시,예쁜새싹어린이집,경기도 김포시 옹주물로 94-4 ,37.63212412,126.6835599
경기도,김포시,아하키즈어린이집,경기도 김포시 양곡2로 5-16 ,37.65184041,126.6262233
경기도,김포시,시립솔터3단지어린이집,"경기도 김포시 김포한강8로 333 (마산동,김포한강LH솔터마을3단지)",37.64333098,126.6316527
경기도,김포시,해피키즈어린이집,"경기도 김포시 김포한강11로 38 관리동 A(운양동,모담마을한강화성파크드림아파트)",37.64482943,126.6911875
경기도,김포시,꿈꾸는세상어린이집,"경기도 김포시 김포한강11로 38 관리동 B(운양동,모담마을한강화성파크드림아파트)",37.64482943,126.6911875
경기도,김포시,성우다담어린이집,"경기도 김포시 김포한강2로 292 장기동, 현대성우아파트",37.64866254,126.6635075
경기도,김포시,시립김포고창어린이집,경기도 김포시 김포한강3로 291 김포시장애인복지관1층,37.64171447,126.6587441
경기도,김포시,호반오즈어린이집,경기도 김포시 김포한강2로 229 호반베르디움아파트 관리동,37.6478019,126.6608866
경기도,김포시,아름솔어린이집,경기도 김포시 유현로33번길 30 ,37.59833595,126.7257291
경기도,김포시,바다의별어린이집,"경기도 김포시 김포한강8로 173-58 208-동101호(마산동, 은여울마을경남아너스빌)",37.63729988,126.6368151
경기도,김포시,나비마을어린이집,"경기도 김포시 김포한강8로 377 관리동어린이집(구래동,나비마을리슈빌아파트)",37.64282273,126.6272886
경기도,김포시,힐스베베어린이집,"경기도 김포시 김포한강7로22번길 22 514동 102호(마산동,솔터마을자연앤힐스테이트)",37.64021747,126.6350448
경기도,김포시,한강별어린이집,"경기도 김포시  김포한강8로 173-88 607동 103호(마산동, 동일스위트더파크뷰 1단지)",37.63721615,126.6356377
경기도,김포시,아이샘어린이집,"경기도 김포시 김포한강7로22번길 22 513동 102호(마산동,솔터마을자연앤힐스테이트)",37.64021747,126.6350448
경기도,김포시,아이꿈어린이집,"경기도 김포시 김포한강7로22번길 22 514동 104호(마산동,솔터마을자연앤힐스테이트)",37.64021747,126.6350448
경기도,김포시,에코비어린이집,경기도 김포시 김포한강5로 385 구래동 호수마을자연앤이편한세상 208-103,37.64969668,126.6302738
경기도,김포시,주빌리어린이집,"경기도 김포시 김포한강7로22번길 22 (마산동, 자연앤힐스테이트) 512동 102호",37.64021747,126.6350448
경기도,김포시,뉴고려병원부설파란잎어린이집,경기도 김포시 김포한강3로 290-16 이니스더원아파트 805동 102호,37.64213245,126.6605307
경기도,김포시,아기대통령어린이집,"경기도 김포시 김포한강11로 179 509동 104호(운양동, 한강신도시푸르지오)",37.64889883,126.6776592
경기도,김포시,홀리키즈어린이집,"경기도 김포시 김포한강11로 287 관리동(운양동,풍경마을대림e편한세상아파트)",37.6563533,126.6815856
경기도,김포시,예가아트어린이집,경기도 김포시 김포한강2로 11 쌍용예가관리동,37.64261427,126.6792959
경기도,김포시,한라비발디어린이집,"경기도 김포시 김포한강11로255번길 149 101동 205호(운양동,풍경마을한라비발디아파트)",37.65926179,126.682103
경기도,김포시,키즈홀릭어린이집,"경기도 김포시 김포한강11로 276 708동 201호(운양동, 풍경마을반도유보라아파트)",37.65485664,126.6804056
경기도,김포시,빨간망토어린이집,"경기도 김포시 김포한강11로 276 701동 205호(운양동, 풍경마을반도유보라아파트)",37.65485664,126.6804056
경기도,김포시,좋은어린이집,"경기도 김포시 김포한강11로 276 713동 201호(운양동, 풍경마을반도유보라아파트)",37.65485664,126.6804056
경기도,김포시,보나어린이집,경기도 김포시 중봉로 1-1 신안실크벨리3차 관리동,37.62242728,126.6968706
경기도,김포시,힐스아이세상어린이집,"경기도 김포시 김포한강7로22번길 22 관리동(마산동,한강 힐스테이트)",37.64021747,126.6350448
경기도,김포시,상록어린이집,경기도 김포시 김포한강8로 173-27 은여울마을 관리동 (마산동),37.63691823,126.6420649
경기도,김포시,하람어린이집,"경기도 김포시 김포한강5로 385 관리동(구래동,호수마을자연앤이편한세상아파트)",37.64969668,126.6302738
경기도,김포시,풍경도담어린이집,"경기도 김포시 김포한강11로255번길 149 관리동(운양동,풍경마을한강한라비발디아파트)",37.65926179,126.682103
경기도,김포시,롯데키즈스토리어린이집,"경기도 김포시 김포한강11로 275 311동 204호(운양동, 한강신도시롯데캐슬아파트)",37.65473621,126.6779991
경기도,김포시,롯데아이사랑어린이집,"경기도 김포시 김포한강11로 275 307동 205호(운양동, 한강신도시롯데캐슬아파트)",37.65473621,126.6779991
경기도,김포시,예쁜어린이집,"경기도 김포시 풍무로68번길 39 104동 104호(풍무동, 한화유로메트로아파트)",37.6018428,126.7226189
경기도,김포시,동심어린이집,"경기도 김포시 김포한강11로 227 503동 103호 (운양동, 풍경마을래미안2차아파트)",37.65328914,126.674614
경기도,김포시,네오요게벳어린이집,"경기도 김포시 김포한강11로 227 503동 102호 (운양동, 풍경마을 래미안2차)",37.65328914,126.674614
경기도,김포시,사랑해어린이집,"경기도 김포시 풍무로68번길 41 204동 101호(풍무동, 한화유로메트로아파트)",37.60131879,126.726402
경기도,김포시,래미안햇님어린이집,"경기도 김포시 김포한강11로 227 506동 102호(운양동, 풍경마을 래미안 한강2차)",37.65328914,126.674614
경기도,김포시,쿠키어린이집,"경기도 김포시 풍무로68번길 41 209동 104호 (풍무동, 한화유로메트로아파트)",37.60131879,126.726402
경기도,김포시,엔젤사랑어린이집,"경기도 김포시 김포한강2로 273 509동 102호(장기동, 청송마을 모아미래도엘가)",37.64847977,126.6620379
경기도,김포시,래미안루리어린이집,"경기도 김포시 김포한강11로 227 502동 102호(운양동, 풍경마을 래미안 한강2차)",37.65328914,126.674614
경기도,김포시,유보라키즈어린이집,경기도 김포시 김포한강11로 276 관리동(반도유보라2차 아파트),37.65485664,126.6804056
경기도,김포시,푸른나래어린이집,"경기도 김포시 풍무로68번길 39 보육동(풍무동, 한화유로메트로 1단지)",37.6018428,126.7226189
경기도,김포시,그린나래어린이집,"경기도 김포시 풍무로68번길 41 보육동 (풍무동, 한화유로메트로 2단지)",37.60131879,126.726402
경기도,김포시,호수마을 어린이집,"경기도 김포시 김포한강4로420번길 164 (구래동, 자연앤이편한세상아파트 관리동)",37.64803788,126.62875
경기도,김포시,은여울어린이집,"경기도 김포시 김포한강8로 173-58 관리동(마산동,은여울마을경남아어스빌아파트)",37.63729988,126.6368151
경기도,김포시,시립희망어린이집,경기도 김포시 김포한강1로 77-39 김포시육아종합지원센터 1층,37.64658973,126.6701348
경기도,김포시,조이키즈어린이집,"경기도 김포시 김포한강11로 275 관리동(운양동,한강신도시롯데캐슬아파트)",37.65473621,126.6779991
경기도,김포시,노랑나비어린이집,"경기도 김포시 김포한강8로 365 관리동(구래동,구래역화성파크드림)",37.64337539,126.6286039
경기도,김포시,엘림빅스맘어린이집,"경기도 김포시 김포한강2로 273 관리동어린이집(장기동,청송마을모아미래도엘가아파트)",37.64847977,126.6620379
경기도,김포시,우방어린이집,"경기도 김포시 고촌읍 고송로 7 ,관리동(김포고촌우방아이유쉘아파트)",37.60437966,126.7675615
경기도,김포시,시립호수어린이집,"경기도 김포시 김포한강4로420번길 163 어린이집(구래동,김포한강엘에이치호수마을5단지)",37.64853706,126.6313204
경기도,김포시,푸르지오베베어린이집,"경기도 김포시 유현로 200 ,103동 102호(풍무동,풍무푸르지오아파트)",37.60964426,126.7326057
경기도,김포시,자연꿈어린이집,"경기도 김포시 태장로 845 ,105동 102호(장기동, 한강센트럴자이 1단지)",37.63579294,126.6771456
경기도,김포시,우리아이어린이집,"경기도 김포시 태장로 845 ,106동 104호(장기동, 한강센트럴자이 1단지)",37.63579294,126.6771456
경기도,김포시,자이키즈웨이어린이집,"경기도 김포시 태장로 845 131동 103호(장기동, 한강센트럴자이1단지)",37.63579294,126.6771456
경기도,김포시,센트럴키즈어린이집,"경기도 김포시 태장로 845 131동 101호(장기동, 한강센트럴자이1단지)",37.63579294,126.6771456
경기도,김포시,고은맘어린이집,"경기도 김포시 유현로 215 207동 103호(풍무동, 풍무 센트럴 푸르지오)",37.61174676,126.7264923
경기도,김포시,아이행복어린이집,"경기도 김포시 김포한강8로 409 511동 102호 (구래동,한강신도시3차 푸르지오)",37.63977279,126.6225177
경기도,김포시,꿈샘어린이집,경기도 김포시 태장로 846 206동 103호(장기동 한강센트럴자이 2차),37.63556818,126.6726817
경기도,김포시,푸르지오선경어린이집,"경기도 김포시 김포한강8로 409 510동 101호 (구래동, 한강신도시3차 푸르지오아파트)",37.63977279,126.6225177
경기도,김포시,한신사랑숲어린이집,"경기도 김포시 김포한강11로438번길 123 한신더휴테라스 관리동(운양동, 한신더휴테라스 12BL)",37.65144101,126.6945105
경기도,김포시,다솜어린이집,경기도 김포시 고촌읍 은행영사정로23번길 23 102동 102호(고촌행정타운 한양수자인),37.60280081,126.7720189
경기도,김포시,블루힐어린이집,"경기도 김포시 김포한강8로 15 관리동 (마산동, 한강센트럴블루힐)",37.63545034,126.6292524
경기도,김포시,도담어린이집,"경기도 김포시 김포한강8로 409 511동 101호(구래동, 한강신도시3차푸르지오)",37.63977279,126.6225177
경기도,김포시,푸르지오맘스어린이집,"경기도 김포시 모담공원로 17 805동 104호(운양동, 한강신도시운양푸르지오)",37.65200371,126.681178
경기도,김포시,에일린어린이집,"경기도 김포시 김포한강8로 281 104동 103호(마산동, 한강신도시레이크에일린의뜰)",37.64438762,126.6379584
경기도,김포시,시립양촌어린이집,경기도 김포시 양촌읍 양곡4로197번길 11 행복주택,37.66027854,126.6302916
경기도,김포시,라온제나빅스맘어린이집,"경기도 김포시 김포한강2로 41 관리동(장기동, e편한세상 캐널시티)",37.64127017,126.6776017
경기도,김포시,365일유보라어린이집,"경기도 김포시 김포한강8로 173-28 관리동(마산동, 한강신도시 반도유보라3차)",37.63746266,126.6426194
경기도,김포시,모아엘가올리브어린이집,"경기도 김포시 김포한강9로12번길 50 401동 101호(구래동, 김포한강신도시 모아엘가2차)",37.63840088,126.6291696
경기도,김포시,시립구래어린이집,"경기도 김포시 김포한강4로 564 (구래동, 한가람마을, LH 2단지)",37.64670018,126.6201708
경기도,김포시,자이키즈어린이집,"경기도 김포시 태장로 846 관리동(장기동, 한강센트럴자이 2차)",37.63556818,126.6726817
경기도,김포시,키즈트리어린이집,"경기도 김포시 김포한강9로 116 105동 102호(구래동, 한강신도시 반도유보라5차)",37.64746135,126.6258434
경기도,김포시,해피 i 어린이집,"경기도 김포시 김포한강4로420번길 100 306동 101호(구래동, 김포한강아이파크)",37.65107278,126.6325934
경기도,김포시,아이파크어린이집,"경기도 김포시 김포한강4로420번길 100 314동 103호(구래동, 김포한강아이파크)",37.65107278,126.6325934
경기도,김포시,또바기어린이집,경기도 김포시 태장로 845 101동 101호(장기동 한강센트럴자이),37.63579294,126.6771456
경기도,김포시,자이하늘어린이집,"경기도 김포시 태장로 845 관리동(장기동, 한강센트럴자이1단지)",37.63579294,126.6771456
경기도,김포시,꿈꾸는달팽이어린이집,"경기도 김포시 김포한강11로 227 507동 103호(운양동, 풍경마을래미안한강2차)",37.65328914,126.674614
경기도,김포시,쁘띠아이어린이집,"경기도 김포시 김포대로 1430 602동 104호(운양동, 리버에일린의뜰)",37.65337795,126.6734283
경기도,김포시,라라어린이집,"경기도 김포시 유현로 19 106동 103호(유현마을, 신동아아파트)",37.59754115,126.7246302
경기도,김포시,아이빅스맘어린이집,"경기도 김포시 김포한강4로420번길 100 313동 104호(구래동, 김포한강아이파크)",37.65107278,126.6325934
경기도,김포시,타운힐스어린이집,"경기도 김포시 김포한강11로255번길 15 107동 104호(운양동, 김포한강 이랜드타운힐스)",37.65478395,126.6768713
경기도,김포시,아기구름어린이집,"경기도 김포시 김포한강8로 173-59 104동 103호(마산동, e편한세상 한강신도시2차)",37.63670467,126.6390101
경기도,김포시,단비어린이집,"경기도 김포시 김포한강8로 173-59 105동 102호(마산동,  e편한세상 한강신도시2차)",37.63670467,126.6390101
경기도,김포시,이편한 로이어린이집,"경기도 김포시 김포한강8로 173-59 104동 102호(마산동, e편한세상 한강신도시2차)",37.63670467,126.6390101
경기도,김포시,푸르지오큰나무어린이집,"경기도 김포시 유현로 215 206동 104호(풍무동, 풍무 센트럴 푸르지오)",37.61174676,126.7264923
경기도,김포시,푸르지오리틀어린이집,"경기도 김포시 유현로 215 201동 102호(풍무동, 풍무 센트럴 푸르지오)",37.61174676,126.7264923
경기도,김포시,바다어린이집,"경기도 김포시 유현로 215 212동 102호(풍무동, 풍무 센트럴 푸르지오)",37.61174676,126.7264923
경기도,김포시,리온어린이집,"경기도 김포시 유현로 215 203동 101호(풍무동, 풍무 센트럴 푸르지오)",37.61174676,126.7264923
경기도,김포시,나비동산어린이집,"경기도 김포시 김포한강8로 365 104동 105호(구래동, 구래역 화성파크드림)",37.64337539,126.6286039
경기도,김포시,시립e-꿈찬어린이집,"경기도 김포시 김포한강8로 173-59 (마산동, e편한세상 한강신도시2차)",37.63670467,126.6390101
경기도,김포시,시립푸르지오아이어린이집,"경기도 김포시 김포한강8로 409 (구래동, 한강신도시3차 푸르지오)",37.63977279,126.6225177
경기도,김포시,시립아이파크어린이집,"경기도 김포시 김포한강4로420번길 100 (구래동, 김포한강아이파크)",37.65107278,126.6325934
경기도,김포시,시립유보라-i어린이집,"경기도 김포시 김포한강9로 116 (구래동, 한강신도시 반도유보라5차)",37.64746135,126.6258434
경기도,김포시,예미지빅스맘어린이집,"경기도 김포시 김포한강9로 11 관리동(구래동, 김포 한강 예미지)",37.6381137,126.6261313
경기도,김포시,한강에일린어린이집,"경기도 김포시 김포한강8로 281 관리동(마산동, 한강신도시레이크에일린의뜰)",37.64438762,126.6379584
경기도,김포시,유보라 꿈나무어린이집,"경기도 김포시 김포한강4로 487 101동 1층(구래동, 한강신도시 반도유보라 4차)",37.64639789,126.6295163
경기도,김포시,I-KEYUM 김포한강어린이집,경기도 김포시 김포한강11로 107 관리동(운양동),37.64416999,126.6867046
경기도,김포시,시립풍무어린이집,"경기도 김포시 유현로 215 (풍무동, 풍무센트럴푸르지오)",37.61174676,126.7264923
경기도,김포시,조이빌어린이집,"경기도 김포시 김포한강11로 37 109동 관리동(운양동, 김포한강신도시 2차 스위첸)",37.64402588,126.6928912
경기도,김포시,시립수자인어린이집,경기도 김포시 고촌읍 은행영사정로23번길 23 (고촌행정타운한양수자인),37.60280081,126.7720189
경기도,김포시,리틀킹어린이집,"경기도 김포시 김포한강11로255번길 15 관리동(운양동, 김포한강 이랜드 타운힐스)",37.65478395,126.6768713
경기도,김포시,스위첸빅스맘어린이집,"경기도 김포시 김포한강11로 37 106동 관리동(운양동, 김포한강신도시 2차 KCC스위첸)",37.64402588,126.6928912
경기도,김포시,시립사우아이파크어린이집,"경기도 김포시 사우로 51 (사우동, 김포사우아이파크단지내)",37.6205958,126.7273139
경기도,김포시,시립꿈에그린어린이집,경기도 김포시 유현로33번길 73 ,37.60048616,126.7249187
경기도,김포시,시립모아엘가어린이집,경기도 김포시 김포한강9로12번길 50 (구래모아엘가2차),37.63840088,126.6291696
경기도,김포시,시립스위첸어린이집,경기도 김포시 김포한강11로 37 (운양Kcc스위첸 단지내),37.64402588,126.6928912
경기도,김포시,예미지 아이사랑어린이집,"경기도 김포시 김포한강9로 11 414동 106호(구래동, 김포 한강 예미지)",37.6381137,126.6261313
경기도,김포시,아이누리어린이집,"경기도 김포시 김포한강9로 11 411동 106호(구래동, 김포 한강 예미지)",37.6381137,126.6261313
경기도,김포시,시립리버에일린의뜰어린이집,경기도 김포시 김포대로 1430 (운양리버에일린의뜰 단지내),37.65337795,126.6734283
경기도,김포시,다정어린이집,"경기도 김포시 김포한강8로 173-28 (마산동, 한강신도시 반도유보라3차) 113동 101호",37.63746266,126.6426194
경기도,김포시,캐슬맘어린이집,경기도 김포시 고촌읍 수기로 136 219동103호 (캐슬앤파밀리에 2단지),37.59482587,126.7592166
경기도,김포시,유채어린이집,경기도 김포시 고촌읍 수기로 136 캐슬엔파밀리에 2단지 222동 106호,37.59482587,126.7592166
경기도,김포시,시립호수공원어린이집,경기도 김포시 김포한강4로 471 호반베르디움더레이크2차 관리동 어린이집,37.64702612,126.6318689
경기도,김포시,시립더퍼스트어린이집,경기도 김포시 김포한강2로 361 (호반베르디움더퍼스트 단지 내),37.65172688,126.6707299
경기도,김포시,온새미로어린이집,"경기도 김포시 유현로 215 208동 104호(풍무동, 풍무센트럴프르지오)",37.61174676,126.7264923
경기도,김포시,시립보름어린이집,경기도 김포시 고촌읍 수기로 136 (캐슬앤파밀리에시티2단지 관리동어린이집),37.59482587,126.7592166
경기도,김포시,꿈빛어린이집,"경기도 김포시 김포한강9로115번길 37 (구래동, 김포한강 데세리브) 관리동",37.64670316,126.6223895
경기도,김포시,시립감정헤센어린이집,경기도 김포시 감정로 87 (감정센트럴헤센1단지 관리동어린이집),37.61577342,126.7035045
경기도,김포시,아이리더어린이집,경기도 김포시 고촌읍 상미로 38 107동 101호(힐스테이트리버시티 1단지),37.62227,126.7442515
경기도,김포시,키즈꿈터어린이집,"경기도 김포시 걸포1로 11 101동 103호(걸포동, 오스타파라곤)",37.63418938,126.7034069
경기도,김포시,다조은어린이집,경기도 김포시 고촌읍 상미1로 7 힐스테이트리버시티 2단지 221동 102호,37.62182721,126.7471127
경기도,김포시,시립걸포자이어린이집,경기도 김포시 걸포2로 83 (한강메트로자이1단지) 관리동 어린이집,37.6331164,126.7010503
경기도,김포시,시립한강자이어린이집,경기도 김포시 걸포2로 74 (한강메트로자이2단지) 관리동 어린이집,37.63683909,126.7006622
경기도,김포시,시립김포리버시티어린이집,경기도 김포시 고촌읍 상미로 38 (힐스테이트리버시티1단지 관리동 어린이집),37.62227,126.7442515
경기도,김포시,시립한강리버시티어린이집,경기도 김포시 고촌읍 상미1로 7 (힐스테이트리버시티2단지 관리동 어린이집),37.62182721,126.7471127
경기도,김포시,힐스종달새어린이집,"경기도 김포시 고촌읍 상미1로 7 (고촌읍, 힐스테이트리버시티2단지) 205동 103호",37.62182721,126.7471127
경기도,김포시,그린숲어린이집,경기도 김포시 양촌읍 양곡1로68번길 59 관리동어린이집,37.65696396,126.6266111
경기도,김포시,꼬몽어린이집,경기도 김포시 고촌읍 태리로 236 105동 101호,37.59502812,126.7550468
경기도,김포시,아로미어린이집,경기도 김포시 고촌읍 태리로 236 106동 103호(캐슬앤파밀리에시티 1단지),37.59502812,126.7550468
경기도,김포시,코코어린이집,"경기도 김포시 걸포2로 74 205동 102호(걸포동, 한강메트로자이2단지)",37.63683909,126.7006622
경기도,김포시,로뎀나무어린이집,경기도 김포시 고촌읍 태리로 236 캐슬앤파밀리애 102동 106호,37.59502812,126.7550468
경기도,김포시,하늘꿈어린이집,경기도 김포시 고촌읍 태리로 236 124동 101호(캐슬앤파밀리에 아파트),37.59502812,126.7550468
경기도,김포시,캐파하늘빛어린이집,경기도 김포시 고촌읍 태리로 236 119동 101호,37.59502812,126.7550468
경기도,김포시,자이안어린이집,경기도 김포시 걸포2로 60 관리동 어린이집,37.63711128,126.7017347
경기도,김포시,예쁜아이어린이집,경기도 김포시 김포한강8로 173-88 602동 101호,37.63721615,126.6356377
경기도,김포시,시립별빛어린이집,경기도 김포시 고촌읍 태리로 236 관리동어린이집,37.59502812,126.7550468
경기도,김포시,청룡어린이집,경기도 김포시 통진읍 조강로 106-10 ,37.69361533,126.5954456
경기도,김포시,캐파파랑새어린이집,경기도 김포시 고촌읍 태리로 236 112동 103호(캐슬앤파밀리에시티),37.59502812,126.7550468
경기도,김포시,시립동일숲속어린이집,경기도 김포시 김포한강8로 173-88 한강신도시 동일스위트 더파크뷰 1단지 관리동 어린이집,37.63721615,126.6356377
경기도,김포시,시립동일여울숲어린이집,경기도 김포시 김포한강8로 127 동일스위트 더파크뷰 2단지 관리동 어린이집,37.63379836,126.6403618
경기도,김포시,아리솔어린이집,경기도 김포시 김포한강11로 179 503동 관리동,37.64889883,126.6776592
경기도,김포시,어울림라온어린이집,경기도 김포시 양촌읍 양곡4로197번길 12 관리동(한강금호어울림 2단지),37.66112039,126.6314096
경기도,김포시,블레슈어린이집,"경기도 김포시 김포한강8로 127 703동 103호(마산동, 동일스위트 2단지)",37.63379836,126.6403618
경기도,김포시,우방다올어린이집,"경기도 김포시 걸포1로 40 관리동(걸포동, 한강파크뷰 우방아이유쉘)",37.63518749,126.7070128
경기도,김포시,연합어린이집,경기도 김포시 양촌읍 황금로323번길 26 연합시스템 3층,37.60778256,126.6008699
경기도,김포시,시립한강숲속어린이집,경기도 김포시 허산길 50 김포한강LH 1단지 관리동 어린이집,37.63700551,126.6655775
경기도,김포시,금호어울림어린이집,경기도 김포시 양촌읍 양곡로449번길 15 관리동(한강금호어울림 1단지),37.65861585,126.6331986
경기도,김포시,시립예미지가람어린이집,경기도 김포시 솔터로 22 메트로타워 예미지 내 관리동어린이집,37.64542922,126.6308576
경기도,김포시,시립금빛하늘어린이집,경기도 김포시 통진읍 마송1로 9 관리동 어린이집,37.684784,126.6043928
경기도,김포시,시립푸른하늘어린이집,경기도 김포시 통진읍 율마로438번길 51 관리동 어린이집,37.68811604,126.6058912
경기도,김포시,시립로하어린이집,경기도 김포시 통진읍 마송1로 122 관리동 어린이집,37.69003152,126.594653
경기도,김포시,청송애비뉴어린이집,"경기도 김포시 김포한강2로 362 관리동(장기동, 청송마을중흥에스-클래스)",37.65095993,126.666803
경기도,김포시,김포경찰서어린이집,경기도 김포시 태장로795번길 65 ,37.63755752,126.6810929
경기도,김포시,시립별하어린이집,경기도 김포시 양촌읍 양곡2로80번길 61 ,37.65823422,126.6312424
경기도,김포시,시립어반베뉴어린이집,경기도 김포시 통진읍 율마로438번길 52 ,37.68770123,126.605702
경기도,김포시,시립가온어린이집,경기도 김포시 통진읍 마송1로 74 ,37.6879085,126.6007888
경기도,김포시,예원어린이집,경기도 김포시 통진읍 율마로450번길 51 관리동(김포마송 LH6단지 행복주택),37.68966029,126.6071034
경기도,김포시,시립아이꿈터어린이집,"경기도 김포시 고촌읍 수기로 67-53 고촌읍, 현대힐스테이트 2단지 관리동)",37.5955762,126.7690798
경기도,김포시,시립엘리움어린이집,경기도 김포시 통진읍 마송공원길 35 ,37.6852429,126.5974543
경기도,김포시,솔로몬어린이집,경기도 김포시 고촌읍 장곡로 39 1층,37.60636746,126.7509731
경기도,김포시,시립디에트르라온어린이집,경기도 김포시 통진읍 율마로450번길 17 ,37.6907274,126.6042997
경기도,김포시,시립햇살어린이집,경기도 김포시 양촌읍 양곡2로80번길 33 ,37.65977302,126.6278071
경기도,김포시,시립고촌센트럴자이어린이집,경기도 김포시 고촌읍 수기로 137 관리동(고촌센트럴자이),37.59067714,126.7609702
경기도,김포시,시립풍무푸르지오어린이집,경기도 김포시 유현로 200 ,37.60964426,126.7326057
경기도,김포시,시립기쁨어린이집,경기도 김포시 김포한강10로134번길 77 김포한강나비마을엘에이치3단지,37.64086009,126.6250883
경기도,김포시,양우늘푸른어린이집,경기도 김포시 고촌읍 신곡로 75 양우내안애 관리동,37.60653954,126.7716841
경기도,김포시,시립아이월드어린이집,경기도 김포시 풍무로69번길 47 (당곡마을 월드메르디앙아파트),37.6024348,126.7188683
경기도,김포시,시립운양래미안어린이집,"경기도 김포시 김포한강11로 227 (운양동, 풍경마을 래미안 한강2차)",37.65328914,126.674614
경기도,김포시,시립다예린어린이집,"경기도 김포시 김포한강5로 417 (구래동, 한가람마을 우미린)",37.64819261,126.6254255
경기도,김포시,서광노리숲어린이집,경기도 김포시 김포대로926번길 15 신안서광아파트 관리동,37.62562114,126.7149667
경기도,남양주시,남양아이숲어린이집,"경기도 남양주시 미금로57번길 22 722동 105호(도농동, 남양아이좋은집2단지아파트)",37.60745771,127.1508084
경기도,남양주시,도농예그리나어린이집,경기도 남양주시 미금로 24 롯데낙천대아파트 상가 1층 롯데어린이집 (도농동),37.60733331,127.1534454
경기도,남양주시,도농아이사랑어린이집,경기도 남양주시 미금로42번길 14 (도농동),37.60917293,127.1535972
경기도,남양주시,내친구어린이집,"경기도 남양주시 화도읍 녹촌로 9 101동 102호(, 창현주공아파트)",37.64465211,127.3012207
경기도,남양주시,나우별어린이집,경기도 남양주시 화도읍 수레로1120번길 33-1 101동101호(영남탑스빌),37.63791695,127.3063861
경기도,남양주시,열린숲어린이집,경기도 남양주시 미금로128번길 40 (지금동),37.61492493,127.1605717
경기도,남양주시,아이다솜어린이집,경기도 남양주시 화도읍 비룡로 127 ,37.66315383,127.3016721
경기도,남양주시,에버그린어린이집,경기도 남양주시 도농로 34 부영아파트 2단지관리동1층,37.61101957,127.1562291
경기도,남양주시,데시앙어린이집,"경기도 남양주시 경춘로1286번길 35 1602동 104호(평내동, 평내마을상록데시앙16단지아파트)",37.64644311,127.2393894
경기도,남양주시,중흥어린이집,경기도 남양주시 평내로 136 중흥S클래스 7차 2001동 103호,37.64635447,127.2403595
경기도,남양주시,꼬마천사어린이집,"경기도 남양주시 평내로 38 1201동 101호(평내동, 우남퍼스트빌)",37.64233859,127.2319056
경기도,남양주시,키즈솔어린이집,"경기도 남양주시 미금로57번길 20 712동 101호(다산동, 남양아이좋은집)",37.60858318,127.1512665
경기도,남양주시,육아일기 어린이집,경기도 남양주시 도농로 34 301동 101호(도농동  부영E그린타운2차3단지아파트),37.61101957,127.1562291
경기도,남양주시,요술궁전어린이집,경기도 남양주시 화도읍 먹갓로서길 17-6 ,37.65805489,127.2727872
경기도,남양주시,아이미소어린이집,"경기도 남양주시 와부읍 덕소로 204 103동 102호(도곡리, 덕소쌍용)",37.57896792,127.2191716
경기도,남양주시,벽산아기콩콩어린이집,경기도 남양주시 와부읍 덕소로 177 101동 104호(벽산아파트),37.58072965,127.2180423
경기도,남양주시,평강어린이집,"경기도 남양주시 와부읍 덕소로 150 106동 104호(덕소리, 덕소강변현대)",37.58011188,127.2135334
경기도,남양주시,덕소한울어린이집,"경기도 남양주시 와부읍 덕소로 146 109동 104호(덕소리, 현대)",37.58195242,127.2145343
경기도,남양주시,친구네어린이집,"경기도 남양주시 와부읍 덕소로97번길 12 201동 105호(덕소리, 덕소주공2단지아파트)",37.58523086,127.2142344
경기도,남양주시,해피아이랑어린이집,"경기도 남양주시 와부읍 덕소로 118-7 104동 103호(덕소리, 진도)",37.58248691,127.2122807
경기도,남양주시,진도어린이집,"경기도 남양주시 와부읍 덕소로 118-18 102동 104호(덕소리, 진도)",37.58302905,127.2113681
경기도,남양주시,예솔어린이집,경기도 남양주시 와부읍 덕소로 206 쌍용아파트 단지내,37.57851592,127.2187678
경기도,남양주시,보라어린이집,경기도 남양주시 와부읍 수레로27번길 8 ,37.58822645,127.2157317
경기도,남양주시,두산빛예꼬어린이집,경기도 남양주시 와부읍 덕소로 180 ,37.57876969,127.2139256
경기도,남양주시,다솜어린이집,"경기도 남양주시 홍유릉로248번길 47 103동 101호(금곡동, 금곡엘지아파트)",37.62768249,127.2026897
경기도,남양주시,현대어린이집,경기도 남양주시 와부읍 덕소로 150 단지 내(강변현대아파트),37.58011188,127.2135334
경기도,남양주시,씽크어린이집,경기도 남양주시 진건읍 진건오남로86번길 29 ,37.65855473,127.1807539
경기도,남양주시,남양주서머힐어린이집,경기도 남양주시 진관로 358 ,37.64312258,127.1653607
경기도,남양주시,세빛어린이집,경기도 남양주시 진건읍 사릉로372번길 25 관리동,37.65751892,127.1849653
경기도,남양주시,송이어린이집,"경기도 남양주시 진건읍 진건오남로 98 3동 101호(용정리, 한신그린1단지아파트)",37.65944607,127.1784436
경기도,남양주시,꼬꼬마어린이집,경기도 남양주시 진건읍 진건오남로86번길 38 401동104호 한신그린4단지,37.65821515,127.1825075
경기도,남양주시,좋은아가어린이집,"경기도 남양주시 화도읍 비룡로 56-8 101동 103호(마석우리, 신명스카이뷰그린)",37.65551225,127.303296
경기도,남양주시,그림마을어린이집,경기도 남양주시 미금로56번길 32 그림마을 어린이집,37.60960876,127.1551687
경기도,남양주시,봉안어린이집,경기도 남양주시 조안면 다산로407번길 14-2 ,37.53305559,127.2879943
경기도,남양주시,꿈동산 어린이집,경기도 남양주시 화도읍 먹갓로37번길 16-21 ,37.65820241,127.2714438
경기도,남양주시,마석어린이집,경기도 남양주시 화도읍 마석로32번길 13 ,37.65439986,127.308387
경기도,남양주시,남양주시청 개나리어린이집,경기도 남양주시 경춘로 1037 (금곡동),37.63661684,127.2179954
경기도,남양주시,시립송능어린이집,경기도 남양주시 진건읍 진건오남로105번길 15 ,37.66009855,127.1766517
경기도,남양주시,다움어린이집,경기도 남양주시 화도읍 먹갓로동길 4-7 ,37.65734082,127.2758272
경기도,남양주시,에덴어린이집,경기도 남양주시 진건읍 사릉로 384 에덴어린이집,37.65597551,127.1820273
경기도,남양주시,사회복지법인양정어린이집,경기도 남양주시 미금로 98 해링턴플레이스 다산파크아파트 관리동,37.6119557,127.1539634
경기도,남양주시,호평제일어린이집,경기도 남양주시 호평로 49 (호평동),37.65634023,127.2457301
경기도,남양주시,시립도촌어린이집,경기도 남양주시 비룡로 1276 수동면복지회관 1층,37.73572147,127.2917233
경기도,남양주시,한샘어린이집,경기도 남양주시 경춘로1308번길 8-12 단지내,37.64907818,127.2409556
경기도,남양주시,단비어린이집,"경기도 남양주시 호평로 90 2112동 102호(호평동, 호평마을금강21단지아파트)",37.65628006,127.2500537
경기도,남양주시,꿈이크는어린이집,경기도 남양주시 평내로 46 주공아파트 관리동1층,37.64015517,127.2341319
경기도,남양주시,대주어린이집,경기도 남양주시 평내로 104 관리동1층 대주어린이집,37.64382297,127.2383631
경기도,남양주시,아이캐슬어린이집,경기도 남양주시 의안로 155-1 신명스카이뷰아파트 관리동 1층,37.64403578,127.2400995
경기도,남양주시,다온어린이집,경기도 남양주시 경춘로1350번길 34 105동102호,37.64872311,127.2424039
경기도,남양주시,한화사랑어린이집,"경기도 남양주시 늘을3로 71 1503동 101호(호평동, 한화꿈에그린아파트)",37.65953958,127.249311
경기도,남양주시,해나라어린이집,"경기도 남양주시 호평로 94 2105동 103호(호평동, 호평마을금강21단지아파트)",37.65480045,127.2505345
경기도,남양주시,동원해나무어린이집,"경기도 남양주시 호평로 93 1701동 102호(호평동, 호평마을동원로얄듀크17단지아파트)",37.65663958,127.2492333
경기도,남양주시,즐거운어린이집,"경기도 남양주시 늘을2로 90-39 1208동 102호(호평동, 호평마을대주파크빌12단지아파트)",37.66170709,127.244302
경기도,남양주시,호평사임당어린이집,"경기도 남양주시 호평로 90 2102동 104호(호평동, 호평마을금강21단지아파트)",37.65628006,127.2500537
경기도,남양주시,예튼어린이집,"경기도 남양주시 늘을3로 71 1502동 105호(호평동, 한화꿈에그린아파트)",37.65953958,127.249311
경기도,남양주시,중흥클래스어린이집,"경기도 남양주시 늘을3로 65-26 1301동 105호(호평동, 호평마을중흥에스클래스13단지아파트)",37.65974863,127.2502341
경기도,남양주시,마루어린이집,경기도 남양주시 호평로 94 ,37.65480045,127.2505345
경기도,남양주시,평내키즈솔어린이집,"경기도 남양주시 평내로 104 1902동 102호(평내동, 평내마을대주파크빌2차19단지아파트)",37.64382297,127.2383631
경기도,남양주시,에코비어린이집,"경기도 남양주시 경춘로1256번길 24 1410동 103호(평내동, 금호아파트)",37.64421983,127.2359556
경기도,남양주시,새아름어린이집,경기도 남양주시 화도읍 비룡로 185-25 103동 110호,37.66725566,127.2998907
경기도,남양주시,경문아트스쿨어린이집,경기도 남양주시 경춘로992번길 6 (금곡동),37.63387258,127.2117859
경기도,남양주시,우리아이들어린이집,경기도 남양주시 화도읍 먹갓로38번길 11 ,37.65784738,127.275624
경기도,남양주시,신명어린이집,경기도 남양주시 수레로 1234  -24 신명어린이집,37.64741561,127.3045473
경기도,남양주시,코끼리날다어린이집,경기도 남양주시 홍유릉로 305-1 ,37.62932009,127.2017042
경기도,남양주시,예원몬테소리어린이집,"경기도 남양주시 늘을3로 71 1503동 104호(호평동, 한화꿈에그린아파트)",37.65953958,127.249311
경기도,남양주시,동그라미어린이집,경기도 남양주시 수동면 비룡로530번길 19 ,37.68806888,127.3229686
경기도,남양주시,꿀벌어린이집,"경기도 남양주시 늘을1로 270 1802동 103호(호평동, 호평마을한라비발디18단지아파트)",37.65678445,127.2550118
경기도,남양주시,예은아이어린이집,경기도 남양주시 호평로67번길 9-38 ,37.65693101,127.2461633
경기도,남양주시,늘푸른동산어린이집,경기도 남양주시 화도읍 비룡로99번길 64 ,37.66405315,127.2973228
경기도,남양주시,아이편한어린이집,경기도 남양주시 늘을3로 7 현대아이파크 관리동 1층 아이편한 어린이집,37.65960181,127.2408664
경기도,남양주시,작은나무숲어린이집,"경기도 남양주시 화도읍 경춘로 1605 103동 102호(, 경성큰마을1단지아파트)",37.65426237,127.26915
경기도,남양주시,i큰나무어린이집,"경기도 남양주시 미금로57번길 22 단지 내(726동 옆)(다산동, 남양아이좋은집)",37.60745771,127.1508084
경기도,남양주시,i해바라기어린이집,"경기도 남양주시 호평로 90 2111동 103호(호평동, 호평마을금강21단지아파트)",37.65628006,127.2500537
경기도,남양주시,영재어린이집,경기도 남양주시 늘을2로 90-39 ,37.66170709,127.244302
경기도,남양주시,써머힐어린이집,경기도 남양주시 화도읍 경춘로1842번길 22 ,37.65307731,127.2932266
경기도,남양주시,동원어린이집,경기도 남양주시 호평로 93 관리동,37.65663958,127.2492333
경기도,남양주시,새나어린이집,경기도 남양주시 경춘로1286번길 35 상록아파트 단지내 관리동 새나 어린이집,37.64644311,127.2393894
경기도,남양주시,영진햇살어린이집,경기도 남양주시 화도읍 경춘로 1790-1 단지 내(영진그린필아파트),37.6563337,127.2872303
경기도,남양주시,플루리움어린이집,경기도 남양주시 도농로 34 부영아파트  5단지 관리사무소 1층,37.61101957,127.1562291
경기도,남양주시,꿈별어린이집,"경기도 남양주시 화도읍 비룡로 56-8 105동 103호(마석우리, 신명스카이뷰그린)",37.65551225,127.303296
경기도,남양주시,중흥사과나무어린이집,"경기도 남양주시 화도읍 맷돌로 115 105동 103호(마석우리, 중흥S클래스)",37.65847092,127.3036651
경기도,남양주시,토마토어린이집,경기도 남양주시 화도읍 수레로1092번길 27 ,37.63287657,127.3047889
경기도,남양주시,나무들어린이집,경기도 남양주시 도농로 34 부영  4단지 관리소내 1층,37.61101957,127.1562291
경기도,남양주시,작은별어린이집,경기도 남양주시 도농로중촌2길 4 (도농동),37.60756158,127.1558183
경기도,남양주시,사랑어린이집,경기도 남양주시 와부읍 덕소로 118-18 관리동(진도아파트),37.58302905,127.2113681
경기도,남양주시,키즈파크어린이집,"경기도 남양주시 평내로 113 관리동(평내동, 대주1차아파트)",37.64578097,127.2365387
경기도,남양주시,강빛어린이집,경기도 남양주시 와부읍 덕소로 33 관리동,37.58829135,127.2097691
경기도,남양주시,유진몬테소리어린이집,"경기도 남양주시 평내로 89 1308동 104호(평내동, 유진마젤란21)",37.64335076,127.23644
경기도,남양주시,로얄키즈어린이집,경기도 남양주시 와부읍 덕소로 286-1 관리동 로얄키즈어린이집,37.57572676,127.222938
경기도,남양주시,꾸러기어린이집,"경기도 남양주시 화도읍 창현로 60 106동 101호(창현리, 신명)",37.64655467,127.3045354
경기도,남양주시,아이들세상어린이집,경기도 남양주시 와부읍 덕소로97번길 12 주공2단지 관리사무소 1층,37.58523086,127.2142344
경기도,남양주시,그랜드튼튼어린이집,경기도 남양주시 화도읍 경춘로 2102-16 관리동(마석 그랜드힐아파트),37.65147803,127.3189384
경기도,남양주시,아이좋아라어린이집,경기도 남양주시 화도읍 먹갓원터길 5 ,37.6568491,127.2803974
경기도,남양주시,다산아이봄어린이집,"경기도 남양주시 미금로57번길 22 724동 105호(다산동, 다산리버펠리체)",37.60745771,127.1508084
경기도,남양주시,햇살아이어린이집,"경기도 남양주시 호평로 118 관리동(호평동,효성백년가약아파트)",37.65554434,127.2529219
경기도,남양주시,크레용어린이집,경기도 남양주시 재재기로71번길 106  -18 크레용어린이집,37.63349179,127.308522
경기도,남양주시,호평한마음어린이집,경기도 남양주시 천마산로14번안길 2 (호평동),37.6640568,127.2488092
경기도,남양주시,두산어린이집,경기도 남양주시 화도읍 수레로 1234-13 관리동(두산아파트),37.64947751,127.3032183
경기도,남양주시,i스마일어린이집,경기도 남양주시 화도읍 녹촌로 22 신한아파트 관리소,37.64498724,127.3003167
경기도,남양주시,부영아이뜰어린이집,경기도 남양주시 도농로 34 503동 102호 도농동( 부영E그린타운1차5단지아파트),37.61101957,127.1562291
경기도,남양주시,호평한샘어린이집,경기도 남양주시 늘을1로 217 (호평동),37.66084203,127.2527847
경기도,남양주시,꿈꾸는어린이집,"경기도 남양주시 호평로 149 1908동 103호(호평동, 호평마을중흥에스클래스로하스19단지아파트)",37.65684759,127.2563911
경기도,남양주시,화도꿈초롱어린이집,"경기도 남양주시 화도읍 창현로 60 102동 105호(창현리, 신명)",37.64655467,127.3045354
경기도,남양주시,소리샘어린이집,경기도 남양주시 화도읍 수레로 1234-13 두산2차아파트 209동103호,37.64947751,127.3032183
경기도,남양주시,하늘사랑어린이집,"경기도 남양주시 화도읍 수레로 1157-1 101동 105호(창현리, 청구)",37.64026192,127.3030055
경기도,남양주시,도곡사랑어린이집,"경기도 남양주시 와부읍 덕소로 270 113동 102호(도곡리, 한강우성)",37.5781377,127.22204
경기도,남양주시,서연어린이집,"경기도 남양주시 화도읍 맷돌로 50 104동 103호(마석우리, 보미청광플러스원)",37.65833284,127.2981071
경기도,남양주시,동부 어린이집,"경기도 남양주시 와부읍 덕소로97번길 99 104동 104호(덕소리, 동부센트레빌)",37.58938408,127.222367
경기도,남양주시,색동어린이집,경기도 남양주시 화도읍 가곡로88번길 79 ,37.69464388,127.3017557
경기도,남양주시,보미청광어린이집,경기도 남양주시 화도읍 맷돌로 50 보미청광아파트 관리동 1층,37.65833284,127.2981071
경기도,남양주시,와부에벤에셀어린이집,"경기도 남양주시 와부읍 월문천로 95 108동 104호(덕소리, 덕소아이파크)",37.58870159,127.2210655
경기도,남양주시,또래어린이집,"경기도 남양주시 와부읍 월문천로 95 115동 103호(덕소리, 덕소아이파크)",37.58870159,127.2210655
경기도,남양주시,그랜드아띠어린이집,경기도 남양주시 화도읍 경춘로 2102-25 그랜드힐아파트 101-104,37.65023299,127.3194302
경기도,남양주시,리틀아이꿈터어린이집,"경기도 남양주시 도농로 34 514동102호(도농동, 부영E그린타운1차5단지아파트)",37.61101957,127.1562291
경기도,남양주시,겸비어린이집,경기도 남양주시 화도읍 묵현로양현1길 3 ,37.65893752,127.2919701
경기도,남양주시,해태둥지어린이집,"경기도 남양주시 와부읍 덕소로 230-34 104동 101호(도곡리, 강변해태)",37.57811324,127.2209623
경기도,남양주시,자연샘어린이집,경기도 남양주시 홍유릉로325번안길 16 (금곡동),37.63121956,127.2022782
경기도,남양주시,한가람어린이집,경기도 남양주시 늘을1로73번안길 3 (호평동),37.65867424,127.2391908
경기도,남양주시,숲속마을어린이집,경기도 남양주시 석실로650번길 44 숲속마을어린이집,37.62445402,127.2035605
경기도,남양주시,예꼬어린이집,"경기도 남양주시 와부읍 덕소로2번길 37 109동 103호(덕소리, 덕소강변삼익아파트)",37.58661446,127.2065793
경기도,남양주시,다산라온어린이집,"경기도 남양주시 도농로 34 502동 102호(도농동, 부영E그린타운1차5단지아파트)",37.61101957,127.1562291
경기도,남양주시,아이들향기어린이집,경기도 남양주시 월문천로 95 덕소아이파크관리동어린이집,37.58870159,127.2210655
경기도,남양주시,대림내친구어린이집,경기도 남양주시 화도읍 비룡로 110-17 103동104호(마석대림아파트),37.66201396,127.3056089
경기도,남양주시,튼튼이어린이집,"경기도 남양주시 도농로 34 303동 102호(다산동, 부영그린타운)",37.61101957,127.1562291
경기도,남양주시,예꿈어린이집,경기도 남양주시 호평로 6 (호평동),37.65546218,127.240464
경기도,남양주시,화도임마누엘어린이집,"경기도 남양주시 화도읍 경춘로 1606 207동 104호(묵현리, 경성큰마을2단지아파트)",37.65320539,127.2710173
경기도,남양주시,꿈꾸는 사랑나무어린이집,경기도 남양주시 진건읍 진건오남로 100 한신아파트 8동 109호,37.65890948,127.1789563
경기도,남양주시,아이푸른어린이집,"경기도 남양주시 도농로 34 215동 104호(도농동, 부영E그린타운4차2단지아파트)",37.61101957,127.1562291
경기도,남양주시,명성그린어린이집,경기도 남양주시 화도읍 비룡로 185-25 ,37.66725566,127.2998907
경기도,남양주시,아이들숲향기어린이집,경기도 남양주시 와부읍 덕소로97번길 101 관리동1층(동부센트레빌아파트),37.58942621,127.2227637
경기도,남양주시,리틀프린스어린이집,"경기도 남양주시 가운로2길 11 1층 주민복지관(다산동, 더힐포레)",37.6027258,127.157638
경기도,남양주시,꿈에그린어린이집,"경기도 남양주시 다산지금로16번길 56 (지금동,한화꿈에그린아파트 관리동 1층)",37.60694926,127.1670842
경기도,남양주시,리틀올리브어린이집,경기도 남양주시 화도읍 묵현로 200-1 ,37.66981073,127.3004958
경기도,남양주시,시립가운사랑어린이집,경기도 남양주시 가운로2길 8 가운지구 A동(가운동),37.60404354,127.1587519
경기도,남양주시,시립가운어린이집,경기도 남양주시 가운로2길 28 휴먼시아1단지 시립가운어린이집,37.60308156,127.1548848
경기도,남양주시,아이별어린이집,"경기도 남양주시 화도읍 경춘로1842번길 36-1 102동 108호(, 삼신)",37.65251415,127.2935002
경기도,남양주시,다산강산어린이집,"경기도 남양주시 도농로 34 204동 101호(다산동, 플루리움)",37.61101957,127.1562291
경기도,남양주시,꿈모아어린이집,경기도 남양주시 화도읍 수레로 1234-13 211동 102호(두산아파트),37.64947751,127.3032183
경기도,남양주시,부영행복한어린이집,"경기도 남양주시 도농로 34 105동 101호(도농동, 부영아파트1단지)",37.61101957,127.1562291
경기도,남양주시,풍림둥지 어린이집,경기도 남양주시 수레로1120번길 10 풍림아파트104-102호,37.63667042,127.3048631
경기도,남양주시,시립와부어린이집,경기도 남양주시 와부읍 궁촌로 37 ,37.57772647,127.2310648
경기도,남양주시,시립라온사랑어린이집,경기도 남양주시 화도읍 경춘보학1길 7 라온프라이빗 4단지 내,37.65062377,127.2973286
경기도,남양주시,주공키즈톡톡어린이집,"경기도 남양주시 와부읍 덕소로 33 308동 101호(덕소리, 덕소주공3단지아파트)",37.58829135,127.2097691
경기도,남양주시,마석축복어린이집,경기도 남양주시 화도읍 수레로 1234-13 206동 101호 창현두산2단지아파트,37.64947751,127.3032183
경기도,남양주시,브래뉴키즈어린이집,경기도 남양주시 화도읍 마석로 110 ,37.6611921,127.3045576
경기도,남양주시,이안숲어린이집,경기도 남양주시 화도읍 수레로 1176 이안아파트 관리동,37.64218455,127.3042551
경기도,남양주시,초아어린이집,"경기도 남양주시 호평로45번길 21 102동 101호(호평동, 쌍용스윗닷홈)",37.65768706,127.2452787
경기도,남양주시,봄샘어린이집,경기도 남양주시 비룡로141번길 21 단지내 보육시설,37.66229992,127.3007738
경기도,남양주시,고은빛어린이집,"경기도 남양주시 평내로 46 1109동 101호(평내동, 평내마을주공11단지아파트)",37.64015517,127.2341319
경기도,남양주시,시립호평어린이집,경기도 남양주시 늘을3로 8 주공휴먼시아6단지내,37.65890387,127.2401356
경기도,남양주시,부영아이랑어린이집,경기도 남양주시 도농로 34 부영그린타운 508-102,37.61101957,127.1562291
경기도,남양주시,대명이엘어린이집,경기도 남양주시 천마산로 25 102동 105호(대명루첸아파트),37.66499926,127.2456094
경기도,남양주시,킨더브레인어린이집,경기도 남양주시 경춘로1360번길 11 (평내동),37.65152079,127.2427766
경기도,남양주시,아이다움 킨더카르텐 숲 어린이집,경기도 남양주시 와부읍 안골로25번길 61 ,37.59018564,127.239611
경기도,남양주시,시립묵현다사랑어린이집,경기도 남양주시 화도읍 먹갓로27번길 19-17 ,37.65576727,127.2736962
경기도,남양주시,위트꿈모아어린이집,경기도 남양주시 화도읍 비룡로 186 두산위브트레지움 102동 101호,37.66763436,127.3031607
경기도,남양주시,싱글벙글어린이집,"경기도 남양주시 가운로2길 98 관리동 1층(다산동, 다산한신더휴8단지)",37.59746841,127.1597354
경기도,남양주시,개구리숲어린이집,경기도 남양주시 와부읍 궁촌로 95-22 ,37.58037139,127.2375709
경기도,남양주시,하버드어린이집,경기도 남양주시 미금로128번길 46 ,37.61476975,127.161252
경기도,남양주시,아이써밋어린이집,경기도 남양주시 경춘로1360번길 13 (평내동),37.65147472,127.2429636
경기도,남양주시,i사랑해어린이집,경기도 남양주시 도농로 71 부영아파트 관리동1층(부영7단지),37.61182353,127.1560202
경기도,남양주시,느티나무어린이집,"경기도 남양주시 가운로2길 79 주민공동시설(다산동, 다산한신더휴6단지)",37.59825607,127.1585919
경기도,남양주시,아름숲어린이집,경기도 남양주시 호평로 205-16 ,37.65663685,127.2626971
경기도,남양주시,시립호평드림어린이집,"경기도 남양주시 늘을1로 107 (호평동, LH호평1단지아파트)",37.66267734,127.2401889
경기도,남양주시,시립좋은하루어린이집,경기도 남양주시 미금로 16 ,37.60647842,127.154919
경기도,남양주시,월산사임당어린이집,경기도 남양주시 화도읍 경춘로2248번길 40 104동 101호(효성해링턴플레이스),37.65043888,127.3371365
경기도,남양주시,꼬마스쿨어린이집,경기도 남양주시 화도읍 경춘로2248번길 40 107동103호(효성해링턴플레이스),37.65043888,127.3371365
경기도,남양주시,시립별마루어린이집,경기도 남양주시 별내3로 116 (별사랑마을2-9단지내),37.6494437,127.1265417
경기도,남양주시,아리솔어린이집,"경기도 남양주시 경춘로 468-40 지금동, 힐스테이트아파트 관리동",37.60822007,127.1636359
경기도,남양주시,남양주월산2단지부영사랑으로어린이집,경기도 남양주시 화도읍 경춘로2290번길 7 남양주월산2단지 부영사랑으로 관리동,37.6560753,127.3428608
경기도,남양주시,시립효성솔빛길어린이집,경기도 남양주시 화도읍 경춘로2248번길 40 (화도 효성해링턴 플레이스 관리동),37.65043888,127.3371365
경기도,남양주시,남양주월산1단지부영사랑으로어린이집,경기도 남양주시 화도읍 경춘로2290번길 2 월산부영사랑으로 1차 관리동 어린이집,37.65399371,127.341577
경기도,남양주시,충일어린이집,경기도 남양주시 홍유릉로 134 ,37.61466763,127.197977
경기도,남양주시,시립다산어린이집,경기도 남양주시 다산중앙로 3 시립다산어린이집,37.61354022,127.1553054
경기도,남양주시,KCC스위첸어린이집,경기도 남양주시 호평로45번길 11-15 KCC스위첸어린이집,37.65736617,127.2446068
경기도,남양주시,시립다산아이파크어린이집,경기도 남양주시 다산순환로 333 다산아이파크어린이집,37.62696845,127.15632
경기도,남양주시,시립다산e편한어린이집,경기도 남양주시 다산중앙로82번길 15 관리동,37.62105125,127.1555474
경기도,남양주시,시립다산롯데캐슬어린이집,경기도 남양주시 다산중앙로146번길 7 다산롯데캐슬어린이집,37.62652609,127.1543863
경기도,남양주시,시립다산한양어린이집,경기도 남양주시 다산순환로 171 다산한양어린이집,37.625898,127.1464099
경기도,남양주시,수호천사어린이집,"경기도 남양주시 다산중앙로82번길 15 5105동 102호(다산동, e편한세상)",37.62105125,127.1555474
경기도,남양주시,다산맘편한어린이집,"경기도 남양주시 다산중앙로82번길 15 5102동 104호(다산동, 다산 자연 앤 e편한세상)",37.62105125,127.1555474
경기도,남양주시,도뮤토해누리어린이집,경기도 남양주시 화도읍 창현로 45 관리동어린이집,37.64580569,127.3061708
경기도,남양주시,롯데큰꿈어린이집,"경기도 남양주시 다산중앙로146번길 7 2207동103호(다산동, 롯데캐슬)",37.62652609,127.1543863
경기도,남양주시,해뜨는강산어린이집,경기도 남양주시 다산중앙로82번길 15 5102동 105호,37.62105125,127.1555474
경기도,남양주시,아기숲어린이집,"경기도 남양주시 다산중앙로146번길 7 2203동 103호(다산동, 다산롯데캐슬)",37.62652609,127.1543863
경기도,남양주시,예솜어린이집,"경기도 남양주시 다산중앙로82번길 15 5107동 104호(다산동, 다산 자연앤e편한세상)",37.62105125,127.1555474
경기도,남양주시,빛가람어린이집,경기도 남양주시 다산중앙로146번길 7 2206동 101호,37.62652609,127.1543863
경기도,남양주시,다산행복한어린이집,"경기도 남양주시 다산중앙로82번길 15 5112동 105호(다산동, e편한세상)",37.62105125,127.1555474
경기도,남양주시,시립다산메이플어린이집,경기도 남양주시 다산순환로 300 반도유보라메이플타운 관리동어린이집,37.63053211,127.1550985
경기도,남양주시,다산유보라어린이집,"경기도 남양주시 다산순환로 300 2109동 103호(다산동, 반도유보라)",37.63053211,127.1550985
경기도,남양주시,키움어린이집,경기도 남양주시 화도읍 수레로1233번길 34 103동 103호(마석우방아이유쉘),37.6470913,127.2981111
경기도,남양주시,시립다산한내들어린이집,경기도 남양주시 다산중앙로81번길 10 다산한내들어린이집(유승한내들),37.62210283,127.1533199
경기도,남양주시,늘품어린이집,"경기도 남양주시 다산순환로 300 2108동 101호(다산동, 반도유보라)",37.63053211,127.1550985
경기도,남양주시,푸르지오가온어린이집,"경기도 남양주시 송산로307번길 22 5214동 105호(별내동, 별내푸르지오)",37.66690236,127.1293772
경기도,남양주시,애기똥풀어린이집,경기도 남양주시 다산중앙로81번길 10 유승한내들 3602-105,37.62210283,127.1533199
경기도,남양주시,숲속어린이집,경기도 남양주시 다산중앙로81번길 10 유승한내들 3603동 104호,37.62210283,127.1533199
경기도,남양주시,시립다산e편한자이어린이집,경기도 남양주시 다산중앙로81번길 21 자연앤이편한세상자이,37.61981294,127.1523675
경기도,남양주시,벼리아이어린이집,경기도 남양주시 다산중앙로81번길 25 자연앤이편한세상자이 3509동 101호,37.62015536,127.1522666
경기도,남양주시,다산누리어린이집,"경기도 남양주시 다산중앙로81번길 25 3509동 102호(다산동, 다산 이편한세상 자이)",37.62015536,127.1522666
경기도,남양주시,드림자이어린이집,경기도 남양주시 다산중앙로81번길 25 자연앤이편한세상자이 3510동 102호,37.62015536,127.1522666
경기도,남양주시,시립다산골든뷰어린이집,경기도 남양주시 다산순환로 135 (유승한내들골든뷰아파트),37.62282015,127.146186
경기도,남양주시,수자인어린이집,경기도 남양주시 다산순환로 111 한양수자인리버파크 3204동 103호,37.61966714,127.1475646
경기도,남양주시,유승아띠어린이집,"경기도 남양주시 다산순환로 135 3103동 101호(다산동, 다산 유승한내들 골든뷰)",37.62282015,127.146186
경기도,남양주시,i숲어린이집,"경기도 남양주시 경춘로 377 관리동(다산동, 다산 효성해링턴 타워)",37.60588526,127.1557733
경기도,남양주시,노아어린이집,경기도 남양주시 다산순환로 228 다산방주교회 내,37.62985457,127.1484388
경기도,남양주시,시립해링턴어린이집,경기도 남양주시 별내3로 185 ,37.65476109,127.1242796
경기도,남양주시,시립다산아이리움어린이집,경기도 남양주시 다산지금로145번길 17 금강펜테리움1차아파트,37.60079054,127.1775183
경기도,남양주시,다산트윙클어린이집,경기도 남양주시 다산순환로 365 힐스테이트 5212동 101호,37.62274964,127.1594394
경기도,남양주시,다산도담어린이집,"경기도 남양주시 다산순환로 365 5207동 102호(다산동, 힐스테이트 다산)",37.62274964,127.1594394
경기도,남양주시,시립다산힐스어린이집,경기도 남양주시 다산순환로 365 ,37.62274964,127.1594394
경기도,남양주시,금강자연뜰어린이집,경기도 남양주시 다산지금로145번길 15 금강펜테리움1차아파트 7308동101호,37.60131502,127.1761251
경기도,남양주시,산들다산어린이집,"경기도 남양주시 다산지금로145번길 15 7305동 103호(다산동, 다산 펜테리움 리버테라스1)",37.60131502,127.1761251
경기도,남양주시,해피트리어린이집,경기도 남양주시 다산순환로 365 힐스테이트 5205동 101호,37.62274964,127.1594394
경기도,남양주시,라온도담어린이집,경기도 남양주시 화도읍 경춘보학1길 8 라온프라이빗5단지 506동 102호,37.65015629,127.2964524
경기도,남양주시,시립라온누리어린이집,경기도 남양주시 화도읍 경춘보학2길 10 (라온프라이빗1-2블럭),37.65240171,127.2952328
경기도,남양주시,시립라온프라이빗어린이집,경기도 남양주시 화도읍 경춘보학1길 8 (라온프라이빗4-1블럭),37.65015629,127.2964524
경기도,남양주시,라온숲어린이집,경기도 남양주시 화도읍 경춘보학2길 30 라온프라이빗아파트 101동 102호,37.651776,127.2921129
경기도,남양주시,시립평내호평어린이집,경기도 남양주시 경춘로 1375 (평내호평역 1층),37.65323301,127.2444343
경기도,남양주시,e편한산들어린이집,경기도 남양주시 오남읍 양지로240번길 37 관리동,37.70033487,127.195048
경기도,남양주시,시립덕송어린이집,"경기도 남양주시 덕송3로 30 단지 내(별내동, 별가람마을1-2단지)",37.66921364,127.1136375
경기도,남양주시,시립에일린의뜰어린이집,경기도 남양주시 다산지금로16번길 88-1 (다산지금센트럴에일린의뜰),37.60694927,127.1704185
경기도,남양주시,시립다산한강메이플어린이집,경기도 남양주시 다산지금로146번길 37 (반도유보라메이플타운2차아파트),37.59889609,127.1696966
경기도,남양주시,새움어린이집,"경기도 남양주시 다산지금로146번길 67 7410동 102호(다산동, 다산 반도유보라 메이플타운2.0)",37.59994952,127.1685123
경기도,남양주시,다산아이뜰어린이집,경기도 남양주시 다산지금로16번길 88 7104동 105호,37.60717513,127.1708059
경기도,남양주시,비바어린이집,경기도 남양주시 진접읍 진벌로 85-2 관리동,37.74578993,127.2169511
경기도,남양주시,다산사랑숲어린이집,경기도 남양주시 다산지금로146번길 67 7404동 101호,37.59994952,127.1685123
경기도,남양주시,시립다산한강그리니어린이집,경기도 남양주시 다산지금로146번길 117 ,37.59988321,127.1715712
경기도,남양주시,시립진접행복어린이집,경기도 남양주시 진접읍 금강로 1530-29 ,37.72798231,127.1941014
경기도,남양주시,다산큰빛어린이집,경기도 남양주시 다산지금로146번길 117 7505동103호,37.59988321,127.1715712
경기도,남양주시,행복한우리어린이집,경기도 남양주시 다산지금로146번길 117 7509동101호,37.59988321,127.1715712
경기도,남양주시,시립아이유쉘어린이집,경기도 남양주시 화도읍 수레로1233번길 34 ,37.6470913,127.2981111
경기도,남양주시,신안꿈어린이집,경기도 남양주시 다산지금로146번길 100 신안인스빌퍼스트리버 7602동102호,37.5963825,127.1693935
경기도,남양주시,다산씽씽어린이집,경기도 남양주시 다산중앙로20번길 7 자연앤이편한세상2차아파트 5403-106,37.61612902,127.156339
경기도,남양주시,리틀강산어린이집,경기도 남양주시 진접읍 봉현로 5 주공아파트 관리사무소 내 리틀 강산어린이집,37.71427326,127.1812918
경기도,남양주시,예랑어린이집,경기도 남양주시 별내면 청학로114번길 34 704동 105호 (청학주공7단지아파트),37.71183391,127.1158398
경기도,남양주시,야호어린이집,"경기도 남양주시 별내면 청학로114번길 18 207동 103호(청학리, 청학주공2단지아파트)",37.71012066,127.1149626
경기도,남양주시,해러드어린이집,경기도 남양주시 별내면 청학로114번길 34 관리동(청학주공7단지아파트),37.71183391,127.1158398
경기도,남양주시,성지어린이집,경기도 남양주시 별내면 청학로68번길 70-1 ,37.71230737,127.1182864
경기도,남양주시,푸른강산어린이집,경기도 남양주시 진접읍 양진로926번길 58-13 ,37.70608186,127.1838106
경기도,남양주시,양지동그라미어린이집,경기도 남양주시 오남읍 양지로281번길 16-1 202동 104호 (쌍용스윗닷홈),37.69907619,127.190595
경기도,남양주시,극동삐아제 어린이집,경기도 남양주시 퇴계원읍 퇴계원로 19 극동아파트 104-102,37.6490307,127.1393277
경기도,남양주시,신우아가별어린이집,경기도 남양주시 오남읍 진건오남로512번길 25-1 104동 101호(신우아이딜아파트),37.6772428,127.213498
경기도,남양주시,명성어린이집,경기도 남양주시 퇴계원읍 도제원로 19 ,37.64909036,127.14389
경기도,남양주시,별내사랑벨어린이집,경기도 남양주시 별내면 청학로114번길 18 청학주공2단지 관리동,37.71012066,127.1149626
경기도,남양주시,빛예꼬어린이집,경기도 남양주시 퇴계원읍 퇴계원로50번길 17 강남아파트 201-108,37.65132284,127.1440944
경기도,남양주시,강산어린이집,경기도 남양주시 진벌로 29 강산어린이집,37.74609455,127.2088215
경기도,남양주시,해피아이어린이집,경기도 남양주시 오남읍 진건오남로550번길 30-7 ,37.68139359,127.2135058
경기도,남양주시,베이비스쿨어린이집,"경기도 남양주시 오남읍 진건오남로 661 101동 102호(오남리, 동부아파트)",37.69188713,127.2139203
경기도,남양주시,하나어린이집,경기도 남양주시 오남읍 진건오남로 560-6 ,37.68316512,127.2115877
경기도,남양주시,별내애플어린이집,경기도 남양주시 별내면 청학로68번길 23 305동 104호(청학주공3단지아파트),37.71000378,127.1182688
경기도,남양주시,그린스쿨어린이집,경기도 남양주시 별내면 청학로92번길 43 ,37.71186263,127.1175925
경기도,남양주시,성지발도르프어린이집,경기도 남양주시 별내면 청학로68번길 72 ,37.71216069,127.1185597
경기도,남양주시,유호꼬마별어린이집,경기도 남양주시 오남읍 진건오남로 564 103동 104호(유호),37.68363776,127.2137897
경기도,남양주시,꿈마루어린이집,경기도 남양주시 퇴계원읍 도제원로 22 관리동 2층,37.65060329,127.14631
경기도,남양주시,꿈빛나무어린이집,경기도 남양주시 오남읍 진건오남로512번길 25-1 204동 103호 (신우아이딜아파트),37.6772428,127.213498
경기도,남양주시,엘림선교어린이집,경기도 남양주시 오남읍 진건오남로690번길 19 ,37.69363386,127.2160402
경기도,남양주시,사랑제일어린이집,경기도 남양주시 별내면 청학로 99-1 사랑제일어린이집,37.70800075,127.1158071
경기도,남양주시,시립오남복지어린이집,경기도 남양주시 오남읍 진건오남로 806-28 ,37.69882662,127.2041097
경기도,남양주시,라인어린이집,경기도 남양주시 진접읍 봉현로36번길 35 ,37.71952298,127.1812144
경기도,남양주시,시립퇴계원어린이집,경기도 남양주시 퇴계원읍 경춘북로558번길 10-2 시립퇴계원어린이집,37.64663647,127.1439465
경기도,남양주시,아이사랑어린이집,경기도 남양주시 퇴계원읍 도제원로 72 ,37.65425355,127.1458584
경기도,남양주시,별내즐거운어린이집,"경기도 남양주시 별내면 청학로68번길 6 502동 101호(청학리, 청학주공5단지아파트)",37.70707061,127.1209878
경기도,남양주시,새싹어린이집,경기도 남양주시 진접읍 장현천로 56-1 새싹어린이집,37.7211287,127.1817364
경기도,남양주시,키즈토피아어린이집,"경기도 남양주시 오남읍 진건오남로884번길 22-48 호,102호",37.7055488,127.2007979
경기도,남양주시,고은어린이집,경기도 남양주시 청학로68번길 23 청학주공아파트 3단지 관리동,37.71000378,127.1182688
경기도,남양주시,선도어린이집,경기도 남양주시 진접읍 광릉내로82번길 12 ,37.74490599,127.2048709
경기도,남양주시,어울림다솜어린이집,경기도 남양주시 오남읍 진건오남로 470 복지관 1층(남양주오남리금호어울림),37.67767769,127.2069311
경기도,남양주시,황토나라어린이집,"경기도 남양주시 오남읍 진건오남로797번길 20 102동 104호(양지리, 오남청구1차아파트)",37.69869896,127.200852
경기도,남양주시,리틀스펀지어린이집,"경기도 남양주시 오남읍 진건오남로580번길 5-12 103동 103호(오남리, 대한아파트)",37.68558645,127.2123611
경기도,남양주시,꿈이쑥쑥어린이집,"경기도 남양주시 진접읍 금강로1573번길 3 109동 101호(장현리, 광릉숲금강펜테리움)",37.73316274,127.192709
경기도,남양주시,광릉숲금강어린이집,경기도 남양주시 진접읍 금강로1573번길 3 금강펜테리움아파트 관리동,37.73316274,127.192709
경기도,남양주시,행복한예가어린이집,경기도 남양주시 퇴계원읍 경춘북로613번길 15 관리동 1층,37.65172557,127.1493845
경기도,남양주시,옐로리본어린이집,경기도 남양주시 진접읍 금강로1521번길 82 ,37.73118662,127.186333
경기도,남양주시,해오름어린이집,경기도 남양주시 진접읍 봉현로 51-37 ,37.71756725,127.1756693
경기도,남양주시,아이드림어린이집,"경기도 남양주시 오남읍 양지로240번길 33 105동 103호(양지리, 양지E-편한세상1단지)",37.6998807,127.1963971
경기도,남양주시,새로미어린이집,"경기도 남양주시 오남읍 양지로240번길 36 203동 101호(양지리, 양지E-편한세상2단지)",37.70029762,127.1966467
경기도,남양주시,시립진접어린이집,경기도 남양주시 진접읍 경복대로 505 ,37.74058052,127.2154404
경기도,남양주시,시립장현어린이집,경기도 남양주시 진접읍 금강로 1554-20 휴먼시아 단지내 308동,37.72914614,127.1951086
경기도,남양주시,배넷아이어린이집,경기도 남양주시 진접읍 부평로48번길 13 진접센트레빌시티 302동 101호,37.7399527,127.2021781
경기도,남양주시,반디어린이집,경기도 남양주시 진접읍 부평로 41 진접센트레빌시티 202동 101호,37.74058838,127.1995585
경기도,남양주시,아이꿈어린이집,"경기도 남양주시 진접읍 봉현로36번길 11 102동 104호(장현리, 삼신)",37.71774699,127.180208
경기도,남양주시,강산반도어린이집,경기도 남양주시 진접읍 해밀예당1로 145 반도유보라 1532동 103호,37.71960933,127.1916189
경기도,남양주시,웃는아이어린이집,경기도 남양주시 진접읍 해밀예당3로 38 관리동 1층 보육시설(부영사랑으로아파트),37.71477379,127.2003074
경기도,남양주시,놀이숲어린이집,경기도 남양주시 진접읍 해밀예당1로 51 단지내(자연앤어울림아파트),37.7141327,127.1866671
경기도,남양주시,활기찬어린이집,"경기도 남양주시 진접읍 해밀예당1로 272 2314동 101호(금곡리, 신안인스빌아파트)",37.72320985,127.2061605
경기도,남양주시,금강햇살어린이집,경기도 남양주시 진접읍 해밀예당3로 68 1911동 101호(금강펜테리움아파트),37.71566599,127.1984576
경기도,남양주시,꿈땅어린이집,"경기도 남양주시 진접읍 해밀예당1로 272 2305동 104호(금곡리, 신안인스빌아파트)",37.72320985,127.2061605
경기도,남양주시,신안해오름어린이집,경기도 남양주시 진접읍 해밀예당1로 66 1205동 103호(해밀마을신안인스빌아파트),37.7124246,127.1901829
경기도,남양주시,진접꿈나무어린이집,경기도 남양주시 진접읍 금강로 1530-14 관리동(진접하우스토리 아파트),37.72545805,127.1945451
경기도,남양주시,진접예랑어린이집,경기도 남양주시 진접읍 주곡로 113 ,37.7251872,127.2056534
경기도,남양주시,시립풍양어린이집,경기도 남양주시 진접읍 해밀예당3로 39 단지 내(휴먼시아17단지아파트),37.71326313,127.1983342
경기도,남양주시,시립금곡어린이집,경기도 남양주시 진접읍 해밀예당3로 67 휴먼시아 16단지 내 시립금곡어린이집,37.7147746,127.1971549
경기도,남양주시,시립해밀어린이집,경기도 남양주시 진접읍 해밀예당1로 297 ,37.72534089,127.2084274
경기도,남양주시,진접하은어린이집,경기도 남양주시 진접읍 해밀예당1로 145 관리동(반도유보라메이플타운아파트),37.71960933,127.1916189
경기도,남양주시,신안베베어린이집,경기도 남양주시 진접읍 해밀예당1로 272 2303동 1층(신안인스빌23단지아파트),37.72320985,127.2061605
경기도,남양주시,신안아이사랑어린이집,"경기도 남양주시 진접읍 해밀예당1로 66 1211동 1층(금곡리, 신안인스빌아파트)",37.7124246,127.1901829
경기도,남양주시,아이파크사과나무어린이집,경기도 남양주시 오남읍 진건오남로759번길 110 오남 아이파크 단지내 사과나무어린이집,37.69682849,127.1983795
경기도,남양주시,미소어린이집,경기도 남양주시 진접읍 해밀예당1로 49 관리동(남양휴튼아파트),37.71300981,127.1848968
경기도,남양주시,이우어린이집,경기도 남양주시 진접읍 금강로1573번길 19-2 ,37.73307662,127.1940154
경기도,남양주시,하늘숲어린이집,경기도 남양주시 오남읍 경복대로17번길 11 ,37.70770055,127.1944258
경기도,남양주시,선재어린이집,경기도 남양주시 진접읍 장현천로 189 ,37.7307483,127.1734034
경기도,남양주시,시립오남푸르지오어린이집,경기도 남양주시 오남읍 진건오남로759번길 70 푸르지오아파트 관리동 1층 시립오남푸르지오어린이집,37.69568432,127.198287
경기도,남양주시,하늘땅어린이집,경기도 남양주시 진접읍 해밀예당3로 66 금강펜테리움아파트 단지내,37.71538914,127.1987685
경기도,남양주시,롯데튼튼어린이집,경기도 남양주시 진접읍 장현천로 8 롯데캐슬아파트 관리동,37.71759822,127.185736
경기도,남양주시,새싹나라어린이집,경기도 남양주시 별내3로 285 1613동 103호(현대아이파크),37.66321442,127.1179109
경기도,남양주시,이든어린이집,경기도 남양주시 불암로 41-17 ,37.64425356,127.111189
경기도,남양주시,큰별아이파크어린이집,경기도 남양주시 별내3로 285 별내아이파크 1610동 101호,37.66321442,127.1179109
경기도,남양주시,별내더샵어린이집,경기도 남양주시 별내3로 115 별내더샵아파트 2808동 102호,37.6499466,127.1248822
경기도,남양주시,아가천사어린이집,경기도 남양주시 별내4로 63 신일유토빌 3403동 103호,37.64854905,127.115725
경기도,남양주시,별내사임당어린이집,경기도 남양주시 송산로307번길 16 남광하우스토리 5306-103,37.66858902,127.1322784
경기도,남양주시,스위첸어린이집,"경기도 남양주시 별내5로 81 3109동 1층(별내동, 남양주 별내 스위첸)",37.65743141,127.1167957
경기도,남양주시,아이누리어린이집,"경기도 남양주시 별내4로 63 별내동,신일유토빌아파트 관리동",37.64854905,127.115725
경기도,남양주시,키즈칸타빌어린이집,경기도 남양주시 순화궁로 384 대원칸타빌아파트 관리동,37.66111338,127.1243577
경기도,남양주시,랄라키즈어린이집,경기도 남양주시 별내3로 115 별내더샵 관리동,37.6499466,127.1248822
경기도,남양주시,새보화어린이집,경기도 남양주시 별내면 송산로373번길 9 ,37.67574704,127.1333139
경기도,남양주시,초록나라어린이집,"경기도 남양주시 별내3로 63 (별내동, 쌍용예가아파트 관리동)",37.64658201,127.1180128
경기도,남양주시,하우스토리뜨란어린이집,경기도 남양주시 송산로307번길 16 별내하우스토리아파트 관리동,37.66858902,127.1322784
경기도,남양주시,라별어린이집,경기도 남양주시 별내5로 119 상록리슈빌아파트 2102동 103호,37.65804703,127.1211064
경기도,남양주시,베베키즈어린이집,"경기도 남양주시 별내3로 285 1611동 102호(별내동, 남양주 별내 아이파크)",37.66321442,127.1179109
경기도,남양주시,라온우리어린이집,경기도 남양주시 별내4로 8 한화꿈에그린아파트 관리동,37.64382692,127.1147006
경기도,남양주시,센트레빌어린이집,경기도 남양주시 진접읍 부평로 32 진접센트레빌시티1단지 관리동,37.73991592,127.198105
경기도,남양주시,상록쑥쑥어린이집,경기도 남양주시 별내5로 119 상록리슈빌아파트 2103동 104호,37.65804703,127.1211064
경기도,남양주시,봄샘아이파크어린이집,경기도 남양주시 별내3로 285 별내아이파크아파트 관리동,37.66321442,127.1179109
경기도,남양주시,시립별가람어린이집,"경기도 남양주시 덕송3로 12 단지 내(별내동, 별가람마을1-3단지)",37.66860752,127.1141385
경기도,남양주시,시립별내어린이집,"경기도 남양주시 별내5로 22 단지 내(별내동, 별빛마을3단지)",37.64947115,127.1144878
경기도,남양주시,상록꿈터어린이집,경기도 남양주시 별내5로 119 상록리슈빌아파트 관리동어린이집,37.65804703,127.1211064
경기도,남양주시,예지어울림어린이집,경기도 남양주시 퇴계원읍 퇴계원로 141 금호어울림아파트 관리동,37.65969569,127.1439195
경기도,남양주시,별내숲어린이집,경기도 남양주시 불암산로97번길 17 ,37.65199433,127.1029775
경기도,남양주시,하늘별어린이집,경기도 남양주시 불암로 337 유승한내들아파트 관리동,37.66483183,127.1290451
경기도,남양주시,행복한동익어린이집,경기도 남양주시 별내중앙로 84 별내동익미라벨아파트 관리동,37.65020177,127.1206269
경기도,남양주시,동익별빛어린이집,"경기도 남양주시 별내중앙로 84 3911동 104호 (별내동, 별내동익미라벨아파트)",37.65020177,127.1206269
경기도,남양주시,키즈모아어린이집,"경기도 남양주시 불암로 336 (별내동, 별사랑마을 모아미래도아파트) 관리동",37.66167002,127.1267984
경기도,남양주시,시립미리내어린이집,"경기도 남양주시 별내3로 23 단지 내(별내동, 미리내마을4-4단지)",37.64480145,127.1176916
경기도,남양주시,꼬마드림어린이집,"경기도 남양주시 별내3로 24 관리동 (별내동, 우미린아파트)",37.64405195,127.1181096
경기도,남양주시,시립미리별어린이집,"경기도 남양주시 별내3로 251 단지 내(별내동, 별사랑마을 2-10단지)",37.65885482,127.1189236
경기도,남양주시,시립꿈이가득한어린이집,"경기도 남양주시 별내4로 62 단지 내(별내동, 별빛마을3-5단지)",37.64760385,127.1167951
경기도,남양주시,시립별내우리어린이집,경기도 남양주시 순화궁로 382 별사랑마을 2-2단지,37.66051282,127.1247451
경기도,남양주시,아이맘어린이집,"경기도 남양주시 덕송1로 30 1507동 105호 (별내동, 별내아이파크2차)",37.66481791,127.117619
경기도,남양주시,별내아이어린이집,"경기도 남양주시 덕송1로 30 1505동 107호 (별내동, 별내아이파크2차)",37.66481791,127.117619
경기도,남양주시,사랑별아이파크어린이집,"경기도 남양주시 덕송1로 30 1506동 106호 (별내동, 별내아이파크2차)",37.66481791,127.117619
경기도,남양주시,시립별초롱어린이집,경기도 남양주시 별내3로 157 (별사랑마을2-7단지내),37.6524725,127.1252191
경기도,남양주시,자연뜰어린이집,경기도 남양주시 퇴계원읍 경춘북로558번길 12 퇴계원 힐스테이트아파트 관리동,37.64445412,127.1470021
경기도,남양주시,시립토리어린이집,경기도 남양주시 별내4로 7 (미리내마을 4-3단지),37.64583958,127.112782
경기도,남양주시,샘이소어린이집,경기도 남양주시 불암산로97번길 3 ,37.65192348,127.104045
경기도,남양주시,시립한별어린이집,경기도 남양주시 별내4로 35 (미리내마을 4-2단지),37.64683859,127.1148321
경기도,남양주시,시립푸른들보듬이나눔이어린이집,경기도 남양주시 오남읍 진건오남로550번길 41 ,37.68126138,127.2146632
경기도,남양주시,시립별내아이파크어린이집,"경기도 남양주시 덕송1로 30 (별내동, 별내아이파크2차아파트)",37.66481791,127.117619
경기도,남양주시,시립푸른숲어린이집,"경기도 남양주시 송산로307번길 22 (별내동, 별내푸르지오아파트)",37.66690236,127.1293772
경기도,남양주시,시립별꽃어린이집,"경기도 남양주시 순화궁로 18 (별내동, 신안인스빌아파트)",37.64826465,127.1136438
경기도,남양주시,시립해달별어린이집,"경기도 남양주시 별내5로 189 단지 내(별내동, 별사랑마을2-5단지)",37.66031857,127.1286082
경기도,남양주시,다산새싹어린이집,경기도 남양주시 다산지금로146번길 117 금강펜테리움2차 7501동103호,37.59988321,127.1715712
경기도,남양주시,시립다산퍼스트리버어린이집,경기도 남양주시 다산지금로146번길 100 ,37.5963825,127.1693935
경기도,남양주시,시립다산아이편한어린이집,경기도 남양주시 다산중앙로20번길 7 ,37.61612902,127.156339
경기도,남양주시,시립오네뜨어린이집,경기도 남양주시 늘을3로 88-12 ,37.65808511,127.2485098
경기도,남양주시,시립다산아이사랑어린이집,경기도 남양주시 다산중앙로82번길 12 단지내,37.61994975,127.1561984
경기도,남양주시,시립다산누리봄어린이집,경기도 남양주시 다산중앙로145번길 38 ,37.62611112,127.1493303
경기도,남양주시,시립별내좋은친구어린이집,"경기도 남양주시 별내5로 189-130 (별내동, 우미린스타포레)",37.6660422,127.1314123
경기도,남양주시,행복가득어린이집,경기도 남양주시 별내5로 189-130 5403동 104호,37.6660422,127.1314123
경기도,남양주시,시립다산푸른숲어린이집,경기도 남양주시 다산지금로123번길 17 신안인스빌퍼스트포레 단지 내,37.60237921,127.1758024
경기도,남양주시,별하어린이집,경기도 남양주시 다산지금로123번길 17 7206동 103호,37.60237921,127.1758024
경기도,남양주시,신안사랑어린이집,경기도 남양주시 다산지금로123번길 17 7204동102호,37.60237921,127.1758024
경기도,남양주시,시립힐즈파크어린이집,경기도 남양주시 화도읍 비룡로33번길 25 힐즈파크푸르지오,37.65526706,127.2979362
경기도,남양주시,와부코오롱어린이집,경기도 남양주시 와부읍 덕소로97번길 69 관리동,37.58898644,127.2201715
경기도,남양주시,해들누리어린이집,"경기도 남양주시 다산지금로123번길 17 7208동 103호(다산동, 다산신안인스빌퍼스트포레)",37.60237921,127.1758024
경기도,남양주시,시립루첸밝은빛어린이집,경기도 남양주시 경춘로 1305 (평내동 191),37.65098204,127.236506
경기도,남양주시,시립루첸새솔어린이집,경기도 남양주시 경춘로 1305 대명루첸리버파크  (109동 앞),37.65098204,127.236506
경기도,남양주시,시립산새꽃어린이집,경기도 남양주시 덕송3로 27 위스테이별내 단지 내,37.66956949,127.112461
경기도,남양주시,시립라온하늘어린이집,경기도 남양주시 화도읍 경춘보학2길 30 라온프라이빗1단지,37.651776,127.2921129
경기도,남양주시,시립트레지움어린이집,경기도 남양주시 화도읍 비룡로 186 남양주 두산위브트레지움 단지 내,37.66763436,127.3031607
경기도,남양주시,시립다산자이어린이집,경기도 남양주시 다산중앙로 153 다산자이아이비플레이스 단지 내,37.62671917,127.1506215
경기도,남양주시,시립하임어린이집,경기도 남양주시 백봉로 32 시립하임어린이집,37.65225701,127.2539341
경기도,남양주시,시립하랑꿈어린이집,경기도 남양주시 백봉로 32 시립하랑꿈어린이집,37.65225701,127.2539341
경기도,남양주시,평내해솔어린이집,경기도 남양주시 경춘로1256번길 24 관리동 1층,37.64421983,127.2359556
경기도,남양주시,시립아가사랑어린이집,경기도 남양주시 퇴계원읍 도제원로 96 103동 106호(일신건영아파트),37.65709101,127.1462202
경기도,남양주시,예당브래뉴어린이집,경기도 남양주시 진접읍 해밀예당1로236번길 3 관리동,37.72259911,127.205734
경기도,남양주시,다산해모로어린이집,경기도 남양주시 미금로19번길 9 다산해모로아파트 관리동,37.60608722,127.1515124
경기도,남양주시,시립파라곤키즈어린이집,경기도 남양주시 천마산로 65 호평파라곤관리동 키즈라운지,37.66993571,127.2506239
경기도,남양주시,파라곤직장어린이집,경기도 남양주시 순화궁로 249 파라곤스퀘어 D159호,37.6518833,127.1281185
경기도,남양주시,시립행복나무어린이집,"경기도 남양주시 순화궁로 458-58 단지 내(별내동, 별가람마을 1-8단지)",37.66809635,127.1229671
경기도,남양주시,시립다산지금어린이집,경기도 남양주시 다산중앙로82번길 87-17 다산센트럴파크6단지 내,37.62061639,127.1637692
경기도,남양주시,시립다산자이폴라리스어린이집,경기도 남양주시 다산순환로 242 자연앤자이아파트 단지 내,37.63020792,127.1497402
경기도,남양주시,시립다산사랑어린이집,경기도 남양주시 다산중앙로123번길 47 다산메트로3단지 내,37.62290122,127.1475754
경기도,남양주시,시립키든어린이집,경기도 남양주시 별내3로 64-16 별빛마을 3-6단지 내,37.64622448,127.1210574
경기도,남양주시,시립다산푸르지오어린이집,경기도 남양주시 다산중앙로82번안길 74 다산푸르지오 아파트 단지 내,37.61523616,127.1635704
경기도,남양주시,시립더샵어린이집,경기도 남양주시 진접읍 부평로48번길 140 단지 내(남양주더샵퍼스트시티),37.73755299,127.1979778
경기도,남양주시,시립서희어린이집,"경기도 남양주시 진접읍 부평로48번길 110 , 단지 내(서희스타힐스)",37.73514442,127.1983034
경기도,남양주시,남양주남부경찰서어린이집,경기도 남양주시 경춘로 532 남양주남부경찰서,37.61174383,127.1720674
경기도,남양주시,시립바다어린이집,"경기도 남양주시 순화궁로 458-16 단지 내(별내동, LH퍼스트포레)",37.66646281,127.1211106
경기도,남양주시,시립남양주어린이집,경기도 남양주시 다산중앙로82번길 106 경기행복주택 단지 내,37.61918683,127.1658727
경기도,남양주시,시립해든어린이집,"경기도 남양주시 평내로 145 (평내동, e편한세상평내메트로원 단지 내",37.64745813,127.2403331
경기도,남양주시,시립다산데시앙어린이집,경기도 남양주시 다산중앙로171번길 21-10 다산진건데시앙 단지 내,37.6279497,127.1490195
경기도,남양주시,시립푸른데시앙어린이집,경기도 남양주시 다산중앙로82번길 105 다산지금데시앙 단지 내,37.6214281,127.1666626
경기도,남양주시,시립샬롬어린이집,경기도 남양주시 화도읍 수레로1233번길 8 102동 103호(창현두산1차아파트),37.6474797,127.3016982
경기도,남양주시,남양주 법원 어린이집,경기도 남양주시 다산중앙로82번안길 161 ,37.61406391,127.1689825
경기도,남양주시,시립삼부어린이집,경기도 남양주시 진접읍 주곡로 133 삼부르네상스더퍼스트 단지 내,37.7270621,127.2064872
경기도,남양주시,자이키즈어린이집,경기도 남양주시 다산순환로 242 1404동105호,37.63020792,127.1497402
경기도,남양주시,시립별헤임어린이집,경기도 남양주시 덕송3로 45-13 단지내,37.66972267,127.1104428
경기도,남양주시,시립다산더푸른어린이집,경기도 남양주시 다산순환로 311 다산포레스트2단지 내,37.62966713,127.1559455
경기도,남양주시,시립쌍용예능어린이집,경기도 남양주시 오남읍 양지로281번길 16 104동 101호(오남쌍용스윗닷홈지티1단지아파트),37.69948487,127.1908248
경기도,남양주시,시립자이더스타어린이집,경기도 남양주시 별내1로 13-21 별내자이더스타아파트 단지 내,37.64307988,127.1228685
경기도,남양주시,시립남양주하나어린이집,경기도 남양주시 화도읍 경춘로2192번길 8-11 화도복지회관 1층,37.65329644,127.3312455
경기도,남양주시,시립행복한푸르지오어린이집,경기도 남양주시 다산중앙로123번길 29 ,37.6226619,127.1502295
경기도,남양주시,시립품속어린이집,경기도 남양주시 도농로 34 401동 106호,37.61101957,127.1562291
경기도,남양주시,시립무릎학교어린이집,경기도 남양주시 평내로 113 1505동 101호,37.64578097,127.2365387
경기도,남양주시,시립도곡수자인어린이집,경기도 남양주시 와부읍 도심길 21 한양수자인리버파인단지 관리동,37.58057001,127.2209904
경기도,남양주시,남양주북부경찰서어린이집,경기도 남양주시 진접읍 진건오남로 1019 남양주북부경찰서 내,37.70999555,127.1836621
경기도,남양주시,한신더휴어린이집,"경기도 남양주시 금곡로19번길 36 101동 1층 어린이집 (금곡동, 금곡역한신더휴아파트",37.6365252,127.2071014
경기도,성남시 수정구,위례1어린이집,경기도 성남시 수정구 위례광장로 311 ,37.47120601,127.1437065
경기도,성남시 수정구,판교밸리포레자이어린이집,경기도 성남시 수정구 고등로 33 판교밸리포레자이 단지 내,37.4303675,127.0967619
경기도,성남시 수정구,센트럴자이어린이집,경기도 성남시 수정구 수정로 260 센트럴자이어린이집,37.44589563,127.1473372
경기도,성남시 수정구,신흥자이어린이집,경기도 성남시 수정구 수정로 288 신흥자이어린이집,37.44987143,127.149502
경기도,성남시 수정구,푸른자이어린이집,경기도 성남시 수정구 희망로 531 푸른자이어린이집,37.44969066,127.1507971
경기도,성남시 수정구,수정자이어린이집,경기도 성남시 수정구 희망로 533 ,37.45029308,127.1501567
경기도,성남시 수정구,성남삼성어린이집,경기도 성남시 수정구 수정로217번길 5 (태평동),37.44496235,127.1433192
경기도,성남시 수정구,양지어린이집,경기도 성남시 수정구 양지로35번길 4 (양지동),37.45810089,127.1626182
경기도,성남시 수정구,고등동복지관어린이집,경기도 성남시 수정구 대왕판교로976번길 9-5 (고등동),37.427952,127.1029135
경기도,성남시 수정구,태평1동어린이집,경기도 성남시 수정구 성남대로1314번길 7 (태평동),37.4471677,127.127736
경기도,성남시 수정구,수진동어린이집,경기도 성남시 수정구 탄리로17번길 6 수진1동복지회관 (수진동),37.43845387,127.138714
경기도,성남시 수정구,태평4동어린이집,경기도 성남시 수정구 남문로 134 태평4동복지센터 내,37.4477013,127.1414857
경기도,성남시 수정구,산성어린이집,경기도 성남시 수정구 수정남로 269 (산성동),37.45300718,127.150385
경기도,성남시 수정구,신흥제2어린이집,경기도 성남시 수정구 수정로257번길 18 (신흥동),37.44929211,127.1444806
경기도,성남시 수정구,단대어린이집,경기도 성남시 수정구 희망로506번길 21 (단대동),37.44968085,127.1556538
경기도,성남시 수정구,도토리어린이집,"경기도 성남시 수정구 희망로 472 2동 106호(단대동, 미도아파트)",37.44706761,127.1558173
경기도,성남시 수정구,리틀한신어린이집,"경기도 성남시 수정구 산성대로 341 5동 103호(신흥동, 한신아파트)",37.44454607,127.1530978
경기도,성남시 수정구,아이드리어린이집,"경기도 성남시 수정구 단대로23번길 10 103동 102호(단대동, 진흥아파트)",37.45269257,127.1566782
경기도,성남시 수정구,숲속오감놀이어린이집,경기도 성남시 수정구 공원로 340 101동 110호(신흥2동 청구아파트),37.44369758,127.150719
경기도,성남시 수정구,동산어린이집,경기도 성남시 수정구 수정로153번길 17 (태평동),37.44388037,127.1364211
경기도,성남시 수정구,아이세상어린이집,경기도 성남시 수정구 수정로135번길 5-1 ,37.44220033,127.1347811
경기도,성남시 수정구,늘푸른어린이집,"경기도 성남시 수정구 고등공원로 19 , 101동 105호(고등동, 판교밸리 제일풍경채)",37.42784685,127.1003932
경기도,성남시 수정구,삼부어린이집,경기도 성남시 수정구 모란로 65 삼부아파트 1층 관리동 (수진동),37.43892151,127.1235104
경기도,성남시 수정구,사랑어린이집,경기도 성남시 수정구 성남대로1210번길 15 (수진동),37.43816367,127.1299
경기도,성남시 수정구,복정어린이집,경기도 성남시 수정구 복정로96번길 30-1 (복정동),37.46113074,127.1304887
경기도,성남시 수정구,태평제일어린이집,경기도 성남시 수정구 공원로 415 태평제일교회 내 (태평동),37.44736641,127.1437045
경기도,성남시 수정구,태평제3어린이집,경기도 성남시 수정구 탄리로81번길 7 (태평동),37.44301794,127.1349919
경기도,성남시 수정구,수정구청어린이집,경기도 성남시 수정구 수정로 283 (신흥동),37.45076375,127.1459283
경기도,성남시 수정구,아이원어린이집,경기도 성남시 수정구 탄리로 56 (신흥동),37.44099706,127.1368685
경기도,성남시 수정구,드림나무어린이집,경기도 성남시 수정구 모란로87번길 3 (태평동),37.4406981,127.1255886
경기도,성남시 수정구,해맑은어린이집,경기도 성남시 수정구 수정로 294 (신흥동),37.45050121,127.1473731
경기도,성남시 수정구,리틀플러스어린이집,경기도 성남시 수정구 성남대로1250번길 7-2 1층 (태평동),37.44181047,127.1283849
경기도,성남시 수정구,아이비어린이집,경기도 성남시 수정구 수정로228번길 4 (신흥동),37.4450532,127.1448492
경기도,성남시 수정구,희망의소리어린이집,경기도 성남시 수정구 남문로60번길 9-1 ,37.44506655,127.1339106
경기도,성남시 수정구,정원아이랜드어린이집,경기도 성남시 수정구 성남대로1210번길 7 (수진동),37.43793761,127.1290652
경기도,성남시 수정구,선사어린이집,경기도 성남시 수정구 탄천로319번길 4 (사송동),37.42025507,127.1162191
경기도,성남시 수정구,신흥제3어린이집,경기도 성남시 수정구 공원로349번길 8 (신흥동),37.44348521,127.148796
경기도,성남시 수정구,리틀하늘아이어린이집,경기도 성남시 수정구 산성대로515번길 20-5 ,37.45844519,127.16155
경기도,성남시 수정구,산성제2어린이집,경기도 성남시 수정구 수정남로306번길 15-16 ,37.45570647,127.1537927
경기도,성남시 수정구,새싹어린이집,경기도 성남시 수정구 남문로32번길 15 (태평동),37.44378571,127.1312176
경기도,성남시 수정구,경희어린이집,경기도 성남시 수정구 성남대로1318번길 7 ,37.44763001,127.1277319
경기도,성남시 수정구,해오름어린이집,경기도 성남시 수정구 수정로217번길 4 (태평동),37.44512309,127.1436158
경기도,성남시 수정구,아가나무어린이집,경기도 성남시 수정구 남문로77번길 5-1 (태평동),37.44689581,127.1350788
경기도,성남시 수정구,두산행복한어린이집,"경기도 성남시 수정구 공원로 360 104동 103호(신흥동, 두산아파트)",37.44561731,127.1494189
경기도,성남시 수정구,오렌지리틀스쿨어린이집,경기도 성남시 수정구 남문로94번길 4 (태평동),37.44666053,127.1370504
경기도,성남시 수정구,청구사랑어린이집,"경기도 성남시 수정구 공원로 340 102동 102호(신흥동, 청구아파트)",37.44369758,127.150719
경기도,성남시 수정구,리키즈스쿨어린이집,경기도 성남시 수정구 모란로78번길 2 (태평동),37.43985065,127.125974
경기도,성남시 수정구,또래끼리어린이집,"경기도 성남시 수정구 산성대로437번길 7 , 101동 103호(단대동, 푸르지오)",37.45082274,127.1575989
경기도,성남시 수정구,예림어린이집,"경기도 성남시 수정구 산성대로437번길 7 관리동(단대동,푸르지오아파트)",37.45082274,127.1575989
경기도,성남시 수정구,산성3어린이집,경기도 성남시 수정구 수정로456번길 19 ,37.46046146,127.1556532
경기도,성남시 수정구,코이카어린이집,경기도 성남시 수정구 대왕판교로 825 한국국제협력단 내 코이카어린이집,37.41570929,127.0986261
경기도,성남시 수정구,고운아이어린이집,경기도 성남시 수정구 위례순환로 220 5504동 101호,37.4695249,127.1508663
경기도,성남시 수정구,아이숲어린이집,"경기도 성남시 수정구 위례순환로 220 5516동101호(창곡동,위례사랑으로부영55단지)",37.4695249,127.1508663
경기도,성남시 수정구,위례더힐어린이집,"경기도 성남시 수정구 위례순환로 220 관리동(창곡동, 위례더힐)",37.4695249,127.1508663
경기도,성남시 수정구,이든아이어린이집,"경기도 성남시 수정구 위례순환로 211 5402동101호(창곡동,위례센트럴푸르지오)",37.47144271,127.1537233
경기도,성남시 수정구,오로라어린이집,"경기도 성남시 수정구 위례동로 61 5618동103호(창곡동, 위례 자연앤래미안이편한세상)",37.46674563,127.1484618
경기도,성남시 수정구,샤론의꽃어린이집,경기도 성남시 수정구 수정로 319 109동 102호(산성역포레스티아아파트),37.45414345,127.1442386
경기도,성남시 수정구,위례꼬마숲어린이집,"경기도 성남시 수정구 위례동로 61 5604동101호(창곡동,위례 자연앤래미안이편한세상)",37.46674563,127.1484618
경기도,성남시 수정구,키즈자이어린이집,경기도 성남시 수정구 위례순환로 100 위례자이 아파트 3303동 102호,37.4707022,127.1386198
경기도,성남시 수정구,LIG넥스원판교어린이집,경기도 성남시 수정구 탄천로339번길 34 ,37.42023254,127.113346
경기도,성남시 수정구,리틀포레스트어린이집,경기도 성남시 수정구 위례광장로 97 자연앤센트럴자이아파트 관리동,37.47374011,127.1388774
경기도,성남시 수정구,샛별어린이집,경기도 성남시 수정구 위례광장로 97 3201동 104호,37.47374011,127.1388774
경기도,성남시 수정구,위례반디협동어린이집,경기도 성남시 수정구 위례중앙로 216 호반베르디움 관리동,37.4724477,127.1537921
경기도,성남시 수정구,아이비키즈어린이집,경기도 성남시 수정구 위례순환로 100 3305동 102호(위례자이),37.4707022,127.1386198
경기도,성남시 수정구,테라스위례어린이집,경기도 성남시 수정구 위례동이로 24 e편한세상테라스위례아파트 관리동,37.46697625,127.1518212
경기도,성남시 수정구,더해피어린이집,"경기도 성남시 수정구 위례광장로 97 3216동 104호(위례동, 자연앤센트럴자이아파트)",37.47374011,127.1388774
경기도,성남시 수정구,밝은아이어린이집,"경기도 성남시 수정구 위례중앙로 190 5108동 102호(창곡동, 위례자이더시티)",37.47352052,127.1480119
경기도,성남시 수정구,위례어린이집,경기도 성남시 수정구 위례동로 61 ,37.46674563,127.1484618
경기도,성남시 수정구,두산아이숲어린이집,경기도 성남시 수정구 태평로 65 ,37.44997915,127.1328705
경기도,성남시 수정구,고등풀빛어린이집,경기도 성남시 수정구 고등로 34 (고등동),37.4297278,127.0966345
경기도,성남시 수정구,고등2어린이집,경기도 성남시 수정구 고등로 57 (고등동),37.43059335,127.0995234
경기도,성남시 수정구,위례 포레스트 부영 사랑으로 어린이집,경기도 성남시 수정구 헌릉로 1005 부영 사랑으로 관리동,37.46243349,127.1444533
경기도,성남시 수정구,위례라온어린이집,경기도 성남시 수정구 위례광장로 12 ,37.46676779,127.1421594
경기도,성남시 수정구,위례푸른어린이집,경기도 성남시 수정구 위례광장로 34 ,37.46694178,127.141402
경기도,성남시 수정구,자이숲어린이집,경기도 성남시 수정구 위례순환로 100 ,37.4707022,127.1386198
경기도,성남시 수정구,판교밸리풍경채어린이집,경기도 성남시 수정구 고등공원로 19 ,37.42784685,127.1003932
경기도,성남시 수정구,포레스티아어린이집,경기도 성남시 수정구 수정로 319 ,37.45414345,127.1442386
경기도,성남시 수정구,복정2어린이집,경기도 성남시 수정구 복정로118번길 20 ,37.46325711,127.1291097
경기도,성남시 수정구,위례3어린이집,경기도 성남시 수정구 위례순환로 53 ,37.47205922,127.1344034
경기도,성남시 수정구,아이파랑새어린이집,경기도 성남시 수정구 논골로36번길 19-1 ,37.45834081,127.1607228
경기도,성남시 수정구,HP판교어린이집,경기도 성남시 수정구 연내개울로 26 ,37.42816186,127.0924215
경기도,성남시 수정구,삼성SDS 아이누리 어린이집,"경기도 성남시 수정구 창업로 17 판교아이스퀘어 D동 301,401호",37.41201316,127.0978303
경기도,성남시 수정구,위례자이더시티어린이집,경기도 성남시 수정구 위례중앙로 190 위례자이더시티어린이집,37.47352052,127.1480119
경기도,성남시 수정구,성남시의료원어린이집,경기도 성남시 수정구 수정로171번길 10 2층(태평동),37.44498456,127.1390577
경기도,성남시 수정구,별그린어린이집,경기도 성남시 수정구 위례순환로 53 3602동 101호,37.47205922,127.1344034
경기도,성남시 수정구,KT판교어린이집,"경기도 성남시 수정구 금토로 32 , 1층(KT판교빌딩)",37.40659698,127.0907921
경기도,성남시 수정구,수피아어린이집,"경기도 성남시 수정구 희망로 533 , 401동 103호(신흥동, 산성역자이푸르지오)",37.45029308,127.1501567
경기도,성남시 수정구,LITTLE PSK어린이집,"경기도 성남시 수정구 금토로 75 (금토동, 피에스케이 판교캠퍼스)",37.40464718,127.086323
경기도,성남시 수정구,뭉게구름어린이집,"경기도 성남시 수정구 금토로 70 , 1층(금토동)",37.40545801,127.0870687
경기도,성남시 수정구,위례어울림어린이집,경기도 성남시 수정구 위례동로 126 ,37.47125255,127.1507501
경기도,성남시 수정구,아테라숲어린이집,경기도 성남시 수정구 남위례로 116 ,37.45917375,127.1368593
경기도,성남시 수정구,수자인다솔어린이집,경기도 성남시 수정구 남위례로 200 ,37.45918926,127.1439763
경기도,성남시 수정구,수자인해솔어린이집,경기도 성남시 수정구 남위례로 140 ,37.4577365,127.139135
경기도,성남시 중원구,상원어린이집,경기도 성남시 중원구 희망로 374 상대원2동제2복지회관 내(상대원동),37.43895432,127.1589407
경기도,성남시 중원구,상대원어린이집,경기도 성남시 중원구 박석로80번길 10 (상대원동),37.4400146,127.166241
경기도,성남시 중원구,삼익어린이집,경기도 성남시 중원구 황송로 6 관리사무소 1층 (금광동),37.44469938,127.1696948
경기도,성남시 중원구,선경어린이집,경기도 성남시 중원구 금상로 134 (상대원동),37.43997714,127.1711463
경기도,성남시 중원구,은행제3어린이집,경기도 성남시 중원구 산성대로604번길 6 (은행동),37.46253655,127.1702437
경기도,성남시 중원구,소망어린이집,경기도 성남시 중원구 박석로5번길 12-7 (상대원동),37.43368783,127.1646447
경기도,성남시 중원구,산내들어린이집,경기도 성남시 중원구 순환로 166 (상대원동),37.43839795,127.179101
경기도,성남시 중원구,다솜어린이집,경기도 성남시 중원구 박석로 14 (상대원동),37.43400404,127.1660964
경기도,성남시 중원구,하대원어린이집,경기도 성남시 중원구 마지로155번길 27 (하대원동),37.42783667,127.1494266
경기도,성남시 중원구,은솔어린이집,경기도 성남시 중원구 산성대로516번길 16-4 ,37.45606326,127.1645684
경기도,성남시 중원구,중앙동어린이집,경기도 성남시 중원구 광명로264번길 9 (중앙동),37.44278707,127.1565664
경기도,성남시 중원구,수자인금광어린이집,경기도 성남시 중원구 광명로 411 (금광동),37.44759907,127.1705305
경기도,성남시 중원구,월드비전어린이집,경기도 성남시 중원구 금빛로 89 성남종합사회복지관 1층 (금광동),37.44970405,127.1660826
경기도,성남시 중원구,원광어린이집,경기도 성남시 중원구 광명로 290-3 (금광동),37.44388639,127.1586694
경기도,성남시 중원구,은행제1어린이집,경기도 성남시 중원구 은행로 77 (은행동),37.45261062,127.1686313
경기도,성남시 중원구,금광2어린이집,경기도 성남시 중원구 산성대로420번길 36 (금광동),37.44843111,127.1630291
경기도,성남시 중원구,중원구청어린이집,경기도 성남시 중원구 제일로 36 중원구청 내 2층 (성남동),37.43030112,127.1370931
경기도,성남시 중원구,기쁨어린이집,경기도 성남시 중원구 마지로155번길 46-2 1층 (하대원동),37.42750947,127.1511631
경기도,성남시 중원구,뉴풀잎어린이집,"경기도 성남시 중원구 원터로18번길 19 101동 105호(하대원동, 성원초원아파트)",37.42975422,127.1457384
경기도,성남시 중원구,동요나라어린이집,"경기도 성남시 중원구 둔촌대로171번길 6 105동 102호(성남동, 금호어울림아파트)",37.43096309,127.137717
경기도,성남시 중원구,해솔어린이집,"경기도 성남시 중원구 자혜로17번길 16 105동 101호(은행동, 현대아파트)",37.45040301,127.1623503
경기도,성남시 중원구,하늘어린이집,"경기도 성남시 중원구 광명로42번길 23 105호 (성남동, 금오아파트)",37.43190284,127.1347527
경기도,성남시 중원구,아이사랑어린이집,"경기도 성남시 중원구 자혜로17번길 16 101동 102호(은행동, 현대아파트)",37.45040301,127.1623503
경기도,성남시 중원구,꿈나라어린이집,"경기도 성남시 중원구 금상로 134 119동 101호(상대원동, 선경아파트)",37.43997714,127.1711463
경기도,성남시 중원구,새선경어린이집,"경기도 성남시 중원구 금상로 134 104동 102호(상대원동, 선경아파트)",37.43997714,127.1711463
경기도,성남시 중원구,무지개어린이집,"경기도 성남시 중원구 금상로 134 109동 107호(상대원동, 선경아파트)",37.43997714,127.1711463
경기도,성남시 중원구,예원어린이집,경기도 성남시 중원구 박석로33번길 36 (상대원동1663-3),37.43603817,127.1619401
경기도,성남시 중원구,성광어린이집,경기도 성남시 중원구 광명로94번길 10 (성남동),37.43429603,127.1397214
경기도,성남시 중원구,조은어린이집,경기도 성남시 중원구 희망로 362 (상대원동),37.43803336,127.1584295
경기도,성남시 중원구,은혜어린이집,경기도 성남시 중원구 자혜로17번길 50 우리빌라101 (은행동),37.4541505,127.1638554
경기도,성남시 중원구,해오름어린이집,경기도 성남시 중원구 광명로110번길 10 (성남동),37.4353319,127.1413361
경기도,성남시 중원구,기쁜우리-i어린이집,경기도 성남시 중원구 금빛로93번길 23 (금광동),37.44945359,127.1637398
경기도,성남시 중원구,우리숲어린이집,경기도 성남시 중원구 광명로361번길 15 1층 (금광동),37.44760757,127.165311
경기도,성남시 중원구,새문어린이집,경기도 성남시 중원구 금상로57번길 8-13 (금광동),37.44138483,127.1624413
경기도,성남시 중원구,우리성남어린이집,경기도 성남시 중원구 박석로15번길 36-15 (상대원동),37.43503249,127.1619167
경기도,성남시 중원구,해냄어린이집,경기도 성남시 중원구 광명로100번길 4 신동아파밀리에 107호 (성남동),37.4350661,127.1399731
경기도,성남시 중원구,별하어린이집,경기도 성남시 중원구 사기막골로150번길 10 산성아파트단지내 (상대원동),37.44193539,127.1781089
경기도,성남시 중원구,이화어린이집,경기도 성남시 중원구  금빛로47번길 14 (금광동),37.44592218,127.1661794
경기도,성남시 중원구,늘기쁜어린이집,"경기도 성남시 중원구 금상로 134 110동 113호(상대원동, 선경아파트)",37.43997714,127.1711463
경기도,성남시 중원구,주원어린이집,경기도 성남시 중원구 둔촌대로 312 (하대원동),37.42992281,127.1528636
경기도,성남시 중원구,지혜사랑어린이집,경기도 성남시 중원구 자혜로44번길 16 (금광동),37.44930391,127.1647313
경기도,성남시 중원구,은별어린이집,"경기도 성남시 중원구 황송로 6 106동 106호(금광동, 황송마을아파트)",37.44469938,127.1696948
경기도,성남시 중원구,새싹뜰어린이집,경기도 성남시 중원구 시민로28번길 3 (하대원동),37.43270585,127.1508491
경기도,성남시 중원구,중앙예원어린이집,경기도 성남시 중원구 박석로73번길 7 (상대원3동),37.43881294,127.1650661
경기도,성남시 중원구,은성어린이집,경기도 성남시 중원구 금상로67번길 8 (금광동),37.44177702,127.1627844
경기도,성남시 중원구,초원아이랜드어린이집,경기도 성남시 중원구 원터로 30-3 (하대원동),37.4300654,127.1449584
경기도,성남시 중원구,해나라i어린이집,경기도 성남시 중원구  금광로 71 407동 102호 (금광동),37.44499524,127.1664806
경기도,성남시 중원구,도촌제3어린이집,경기도 성남시 중원구 도촌남로 148 휴먼시아섬마을 911동 (도촌동),37.4121132,127.1635109
경기도,성남시 중원구,도촌제1어린이집,"경기도 성남시 중원구 도촌남로 24 204동 (도촌동, 휴먼시아섬마을2단지)",37.41401774,127.1511488
경기도,성남시 중원구,위니어린이집,"경기도 성남시 중원구 도촌남로 67 302동 102호(도촌동, 휴먼시아섬마을아파트)",37.41490038,127.1541489
경기도,성남시 중원구,도촌제2어린이집,"경기도 성남시 중원구 도촌남로 134 805동 (도촌동, 휴먼시아섬마을8단지)",37.41293112,127.1593716
경기도,성남시 중원구,황송어린이집,"경기도 성남시 중원구 황송로 6 105동 101호(금광동, 황송마을아파트)",37.44469938,127.1696948
경기도,성남시 중원구,그린나무어린이집,경기도 성남시 중원구 성남대로1130번길 27 (성남동),37.43096154,127.132454
경기도,성남시 중원구,위즈아이어린이집,경기도 성남시 중원구 둔촌대로 363 자이아파트 생활지원관1층 (하대원동),37.43295121,127.155697
경기도,성남시 중원구,빛나는어린이집,"경기도 성남시 중원구 금상로 134 102동 101호(상대원동, 선경아파트)",37.43997714,127.1711463
경기도,성남시 중원구,웃는아이어린이집,경기도 성남시 중원구 둔촌대로425번길 43 (상대원1동),37.43689556,127.1646296
경기도,성남시 중원구,어울림관리동어린이집,경기도 성남시 중원구 둔촌대로171번길 6 어울림아파트 관리동,37.43096309,127.137717
경기도,성남시 중원구,꿈땅어린이집,경기도 성남시 중원구 광명로323번길 16 (금광2동),37.44651739,127.1613658
경기도,성남시 중원구,두산위브어린이집,"경기도 성남시 중원구 은행로 13 103동 102호(은행동, 두산위브)",37.45499506,127.1636965
경기도,성남시 중원구,성남시청직장어린이집,경기도 성남시 중원구 성남대로 997 (여수동),37.42002187,127.1265863
경기도,성남시 중원구,꼬마성어린이집,"경기도 성남시 중원구 둔촌대로 300 1015동 103호(하대원동, 아튼빌아파트)",37.42910503,127.1498519
경기도,성남시 중원구,천사어린이집,"경기도 성남시 중원구 황송로 77 107동 102호(금광동, 래미안금광)",37.45109475,127.173492
경기도,성남시 중원구,꿈터어린이집,"경기도 성남시 중원구 도촌북로 78 502동 102호(도촌동, 휴먼시아섬마을5단지)",37.41539596,127.1586254
경기도,성남시 중원구,동화나라i어린이집,경기도 성남시 중원구 도촌북로 78 휴먼시아섬마을 5단지관리동 (도촌동),37.41539596,127.1586254
경기도,성남시 중원구,키즈스타어린이집,경기도 성남시 중원구 산성대로568번길 5 (은행2동),37.46053729,127.167544
경기도,성남시 중원구,보배어린이집,경기도 성남시 중원구 도촌남로 22 휴먼시아섬마을 1단지 관리동 (도촌동),37.4141394,127.148285
경기도,성남시 중원구,늘해랑어린이집,"경기도 성남시 중원구 도촌남로 22 113동 102호(도촌동, 휴먼시아섬마을아파트)",37.4141394,127.148285
경기도,성남시 중원구,트니트니어린이집,"경기도 성남시 중원구 도촌남로 22 117동 102호(도촌동, 휴먼시아섬마을아파트)",37.4141394,127.148285
경기도,성남시 중원구,푸른솔어린이집,"경기도 성남시 중원구 제일로 55 대동다숲 108호, 109호 (성남동)",37.43192241,127.1356084
경기도,성남시 중원구,우리-i어린이집,경기도 성남시 중원구 둔촌대로389번길 24 (상대원동),37.43547574,127.1607022
경기도,성남시 중원구,키즈스쿨어린이집,경기도 성남시 중원구 시민로66번길 21 현대힐스테이트1차 관리동,37.43643829,127.1505006
경기도,성남시 중원구,사랑샘어린이집,경기도 성남시 중원구 시민로 66 209동102호(중앙동577 현대힐스테이트),37.43586713,127.1494478
경기도,성남시 중원구,성남산업단지어린이집,경기도 성남시 중원구 둔촌대로457번길 8 (상대원동),37.43241864,127.1686856
경기도,성남시 중원구,여수센트럴타운어린이집,경기도 성남시 중원구 성남대로 1000 (도촌동),37.41846088,127.1298115
경기도,성남시 중원구,에코비어린이집,"경기도 성남시 중원구 성남대로 1000 314동 104호(여수동, 센트럴타운 3단지)",37.41846088,127.1298115
경기도,성남시 중원구,은진래미안어린이집,"경기도 성남시 중원구 황송로 77 관리동(금광동,래미안금광아파트)",37.45109475,127.173492
경기도,성남시 중원구,지혜숲어린이집,경기도 성남시 중원구 박석로25번길 6-17 (상대원동),37.43571501,127.1652382
경기도,성남시 중원구,봄샘캐슬어린이집,"경기도 성남시 중원구 희망로 415 관리동(중앙동, 롯데캐슬아파트)",37.44314196,127.1568565
경기도,성남시 중원구,성남동어린이집,경기도 성남시 중원구 제일로63번길 25-6 ,37.43185795,127.1330187
경기도,성남시 중원구,도촌어린이집,경기도 성남시 중원구 도촌북로 92 ,37.41516556,127.1590383
경기도,성남시 중원구,한화성남어린이집,경기도 성남시 중원구 양현로405번길 4-5 ,37.41745501,127.1277104
경기도,성남시 중원구,산들어린이집,"경기도 성남시 중원구 여수울로 51 관리동(여수동,산들마을)",37.42057666,127.1365217
경기도,성남시 중원구,중원분더바움어린이집,"경기도 성남시 중원구 여수울로 51 204동 102호(여수동,산들마을)",37.42057666,127.1365217
경기도,성남시 중원구,성남중원경찰서어린이집,경기도 성남시 중원구 금빛로2번길 10 상대원동,37.44266373,127.1703708
경기도,성남시 중원구,성남2어린이집,경기도 성남시 중원구 둔촌대로63번길 11 성남2어린이집,37.43235269,127.1251947
경기도,성남시 중원구,나나어린이집,경기도 성남시 중원구 시민로 66 관리동(중앙동힐스테이트2차),37.43586713,127.1494478
경기도,성남시 중원구,랜더스원어린이집,경기도 성남시 중원구 광명로 176 ,37.43907805,127.1477438
경기도,성남시 중원구,금빛나래어린이집,"경기도 성남시 중원구 금광로 11 금광동, e편한세상금빛그랑메종 107동",37.44296064,127.159571
경기도,성남시 중원구,금빛누리어린이집,경기도 성남시 중원구 금광로 26 e편한세상금빛그랑메종 202동 1층,37.4431025,127.1626517
경기도,성남시 중원구,금빛아이어린이집,"경기도 성남시 중원구 금광로 71 금광동, e편한세상금빛그랑메종 404동",37.44499524,127.1664806
경기도,성남시 중원구,금빛하나어린이집,"경기도 성남시 중원구 금광로 72 507동, G2층",37.44449733,127.167891
경기도,성남시 중원구,금빛모아어린이집,"경기도 성남시 중원구 금광로 39 금광동, e편한세상금빛그랑메종 602동",37.44421467,127.1629459
경기도,성남시 중원구,금빛다소니어린이집,"경기도 성남시 중원구 금광로 40 금광동, e편한세상금빛그랑메종 306동",37.44358804,127.1642946
경기도,성남시 중원구,하늘채숲어린이집,경기도 성남시 중원구 광명로 204 신흥역 코오롱하늘채랜더스원 2단지,37.43885443,127.1508763
경기도,성남시 중원구,하늘채별어린이집,경기도 성남시 중원구 광명로 206 신흥역 코오롱하늘채랜더스원 3단지,37.44035406,127.150607
경기도,성남시 중원구,하늘채고운어린이집,경기도 성남시 중원구 광명로 202 신흥역 코오롱하늘채랜더스원 4단지,37.4398461,127.1495167
경기도,성남시 중원구,아이별어린이집,"경기도 성남시 중원구 금광로 71 408동 102호 (금광동,e편한세상금빛그랑메종)",37.44499524,127.1664806
경기도,성남시 중원구,블루밍키즈어린이집,"경기도 성남시 중원구 금광로 72 506동 103호(금광동, e편한세상금빛그랑메종)",37.44449733,127.167891
경기도,성남시 분당구,수내동어린이집,경기도 성남시 분당구 황새울로240번길 10-5 1~3층(수내1동),37.37909863,127.1147023
경기도,성남시 분당구,백현어린이집,경기도 성남시 분당구 동판교로 91 백현마을 4단지 1층(백현동),37.39074938,127.116024
경기도,성남시 분당구,구미동어린이집,경기도 성남시 분당구 금곡로25번길 10 다목적회관 1층,37.34453663,127.1123204
경기도,성남시 분당구,한솔어린이집,경기도 성남시 분당구 내정로 94 1층(정자동),37.3673875,127.1155094
경기도,성남시 분당구,청솔어린이집,경기도 성남시 분당구 미금로 246 1층(금곡동),37.35462403,127.1099976
경기도,성남시 분당구,중탑어린이집,경기도 성남시 분당구 판교로 607 ,37.40753137,127.1411822
경기도,성남시 분당구,야탑어린이집,경기도 성남시 분당구 판교로 546 중앙문화정보센터 내 (야탑동),37.4039669,127.134723
경기도,성남시 분당구,아이샘어린이집,"경기도 성남시 분당구 정자로 56 109동 102호(정자동, 상록마을라이프1차아파트)",37.36238206,127.1120065
경기도,성남시 분당구,분당구청어린이집,경기도 성남시 분당구 분당로 50 분당구청 내 1층 (수내동),37.38263122,127.1189553
경기도,성남시 분당구,별다래어린이집,"경기도 성남시 분당구 중앙공원로 17 305동 101호(서현동, 시범단지한양아파트)",37.37918594,127.1262096
경기도,성남시 분당구,건영앙팡어린이집,"경기도 성남시 분당구 장안로 15 122동 103호(분당동, 장안타운건영아파트)",37.36953196,127.1419041
경기도,성남시 분당구,자연과아이들어린이집,"경기도 성남시 분당구 수내로 206 310동 102호(수내동, 푸른마을신성아파트)",37.3695047,127.1273806
경기도,성남시 분당구,지혜샘 어린이집,경기도 성남시 분당구 분당로381번길 10 ,37.3690127,127.1468471
경기도,성남시 분당구,호호어린이집,"경기도 성남시 분당구 미금일로 58 405동 102호(구미동, 까치마을롯데선경4단지아파트)",37.3472659,127.113119
경기도,성남시 분당구,아이맘어린이집,"경기도 성남시 분당구 정자로 143 205동 102호(정자동, 한솔마을)",37.3644488,127.1205694
경기도,성남시 분당구,KT꿈나무어린이집,경기도 성남시 분당구 불정로 90 구수내전화국 1층 (정자동),37.35878235,127.1149363
경기도,성남시 분당구,SK주식회사 늘푸른어린이집,경기도 성남시 분당구 성남대로343번길 9 SKU-타워 3층 SK주식회사 늘푸른어린이집 (정자동),37.3663641,127.1065955
경기도,성남시 분당구,정자사임당어린이집,경기도 성남시 분당구 백현로 206 정자동 한솔주공4단지아파트,37.36740496,127.1180762
경기도,성남시 분당구,사과나무어린이집,"경기도 성남시 분당구 양현로 220 1013동 102호(이매동, 이매촌삼성10단지아파트)",37.40384904,127.127335
경기도,성남시 분당구,창조어린이집,"경기도 성남시 분당구 불곡로17번길 6 , 1층 (정자동)",37.35898214,127.1248609
경기도,성남시 분당구,사랑샘어린이집,"경기도 성남시 분당구 수내로192번길 25 403동 102호(수내동, 푸른마을신성아파트)",37.36756718,127.1257406
경기도,성남시 분당구,애솔어린이집,"경기도 성남시 분당구 판교로 669 503동 104호(야탑동, 목련마을영남5단지아파트)",37.40572597,127.1469739
경기도,성남시 분당구,다솜어린이집,"경기도 성남시 분당구 정자일로 46 208동 102호(금곡동, 청솔마을 화인아파트)",37.35454107,127.1063184
경기도,성남시 분당구,매화어린이집,경기도 성남시 분당구 장미로 193 (야탑동),37.41317927,127.1409986
경기도,성남시 분당구,참사랑 어린이집,경기도 성남시 분당구 양현로 507 매화마을주공3단지아파트 관리사무소2층,37.41542625,127.1380047
경기도,성남시 분당구,예쁜또래또어린이집,"경기도 성남시 분당구 분당로263번길 13 620동 103호(서현동, 효자촌대우6단지아파트)",37.37169467,127.137882
경기도,성남시 분당구,꿈나래어린이집,경기도 성남시 분당구 구미로 50 (구미동 무지개마을 엘지아파트) 203동 103호,37.33747035,127.1134063
경기도,성남시 분당구,푸르니분당어린이집,경기도 성남시 분당구 방아로 50 (이매동),37.39896593,127.1343587
경기도,성남시 분당구,예손어린이집,"경기도 성남시 분당구 무지개로 144 503동 101호(구미동, 무지개마을청구아파트)",37.33952019,127.1184634
경기도,성남시 분당구,이매어린이집,"경기도 성남시 분당구 양현로 138 801동 104호(이매동, 이매촌진흥아파트)",37.39617468,127.1277568
경기도,성남시 분당구,하얀한우리어린이집,경기도 성남시 분당구 미금일로 21 하얀마을주공5단지아파트 관리사무소 2층 (구미동),37.3460207,127.1178083
경기도,성남시 분당구,뜨란채어린이집,"경기도 성남시 분당구 미금로22번길 10 1207동 106호(구미동, 무지개마을주공뜨란체12단지아파트)",37.33592612,127.1198532
경기도,성남시 분당구,꼬꼬마어린이집,"경기도 성남시 분당구 미금로 63 303동 102호(구미동, 무지개마을신한아파트)",37.33940823,127.1141248
경기도,성남시 분당구,초롱나라어린이집,"경기도 성남시 분당구 미금로 23 107동 104호(구미동, 무지개마을대림아파트)",37.33546637,127.1158242
경기도,성남시 분당구,숲속어린이집,"경기도 성남시 분당구 미금로 63 305동 102호(구미동, 무지개마을신한아파트)",37.33940823,127.1141248
경기도,성남시 분당구,선우어린이집,"경기도 성남시 분당구 구미로 50 204동 101호(구미동, 무지개마을LG아파트)",37.33747035,127.1134063
경기도,성남시 분당구,핑구어린이집,"경기도 성남시 분당구 미금로 177 (구미동, 까치마을 신원아파트)312동 103",37.34963759,127.1140492
경기도,성남시 분당구,키즈엔젤어린이집,"경기도 성남시 분당구 미금일로 58 409동 104호(구미동, 까치마을롯데선경4단지아파트)",37.3472659,127.113119
경기도,성남시 분당구,파랑어린이집,"경기도 성남시 분당구 판교로 519 712동 101호(야탑동, 탑마을 경남 아너스빌)",37.40673986,127.1314574
경기도,성남시 분당구,푸른어린이집,"경기도 성남시 분당구 야탑로 124 605동 101호(야탑동, 탑마을벽산6단지아파트)",37.40907747,127.1311316
경기도,성남시 분당구,하나어린이집,"경기도 성남시 분당구 장미로 55 128동 101호(야탑동, 장미마을코오롱아파트)",37.41522289,127.1243576
경기도,성남시 분당구,바다어린이집,"경기도 성남시 분당구 양현로 272 304동 103호(야탑동, 탑마을기산아파트)",37.40920549,127.1264315
경기도,성남시 분당구,에덴어린이집,"경기도 성남시 분당구 미금일로 22 202동 101호(구미동, 까치마을주공2단지아파트)",37.34838673,127.1168817
경기도,성남시 분당구,솔지어린이집,"경기도 성남시 분당구 미금로 184 101동 103호(구미동, 까치마을대우롯데선경1단지아파트)",37.35017844,127.1165903
경기도,성남시 분당구,소망어린이집,"경기도 성남시 분당구 돌마로486번길 7 203동 103호(서현동, 효자촌동아아파트)",37.37812847,127.1354369
경기도,성남시 분당구,세발까마귀어린이집,경기도 성남시 분당구 쇳골북로32번길 3 ,37.36356155,127.0977272
경기도,성남시 분당구,사랑어린이집,"경기도 성남시 분당구 중앙공원로 20 408동 101호(서현동, 시범단지현대아파트)",37.37826211,127.1282238
경기도,성남시 분당구,슬기어린이집,"경기도 성남시 분당구 수내로 201 403동 102호(분당동, 샛별마을삼부아파트)",37.37146771,127.1297496
경기도,성남시 분당구,희망어린이집,"경기도 성남시 분당구 양현로94번길 29 607동 101호(이매동, 이매촌청구아파트)",37.39252385,127.1277341
경기도,성남시 분당구,분당우리어린이집,경기도 성남시 분당구 양현로94번길 29 606동 105호(이매동 이매촌청구아파트),37.39252385,127.1277341
경기도,성남시 분당구,LH(오리)어린이집,경기도 성남시 분당구 탄천상로 95 LH공사별관 1층(구미동),37.33985792,127.1112989
경기도,성남시 분당구,토마토어린이집,"경기도 성남시 분당구 성남대로171번길 8 (금곡동, 청솔마을서광영남아파트) 101동 104호",37.35213586,127.1073294
경기도,성남시 분당구,미래어린이집,"경기도 성남시 분당구 불정로386번길 10 602동 101호(서현동, 효자촌미래타운6단지아파트)",37.37341356,127.1380347
경기도,성남시 분당구,덩더쿵공동육아어린이집,경기도 성남시 분당구 불곡남로14번길 12 (정자3동) 1층,37.35838198,127.1223468
경기도,성남시 분당구,동아어린이집,"경기도 성남시 분당구 불정로 179 203동 102호(정자동, 정든마을동아2단지아파트)",37.3603583,127.1211132
경기도,성남시 분당구,튼튼어린이집,"경기도 성남시 분당구 장미로 101 821동 105호(야탑동, 장미마을현대아파트)",37.41597067,127.1293735
경기도,성남시 분당구,무지개분더바움어린이집,"경기도 성남시 분당구 무지개로 144 513동 101호(구미동, 무지개마을청구아파트)",37.33952019,127.1184634
경기도,성남시 분당구,장미사임당어린이집,경기도 성남시 분당구 장미로 55 야탑동 장미마을 동부아파트)138동103호,37.41522289,127.1243576
경기도,성남시 분당구,아이꿈어린이집,"경기도 성남시 분당구 정자일로 30 110동 103호(금곡동, 청솔마을계룡아파트)",37.35272315,127.1078203
경기도,성남시 분당구,탑키즈어린이집,경기도 성남시 분당구 판교로 421 대우아파트단지내 1층 (야탑동),37.40695854,127.120465
경기도,성남시 분당구,햇살어린이집,"경기도 성남시 분당구 내정로 55 317동 102호(정자동, 상록마을 우성아파트)",37.36540123,127.1138779
경기도,성남시 분당구,이레어린이집,"경기도 성남시 분당구 수내로 201 409동 102호(분당동, 샛별마을삼부아파트)",37.37146771,127.1297496
경기도,성남시 분당구,정자동아 사임당 어린이집,"경기도 성남시 분당구 불정로 141 107동 102호(정자동, 정든마을동아1단지아파트)",37.35952681,127.1206109
경기도,성남시 분당구,분당꾸러기들공동육아어린이집,"경기도 성남시 분당구 야탑로 20 , 1층",37.40833356,127.1228521
경기도,성남시 분당구,한국지역난방공사따소미어린이집,"경기도 성남시 분당구 수내로 181 샛별마을우방아파트 단지 입구1,2층 (상가 맞은 편) (분당동)",37.37295286,127.1278598
경기도,성남시 분당구,다예린어린이집,경기도 성남시 분당구 미금로 215 (금곡동 청솔마을 대원아파트)813동103호,37.35141545,127.1119407
경기도,성남시 분당구,즐거운어린이집,경기도 성남시 분당구  내정로 10 703동 101호,37.36084953,127.115905
경기도,성남시 분당구,사임당어린이집,경기도 성남시 분당구 벌말로50번길 27 현대빌라 상가동 1층(야탑동),37.41219894,127.1407844
경기도,성남시 분당구,꿈이자라는땅어린이집,"경기도 성남시 분당구 분당로201번길 17 104동 101호(서현동, 효자촌현대1단지아파트)",37.37659514,127.1328676
경기도,성남시 분당구,꿈터어린이집,"경기도 성남시 분당구 정자일로 80 407동 104호(정자동, 상록마을임광4단지아파트)",37.35776493,127.106336
경기도,성남시 분당구,하늘꿈어린이집,"경기도 성남시 분당구 무지개로 144 502동 102호(구미동, 무지개마을청구5단지아파트)",37.33952019,127.1184634
경기도,성남시 분당구,이매진어린이집,"경기도 성남시 분당구 양현로 88 503동 105호(이매동, 이매촌동부코오롱아파트)",37.3904829,127.1254253
경기도,성남시 분당구,예뜰어린이집,경기도 성남시 분당구 백현로144번길 29-8 경기도 성남시 분당구 백현로144번길 29-8,37.37159181,127.1127601
경기도,성남시 분당구,키즈펀어린이집,"경기도 성남시 분당구 미금로 63 310동 101호(구미동, 무지개마을건영3단지아파트)",37.33940823,127.1141248
경기도,성남시 분당구,울타리어린이집,"경기도 성남시 분당구 벌말로50번길 14 702동102호(야탑동,매화마을화성빌리지)",37.41148849,127.1391112
경기도,성남시 분당구,꼬망스어린이집,"경기도 성남시 분당구 내정로 24 601동 101호(정자동, 정든한진아파트)",37.36281672,127.1151902
경기도,성남시 분당구,리틀예꼬어린이집,"경기도 성남시 분당구 불정로 397 309동 104호(서현동, 효자촌임광아파트)",37.3774986,127.1375919
경기도,성남시 분당구,분당굴렁쇠공동육아어린이집,경기도 성남시 분당구 분당로 190 102동 106호,37.37466411,127.1303963
경기도,성남시 분당구,에듀키즈어린이집,경기도 성남시 분당구 정자일로 72 (금곡동 청솔마을 한라아파트) 308동103호,37.35639887,127.1076446
경기도,성남시 분당구,토들러랜드어린이집,"경기도 성남시 분당구 내정로 185 212동 101호(수내동, 양지마을청구아파트)",37.37577692,127.1195264
경기도,성남시 분당구,달과별 어린이집,"경기도 성남시 분당구 판교원로 237 702동 102호(판교동, 원마을 모아미래도아파트)",37.38760115,127.0921291
경기도,성남시 분당구,세아어린이집,경기도 성남시 분당구 판교로 393 이지더원아파트 관리사무소내 세아어린이집,37.40632188,127.1182345
경기도,성남시 분당구,수내분더바움어린이집,"경기도 성남시 분당구 내정로165번길 35 517동 101호(수내동, 양지마을한양1차아파트)",37.37580897,127.1144441
경기도,성남시 분당구,로제비앙 어린이집,"경기도 성남시 분당구 판교원로81번길 15 1001동 104호(운중동, 산운마을대광로제비앙아파트)",37.39063233,127.0751171
경기도,성남시 분당구,한스어린이집,"경기도 성남시 분당구 장미로 139 209동 104호(야탑동, 매화마을주공2단지아파트)",37.41480898,127.1362771
경기도,성남시 분당구,서교아이숲어린이집,경기도 성남시 분당구 판교원로 68 산운마을 주공휴먼시아아파트 11단지 관리동 보육실 (운중동),37.38916312,127.07512
경기도,성남시 분당구,아해뜰어린이집,경기도 성남시 분당구 판교원로 46 산운마을 12단지 관리동 (운중동),37.38942324,127.0726657
경기도,성남시 분당구,청림어린이집,경기도 성남시 분당구 동판교로 226 봇들마을 휴먼시아 4단지 주민복지동 1층 (삼평동),37.40260111,127.1177019
경기도,성남시 분당구,상록i어린이집,경기도 성남시 분당구 판교원로 255 상록아파트 주민복지동 (판교동),37.3873049,127.0968597
경기도,성남시 분당구,솜사탕어린이집,"경기도 성남시 분당구 장미로 139 207동 104호(야탑동, 매화마을공무원2단지아파트)",37.41480898,127.1362771
경기도,성남시 분당구,새봄어린이집,경기도 성남시 분당구 판교원로82번길 60 산운마을 14단지 경남아너스빌 주민복지동 1층 (운중동),37.38305994,127.0739908
경기도,성남시 분당구,판교분더바움숲어린이집,경기도 성남시 분당구 판교로 50 판교원마을 주공1단지 주민복지동 (판교동),37.39072492,127.086502
경기도,성남시 분당구,리키즈어린이집,"경기도 성남시 분당구 장미로 139 204동 103호(야탑동, 매화마을공무원2단지아파트)",37.41480898,127.1362771
경기도,성남시 분당구,맑고고운어린이집,경기도 성남시 분당구 판교역로 102 백현마을 5단지 보육시설 (백현동),37.38934699,127.112235
경기도,성남시 분당구,키즈맘 아일랜드어린이집,경기도 성남시 분당구 판교역로 72 백현마을 8단지 관리동 (백현동),37.38695035,127.1105233
경기도,성남시 분당구,사랑나무어린이집,경기도 성남시 분당구 판교원로 207 판교원마을 5단지 생활지원센터1층 (판교동),37.38663517,127.0887016
경기도,성남시 분당구,제생병원어린이집,경기도 성남시 분당구 황새울로341번길 23 별관1층(서현1동),37.38735669,127.1210385
경기도,성남시 분당구,화랑어린이집,"경기도 성남시 분당구 동판교로 153 (삼평동,봇들마을8단지아파트) 보육시설",37.39511328,127.1160421
경기도,성남시 분당구,하늘어린이집,경기도 성남시 분당구 동판교로 275 봇들마을 풍성신미주 관리동 1층 (삼평동),37.40641418,127.1147216
경기도,성남시 분당구,이화프뢰벨 어린이집,"경기도 성남시 분당구 판교역로 98 701동 101호(백현동, 백현마을7단지아파트)",37.38933379,127.1107492
경기도,성남시 분당구,숲속반디 어린이집,경기도 성남시 분당구 동판교로 122 백현마을 2단지 보육시설 (백현동),37.39263021,127.119688
경기도,성남시 분당구,삼평어린이집,경기도 성남시 분당구 동판교로 268 (삼평동),37.40615593,127.115843
경기도,성남시 분당구,한림풀에버어린이집,경기도 성남시 분당구 서판교로 29 판교원마을 9단지 한림풀에버 주민복지동 (판교동),37.38988163,127.0973138
경기도,성남시 분당구,판교세븐벤처밸리 어린이집,경기도 성남시 분당구 판교로228번길 15 판교세븐벤처밸리1 농수산홈쇼핑 1층 (삼평동),37.40165682,127.1008586
경기도,성남시 분당구,꼬망쎄어린이집,"경기도 성남시 분당구 장미로 55 132동 107호(야탑동, 장미마을코오롱아파트)",37.41522289,127.1243576
경기도,성남시 분당구,행복한어린이집,경기도 성남시 분당구 서판교로 147 판교원마을 현대힐스테이트11단지  관리동 1층 (판교동),37.39799364,127.0956344
경기도,성남시 분당구,아기사랑어린이집,"경기도 성남시 분당구 이매로 11 601동 103호(이매동, 아름마을 선경아파트)",37.39551645,127.1215517
경기도,성남시 분당구,예쁜아이어린이집,경기도 성남시 분당구 분당로263번길 13 그린타워 612동 101호(서현2동),37.37169467,127.137882
경기도,성남시 분당구,하나아이어린이집,"경기도 성남시 분당구 장미로 55 128동 102호(야탑동, 장미마을코오롱아파트)",37.41522289,127.1243576
경기도,성남시 분당구,판교이든아이어린이집,"경기도 성남시 분당구 판교역로 49 백현마을 대림E편한세상 9단지내 보육시설 1,2층 (백현동)",37.38324223,127.1081325
경기도,성남시 분당구,리틀꼬망스어린이집,"경기도 성남시 분당구 불정로 219 111동 104호(정자동, 한솔마을청구아파트)",37.36469534,127.123339
경기도,성남시 분당구,하이어린이집,경기도 성남시 분당구 동판교로 155 봇들마을 7단지보육시설 (삼평동),37.39658172,127.1146134
경기도,성남시 분당구,키즈키즈어린이집,경기도 성남시 분당구 장미로 55 (야탑동 장미마을 코오롱아파트)125동101호,37.41522289,127.1243576
경기도,성남시 분당구,동그라미어린이집,"경기도 성남시 분당구 구미로 50 209동 103호(구미동, 무지개마을LG아파트)",37.33747035,127.1134063
경기도,성남시 분당구,무지개어린이집,"경기도 성남시 분당구 판교로 430 205동 103호(이매동, 아름마을한성아파트)",37.40517713,127.1208194
경기도,성남시 분당구,해맑은어린이집,경기도 성남시 분당구 벌말로40번길 5-3 테크노빌 1층 101호 (야탑동),37.41184732,127.1388393
경기도,성남시 분당구,베이비캐슬어린이집,"경기도 성남시 분당구 야탑로 124 611동 102호(야탑동, 탑마을벽산아파트)",37.40907747,127.1311316
경기도,성남시 분당구,판교어린이집,경기도 성남시 분당구 판교원로 200 (판교동),37.38594842,127.0882073
경기도,성남시 분당구,예지어린이집,"경기도 성남시 분당구 미금로 23 108동 101호(구미동, 무지개마을대림아파트)",37.33546637,127.1158242
경기도,성남시 분당구,봇들제2어린이집,경기도 성남시 분당구 동판교로 212 봇들마을6단지 (삼평동),37.40181304,127.1175499
경기도,성남시 분당구,한마음어린이집,경기도 성남시 분당구 야탑로 227 한마음복지관,37.40824925,127.1442127
경기도,성남시 분당구,포스코DX어린이집,경기도 성남시 분당구 판교로 255 포스코DX 1층 (삼평동),37.40374223,127.1030469
경기도,성남시 분당구,꿈초롱어린이집,"경기도 성남시 분당구 미금로 184 116동 103호(구미동, 까치마을대우1단지아파트)",37.35017844,127.1165903
경기도,성남시 분당구,한신어린이집,"경기도 성남시 분당구 서현로 181 202동 104호(이매동, 이매촌한신아파트)",37.3891259,127.1245449
경기도,성남시 분당구,맘편한어린이집,"경기도 성남시 분당구 탄천로 95 419동 101호(이매동, 아름마을)",37.39946033,127.1210054
경기도,성남시 분당구,판교제2어린이집,경기도 성남시 분당구 판교공원로4길 27 (판교동),37.39202206,127.0905508
경기도,성남시 분당구,아이꿈터어린이집,경기도 성남시 분당구 중앙공원로 53 122동102호,37.38437541,127.1282777
경기도,성남시 분당구,초록나무어린이집,"경기도 성남시 분당구 중앙공원로 17 316동 102호(서현동, 한양아파트)",37.37918594,127.1262096
경기도,성남시 분당구,사랑맘어린이집,"경기도 성남시 분당구 동판교로 275 123동102호(삼평동, 봇들마을 풍성신미주아파트)",37.40641418,127.1147216
경기도,성남시 분당구,도담어린이집,"경기도 성남시 분당구 분당로263번길 24 113동102호(분당동,장안건영아파트)",37.37064501,127.1395455
경기도,성남시 분당구,동아아이크니어린이집,"경기도 성남시 분당구 불정로 179 207동102호( 정자3동, 정든마을 동아2단지아파트)",37.3603583,127.1211132
경기도,성남시 분당구,예쁨사랑어린이집,"경기도 성남시 분당구 정자일로 46 205동 103호(금곡동, 청솔마을  화인아파트)",37.35454107,127.1063184
경기도,성남시 분당구,베이비0123어린이집,"경기도 성남시 분당구 정자로 112 503동104호(정자3동, 정든마을 신화5단지아파트)",37.3623505,127.1170575
경기도,성남시 분당구,현대어린이집,경기도 성남시 분당구 장미로 101 806동 101호(야탑동 장미마을 현대아파트),37.41597067,127.1293735
경기도,성남시 분당구,꿈담어린이집,경기도 성남시 분당구 불정로 362 608동103호(서현동 효자촌 화성아파트),37.37274193,127.1361711
경기도,성남시 분당구,금빛어린이집,경기도 성남시 분당구 정자일로 46 204동104호(금곡동 청솔마을 화인아파트),37.35454107,127.1063184
경기도,성남시 분당구,IBK 참! 좋은어린이집,경기도 성남시 분당구 황새울로360번길 29 3층(서현1동),37.38516685,127.1250145
경기도,성남시 분당구,만도어린이집,경기도 성남시 분당구 판교로255번길 21 만도 글로벌알앤디센터 1층,37.40444643,127.1005862
경기도,성남시 분당구,조은어린이집,경기도 성남시 분당구 양현로94번길 28 (이매동 이매촌 동신아파트) 305동101호,37.38944641,127.1273184
경기도,성남시 분당구,엄마사랑어린이집,경기도 성남시 분당구 미금일로 58 (구미동 까치마을 롯데선경아파트) 413동101호,37.3472659,127.113119
경기도,성남시 분당구,올리브새싹어린이집,경기도 성남시 분당구 탄천로 95 (이매동 아름마을 삼호아파트) 407동104호,37.39946033,127.1210054
경기도,성남시 분당구,꿈사랑어린이집,경기도 성남시 분당구 장미로 55 (야탑동 장미마을 동부아파트)122동101호,37.41522289,127.1243576
경기도,성남시 분당구,키움어린이집,경기도 성남시 분당구 장안로51번길 11 (분당동 장안타운 건영아파트)105동102호,37.37144374,127.1425134
경기도,성남시 분당구,판교꿈초롱어린이집,경기도 성남시 분당구 산운로 97 (운중동 산운마을 한성필하우스)501동101호,37.39343644,127.0717113
경기도,성남시 분당구,봄빛어린이집,경기도 성남시 분당구 미금로 170 1층,37.34841043,127.1171512
경기도,성남시 분당구,푸른마을어린이집,경기도 성남시 분당구 백현로 227 (수내3동 푸른마을 쌍용아파트) 506동 103호,37.36938691,127.1228035
경기도,성남시 분당구,아이봄어린이집,"경기도 성남시 분당구 판교로 645 303동 101호(야탑동, 목련마을한일)",37.40598875,127.1444507
경기도,성남시 분당구,꽃나비어린이집,경기도 성남시 분당구 미금로 184 까치마을대우롯데선경아파트103동101호,37.35017844,127.1165903
경기도,성남시 분당구,리틀초록어린이집,경기도 성남시 분당구 미금일로 58 (구미동 까치마을 롯데아파트)411동102호,37.3472659,127.113119
경기도,성남시 분당구,푸른숲어린이집,경기도 성남시 분당구 동판교로 225 (삼평동 봇들마을 3단지아파트)302동104호,37.40292297,127.1138203
경기도,성남시 분당구,꼬마친구어린이집,경기도 성남시 분당구 장미로 101 (야탑1동 장미마을 현대아파트)824동103호,37.41597067,127.1293735
경기도,성남시 분당구,놀이세상어린이집,경기도 성남시 분당구 탄천로 59 (이매동 아름마을 풍림아파트) 503동 104호,37.39828845,127.1211941
경기도,성남시 분당구,동신어린이집,경기도 성남시 분당구 양현로94번길 28 (이매동 이매촌 동신아파트)308동101호,37.38944641,127.1273184
경기도,성남시 분당구,이자린어린이집,"경기도 성남시 분당구 불정로406번길 7 (서현동 정도연립 상가동) 지층,1,2층",37.37541845,127.1400115
경기도,성남시 분당구,무지개꿈어린이집,경기도 성남시 분당구 장미로 55 (야탑동 장미마을 동부코오롱아파트)124동102호,37.41522289,127.1243576
경기도,성남시 분당구,웃는땅콩 R&D센터 어린이집,경기도 성남시 분당구 대왕판교로644번길 12 (삼평동 판교알앤디센터) 엔씨소프트센터 N동 1층,37.39938354,127.1085941
경기도,성남시 분당구,도토리소풍넥슨달어린이집,경기도 성남시 분당구 판교로256번길 7 1층(삼평동),37.40203443,127.1034665
경기도,성남시 분당구,SK플래닛키즈어린이집,경기도 성남시 분당구 판교로 264 SK플래닛 판교사옥 1층,37.40274088,127.1033097
경기도,성남시 분당구,백현2어린이집,경기도 성남시 분당구 동판교로 92 백현마을 3단지,37.38755421,127.1162564
경기도,성남시 분당구,삼성중공업 판교어린이집,경기도 성남시 분당구 판교로227번길 23 삼성중공업 R앤D센터 1층,37.40445151,127.0989372
경기도,성남시 분당구,분당서울대학교병원 어린이집,"경기도 성남시 분당구 구미로173번길 82 분당서울대학교병원,3동 1층(구미동)",37.35202543,127.124485
경기도,성남시 분당구,늘예솔어린이집,경기도 성남시 분당구 판교역로 231 H스퀘어 4층,37.40133487,127.1086985
경기도,성남시 분당구,아이행복한어린이집,"경기도 성남시 분당구 미금로 23 104동 103호(무지개마을, 대림아파트)",37.33546637,127.1158242
경기도,성남시 분당구,알니온어린이집,경기도 성남시 분당구 중앙공원로 54 224동 103호,37.38118028,127.130346
경기도,성남시 분당구,판교복지관어린이집,경기도 성남시 분당구 운중로 254 판교종합사회복지관 1층(판교동),37.38901837,127.0909576
경기도,성남시 분당구,Tmax사랑어린이집,경기도 성남시 분당구 정자일로 45 티맥스타워 2층(금곡동),37.3538239,127.104959
경기도,성남시 분당구,푸르름어린이집,경기도 성남시 분당구 판교로 242 판교디지털센터 A동 101호,37.40240689,127.1011006
경기도,성남시 분당구,도토리소풍넥슨해어린이집,"경기도 성남시 분당구 판교로256번길 25 1,2 층(삼평동)",37.40041144,127.1031328
경기도,성남시 분당구,삼성SDS판교어린이집,경기도 성남시 분당구 대왕판교로606번길 10 타워1동 3층,37.39580082,127.1075924
경기도,성남시 분당구,삼양어린이집,경기도 성남시 분당구 판교로 295 1층(삼평동),37.40363376,127.1070893
경기도,성남시 분당구,분당차병원어린이집,"경기도 성남시 분당구 방아로16번길 12 1층, (이매동)",37.39811184,127.1312396
경기도,성남시 분당구,이매동어린이집,경기도 성남시 분당구 성남대로779번길 11 ,37.3989771,127.1272789
경기도,성남시 분당구,알파리움어린이집,경기도 성남시 분당구 대왕판교로606번길 10 알파리움 1단지 105동 관리동,37.39580082,127.1075924
경기도,성남시 분당구,푸르니이매어린이집,경기도 성남시 분당구 이매로89번길 16 ,37.39385842,127.1325871
경기도,성남시 분당구,알파리움숲어린이집,경기도 성남시 분당구 판교역로 145 알파리움2단지 커뮤니티 1층(백현동),37.3944039,127.1083523
경기도,성남시 분당구,판교테크노어린이집,경기도 성남시 분당구 판교역로 203 ,37.39890632,127.109224
경기도,성남시 분당구,야탑보듬이나눔이어린이집,경기도 성남시 분당구 야탑로 303 야탑보듬이나눔이어린이집,37.40656606,127.1516951
경기도,성남시 분당구,우리어린이집,경기도 성남시 분당구 황새울로 346 3층(서현1동),37.3862938,127.1233453
경기도,성남시 분당구,스타트업캠퍼스어린이집,경기도 성남시 분당구 판교로289번길 20 ,37.40461955,127.105814
경기도,성남시 분당구,불꽃어린이집,경기도 성남시 분당구 서판교로 111 불꽃교회 1층(판교동),37.39669934,127.0972648
경기도,성남시 분당구,쥬쥬어린이집,"경기도 성남시 분당구 중앙공원로 54 230동 107호(서현동, 시범단지우성)",37.38118028,127.130346
경기도,성남시 분당구,스마일게이트 스마일토리어린이집,경기도 성남시 분당구 판교로 344 스마일게이트 캠퍼스 1층,37.40251481,127.1122126
경기도,성남시 분당구,아지뜰어린이집,경기도 성남시 분당구 판교역로 166 2층,37.39529695,127.1104493
경기도,성남시 분당구,크래프톤 어린이집,경기도 성남시 분당구 분당내곡로 117 크래프톤타워 3층(백현동),37.39430147,127.1122005
경기도,성남시 분당구,책N꿈 어린이집,경기도 성남시 분당구 동판교로 226 봇들마을 404동 101호,37.40260111,127.1177019
경기도,성남시 분당구,하이키즈어린이집,경기도 성남시 분당구 성남대로343번길 9 에스케이유타워 3층,37.3663641,127.1065955
경기도,성남시 분당구,꿈별어린이집,경기도 성남시 분당구 내정로119번길 31-4 1층(정자동),37.37277209,127.1124499
경기도,성남시 분당구,SKT 판교 행복날개 어린이집,경기도 성남시 분당구 판교로 264 3층(삼평동),37.40274088,127.1033097
경기도,성남시 분당구,삼성웰스토리어린이집,경기도 성남시 분당구 탄천상로151번길 20 월드쇼핑 A동 2층 (구미동),37.34032527,127.1068191
경기도,성남시 분당구,도토리소풍넥슨별어린이집,경기도 성남시 분당구 판교로256번길 7 넥슨빌딩 1층 (삼평동),37.40203443,127.1034665
경기도,성남시 분당구,H KIDZ 어린이집,경기도 성남시 분당구 판교로 286 ,37.40271546,127.1059648
경기도,성남시 분당구,분당경찰서어린이집,경기도 성남시 분당구 내정로166번길 19 ,37.37228946,127.1209816
경기도,성남시 분당구,판교테크노2어린이집,경기도 성남시 분당구 판교로319번길 14 ,37.40437174,127.1090093
경기도,성남시 분당구,미래나무어린이집,경기도 성남시 분당구 정자일로 155 지상1~3층,37.36408023,127.1054356
경기도,성남시 분당구,푸른별어린이집,경기도 성남시 분당구 판교대장로7길 57 판교퍼스트힐푸르지오 2단지,37.37481581,127.0695691
경기도,성남시 분당구,판교숲길어린이집,경기도 성남시 분당구 판교대장로5길 58 판교더샵포레스트 11단지,37.36779191,127.0730907
경기도,성남시 분당구,판교숲속어린이집,경기도 성남시 분당구 판교대장로5길 30 판교더샵포레스트 12단지,37.36445254,127.0715856
경기도,성남시 분당구,판교더샵어린이집,경기도 성남시 분당구 판교백현로 38 판교더샵퍼스트파크,37.38404501,127.0934883
경기도,성남시 분당구,푸른꿈어린이집,경기도 성남시 분당구 판교대장로7길 69 판교퍼스트힐푸르지오 1단지,37.37480265,127.0704918
경기도,성남시 분당구,판교엘포레어린이집,경기도 성남시 분당구 판교대장로7길 16 판교힐스테이트 엘포레,37.3732047,127.0680105
경기도,성남시 분당구,판교다온어린이집,경기도 성남시 분당구 판교대장로5길 20 판교대장지구 제일풍경채(A5BL)단지내,37.3646718,127.069564
경기도,성남시 분당구,판교가온어린이집,경기도 성남시 분당구 판교대장로 77 판교가온어린이집,37.36825451,127.0677668
경기도,성남시 분당구,분당파크리버어린이집,"경기도 성남시 분당구 돌마로 171 105동 1층(정자동, 더샵파크리버)",37.35544388,127.1162068
경기도,성남시 분당구,백현하나어린이집,경기도 성남시 분당구 판교역로 87 ,37.3889732,127.1081237
경기도,성남시 분당구,운중하나어린이집,경기도 성남시 분당구 판교원로 52 ,37.38956558,127.0721212
경기도,성남시 분당구,웃는땅콩 알파리움 어린이집,경기도 성남시 분당구 판교역로 145 알파리움타워 2동 3층,37.3944039,127.1083523
경기도,성남시 분당구,푸르니판교어린이집,경기도 성남시 분당구 분당내곡로 131 판교테크원 5층,37.39546486,127.1121136
경기도,성남시 분당구,예다움어린이집,경기도 성남시 분당구 동판교로 225 봇들마을 3단지 주민복지동,37.40292297,127.1138203
경기도,성남시 분당구,태영어린이집,경기도 성남시 분당구 판교원로82번길 30 산운마을 13단지,37.38537056,127.0734975
경기도,성남시 분당구,HD현대 글로벌R&D센터 드림보트 어린이집,경기도 성남시 분당구 분당수서로 477 HD현대 1-~2층,37.37693023,127.1061108
경기도,성남시 분당구,별이든어린이집,경기도 성남시 분당구 판교역로 152 알파돔타워 5층,37.39424541,127.1103068
경기도,성남시 분당구,판교별빛어린이집,경기도 성남시 분당구 판교대장로5길 68 ,37.36843915,127.0709532
경기도,성남시 분당구,판교푸른숲어린이집,"경기도 성남시 분당구 판교로 20 관리동 1층(판교동, 판교원마을3단지)",37.3871768,127.0862328
경기도,성남시 분당구,꿀단지어린이집,경기도 성남시 분당구 판교대장로5길 70 1011동 102호,37.36798229,127.0713225
경기도,성남시 분당구,다온어린이집,경기도 성남시 분당구 판교대장로5길 70 1008동 105호,37.36798229,127.0713225
경기도,성남시 분당구,분당서울대학교병원 제2어린이집,경기도 성남시 분당구 구미로173번길 82 스누하우스 1층,37.35202543,127.124485
경기도,성남시 분당구,사랑해어린이집,경기도 성남시 분당구 판교대장로5길 70 1007동 103호,37.36798229,127.0713225
경기도,안양시 동안구,해와달어린이집,경기도 안양시 동안구 동안로 153 (동안여성회관 1층 해와달어린이집),37.39187881,126.949507
경기도,안양시 만안구,엄마사랑어린이집,경기도 안양시 만안구 덕천로 94-9 안양7동복지회관 1층 (안양동),37.38969901,126.9350175
경기도,안양시 동안구,비산어린이집,경기도 안양시 동안구 관악대로106번길 70 (비산동),37.39794469,126.9388492
경기도,안양시 만안구,우일어린이집,경기도 안양시 만안구 양화로127번길 9 (박달동),37.40365179,126.9091723
경기도,안양시 만안구,안양어린이집,경기도 안양시 만안구 냉천로193번길 41 (안양동),37.39610222,126.9176584
경기도,안양시 만안구,새샘어린이집,경기도 안양시 만안구 안양로384번길 50 (안양동),37.4050866,126.917832
경기도,안양시 만안구,율목어린이집,경기도 안양시 만안구 병목안로130번길 166 율목종합사회복지관 (안양동),37.39312296,126.9084325
경기도,안양시 동안구,인덕원어린이집,경기도 안양시 동안구 인덕원로24번길 60 (관양동),37.39960154,126.9751548
경기도,안양시 동안구,안양시청어린이집,경기도 안양시 동안구 시민대로 235 (관양동),37.39429809,126.9568584
경기도,안양시 동안구,호성어린이집,경기도 안양시 동안구 포도원로27번길 39 호성어린이집 (호계동),37.3638187,126.9642263
경기도,안양시 동안구,평촌트리지아 신기어린이집,경기도 안양시 동안구 귀인로80번길 193 평촌트리지아3단지아파트,37.37990204,126.9534383
경기도,안양시 동안구,비산사회복지관어린이집,경기도 안양시 동안구 임곡로 74 (비산동),37.40593465,126.9341175
경기도,안양시 동안구,매곡어린이집,경기도 안양시 동안구 매곡로 1 시립매곡어린이집 (비산동),37.4044297,126.9448945
경기도,안양시 만안구,늘희망어린이집,경기도 안양시 만안구 명학로5번길 12 (안양동),37.37784348,126.9381237
경기도,안양시 동안구,관양어린이집,경기도 안양시 동안구 일동로200번길 33 (관양동),37.40557007,126.9663708
경기도,안양시 만안구,안양삼성어린이집,경기도 안양시 만안구 양화로6번길 33 (안양동),37.39557912,126.9171959
경기도,안양시 만안구,협심어린이집,경기도 안양시 만안구 능곡로 21 (안양동),37.39311877,126.9141387
경기도,안양시 동안구,호계어린이집,경기도 안양시 동안구 흥안대로 147 (호계동),37.37164205,126.9611037
경기도,안양시 동안구,엄지어린이집,경기도 안양시 동안구 경수대로 725 (호계동),37.38634882,126.9502251
경기도,안양시 만안구,신안양어린이집,경기도 안양시 만안구 경수대로 1159 다목적복지회관내 (안양동),37.41443317,126.918654
경기도,안양시 만안구,연성어린이집,경기도 안양시 만안구 냉천로157번길 18 (안양동),37.39429847,126.9208441
경기도,안양시 만안구,꿈이있는어린이집,경기도 안양시 만안구 충훈로90번길 47 (석수동),37.40958337,126.8995773
경기도,안양시 동안구,소망어린이집,경기도 안양시 동안구 평촌대로 403 (비산동),37.40688739,126.9497084
경기도,안양시 만안구,박달어린이집,경기도 안양시 만안구 박달로472번길 46 복지회관 1층 박달어린이집 (박달동),37.40171601,126.9031279
경기도,안양시 만안구,덕천어린이집,경기도 안양시 만안구 덕천로 122-3 ,37.39159832,126.9345946
경기도,안양시 동안구,친구야놀자어린이집,경기도 안양시 동안구 일동로 152 (관양동),37.40649107,126.9635434
경기도,안양시 만안구,정다운어린이집,경기도 안양시 만안구 안양로532번길 13-8 ,37.41729999,126.9077945
경기도,안양시 동안구,부흥어린이집,경기도 안양시 동안구 달안로 39 부흥사회복지관 내 부흥어린이집,37.39501835,126.9478676
경기도,안양시 동안구,신촌어린이집,경기도 안양시 동안구 동안로 28 신촌어린이집,37.38180475,126.9563165
경기도,안양시 동안구,동편어린이집,경기도 안양시 동안구 동편로 120 (관양동),37.41180766,126.9690618
경기도,안양시 동안구,달안어린이집,경기도 안양시 동안구 동안로 178 달안어린이집,37.39460528,126.9500874
경기도,안양시 만안구,안일어린이집,경기도 안양시 만안구 장내로 170 안양1동주민센터,37.39912922,126.9258663
경기도,안양시 동안구,IBK 참!좋은어린이집,경기도 안양시 동안구 시민대로 290 기업은행 3층,37.39476498,126.962621
경기도,안양시 만안구,이룸어린이집,경기도 안양시 만안구 삼봉로 66 육군관사 브라운스톤아파트,37.39866975,126.8988205
경기도,안양시 동안구,하나래어린이집,경기도 안양시 동안구 동편로 80 ,37.41032948,126.9728433
경기도,안양시 만안구,맑은샘어린이집,경기도 안양시 만안구 냉천로 134 ,37.39274248,126.9235561
경기도,안양시 동안구,호계꿈어린이집,경기도 안양시 동안구 경수대로 504 ,37.36751479,126.9586608
경기도,안양시 동안구,LS어린이집,경기도 안양시 동안구 엘에스로116번길 26 ,37.37283932,126.9500454
경기도,안양시 만안구,삼막어린이집,경기도 안양시 만안구 삼막로24번길 107 ,37.42525791,126.9144258
경기도,안양시 동안구,대궁어린이집,경기도 안양시 동안구 시민대로327번길 11-41 ,37.39820317,126.9631411
경기도,안양시 동안구,안양법원어린이집,경기도 안양시 동안구 관평로212번길 69 ,37.39717731,126.9624343
경기도,안양시 동안구,이오랑어린이집,경기도 안양시 동안구 동편로 110 동편마을 319동101호,37.41221687,126.9699826
경기도,안양시 동안구,꽃가람발도르프어린이집,경기도 안양시 동안구 동편로68번길 12 1층,37.41012068,126.9734953
경기도,안양시 만안구,만안구청어린이집,경기도 안양시 만안구 냉천로 39 ,37.38494054,126.9270039
경기도,안양시 동안구,작은둥지발도르프어린이집,경기도 안양시 동안구 관악대로287번길 76-9 1층,37.40646959,126.9553167
경기도,안양시 동안구,평촌더샵아이파크어린이집,경기도 안양시 동안구 경수대로610번길 36 평촌더샵아이파크아파트 관리동,37.37698468,126.9571994
경기도,안양시 동안구,안양동안경찰서어린이집,경기도 안양시 동안구 동안로159번길 43 ,37.39120944,126.9488656
경기도,안양시 동안구,평촌어바인퍼스트큰솔어린이집,경기도 안양시 동안구 경수대로 581 평촌어바인퍼스트아파트 1단지,37.37403707,126.9562027
경기도,안양시 동안구,평촌어바인퍼스트호원어린이집,경기도 안양시 동안구 경수대로 583 평촌어바인퍼스트아파트 2단지,37.37588209,126.9540553
경기도,안양시 만안구,명지어린이집,경기도 안양시 만안구 석수로166번길 27 ,37.40557874,126.8974198
경기도,안양시 동안구,평촌래미안푸르지오 가온어린이집,경기도 안양시 동안구 경수대로884번길 12 평촌래미안푸르지오 아파트,37.39766207,126.9376964
경기도,안양시 동안구,평촌두산위브리버뷰 해든어린이집,경기도 안양시 동안구 엘에스로45번길 30 평촌두산위브리버뷰 아파트,37.36676259,126.9546521
경기도,안양시 만안구,두산위브더아티움늘해랑어린이집,경기도 안양시 만안구 예술공원로 51-7 1층,37.41197542,126.9152559
경기도,안양시 만안구,아르테자이 새론어린이집,경기도 안양시 만안구 경수대로1166번길 9 1층,37.41581513,126.9179644
경기도,안양시 동안구,평촌센텀퍼스트 어린이집,경기도 안양시 동안구 갈산로 15 1층(호계동),37.37213249,126.9608514
경기도,안양시 동안구,평촌엘프라우드 원어린이집,경기도 안양시 동안구 매곡로 23 1층(비산동),37.40669785,126.9443463
경기도,안양시 동안구,평촌엘프라우드 꿈샘어린이집,경기도 안양시 동안구 운곡로 60 1층(비산동),37.40473336,126.9421006
경기도,안양시 동안구,평촌트리지아 하나어린이집,경기도 안양시 동안구 귀인로98번길 12 1층,37.38151031,126.950399
경기도,안양시 동안구,평촌트리지아 라온어린이집,경기도 안양시 동안구 귀인로 110 ,37.38224831,126.9523039
경기도,안양시 만안구,별하어린이집,"경기도 안양시 만안구 안양천서로 249 (안양동, 안양역푸르지오더샵)",37.39837998,126.9263673
경기도,안양시 만안구,어반포레어린이집,경기도 안양시 만안구 냉천로 125 (안양동),37.39237048,126.9229158
경기도,안양시 동안구,꿈이든어린이집,경기도 안양시 동안구 시민대로 124 1층,37.38729392,126.9494052
경기도,안양시 만안구,예쁜동화나라어린이집,경기도 안양시 만안구 석천로 200-1 ,37.41336861,126.9108921
경기도,안양시 만안구,안양성은어린이집,경기도 안양시 만안구 태평로 110 안양성은교회1층 (안양동),37.39871733,126.9257992
경기도,안양시 만안구,옥스포드숲어린이집,경기도 안양시 만안구 와룡로3번길 35 옥스포드숲어린이집 (석수동),37.40479614,126.8965181
경기도,안양시 만안구,예지어린이집,경기도 안양시 만안구 충훈로83번길 24 (석수동),37.40650501,126.8987063
경기도,안양시 만안구,미래어린이집,"경기도 안양시 만안구 박달로 453 관리동 1층(박달동, 한라아파트)",37.40231285,126.901495
경기도,안양시 만안구,통통어린이집,경기도 안양시 만안구 연현로79번길 56 엘지빌리지 4단지내 (석수동),37.42984552,126.9010279
경기도,안양시 만안구,그린빌어린이집,경기도 안양시 만안구 경수대로 1272 100호 상가동,37.42071151,126.9093014
경기도,안양시 만안구,위즈맘어린이집,경기도 안양시 만안구 양화로97번길 10 (박달동),37.40159083,126.9105215
경기도,안양시 만안구,자람몬테소리어린이집,경기도 안양시 만안구 예술공원로63번길 13-1 1층,37.41377966,126.9160706
경기도,안양시 만안구,반딧불이어린이집,경기도 안양시 만안구 장내로89번길 35 (안양동),37.39667961,126.9171707
경기도,안양시 만안구,뜨란채어린이집,경기도 안양시 만안구 안양천서로 289 주공뜨란채관리동,37.40049501,126.9271988
경기도,안양시 만안구,화동어린이집,경기도 안양시 만안구 경수대로1219번길 8 경남아너스빌 아파트 관리사무소 내,37.41815915,126.9110139
경기도,안양시 만안구,청명어린이집,경기도 안양시 만안구 안양로 209 (안양동),37.39203589,126.9266652
경기도,안양시 만안구,노총샛별어린이집,경기도 안양시 만안구 안양로 3 한국노총 (안양동),37.37700247,126.9400736
경기도,안양시 만안구,송원어린이집,경기도 안양시 만안구 박달로472번길 57 (박달동),37.40123359,126.9032202
경기도,안양시 만안구,하은별 어린이집,경기도 안양시 만안구 연현로 109 두산위브아파트 104동 102호,37.43388265,126.9016198
경기도,안양시 만안구,삼성래미안어린이집,경기도 안양시 만안구 안양천서로 311 관리동1층,37.40132746,126.9248912
경기도,안양시 만안구,아침누리어린이집,경기도 안양시 만안구 안양로147번길 22 (안양동),37.38715245,126.9295117
경기도,안양시 만안구,꿈이있는사과나무어린이집,경기도 안양시 만안구 수리산로18번길 53-6 ,37.38545638,126.9304428
경기도,안양시 만안구,하늘샘어린이집,경기도 안양시 만안구 연현로79번길 105 LG빌리지 아파트 관리동2층,37.42705289,126.9030759
경기도,안양시 만안구,점프어린이집,경기도 안양시 만안구 덕천로128번길 8 2층 점프어린이집,37.39159885,126.9349035
경기도,안양시 만안구,꼬마동이어린이집,경기도 안양시 만안구 만안로 453 (석수동),37.4180054,126.9093096
경기도,안양시 만안구,대림어린이집,경기도 안양시 만안구 경수대로 1193 석수대림아파트  관리동1층,37.41557875,126.9153446
경기도,안양시 만안구,자연어린이집,경기도 안양시 만안구 석수로 512 ,37.43353621,126.9006439
경기도,안양시 만안구,새봄어린이집,경기도 안양시 만안구 문예로18번길 26 (안양동),37.38356239,126.9306958
경기도,안양시 만안구,리틀청명어린이집,경기도 안양시 만안구 안양로213번길 5 (안양동),37.39214071,126.9262918
경기도,안양시 만안구,밝은햇살어린이집,"경기도 안양시 만안구 경수대로 1193 111동 101호(석수동, 석수대림)",37.41557875,126.9153446
경기도,안양시 만안구,평강어린이집,"경기도 안양시 만안구 안양천서로 311 113동 104호(안양동, 삼성래미안아파트)",37.40132746,126.9248912
경기도,안양시 만안구,해바라기어린이집,경기도 안양시 만안구 오리로34번길 70 1층,37.40991795,126.8859093
경기도,안양시 만안구,온새미로어린이집,"경기도 안양시 만안구 경수대로1394번길 11 102동 103호(석수동, 석수2차E편한세상)",37.4315177,126.9050716
경기도,안양시 만안구,한나 어린이집,"경기도 안양시 만안구 소곡로20번길 7 106동 102호(안양동, 한솔아파트)",37.3915605,126.9288687
경기도,안양시 만안구,갈대상자어린이집,"경기도 안양시 만안구 병목안로 220 103동 103호(안양동, 흥화브라운빌아파트)",37.3848037,126.9055377
경기도,안양시 만안구,꿈자람어린이집,"경기도 안양시 만안구 병목안로 81 102동 102호(안양동, 성원1차아파트)",37.39475392,126.913724
경기도,안양시 만안구,천사나라어린이집,"경기도 안양시 만안구 경수대로 1193 111동 104호(석수동, 석수대림)",37.41557875,126.9153446
경기도,안양시 만안구,성원디즈니어린이집,"경기도 안양시 만안구 병목안로 81 103동 105호(안양동, 성원1차아파트)",37.39475392,126.913724
경기도,안양시 만안구,해피키즈어린이집,"경기도 안양시 만안구 박달로 451 111동 101호(박달동, 한라비발디)",37.40276466,126.9027434
경기도,안양시 만안구,참사랑가베어린이집,"경기도 안양시 만안구 박달로 420 2동 102호(박달동, 신안아파트)",37.40100636,126.8993474
경기도,안양시 만안구,금호가베어린이집,"경기도 안양시 만안구 삼봉로 61 102동 102호(박달동, 금호타운)",37.39908094,126.9007977
경기도,안양시 만안구,키즈원어린이집,"경기도 안양시 만안구 안양천서로 289 111동 105호(안양동, 주공뜨란채아파트)",37.40049501,126.9271988
경기도,안양시 만안구,키즈하늘수레어린이집,"경기도 안양시 만안구 연현로79번길 56 409동 108호(석수동, 석수엘지빌리지)",37.42984552,126.9010279
경기도,안양시 만안구,아가어린이집,"경기도 안양시 만안구 박달로 403 103동 103호(박달동, 한일유앤아이아파트)",37.40262919,126.8972459
경기도,안양시 만안구,푸른나무어린이집,"경기도 안양시 만안구 연현로79번길 84 405동 104호(석수동, 석수엘지빌리지)",37.42838409,126.9011654
경기도,안양시 만안구,까꿍어린이집,"경기도 안양시 만안구 박달로498번길 28 102동 105호(박달동, 우성)",37.40224071,126.9075632
경기도,안양시 만안구,고운꿈어린이집,"경기도 안양시 만안구 안양천서로 311 102동 103호(안양동, 삼성래미안아파트)",37.40132746,126.9248912
경기도,안양시 만안구,대우사랑샘어린이집,"경기도 안양시 만안구 경수대로1001번길 116 101동 102호(안양동, 대우)",37.40640217,126.9224923
경기도,안양시 만안구,베이비사랑어린이집,"경기도 안양시 만안구 소곡로20번길 7 106동 103호(안양동, 한솔아파트)",37.3915605,126.9288687
경기도,안양시 만안구,햇님아이어린이집,"경기도 안양시 만안구 안양천서로 311 114동 101호(안양동, 삼성래미안아파트)",37.40132746,126.9248912
경기도,안양시 만안구,한사랑어린이집,"경기도 안양시 만안구 박달로507번길 57 301동 102호(박달동, 한신휴플러스타운3차아파트)",37.40481142,126.9074531
경기도,안양시 만안구,상떼빌어린이집,경기도 안양시 만안구 삼덕로63번길 32 성원상떼빌아파트 607동102호 18/6 (안양동),37.39331101,126.9176308
경기도,안양시 만안구,초록나라어린이집,"경기도 안양시 만안구 삼막로 12 104동 105호(석수동, 주공그린빌아파트)",37.42160596,126.9108436
경기도,안양시 만안구,아이들어린이집,"경기도 안양시 만안구 경수대로 1193 111동 103호(석수동, 석수대림)",37.41557875,126.9153446
경기도,안양시 만안구,현대해오름어린이집,"경기도 안양시 만안구 안양로532번길 12 104동 103호(석수동, 현대)",37.41623167,126.9074614
경기도,안양시 만안구,연현어린이집,"경기도 안양시 만안구 연현로1번길 76 403동 102호(석수동, 석수엘지빌리지)",37.42701216,126.9014351
경기도,안양시 만안구,나이팅게일어린이집,"경기도 안양시 만안구 박달로498번길 28 109동 106호 (박달동, 우성)",37.40224071,126.9075632
경기도,안양시 만안구,좋은친구어린이집,"경기도 안양시 만안구 경수대로 1193 108동 104호(석수동, 석수대림)",37.41557875,126.9153446
경기도,안양시 만안구,해와솔어린이집,"경기도 안양시 만안구 양화로147번길 7 101동 106호(박달동, 동원베네스트)",37.40488348,126.9083497
경기도,안양시 만안구,수선화어린이집,"경기도 안양시 만안구 안양천서로 311 116동 101호(안양동, 삼성래미안아파트)",37.40132746,126.9248912
경기도,안양시 만안구,임마누엘가정어린이집,"경기도 안양시 만안구 안양천서로 289 103동 104호(안양1동, 주공뜨란채아파트)",37.40049501,126.9271988
경기도,안양시 만안구,참나래어린이집,"경기도 안양시 만안구 박달로 344 102동 105호(박달동, 대림한숲타운)",37.40462362,126.8914245
경기도,안양시 만안구,동화속어린이집,"경기도 안양시 만안구 박달로545번길 66-10 102호(안양동, 공원아파트)",37.4056459,126.9133381
경기도,안양시 만안구,하늘 숲 어린이집,경기도 안양시 만안구 박달로498번길 18 (박달동),37.40175595,126.9076552
경기도,안양시 만안구,아이네오어린이집,경기도 안양시 만안구 수리산로18번길 28 (안양동),37.38632765,126.9290493
경기도,안양시 만안구,움트리어린이집,경기도 안양시 만안구 창박로55번길 12 (안양동),37.38358147,126.9009125
경기도,안양시 만안구,새소망어린이집,"경기도 안양시 만안구 장내로 76 505동 104호(안양동, 수리산성원쌍떼빌1차아파트)",37.39413212,126.9169918
경기도,안양시 만안구,핌 아이 어린이집,"경기도 안양시 만안구 양화로222번길 15 1층(석수동, 황산빌라)",37.41225514,126.9069199
경기도,안양시 만안구,늘사랑어린이집,경기도 안양시 만안구 삼성산길 10 석수역푸르지오아파트 관리동 1층,37.43388145,126.9044353
경기도,안양시 만안구,예림어린이집,경기도 안양시 만안구 충훈로 51 석수아이파크 106동 103호(석수동),37.40568464,126.9022492
경기도,안양시 만안구,아이파크영재어린이집,경기도 안양시 만안구 충훈로71번길 6 석수아이파크 111동 104호(석수동),37.40705867,126.8993096
경기도,안양시 만안구,포도나무어린이집,경기도 안양시 만안구 문예로 27 우양파크빌아파트102 호(안양동),37.38523852,126.9307627
경기도,안양시 만안구,예쁜햇살어린이집,"경기도 안양시 만안구 충훈로 92 104동 102호(석수동, 코오롱하늘채)",37.40903561,126.8984885
경기도,안양시 만안구,아이파크자연어린이집,경기도 안양시 만안구 충훈로 71 ,37.40696597,126.9005014
경기도,안양시 만안구,시온어린이집,"경기도 안양시 만안구 연현로79번길 20 102동 103호(석수동, 석수두산위브)",37.43157287,126.9023443
경기도,안양시 만안구,꿈꾸는두산어린이집,"경기도 안양시 만안구 연현로79번길 20 관리동(석수동,두산위브아파트)",37.43157287,126.9023443
경기도,안양시 만안구,아이윌어린이집,경기도 안양시 만안구 석수로212번길 30 ,37.40876356,126.8952435
경기도,안양시 만안구,미소뜰어린이집,"경기도 안양시 만안구 연현로79번길 105 110동101호(석수동,석수엘지빌리지)",37.42705289,126.9030759
경기도,안양시 만안구,해랑어린이집,"경기도 안양시 만안구 만안로91번길 13 103호(안양동,삼익아파트)",37.39073236,126.9317521
경기도,안양시 만안구,꿈의어린이집,경기도 안양시 만안구 박달우회로 158 (안양동),37.40800551,126.9120187
경기도,안양시 만안구,반짝아이어린이집,"경기도 안양시 만안구 예술공원로 59 101동 106호(안양동, 삼성아파트)",37.41332559,126.9158768
경기도,안양시 만안구,엄마더하기어린이집,"경기도 안양시 만안구 석수로 40 3동 105호(석수2동, 럭키아파트)",37.40878985,126.9085781
경기도,안양시 만안구,현대사랑샘어린이집,경기도 안양시 만안구 안양로532번길 12 106동 102호,37.41623167,126.9074614
경기도,안양시 만안구,티니천재어린이집,"경기도 안양시 만안구 안양로455번길 39 104호(석수동, 동신벨로스)",37.40916835,126.9097252
경기도,안양시 만안구,꼬망어린이집,"경기도 안양시 만안구 삼덕로63번길 32 601동 104호(안양5동, 수리산쌍떼빌2차 아파트)",37.39331101,126.9176308
경기도,안양시 만안구,꼬망쎄어린이집,경기도 안양시 만안구 와룡로 14 (1층),37.40558651,126.8983887
경기도,안양시 만안구,하늘어린이집,경기도 안양시 만안구 안양로475번길 64 (석수동),37.41067645,126.9071352
경기도,안양시 만안구,키즈플레이어린이집,경기도 안양시 만안구 안양천서로 311 111동 105호,37.40132746,126.9248912
경기도,안양시 만안구,덕천래미안어린이집,경기도 안양시 만안구 안양천서로 177 래미안안양메가트리아 관리동,37.39407934,126.9365174
경기도,안양시 만안구,해밀어린이집,"경기도 안양시 만안구 안양천서로 177 206동 102호(안양동,래미안안양메가트리아)",37.39407934,126.9365174
경기도,안양시 만안구,푸른꿈어린이집,"경기도 안양시 만안구 안양천서로 177 110동 104호(안양동,래미안안양메가트리아)",37.39407934,126.9365174
경기도,안양시 만안구,사랑샘어린이집,"경기도 안양시 만안구 안양천서로 177 211동 103호(안양동,래미안안양메가트리아)",37.39407934,126.9365174
경기도,안양시 만안구,성심어린이집,"경기도 안양시 만안구 안양천서로 177 214동 102호(안양동,래미안안양메가트리아)",37.39407934,126.9365174
경기도,안양시 만안구,꼬망꼬망어린이집,"경기도 안양시 만안구 안양천서로 177 204동 102호(안양동,래미안메가트리아)",37.39407934,126.9365174
경기도,안양시 만안구,행복나무어린이집,"경기도 안양시 만안구 안양천서로 177 101동 103호(안양동,래미안안양메가트리아)",37.39407934,126.9365174
경기도,안양시 만안구,나무아래어린이집,"경기도 안양시 만안구 안양천서로 177 202동103호 (안양동, 래미안안양메가트리아)",37.39407934,126.9365174
경기도,안양시 만안구,에듀파크어린이집,"경기도 안양시 만안구 충훈로 14 104동 1층 (박달동, 한양수자인에듀파크아파트)",37.4030252,126.9039029
경기도,안양시 만안구,가나안어린이집,"경기도 안양시 만안구 소곡로 78 107동 106호(안양동,씨엘포레자이)",37.38807593,126.9231734
경기도,안양시 만안구,밝은빛어린이집,"경기도 안양시 만안구 소곡로 78 104동 101호(안양동, 씨엘포레자이)",37.38807593,126.9231734
경기도,안양시 만안구,씨엘어린이집,경기도 안양시 만안구 소곡로 78 101동 1층(씨엘포레자이아파트),37.38807593,126.9231734
경기도,안양시 만안구,키즈캐슬어린이집,"경기도 안양시 만안구 박달로 344 관리동1층(박달동,대림한숲타운아파트)",37.40462362,126.8914245
경기도,안양시 만안구,봄이랑어린이집,경기도 안양시 만안구 안양천서로 249 115동104호,37.39837998,126.9263673
경기도,안양시 만안구,하늘땅어린이집,경기도 안양시 만안구 안양천서로 249 108동103호,37.39837998,126.9263673
경기도,안양시 만안구,어반숲어린이집,경기도 안양시 만안구 냉천로 93 어반포레 자연엔이편한세상 4단지 1층,37.38957452,126.9250164
경기도,안양시 동안구,초원의꿈어린이집,"경기도 안양시 동안구 부림로 55 898동 6호(평촌동, 초원마을대원3단지아파트)",37.38792658,126.9675033
경기도,안양시 동안구,한빛어린이집,경기도 안양시 동안구 관평로336번길 12 (관양동),37.40580193,126.9587829
경기도,안양시 동안구,디딤어린이집,경기도 안양시 동안구 경수대로 713 디딤빌딩 (호계동),37.38532462,126.9508643
경기도,안양시 동안구,인덕원삼성어린이집,경기도 안양시 동안구 안양판교로 40 인덕원삼성아파트 단지내,37.39878119,126.9795865
경기도,안양시 동안구,이편한세상어린이집,경기도 안양시 동안구 흥안대로414번길 39 인덕원대림2차아파트 관리동1층,37.39156828,126.9764063
경기도,안양시 동안구,별두리키즈어린이집,경기도 안양시 동안구 평의길 59 1층,37.39219806,126.9786197
경기도,안양시 동안구,동부어린이집,경기도 안양시 동안구 일동로 212 (관양동),37.40535039,126.9693239
경기도,안양시 동안구,현대하은어린이집,경기도 안양시 동안구 귀인로 210 현대홈타운 관리동 1층,37.38474732,126.9632042
경기도,안양시 동안구,예향키즈피아어린이집,경기도 안양시 동안구 흥안대로223번길 47 119동 105호,37.37638692,126.9647621
경기도,안양시 동안구,좋은이웃어린이집,경기도 안양시 동안구 관평로319번길 52 (관양동),37.40495026,126.9550007
경기도,안양시 동안구,동은어린이집,경기도 안양시 동안구 관악대로434번길 27 (관양동),37.40356956,126.9712545
경기도,안양시 동안구,키즈웰어린이집,경기도 안양시 동안구 흥안대로456번길 62 평촌삼성래미안아파트 단지내,37.39347056,126.9785275
경기도,안양시 동안구,은성어린이집,경기도 안양시 동안구 경수대로 430 단지내 노유자 시설 은성어린이집,37.36296807,126.9611702
경기도,안양시 동안구,새중앙어린이집,경기도 안양시 동안구 귀인로 301 새중앙교회내 새중앙어린이집,37.38921987,126.9719392
경기도,안양시 동안구,임광어린이집,경기도 안양시 동안구 전파로115번길 22 (호계동),37.39015496,126.9448286
경기도,안양시 동안구,삐아제어린이집,경기도 안양시 동안구 임곡로 43 더포레스트힐 관리동 1층,37.40385619,126.9325426
경기도,안양시 동안구,큰나래어린이집,"경기도 안양시 동안구 관악대로 133 131동 1층(비산동, 삼성래미안)",37.39941317,126.938663
경기도,안양시 동안구,늘푸른어린이집,"경기도 안양시 동안구 학의로 390 75동 2호(평촌동, 인덕원푸른마을대우아파트)",37.39554436,126.9780406
경기도,안양시 동안구,관악어린이집,경기도 안양시 동안구 동안로 209 관악성원A 관리동 1층 관악어린이집,37.39626414,126.9473405
경기도,안양시 동안구,제니스키즈어린이집,경기도 안양시 동안구 평의길 55 (평촌동),37.39193627,126.9783402
경기도,안양시 동안구,세영어린이집,경기도 안양시 동안구 관악대로275번길 51 (비산동),37.40495996,126.9530569
경기도,안양시 동안구,휴먼시아 어린이집,경기도 안양시 동안구 임곡로 16 임곡휴먼시아 아파트 관리소내,37.40146434,126.9297522
경기도,안양시 동안구,해오름어린이집,"경기도 안양시 동안구 시민대로159번길 58 205동 103호(비산동, 은하수마을벽산2단지아파트)",37.39217362,126.947007
경기도,안양시 동안구,꼬마샛별어린이집,"경기도 안양시 동안구 달안로 117 105동 101호(관양동, 한가람두산1단지아파트)",37.39785795,126.9554472
경기도,안양시 동안구,아이곤지어린이집,"경기도 안양시 동안구 달안로 40 305동 101호(비산동, 은하수마을신성3단지아파트)",37.39469195,126.948376
경기도,안양시 동안구,해리어린이집,"경기도 안양시 동안구 임곡로 43 107동 104호(비산동,더포레스트힐)",37.40385619,126.9325426
경기도,안양시 동안구,아기별어린이집,"경기도 안양시 동안구 관악대로 135 127동 104호(비산동, 삼성래미안)",37.39968589,126.9395118
경기도,안양시 동안구,꼬뜰어린이집,"경기도 안양시 동안구 경수대로 462 210동 104호(호계동, 호계2차현대홈타운)",37.36501029,126.9596765
경기도,안양시 동안구,우리어린이집,경기도 안양시 동안구 관악대로106번길 29 롯데낙천대아파트 108-101 (전용) (비산동),37.39851756,126.935965
경기도,안양시 동안구,한사랑어린이집,"경기도 안양시 동안구 달안로 98 505동 104호(관양동, 한가람세경5단지아파트)",37.39682352,126.9536576
경기도,안양시 동안구,호계아이어린이집,경기도 안양시 동안구 경수대로 498 서부인터빌101동103호(호계동),37.36687819,126.9588432
경기도,안양시 동안구,선재마을어린이집,"경기도 안양시 동안구 부림로 80 607동 101호(평촌동, 초원마을한양6단지아파트)",37.3915601,126.9670661
경기도,안양시 동안구,천사어린이집,"경기도 안양시 동안구 경수대로623번길 46 102동 101호(호계동, 럭키호계아파트)",37.37716892,126.9515304
경기도,안양시 동안구,꿈초롱어린이집,"경기도 안양시 동안구 부림로 55 304동 101호(평촌동, 초원마을대원3단지아파트)",37.38792658,126.9675033
경기도,안양시 동안구,예솔어린이집,"경기도 안양시 동안구 관평로138번길 63 705동 106호(평촌동, 초원마을부영7단지아파트)",37.39286922,126.9637669
경기도,안양시 동안구,키움어린이집,"경기도 안양시 동안구 학의로 20 118동 101호(비산동, 관악)",37.39545723,126.9415072
경기도,안양시 동안구,영재어린이집,경기도 안양시 동안구 일동로126번길 20 102호,37.40714808,126.9620761
경기도,안양시 동안구,아이들세상어린이집,"경기도 안양시 동안구 흥안대로434번길 24 204동 102호(평촌동, 인덕원대림2차아파트)",37.39235881,126.9762792
경기도,안양시 동안구,큰사랑어린이집,"경기도 안양시 동안구 경수대로733번길 15 102동 104호(호계동, 호계현대홈타운1차아파트)",37.38675982,126.9492698
경기도,안양시 동안구,짝꿍어린이집,"경기도 안양시 동안구 달안로 153 203동 108호(관양동, 공작성일아파트)",37.39967384,126.9593599
경기도,안양시 동안구,EQ꼬마동이어린이집,"경기도 안양시 동안구 동안로 11 711동 102호(호계동, 무궁화마을코오롱7단지아파트)",37.38005605,126.9563458
경기도,안양시 동안구,노란민들레 어린이집,"경기도 안양시 동안구 경수대로 462 220동 101호(호계동, 호계현대홈타운2차아파트)",37.36501029,126.9596765
경기도,안양시 동안구,사랑주는어린이집,"경기도 안양시 동안구 경수대로665번길 51 101동106호(호계동,세창짜임아파트)",37.38033401,126.9525745
경기도,안양시 동안구,초록어린이집,"경기도 안양시 동안구 관평로 122 206동 104호(평촌동, 초원마을대림2단지아파트)",37.38820166,126.9632065
경기도,안양시 동안구,꿈동이어린이집,"경기도 안양시 동안구 관평로138번길 63 707동 107호(평촌동, 초원아파트)",37.39286922,126.9637669
경기도,안양시 동안구,미키베이비어린이집,"경기도 안양시 동안구 학의로 98 201동 105호(비산동, 샛별마을한양4차2단지아파트)",37.3991406,126.9507956
경기도,안양시 동안구,햇님어린이집,"경기도 안양시 동안구 달안로 62 605동 112호 (비산동,한양샛별아파트)",37.39537552,126.9495396
경기도,안양시 동안구,꼬꼬마숲어린이집,"경기도 안양시 동안구 학의로 46 210동 101호(비산동, 관악부영4차아파트)",37.39657689,126.9444011
경기도,안양시 동안구,아이누리어린이집,"경기도 안양시 동안구 학의로 390 102동 101호(평촌동, 인덕원푸른마을대우아파트)",37.39554436,126.9780406
경기도,안양시 동안구,별사랑어린이집,"경기도 안양시 동안구 달안로 153 204동 102호(관양동, 공작성일아파트)",37.39967384,126.9593599
경기도,안양시 동안구,아이숲어린이집,"경기도 안양시 동안구 달안로 153 203동 106호(관양동, 공작성일아파트)",37.39967384,126.9593599
경기도,안양시 동안구,이레어린이집,경기도 안양시 동안구 관평로212번길 21 공작부영아파트 313동103호 (전용) (관양동),37.39858137,126.9588905
경기도,안양시 동안구,라이프어린이집,"경기도 안양시 동안구 귀인로 258 101동 107호(평촌동, 꿈마을라이프1단지아파트)",37.38712754,126.9671549
경기도,안양시 동안구,목련어린이집,"경기도 안양시 동안구 평촌대로211번길 21 307동 106호(호계동, 목련마을우성3단지아파트)",37.38976114,126.9546203
경기도,안양시 동안구,사과나무 어린이집,경기도 안양시 동안구 관악대로106번길 29 롯데낙천대아파트 110동102호 (비산동),37.39851756,126.935965
경기도,안양시 동안구,도담어린이집,"경기도 안양시 동안구 달안로 110 510동 106호(관양동, 한가람세경5단지아파트)",37.39562043,126.9551625
경기도,안양시 동안구,밤비니어린이집,"경기도 안양시 동안구 동안로 35 109동 105호(호계동, 무궁화마을효성1단지아파트)",37.38253871,126.953449
경기도,안양시 동안구,사임당어린이집,"경기도 안양시 동안구 관평로138번길 12 102동 103호(평촌동, 초원마을성원1단지아파트)",37.38926799,126.96281
경기도,안양시 동안구,새솔어린이집,"경기도 안양시 동안구 달안로 124 405동 102호(관양동, 한가람신라4단지아파트)",37.39753127,126.9559941
경기도,안양시 동안구,한별어린이집,"경기도 안양시 동안구 달안로 73 303동 103호(비산동, 샛별마을한양4차3단지아파트)",37.3963688,126.9510339
경기도,안양시 동안구,무궁화어린이집,"경기도 안양시 동안구 동안로 6 506동 103호(호계동, 무궁화마을진흥5단지아파트)",37.38023692,126.9571553
경기도,안양시 동안구,현대다사랑어린이집,"경기도 안양시 동안구 귀인로 193 201동 101호(평촌동, 향촌현대2단지아파트)",37.38668847,126.9603797
경기도,안양시 동안구,키즈드림 어린이집,경기도 안양시 동안구 귀인로 193 203동 102호(향촌현대4차아파트),37.38668847,126.9603797
경기도,안양시 동안구,드림어린이집,"경기도 안양시 동안구 평촌대로180번길 28 306동 104호(평촌동, 향촌롯데3단지아파트)",37.38806858,126.9591075
경기도,안양시 동안구,꿈나무어린이집,"경기도 안양시 동안구 부림로 80 611동 103호(평촌동, 초원마을한양6단지아파트)",37.3915601,126.9670661
경기도,안양시 동안구,은가비어린이집,"경기도 안양시 동안구 달안로 61 105동 111호(비산동, 샛별마을한양4차1단지아파트)",37.39651434,126.9489631
경기도,안양시 동안구,태영뜰어린이집,"경기도 안양시 동안구 경수대로610번길 37 603동 106호(호계동, 무궁화마을태영6단지아파트)",37.37811211,126.9563906
경기도,안양시 동안구,한마음어린이집,"경기도 안양시 동안구 경수대로797번길 12 203동 104호(호계동, 한마음임광2차아파트)",37.39106142,126.944693
경기도,안양시 동안구,아이꿈 어린이집,"경기도 안양시 동안구 시민대로159번길 59 102동 101호(비산동, 은하수마을청구1단지아파트)",37.39214157,126.9452883
경기도,안양시 동안구,초원나라어린이집,"경기도 안양시 동안구 관평로138번길 53 706동 102호(평촌동, 초원마을부영7단지아파트)",37.39063913,126.9650507
경기도,안양시 동안구,대림베이비어린이집,"경기도 안양시 동안구 경수대로 430 112동 102호(호계동, 호계대림E편한세상아파트)",37.36296807,126.9611702
경기도,안양시 동안구,바움어린이집,"경기도 안양시 동안구 달안로 40 302동 102호(비산동, 은하수마을신성3단지아파트)",37.39469195,126.948376
경기도,안양시 동안구,꿈내리어린이집,"경기도 안양시 동안구 학의로 120 306동 101호(관양동, 한가람한양아파트)",37.39955119,126.9534331
경기도,안양시 동안구,샬롬어린이집,"경기도 안양시 동안구 학의로 390 111동 101호(평촌동, 인덕원푸른마을대우아파트)",37.39554436,126.9780406
경기도,안양시 동안구,아기꿈어린이집,"경기도 안양시 동안구 귀인로98번길 13 101동 101호(호계동, 흥화브라운빌아파트)",37.3817951,126.9512129
경기도,안양시 동안구,부영어린이집,경기도 안양시 동안구 관평로212번길 21 공작부영아파트 306동103호 (전용) (관양동),37.39858137,126.9588905
경기도,안양시 동안구,유림어린이집,경기도 안양시 동안구 달안로 61 한양샛별아파트 104동 112호 (전용) (비산동),37.39651434,126.9489631
경기도,안양시 동안구,꿈과사랑의하은어린이집,"경기도 안양시 동안구 경수대로 462 216동 104호(호계동, 호계현대홈타운2차아파트)",37.36501029,126.9596765
경기도,안양시 동안구,아이별어린이집,"경기도 안양시 동안구 경수대로 430 108동 103호(호계동, 호계대림E편한세상아파트)",37.36296807,126.9611702
경기도,안양시 동안구,아이자람어린이집,"경기도 안양시 동안구 부림로 48 504동 103호(평촌동, 초원마을LG5단지아파트)",37.38831598,126.9684274
경기도,안양시 동안구,해맑음어린이집,"경기도 안양시 동안구 귀인로172번길 22 307동 102호(호계동, 경남아파트)",37.38324848,126.9583738
경기도,안양시 동안구,효성어린이집,"경기도 안양시 동안구 시민대로110번길 43 101동 102호(호계동, 범계마을효성아파트)",37.38539709,126.9475558
경기도,안양시 동안구,아이맘어린이집,"경기도 안양시 동안구 경수대로 430 110동 102호(호계동, 호계대림E편한세상아파트)",37.36296807,126.9611702
경기도,안양시 동안구,해오름베이비어린이집,"경기도 안양시 동안구 시민대로159번길 58 205동 102호(비산동, 은하수마을벽산2단지아파트)",37.39217362,126.947007
경기도,안양시 동안구,꼬마별어린이집,"경기도 안양시 동안구 관악대로106번길 29 104동 102호(비산동, 비산롯데캐슬)",37.39851756,126.935965
경기도,안양시 동안구,꿈예랑어린이집,"경기도 안양시 동안구 달안로 110 507동 106호(관양동, 한가람세경5단지아파트)",37.39562043,126.9551625
경기도,안양시 동안구,엄마품어린이집,"경기도 안양시 동안구 학의로 20 113동 104호(비산동, 관악)",37.39545723,126.9415072
경기도,안양시 동안구,금빛어린이집,"경기도 안양시 동안구  관악대로 135 133동 101호(비산동, 삼성래미안)",37.39968589,126.9395118
경기도,안양시 동안구,파란별어린이집,"경기도 안양시 동안구 경수대로883번길 33 104동 102호(비산동, 비산한화꿈에그린아파트)",37.39703624,126.9339104
경기도,안양시 동안구,다니엘키즈어린이집,"경기도 안양시 동안구 학의로 44 203동 104호(비산동, 관악부영4차아파트)",37.39692396,126.9449796
경기도,안양시 동안구,이화어린이집,"경기도 안양시 동안구 안양판교로 42 105동 107호(관양동, 인덕원마을삼성아파트)",37.39874592,126.9793673
경기도,안양시 동안구,꿈누리어린이집,경기도 안양시 동안구 경수대로707번길 42 마젤란21아파트 101-106(전용) (호계동),37.38452404,126.9493189
경기도,안양시 동안구,새싹어린이집,"경기도 안양시 동안구 평촌대로253번길 18 616동 103호(비산동, 샛별마을한양4차6단지아파트)",37.39458809,126.9523194
경기도,안양시 동안구,샘마을어린이집,"경기도 안양시 동안구 흥안대로223번길 16 201동 105호(호계동, 샘마을아파트)",37.3757423,126.9671989
경기도,안양시 동안구,행복한우리어린이집,"경기도 안양시 동안구 평촌대로211번길 21 303동 108호(호계동, 목련마을우성3단지아파트)",37.38976114,126.9546203
경기도,안양시 동안구,베이비예영어린이집,"경기도 안양시 동안구  관악대로 133 116동 101호(비산동, 삼성래미안)",37.39941317,126.938663
경기도,안양시 동안구,그린나라어린이집,경기도 안양시 동안구 달안로 124 한가람신라아파트 단지내,37.39753127,126.9559941
경기도,안양시 동안구,꿈에그린어린이집,경기도 안양시 동안구 경수대로883번길 33 꿈에그린아파트관리동,37.39703624,126.9339104
경기도,안양시 동안구,세경예아랑어린이집,"경기도 안양시 동안구 달안로 110 501동 106호(관양동, 한가람세경5단지아파트)",37.39562043,126.9551625
경기도,안양시 동안구,고운어린이집,"경기도 안양시 동안구 경수대로797번길 12 201동 104 (호계동, 한마음2차 임광아파트 )",37.39106142,126.944693
경기도,안양시 동안구,베베키즈어린이집,경기도 안양시 동안구 호성로 37 일신건영장미아파트 101동 107호,37.36545753,126.9640536
경기도,안양시 동안구,스마트어린이집,"경기도 안양시 동안구 경수대로 458 204동 102호(호계동, 호계현대홈타운2차아파트)",37.36407028,126.9600418
경기도,안양시 동안구,육아일기어린이집,"경기도 안양시 동안구 동안로 11 712동 101호(호계동, 무궁화코오롱아파트)",37.38005605,126.9563458
경기도,안양시 동안구,자람어린이집,"경기도 안양시 동안구 경수대로707번길 57 101동 104호(호계동, 신도브래뉴아파트)",37.38341893,126.9486741
경기도,안양시 동안구,참빛키즈어린이집,"경기도 안양시 동안구 학의로 146 205동 101호(관양동, 한가람삼성2단지아파트)",37.40075779,126.9558956
경기도,안양시 동안구,평촌영아어린이집,"경기도 안양시 동안구 관평로138번길 53 711동 101호(평촌동, 초원마을부영7단지아파트)",37.39063913,126.9650507
경기도,안양시 동안구,이든아이어린이집,"경기도 안양시 동안구 평촌대로211번길 21 309동 102호(호계동, 목련마을우성3단지아파트)",37.38976114,126.9546203
경기도,안양시 동안구,아이랜드어린이집,"경기도 안양시 동안구 경수대로623번길 60 102동 102호(호계동, 흥화브라운빌)",37.37618703,126.9527746
경기도,안양시 동안구,야호어린이집,"경기도 안양시 동안구 임곡로80번길 33 116동 101호(비산동, 더포레스트힐)",37.407994,126.935382
경기도,안양시 동안구,하람어린이집,경기도 안양시 동안구 흥안대로 390 평촌교육문화센터 아가페 1층,37.38927547,126.9747901
경기도,안양시 동안구,아이캐슬어린이집,"경기도 안양시 동안구 관악대로106번길 72 116동 102호(롯데캐슬, 비산2동)",37.39790773,126.9402235
경기도,안양시 동안구,숲속이삭어린이집,경기도 안양시 동안구 경수대로665번길 66 ,37.37939041,126.9520089
경기도,안양시 동안구,슬기샘어린이집,"경기도 안양시 동안구 안양천동로 162 105동 102호 (비산동, 힐스테이트아파트)",37.3941416,126.9410405
경기도,안양시 동안구,베베슐레어린이집,"경기도 안양시 동안구 경수대로 462 205동102호(호계동, 호계2차현대홈타운)",37.36501029,126.9596765
경기도,안양시 동안구,동편아이샘어린이집,"경기도 안양시 동안구 동편로 135 402동102호(관양동, 동편마을)",37.40981348,126.9678877
경기도,안양시 동안구,동편하은별어린이집,"경기도 안양시 동안구 동편로 135 (관양동, 휴먼시아아파트관리동)",37.40981348,126.9678877
경기도,안양시 동안구,꼬망세하바어린이집,"경기도 안양시 동안구 동편로 110 (관양동, 휴먼시아3단지아파트관리동)",37.41221687,126.9699826
경기도,안양시 동안구,아이생각어린이집,"경기도 안양시 동안구 학의로 20 114동101호(비산동, 관악동성아파트)",37.39545723,126.9415072
경기도,안양시 동안구,공작어린이집,"경기도 안양시 동안구 관평로212번길 21 312동102호(관양동, 공작아파트)",37.39858137,126.9588905
경기도,안양시 동안구,리틀큐피트어린이집,"경기도 안양시 동안구 관악대로 121 114동102호(비산동, 삼성래미안)",37.40198582,126.9363831
경기도,안양시 동안구,이레키즈아트어린이집,경기도 안양시 동안구 갈산로 78 (호계동),37.37883399,126.9598991
경기도,안양시 동안구,키즈솔어린이집,"경기도 안양시 동안구 평촌대로211번길 21 306동102호(호계동, 목련아파트)",37.38976114,126.9546203
경기도,안양시 동안구,해나어린이집,"경기도 안양시 동안구 평촌대로179번길 30 506동 103호(호계동, 목련아파트)",37.387704,126.9552921
경기도,안양시 동안구,더조은아이어린이집,"경기도 안양시 동안구 동안로 101 102동 102호 (호계동, 목련아파트)",37.38724994,126.9513317
경기도,안양시 동안구,레인보우키즈어린이집,경기도 안양시 동안구 경수대로610번길 39 ,37.37789871,126.95803
경기도,안양시 동안구,해늘어린이집,"경기도 안양시 동안구 경수대로797번길 5 103동 104호(호계동,한마음아파트)",37.39064036,126.9450538
경기도,안양시 동안구,아름 어린이집,경기도 안양시 동안구 관평로138번길 13 803동 106호,37.39052262,126.962384
경기도,안양시 동안구,사랑누리어린이집,경기도 안양시 동안구 관평로138번길 13 801동 106호,37.39052262,126.962384
경기도,안양시 동안구,초원부영어린이집,"경기도 안양시 동안구 관평로138번길 63 701동107호(평촌동, 초원부영아파트)",37.39286922,126.9637669
경기도,안양시 동안구,하버드어린이집,경기도 안양시 동안구 관악대로330번길 9-5 ,37.40306563,126.9601084
경기도,안양시 동안구,리라어린이집,경기도 안양시 동안구 귀인로 91 (호계동),37.3822404,126.9499559
경기도,안양시 동안구,새봄숲키즈어린이집,경기도 안양시 동안구 평촌대로427번길 60-9 (비산동),37.40923623,126.9467592
경기도,안양시 동안구,조은어린이집,"경기도 안양시 동안구 학의로 20 125동102호(비산동,관악타운)",37.39545723,126.9415072
경기도,안양시 동안구,단비어린이집,"경기도 안양시 동안구 귀인로 237 209동101호(평촌동,초원대림아파트)",37.38702892,126.9645032
경기도,안양시 동안구,동편누리어린이집,경기도 안양시 동안구 동편로92번길 44 (관양동),37.41336185,126.9723914
경기도,안양시 동안구,사랑해 어린이집,경기도 안양시 동안구 달안로 153 206동 103호(관양동 공작아파트),37.39967384,126.9593599
경기도,안양시 동안구,에버그린어린이집,경기도 안양시 동안구 임곡로 78 ,37.40617037,126.9341332
경기도,안양시 동안구,더샵어린이집,경기도 안양시 동안구 시민대로327번길 55 ,37.40104777,126.9627988
경기도,안양시 동안구,푸르지오어린이집,경기도 안양시 동안구 엘에스로116번길 56 ,37.37527605,126.9493922
경기도,안양시 동안구,상록키즈어린이집,경기도 안양시 동안구 부림로 52 (초원LG아파트),37.38837407,126.9690275
경기도,안양시 동안구,봄빛어린이집,"경기도 안양시 동안구 경수대로 581 122동 104호 (호계동, 평촌어바인퍼스트아파트)",37.37403707,126.9562027
경기도,안양시 동안구,사랑나무어린이집,"경기도 안양시 동안구 경수대로 581 114동 104호 (호계동,어바인퍼스트아파트)",37.37403707,126.9562027
경기도,안양시 동안구,어바인키즈어린이집,"경기도 안양시 동안구 경수대로 581 115동 102호 (호계동, 어바인퍼스트아파트)",37.37403707,126.9562027
경기도,안양시 동안구,어바인다온어린이집,"경기도 안양시 동안구 경수대로 583 211동 105호(호계동, 어바인퍼스트아파트)",37.37588209,126.9540553
경기도,안양시 동안구,도토리어린이집,경기도 안양시 동안구 임곡로 70 관리동,37.40527251,126.9339824
경기도,안양시 동안구,센텀숲어린이집,경기도 안양시 동안구 갈산로 15 센텀퍼스트 110동 104호,37.37213249,126.9608514
경기도,안양시 동안구,엄마뽀뽀어린이집,경기도 안양시 동안구 갈산로 15 센텀퍼스트 120동 102호,37.37213249,126.9608514
경기도,안양시 동안구,꿈이랑어린이집,경기도 안양시 동안구 경수대로596번길 62-12 관리동,37.37642103,126.9595891
경기도,안양시 동안구,평촌어바인퍼스트아침해어린이집,경기도 안양시 동안구 흥안대로81번길 66 관리동,37.37275257,126.9543244
경기도,안양시 동안구,프라임키즈어린이집,"경기도 안양시 동안구 흥안대로58번길 14 (호계동, 평촌두산위브더프라임아파트)",37.36756082,126.9517102
경기도,용인시 기흥구,시립구성어린이집,경기도 용인시 기흥구 신촌로 64 (보정동),37.30661912,127.1117476
경기도,용인시 기흥구,시립신갈어린이집,경기도 용인시 기흥구 새천년로26번길 14 (신갈동),37.2880802,127.1120355
경기도,용인시 처인구,모현어린이집,경기도 용인시 처인구 모현면 백옥대로2101번길 53-9 ,37.31362324,127.2358055
경기도,용인시 처인구,양지어린이집,경기도 용인시 처인구 양지면 남곡로105번길 40 ,37.22439176,127.2832271
경기도,용인시 기흥구,시립초당어린이집,경기도 용인시 기흥구 동백중앙로 41 초당마을 주공3단지 관리동,37.25999924,127.1627051
경기도,용인시 기흥구,시립호수어린이집,경기도 용인시 기흥구 동백8로 64 ,37.28344926,127.157374
경기도,용인시 처인구,시립용인어린이집,경기도 용인시 처인구 중부대로 1199 용인문화복지행정타운 노인복지회관 1층 (삼가동),37.24101936,127.1778963
경기도,용인시 처인구,시립백암어린이집,경기도 용인시 처인구 백암로185번길 8  -11 ,37.16364938,127.3746705
경기도,용인시 수지구,시립신봉어린이집,경기도 용인시 수지구 수지로227번길 16 (신봉동),37.32155832,127.082999
경기도,용인시 기흥구,시립새그린어린이집,"경기도 용인시 기흥구 새천년로16번길 16 301동 1층(신갈동, 녹원마을새천년그린빌주공3단지아파트)",37.28925147,127.1098156
경기도,용인시 기흥구,시립백현어린이집,"경기도 용인시 기흥구 동백8로 103 2703동 1층(동백동, 백현마을주공7단지아파트)",37.28501063,127.1638468
경기도,용인시 기흥구,시립성산어린이집,경기도 용인시 기흥구 동백8로131번길 20 백현마을 주공 9단지 관리동,37.28336187,127.1665214
경기도,용인시 처인구,경기어린이집,경기도 용인시 처인구 이동읍 이원로 69-8 ,37.1894046,127.2148646
경기도,용인시 처인구,세움어린이집,경기도 용인시 처인구 포곡읍 금어로 579 ,37.29283127,127.2644051
경기도,용인시 처인구,덕성어린이집,경기도 용인시 처인구 이동읍 덕성로46번길 23 ,37.16941484,127.2003476
경기도,용인시 처인구,전궁숲어린이집,경기도 용인시 처인구 남사읍 전궁로 6 전궁숲 어린이집,37.10292169,127.1565519
경기도,용인시 기흥구,시립한누리어린이집,"경기도 용인시 기흥구 한보라2로 168 705동(공세동, 한보라마을휴먼시아7단지아파트)",37.24414596,127.1086571
경기도,용인시 기흥구,시립한보라어린이집,"경기도 용인시 기흥구 한보라1로43번길 23 404동(보라동, 한보라마을휴먼시아4단지아파트)",37.25026579,127.1107616
경기도,용인시 기흥구,시립구갈어린이집,경기도 용인시 기흥구 강남서로 8 (구갈동),37.27245049,127.1272109
경기도,용인시 기흥구,시립청덕어린이집,경기도 용인시 기흥구 구성2로 52 휴먼시아 1단지 관리동,37.29523649,127.1472629
경기도,용인시 기흥구,시립늘품어린이집,경기도 용인시 기흥구 구성3로 38 물푸레마을휴먼시아5단지 507동 1층 (청덕동),37.2955018,127.1514413
경기도,용인시 기흥구,시립전나무어린이집,경기도 용인시 기흥구 구성로 392 물푸레마을 휴먼시아 9단지내 전나무어린이집,37.29171234,127.1544854
경기도,용인시 기흥구,시립흥덕어린이집,경기도 용인시 기흥구 흥덕1로79번길 7 휴먼시아 흥덕마을 1단지 관리동,37.27499213,127.0704526
경기도,용인시 처인구,시립유림어린이집,경기도 용인시 처인구 백옥대로1392번길 29 (유방동),37.25954286,127.2162024
경기도,용인시 처인구,시립처인어린이집,경기도 용인시 처인구 중부대로 1340 한누리마을벽산관리동 (김량장동),37.23443656,127.1933254
경기도,용인시 기흥구,시립예솔어린이집,경기도 용인시 기흥구 흥덕2로 80 휴먼시아 흥덕마을 3단지,37.27482702,127.0746405
경기도,용인시 기흥구,시립꿈이서내어린이집,경기도 용인시 기흥구 서천로128번길 12 서천마을 주공아파트 2단지 관리동,37.23730969,127.071519
경기도,용인시 기흥구,시립금빛서내어린이집,경기도 용인시 기흥구 서천서로 125 휴먼시아 3단지 관리동,37.23546385,127.0702354
경기도,용인시 수지구,시립수지어린이집,경기도 용인시 수지구 포은대로 435 수지구청 문화복지센터 1층,37.32248576,127.0977278
경기도,용인시 기흥구,시립영덕어린이집,경기도 용인시 기흥구 흥덕4로 59 ,37.27704139,127.0896139
경기도,용인시 수지구,시립광교어린이집,"경기도 용인시 수지구 광교마을로 90 (상현동,휴먼시아)시립광교어린이집",37.29520512,127.0755931
경기도,용인시 처인구,시립원삼어린이집,경기도 용인시 처인구 문촌로 7-1 ,37.16375649,127.3105008
경기도,용인시 처인구,시립역북어린이집,경기도 용인시 처인구 금학로235번길 26 ,37.24042207,127.1912995
경기도,용인시 수지구,시립죽전어린이집,경기도 용인시 수지구 죽전로254번길 2 ,37.3323191,127.1284441
경기도,용인시 수지구,시립상현어린이집,경기도 용인시 수지구 광교마을로 109 ,37.2967721,127.0764512
경기도,용인시 기흥구,시립지웰푸른어린이집,경기도 용인시 기흥구 기흥역로 16 ,37.27361138,127.1149748
경기도,용인시 기흥구,시립센트럴어린이집,"경기도 용인시 기흥구 기흥역로58번길 10 (구갈동, 기흥역 센트럴 푸르지오)",37.2739932,127.1190297
경기도,용인시 기흥구,시립파크한얼어린이집,"경기도 용인시 기흥구 기흥역로58번길 56 (구갈동, 기흥역 파크 푸르지오)",37.27181016,127.120451
경기도,용인시 처인구,시립역북푸른어린이집,"경기도 용인시 처인구 명지로40번길 35-16 (역북동, 역북푸르지오)",37.23068034,127.182261
경기도,용인시 처인구,시립역북동원어린이집,경기도 용인시 처인구 명지로16번길 26 역북동원로얄듀크 관리동,37.23560688,127.1852913
경기도,용인시 기흥구,시립기흥힐스어린이집,경기도 용인시 기흥구 기흥역로 63 힐스테이트 기흥 아파트 관리동,37.27484277,127.1187785
경기도,용인시 수지구,시립심곡어린이집,경기도 용인시 수지구 수지로 17 광교상현꿈에그린 아파트 관리동,37.30658283,127.0726178
경기도,용인시 수지구,시립동천자이어린이집,"경기도 용인시 수지구 고기로 89 동천동, 동천자이아파트 관리동",37.34474889,127.0915323
경기도,용인시 처인구,시립고림에듀파크어린이집,"경기도 용인시 처인구 경안천로 112 관리동(고림동, 양우내안애 1차)",37.24185136,127.2148576
경기도,용인시 수지구,시립동천자이2차어린이집,"경기도 용인시 수지구 고기로45번길 40-18 (동천동, 동천자이 2차아파트 관리동)",37.34143712,127.0948925
경기도,용인시 기흥구,시립롯데레이시티어린이집,"경기도 용인시 기흥구 신정로 25 관리동(신갈동, 롯데캐슬레이시티 아파트)",37.27309548,127.1014314
경기도,용인시 기흥구,시립보라해링턴 어린이집,"경기도 용인시 기흥구 사은로84번길 10 관리동(보라동, 보라효성해링턴아파트 )",37.25408579,127.1134019
경기도,용인시 처인구,시립에듀퍼스트어린이집,"경기도 용인시 처인구 경안천로 196-1 고림동, 양우내안애에듀퍼스트",37.24918797,127.2211929
경기도,용인시 수지구,시립이스트포레어린이집,"경기도 용인시 수지구 수풍로 89 (동천동, 더샵 동천이스트포레 관리동)",37.33283053,127.0908138
경기도,용인시 기흥구,시립기흥효성어린이집,"경기도 용인시 기흥구 덕영대로2077번길 33 (영덕2동, 기흥효성해링턴플레이스 관리동)",37.26648211,127.0956987
경기도,용인시 수지구,시립파크나인어린이집,"경기도 용인시 수지구 성복1로 13 관리동(성복동, 성복역롯데캐슬파크나인1차)",37.31087419,127.0737914
경기도,용인시 수지구,시립별다올어린이집,"경기도 용인시 수지구 성복1로 35 관리동(성복동, 롯데캐슬클라시엘)",37.3142264,127.0737792
경기도,용인시 수지구,시립골드타운어린이집,"경기도 용인시 수지구 성복2로 10 관리동(성복동, 롯데캐슬골드타운)",37.31126483,127.0831064
경기도,용인시 기흥구,시립더제니스어린이집,"경기도 용인시 기흥구 동백죽전대로 507 (신동백두산위브더제니스, 관리동)",37.28302466,127.1506085
경기도,용인시 수지구,시립푸른숲어린이집,"경기도 용인시 수지구 신봉2로 154 관리동(신봉동, 힐스테이트 광교산)",37.33246694,127.0672283
경기도,용인시 처인구,시립고진더센트럴어린이집,경기도 용인시 처인구 경안천로 120 고림동 양우내안애더센트럴,37.24252697,127.2153462
경기도,용인시 처인구,시립숲속하나어린이집,경기도 용인시 처인구 낙은로 100-30 ,37.24572945,127.1948592
경기도,용인시 처인구,시립숲속두리어린이집,경기도 용인시 처인구 낙은로 100-31 ,37.24631085,127.1935671
경기도,용인시 기흥구,시립포레피스어린이집,경기도 용인시 기흥구 덕영대로 2063 ,37.26785858,127.0981814
경기도,용인시 수지구,시립포은어린이집,"경기도 용인시 수지구 죽전로27번길 60 죽전동, 도담마을",37.32585226,127.1122872
경기도,용인시 기흥구,시립광교풍경채어린이집,"경기도 용인시 기흥구 흥덕1로 20 (영덕동, 광교풍경채어바니티)",37.27040257,127.0694236
경기도,용인시 처인구,시립둔전힐스어린이집,경기도 용인시 처인구 금어로 46 ,37.26551346,127.2202398
경기도,용인시 처인구,시립드마크데시앙어린이집,경기도 용인시 처인구 금령로90번길 11 ,37.23405166,127.2054572
경기도,용인시 처인구,시립보평어린이집,경기도 용인시 처인구 한터로 55-30 ,37.25549023,127.2156175
경기도,용인시 기흥구,시립구성e편한다온어린이집,"경기도 용인시 기흥구 구성로 15 (마북동, e편한세상 구성역 플랫폼시티",37.29591258,127.1107729
경기도,용인시 처인구,시립다정어린이집,경기도 용인시 처인구 고림로162번길 15 힐스테이트 용인고진역 1차,37.24508135,127.2217359
경기도,용인시 처인구,시립다감어린이집,경기도 용인시 처인구 고림로162번길 39 힐스테이트 용인고진역 2차,37.24309238,127.2231333
경기도,용인시 처인구,시립달빛어린이집,경기도 용인시 처인구 모현읍 왕산로 16 힐스테이트몬테로이 3단지 관리동,37.34543931,127.2592014
경기도,용인시 처인구,시립물빛어린이집,경기도 용인시 처인구 모현읍 왕산로 13 힐스테이트몬테로이 1단지 관리동,37.3450938,127.2542466
경기도,용인시 처인구,시립행복숲어린이집,경기도 용인시 처인구 남곡로 45 경남아너스빌디센트 1단지,37.22950723,127.2829032
경기도,용인시 처인구,시립지혜숲어린이집,경기도 용인시 처인구 남곡로 47 경남아너스빌디센트2단지,37.22912939,127.2855808
경기도,용인시 처인구,시립미래숲어린이집,경기도 용인시 처인구 남곡로 49 경남아너스빌디센터3단지,37.22837648,127.2866982
경기도,용인시 처인구,시립솔빛어린이집,경기도 용인시 처인구 모현읍 왕산로 14 힐스테이트몬테로이 2단지 관리동,37.34411468,127.2548194
경기도,용인시 기흥구,시립하이브엘어린이집,경기도 용인시 기흥구 진산로 124 수지구청역 롯데캐슬하이브엘 관리동,37.32087191,127.0989336
경기도,용인시 처인구,시립용인포레어린이집,"경기도 용인시 처인구 중부대로 1168 삼가동,  힐스테이트용인포레아파트 관리동",37.23401373,127.1732818
경기도,용인시 기흥구,시립보정어린이집,경기도 용인시 기흥구 죽전로 40 용인미르휴먼센터 2층,37.32018859,127.1130928
경기도,용인시 기흥구,시립새솔어린이집,경기도 용인시 기흥구 흥덕2로 46 휴먼시아 흥덕마을 4단지,37.27180399,127.0739866
경기도,용인시 기흥구,시립동백어린이집,경기도 용인시 기흥구 동백1로38번길 17-6 ,37.26380965,127.1620542
경기도,용인시 기흥구,시립기흥더샵어린이집,"경기도 용인시 기흥구 기흥역로58번길 78 (구갈동, 기흥역더샵 아파트 관리동)",37.27347413,127.1180165
경기도,용인시 처인구,역북수피아어린이집,경기도 용인시 처인구 관전로 63 (역북동 338-2),37.24270408,127.183365
경기도,용인시 처인구,쏠티어린이집,경기도 용인시 처인구 포곡읍 포곡로309번길 8-13 (삼계리 477-4),37.2825534,127.2322945
경기도,용인시 처인구,푸른산i어린이집,경기도 용인시 처인구 포곡읍 포곡로141번길 15 (둔전리 178),37.27258159,127.2187291
경기도,용인시 처인구,신미주2관어린이집,경기도 용인시 처인구 이동읍 백옥대로587번길 7 풍성신미주아파트 2단지관리동내(천리 1124),37.18935035,127.2048954
경기도,용인시 처인구,용인시청상록어린이집,경기도 용인시 처인구 중부대로 1199 ,37.24101936,127.1778963
경기도,용인시 처인구,보라어린이집,경기도 용인시 처인구 포곡읍 포곡로 131 (둔전리 186-6),37.27090916,127.2191738
경기도,용인시 처인구,예랑어린이집,경기도 용인시 처인구 이동읍 백옥대로 777 (천리 558-3),37.20567297,127.2078479
경기도,용인시 처인구,마평예쁜사랑어린이집,경기도 용인시 처인구 금학로 520 푸른마을용인자이아파트 108동 103호(마평동 957),37.23437433,127.2189332
경기도,용인시 처인구,그림나라어린이집,경기도 용인시 처인구 중부대로 1148 진우아파트단지내(삼가동 256),37.23955477,127.1728055
경기도,용인시 처인구,금강큰나무어린이집,경기도 용인시 처인구 명지로 15-29 역북마을금강아파트 201동 101호(역북동 721-2),37.23474507,127.1906583
경기도,용인시 처인구,미림어린이집,경기도 용인시 처인구 포곡읍 포곡로326번길 71 (삼계리 344-2),37.28605361,127.2398626
경기도,용인시 처인구,어진어린이집,경기도 용인시 처인구 이동읍 백옥대로621번길 11 신미주1차아파트 104동 104호(천리 1119),37.19211416,127.2049934
경기도,용인시 처인구,해맑은어린이집,경기도 용인시 처인구 중부대로1331번길 10-11 (역북동 439-2),37.23635745,127.1937394
경기도,용인시 처인구,홍익어린이집,경기도 용인시 처인구 모현읍 백옥대로 2585 (왕산리 677-2),37.35397427,127.2456974
경기도,용인시 처인구,글로벌키즈어린이집,경기도 용인시 처인구 모현읍 왕담로 129 (왕산리 388-2),37.3295174,127.2508925
경기도,용인시 처인구,현대어린이집,경기도 용인시 처인구 백옥대로1068번길 12 김량장동 현대아파트 관리동,37.22929909,127.2117529
경기도,용인시 처인구,세실어린이집,경기도 용인시 처인구 모현읍 충렬로8번길 30-7 (능원리 36-4),37.34247414,127.1752826
경기도,용인시 처인구,푸른꿈어린이집,경기도 용인시 처인구 임원로 84 (고림동 440-10),37.255148,127.2267225
경기도,용인시 처인구,소망어린이집,경기도 용인시 처인구 모현읍 포은대로1272번길 29-10 (동림리 90-1),37.33945992,127.1876806
경기도,용인시 처인구,포곡아이온어린이집,경기도 용인시 처인구 포곡읍 포곡로118번길 13-3 (둔전리 131-1),37.26931685,127.2197996
경기도,용인시 처인구,우남아이사랑어린이집,경기도 용인시 처인구 금학로 91 우남퍼스트빌 107동 103호(삼가동 537),37.2401836,127.1739803
경기도,용인시 처인구,엄마마음어린이집,경기도 용인시 처인구 모현읍 백옥대로2438번길 37 3동 101호,37.34381743,127.2525517
경기도,용인시 처인구,오스카빌어린이집,경기도 용인시 처인구 중부대로1158번길 12 늘푸른오스카빌아파트내 관리동(삼가동 552),37.23761151,127.1705509
경기도,용인시 처인구,예간어린이집,경기도 용인시 처인구 경안천로258번길 96 (고림동 481-6),37.26192047,127.2236104
경기도,용인시 처인구,그린어린이집,경기도 용인시 처인구 중부대로1313번길 4 (역북동 436-1),37.23621832,127.1910812
경기도,용인시 처인구,삼정아이세상어린이집,경기도 용인시 처인구 금어로 74 보평마을삼정그린뷰 102동 102호(고림동 1001),37.26547933,127.2232612
경기도,용인시 처인구,또래천사어린이집,경기도 용인시 처인구 금학로 520 푸른마을용인자이아파트 107동 101호(마평동 957),37.23437433,127.2189332
경기도,용인시 처인구,엄지어린이집,경기도 용인시 처인구 지삼로 526 (삼가동 316-3),37.2391569,127.1594196
경기도,용인시 처인구,피렌체어린이집,경기도 용인시 처인구 한터로152번길 45 피렌체빌리지1차아파트 관리동(고림동 264-8),37.24662951,127.2308004
경기도,용인시 처인구,혜화어린이집,경기도 용인시 처인구 낙은로 5-11 (역북동 454-1),37.23811023,127.1970306
경기도,용인시 처인구,동화마을 어린이집,경기도 용인시 처인구 한터로152번길 15 예진마을인정피렌체아파트 208동 103호(고림동 995),37.24710121,127.2299169
경기도,용인시 처인구,나나어린이집,경기도 용인시 처인구 금령로27번길 16-8 은성빌딩1층 (김량장동 321-2),37.23564666,127.1993053
경기도,용인시 처인구,내아이어린이집,경기도 용인시 처인구 포곡읍 포곡로61번길 17 인정멜로디아파트 내 복지관 1층(둔전리 319),37.27082393,127.2126462
경기도,용인시 처인구,또래마을어린이집,경기도 용인시 처인구 백옥대로1380번길 3 (유방동 310-4),37.25826433,127.2132483
경기도,용인시 처인구,신미주어린이집,경기도 용인시 처인구 이동읍 백옥대로621번길 11 ,37.19211416,127.2049934
경기도,용인시 처인구,늘푸른어린이집,경기도 용인시 처인구 금령로56번길 5-2 (김량장동 340-1),37.23420099,127.2030382
경기도,용인시 처인구,아이보듬어린이집,경기도 용인시 처인구 포곡읍 둔전로 15 106동 101호,37.26679116,127.2154804
경기도,용인시 처인구,예진마을어린이집,경기도 용인시 처인구 한터로152번길 15 예진마을2차 관리동(고림동 995),37.24710121,127.2299169
경기도,용인시 처인구,포곡어린이집,경기도 용인시 처인구 포곡읍 전대로110번길 10-1 (전대리 325-4),37.2871209,127.2156932
경기도,용인시 처인구,신안요정어린이집,경기도 용인시 처인구 모현읍 문현로 330 신안아파트 2단지 관리동(일산리 669),37.33712663,127.2442875
경기도,용인시 처인구,우림보보어린이집,경기도 용인시 처인구 포곡읍 백옥대로1898번길 30 계수마을수목원우림필유아파트 102동 105호(삼계리 672),37.29532848,127.237198
경기도,용인시 처인구,조이풀키즈양지몬테소리어린이집,경기도 용인시 처인구 양지면 양지로49번길 7 (양지리 766-14),37.23136009,127.2738365
경기도,용인시 처인구,체리쉬어린이집,경기도 용인시 처인구 포곡읍 포곡로 98-1 신원2차 아파트 202동 105호(둔전리 147),37.26718354,127.2180516
경기도,용인시 처인구,사랑샘어린이집,경기도 용인시 처인구 고림로 158 (고림동 665-4),37.24598132,127.2200414
경기도,용인시 처인구,아이햇살어린이집,경기도 용인시 처인구 포곡읍 포곡로 90 신원1차아파트 101동 104호(둔전리 385),37.26745066,127.2157101
경기도,용인시 처인구,인예뜰어린이집,경기도 용인시 처인구 이동읍 이원로 207-14 (묵리 753-2),37.18740801,127.2297695
경기도,용인시 처인구,해랑어린이집,경기도 용인시 처인구 금령로27번길 22-17 (김량장동 316-10),37.23639053,127.1995378
경기도,용인시 처인구,삼환화이트어린이집,경기도 용인시 처인구 중부대로 1348 용인삼환나우빌 102동 102호(김량장동 516),37.23473714,127.1939931
경기도,용인시 처인구,꿈모아어린이집,경기도 용인시 처인구 이동읍 백옥대로 711 (천리 1134)금광베네스타 아파트 102동 103호,37.20001267,127.208102
경기도,용인시 처인구,숲속쏠티어린이집,경기도 용인시 처인구 포곡읍 성산로341번길 93 (마성리 415-2),37.27183877,127.1857663
경기도,용인시 처인구,아가둥지 어린이집,경기도 용인시 처인구 경안천로 378 인정프린스2차아파트 2003동 103호(유방동 1007-50),37.26461205,127.21678
경기도,용인시 처인구,명문자연어린이집,경기도 용인시 처인구 모현읍 대지로 409-4 (오산리 193-30),37.33102878,127.1516265
경기도,용인시 처인구,신성아이맘 어린이집,경기도 용인시 처인구 명지로 5 신성아파트 106동 103호(역북동 721-1),37.23553427,127.189219
경기도,용인시 처인구,파랑새몬테소리어린이집,경기도 용인시 처인구 백옥대로1068번길 12 현대아파트 107동 102호(김량장동 4-2),37.22929909,127.2117529
경기도,용인시 처인구,리틀그린어린이집,경기도 용인시 처인구 경안천로32번길 23 우량2차 101호,37.23568703,127.2129195
경기도,용인시 처인구,금호어울림어린이집,경기도 용인시 처인구 금령로13번길 13 금호어울림아파트 105동 101호(김량장동 526),37.23660196,127.1977909
경기도,용인시 처인구,해피키즈어린이집,경기도 용인시 처인구 모현읍 문현로 326 효천마을신안인스빌1단지아파트 103동 104호(일산리 669),37.33665243,127.2439299
경기도,용인시 처인구,어울림몬테소리어린이집,경기도 용인시 처인구 금령로13번길 13 금호어울림아파트 관리동 1층(김량장동 526),37.23660196,127.1977909
경기도,용인시 처인구,루소의숲어린이집,경기도 용인시 처인구 양지면 주북로 467 (양지리 315-3 외 2필지),37.2435605,127.2823483
경기도,용인시 처인구,다보스병원직장어린이집,경기도 용인시 처인구 백옥대로1082번길 14 (김량장동 18-1),37.23198747,127.2110345
경기도,용인시 처인구,처인구청직장어린이집,경기도 용인시 처인구 금령로 50 별관 3층(김량장동 286),37.23437996,127.2013372
경기도,용인시 처인구,꿈사랑어린이집,경기도 용인시 처인구 이동읍 경기동로 719-6 (송전리 576-2),37.13777668,127.1994691
경기도,용인시 처인구,Kcc Kids어린이집,경기도 용인시 처인구 모현읍 외대로54번길 12 용인모현 스위첸관리동어린이집(왕산리 948),37.33434671,127.2540268
경기도,용인시 처인구,역북우리어린이집,경기도 용인시 처인구 금학로277번길 12-8 (역북동 454-43),37.23852848,127.1949161
경기도,용인시 처인구,청운어린이집,경기도 용인시 처인구 한터로152번길 58-9 (고림동 266-1),37.24470739,127.229831
경기도,용인시 처인구,신성키즈빌어린이집,경기도 용인시 처인구 명지로 15-5 신성아파트 105-102(역북동 721-1),37.23542051,127.1897541
경기도,용인시 처인구,누리어린이집,경기도 용인시 처인구 포곡읍 부곡로 24-3 (전대리 168-3),37.28119304,127.2189454
경기도,용인시 처인구,한울어린이집,경기도 용인시 처인구 포곡읍 전대로 43 (전대리 150-13),37.2827896,127.220254
경기도,용인시 처인구,호크마어린이집,경기도 용인시 처인구 포곡읍 둔전로65번길 15-6 (둔전리 127-22),37.26796694,127.2210928
경기도,용인시 처인구,양지뜰어린이집,경기도 용인시 처인구 양지면 양지로133번길 13 태영빌라 101호(양지리 622-2),37.23585951,127.2828603
경기도,용인시 처인구,에버랜드어린이집,경기도 용인시 처인구 포곡읍 에버랜드로 199 (전대리 310외 20필지),37.2940667,127.202128
경기도,용인시 처인구,양지남곡어린이집,경기도 용인시 처인구 양지면 남평로64번길 26-1 늘푸른마을101-101(남곡리 480-11),37.22719033,127.290181
경기도,용인시 처인구,인성어린이집,경기도 용인시 처인구 포곡읍 포곡로 78-3 (둔전리 399-9),37.26757053,127.2144518
경기도,용인시 처인구,꿈에월드어린이집,경기도 용인시 처인구 경안천로256번길 65 (고림동 820-12),37.25137117,127.2267823
경기도,용인시 처인구,두산나래어린이집,경기도 용인시 처인구 지삼로590번길 9 203동1층(삼가동 두산위브2단지 관리동),37.24045229,127.1673544
경기도,용인시 처인구,드림키즈어린이집,경기도 용인시 처인구 포곡읍 백옥대로1910번길 24-2 (삼계리 111-2),37.29649241,127.2361293
경기도,용인시 처인구,두산별하어린이집,경기도 용인시 처인구 지삼로590번길 29 관리동 (삼가동 564),37.23981824,127.1691185
경기도,용인시 처인구,트리플어린이집,경기도 용인시 처인구 양지면 향교로 14 (양지리 410-15),37.23699361,127.2868501
경기도,용인시 처인구,우남키즈빌어린이집,"경기도 용인시 처인구 낙은로 59 단지내 어린이집(역북동, 역북2단지 우남퍼스트빌)",37.24152361,127.1966794
경기도,용인시 처인구,우남퍼스트빌 통통어린이집,"경기도 용인시 처인구 낙은로 60 단지내 어린이집(역북동, 역북1단지 우남퍼스트빌)",37.24272097,127.1968631
경기도,용인시 처인구,토마토어린이집,경기도 용인시 처인구 이동읍 백옥대로 737 에이스카운티 관리동,37.20227739,127.2086547
경기도,용인시 처인구,우미이레어린이집,경기도 용인시 처인구 명지로16번길 25 우미린 센트럴파크 108동 104호,37.23323382,127.185165
경기도,용인시 처인구,온누리직장어린이집,경기도 용인시 처인구 금학로235번길 26 부대복리동,37.24042207,127.1912995
경기도,용인시 처인구,한숲3단지어린이집,경기도 용인시 처인구 남사읍 한숲로 123 관리동,37.16014634,127.1720571
경기도,용인시 처인구,한숲4단지어린이집,경기도 용인시 처인구 남사읍 한숲로 124 관리동,37.15911183,127.1755013
경기도,용인시 처인구,한숲5단지어린이집,경기도 용인시 처인구 남사읍 한숲로 83 관리동,37.15817013,127.1701268
경기도,용인시 처인구,한숲6단지어린이집,경기도 용인시 처인구 남사읍 한숲로 84 관리동,37.15610907,127.1736563
경기도,용인시 처인구,한숲2단지어린이집,경기도 용인시 처인구 남사읍 한숲로 137 관리동,37.16135541,127.1739486
경기도,용인시 처인구,골드어린이집,경기도 용인시 처인구 명지로40번길 35-29 관리동,37.23082192,127.1844007
경기도,용인시 처인구,나무별어린이집,경기도 용인시 처인구 명지로16번길 25 우미린 101동 102호,37.23323382,127.185165
경기도,용인시 처인구,양우행복한어린이집,경기도 용인시 처인구 경안천로 112 양우내안애 106동 104호,37.24185136,127.2148576
경기도,용인시 처인구,신아어린이집,경기도 용인시 처인구 남사읍 한숲로 83 512동 104호(e편한세상 용인 한숲시티),37.15817013,127.1701268
경기도,용인시 처인구,한숲행복어린이집,경기도 용인시 처인구 남사읍 한숲로 84 607동 104호(e편한세상 용인 한숲시티),37.15610907,127.1736563
경기도,용인시 처인구,하나숲어린이집,경기도 용인시 처인구 남사읍 한숲로 123 306동 103호(e편한세상 용인 한숲시티),37.16014634,127.1720571
경기도,용인시 처인구,한숲둥지어린이집,경기도 용인시 처인구 남사읍 한숲로 84 604동 101호(e편한세상 용인 한숲시티),37.15610907,127.1736563
경기도,용인시 처인구,별이달이어린이집,경기도 용인시 처인구 명지로16번길 26 101동 102호(동원로얄듀크),37.23560688,127.1852913
경기도,용인시 처인구,로얄베베어린이집,경기도 용인시 처인구 명지로16번길 26 101동 103호(동원로얄듀크),37.23560688,127.1852913
경기도,용인시 처인구,우미린어린이집,"경기도 용인시 처인구 명지로16번길 25 (역북동, 우미린관리동)",37.23323382,127.185165
경기도,용인시 처인구,아이편한어린이집,경기도 용인시 처인구 남사읍 한숲로 83 513동 103호(e편한세상 용인 한숲시티),37.15817013,127.1701268
경기도,용인시 처인구,한숲호산나어린이집,경기도 용인시 처인구 남사읍 한숲로 83 514동 103호,37.15817013,127.1701268
경기도,용인시 처인구,신원우리어린이집,경기도 용인시 처인구 낙은로 11 (역북동 역북신원아침도시),37.23857046,127.1973178
경기도,용인시 처인구,하랑어린이집,"경기도 용인시 처인구 경안천로 196-1 205동104호(고림동, 양우내안애에듀퍼스트)",37.24918797,127.2211929
경기도,용인시 처인구,완두콩어린이집,경기도 용인시 처인구 남사읍 한숲로 83 508동101호(이편한세상한숲시티),37.15817013,127.1701268
경기도,용인시 처인구,e편한이솝어린이집,경기도 용인시 처인구 남사읍 한숲로 124 404동 101호,37.15911183,127.1755013
경기도,용인시 처인구,국제어린이집,경기도 용인시 처인구 중부대로 1113-11 ,37.2418283,127.1699912
경기도,용인시 처인구,용인리더스어린이집,경기도 용인시 처인구 낙은로34번길 19 (역북동 270-10외 1필지),37.24132852,127.1982012
경기도,용인시 처인구,더숲어린이집,경기도 용인시 처인구 남사읍 아곡로 81-1 ,37.15343971,127.1660312
경기도,용인시 처인구,아이린어린이집,경기도 용인시 처인구 남사읍 봉무로153번길 70-12 ,37.13102149,127.1495391
경기도,용인시 처인구,온숲어린이집,경기도 용인시 처인구 양지면 남평로26번길 15-14 ,37.22991428,127.2869266
경기도,용인시 처인구,그린베베어린이집,경기도 용인시 처인구 낙은로 100-30 106동 103호,37.24572945,127.1948592
경기도,용인시 처인구,아애랑어린이집,경기도 용인시 처인구 금어로 46 113동 103호(힐스테이트 용인둔전역),37.26551346,127.2202398
경기도,용인시 처인구,더미소어린이집,경기도 용인시 처인구 남사읍 한숲로 84 606동 103호,37.15610907,127.1736563
경기도,용인시 처인구,부경어린이집,경기도 용인시 처인구 고림로162번길 39 208동 101호,37.24309238,127.2231333
경기도,용인시 처인구,새빛어린이집,경기도 용인시 처인구 모현읍 왕산로 16 303동 103호,37.34543931,127.2592014
경기도,용인시 처인구,키즈라라어린이집,경기도 용인시 처인구 모현읍 왕산로 16 307동 103호,37.34543931,127.2592014
경기도,용인시 처인구,봄누리직장어린이집,경기도 용인시 처인구 금학로235번길 26 ,37.24042207,127.1912995
경기도,용인시 처인구,더해피어린이집,경기도 용인시 처인구 모현읍 왕산로 13 105동 101호,37.3450938,127.2542466
경기도,용인시 처인구,토토리어린이집,경기도 용인시 처인구 모현읍 왕산로 14 210동 103호,37.34411468,127.2548194
경기도,용인시 처인구,몬테로이어린이집,경기도 용인시 처인구 모현읍 왕산로 14 215동 101호,37.34411468,127.2548194
경기도,용인시 처인구,서희키즈어린이집,경기도 용인시 처인구 한터로 55-30 121동 101호,37.25549023,127.2156175
경기도,용인시 처인구,도담도담어린이집,경기도 용인시 처인구 양지면 남곡로 47 206동 102호,37.22912939,127.2855808
경기도,용인시 기흥구,향상어린이집,경기도 용인시 기흥구 언동로 140 (상하동),37.28279051,127.1408509
경기도,용인시 기흥구,기흥삼성어린이집,경기도 용인시 기흥구 농서로 162 (농서동),37.22521502,127.0811694
경기도,용인시 기흥구,계룡브레인어린이집,경기도 용인시 기흥구 강남동로 56 계룡리슈빌7단지 관리동,37.26994992,127.1332748
경기도,용인시 기흥구,한라다올어린이집,경기도 용인시 기흥구 강남동로 126 강남마을한라비발디 관리동(상하동),37.27534319,127.1368242
경기도,용인시 기흥구,예원어린이집,경기도 용인시 기흥구 예현로35번길 21 현대홈타운 관리동(서천동),37.24121058,127.0673689
경기도,용인시 기흥구,금화어린이집,경기도 용인시 기흥구 금화로11번길 8 금화마을3단지 관리동,37.26226508,127.1057216
경기도,용인시 기흥구,푸른어린이집,경기도 용인시 기흥구 연원로 49 연원마을성원아파트 관리동(보정동),37.30326662,127.1106141
경기도,용인시 기흥구,상하제이키즈어린이집,"경기도 용인시 기흥구 어정로 62-7 관리동(상하동, 갈천마을신일유토빌아파트)",37.27038035,127.1395267
경기도,용인시 기흥구,양현브레인어린이집,경기도 용인시 기흥구 산양로 17 양현마을 관리동(신갈동),37.28487441,127.1064574
경기도,용인시 기흥구,하늘채열린어린이집,"경기도 용인시 기흥구 강남동로 20 주민복지관 1층 (구갈동, 코오롱하늘채아파트 )",37.2697555,127.1279392
경기도,용인시 기흥구,싼타Art어린이집,경기도 용인시 기흥구 예현로 15 sk아파트 관리동 1층 싼타아트어린이집,37.24440584,127.0730358
경기도,용인시 기흥구,보라미래어린이집,경기도 용인시 기흥구 용구대로1916번길 12 (보라동),37.25896034,127.1058111
경기도,용인시 기흥구,그린별어린이집,경기도 용인시 기흥구 용구대로2394번길 27 삼성래미안1차아파트 관리동 (마북동),37.30039178,127.1134633
경기도,용인시 기흥구,좋은나무 키즈어린이집,경기도 용인시 기흥구 신갈로124번길 18 (신갈동),37.277643,127.1077863
경기도,용인시 기흥구,참사랑어린이집,"경기도 용인시 기흥구 구갈로28번길 21-11 108동 101호(구갈동, 한양아파트)",37.27942296,127.1118162
경기도,용인시 기흥구,하늘채숲속어린이집,"경기도 용인시 기흥구 강남동로 18 503동 103호(구갈동, 강남마을코오롱하늘채5단지아파트)",37.27082938,127.1290883
경기도,용인시 기흥구,래미안어린이집,경기도 용인시 기흥구 구성로 90 (언남동),37.29323578,127.1193904
경기도,용인시 기흥구,고운맘어린이집,경기도 용인시 기흥구 사은로 274  -22 써니밸리  관리동 1층,37.2507075,127.1342596
경기도,용인시 기흥구,노블카운티삼성어린이집,경기도 용인시 기흥구 덕영대로 1751 노블카운티삼성어린이집,37.25331513,127.0838756
경기도,용인시 기흥구,그린숲어린이집,"경기도 용인시 기흥구 기흥로116번길 60 관리동 (신갈동,녹원마을새천년그린빌5단지)",37.28753624,127.1204792
경기도,용인시 기흥구,예쁜미소어린이집,"경기도 용인시 기흥구 구갈로28번길 21-21 103동 101호(구갈동, 한양아파트)",37.27946174,127.1134773
경기도,용인시 기흥구,새희망어린이집,"경기도 용인시 기흥구 구성로 90 212동 104호(언남동, 삼성래미안2차아파트)",37.29323578,127.1193904
경기도,용인시 기흥구,푸른산어린이집,경기도 용인시 기흥구 기흥로116번길 100 초원마을성원상떼빌 관리동(언남동),37.28937542,127.1256933
경기도,용인시 기흥구,기흥어린이집,경기도 용인시 기흥구 금화로108번길 16 (상갈동),37.26779522,127.1066366
경기도,용인시 기흥구,빛그린어린이집,"경기도 용인시 기흥구 관곡로 18 관리동 (신갈동,갈현마을 현대홈타운)",37.28218166,127.1076519
경기도,용인시 기흥구,청구아이세상어린이집,"경기도 용인시 기흥구 공세로 226 106동 101호(공세동, 청구아파트)",37.24002902,127.1025629
경기도,용인시 기흥구,해피트리어린이집,경기도 용인시 기흥구 구성로 184 언동마을아파트 관리동 1층 (언남동),37.29030939,127.1313776
경기도,용인시 기흥구,초롱어린이집,"경기도 용인시 기흥구 기흥로38번길 34 205동104호(구갈동,세종그랑시아)",37.27836868,127.1180055
경기도,용인시 기흥구,사과나무어린이집,경기도 용인시 기흥구 지삼로98번길 3-4 ,37.24784273,127.1286511
경기도,용인시 기흥구,해피베이비어린이집,"경기도 용인시 기흥구 동백평촌로 15 1409동 101호(동백동, 호수마을계룡리슈빌14단지아파트)",37.28482754,127.155421
경기도,용인시 기흥구,튼튼어린이집,"경기도 용인시 기흥구 연원로 52 103동 104호(마북동, 연원마을현대아이파크아파트)",37.30296246,127.1115402
경기도,용인시 기흥구,꿈동이어린이집,"경기도 용인시 기흥구 금화로58번길 10 401동 105호(상갈동, 금화마을주공그린빌4단지아파트)",37.26218596,127.1094027
경기도,용인시 기흥구,테레사어린이집,"경기도 용인시 기흥구 강남동로 126 905동 104호(상하동, 강남마을한라비발디9단지아파트)",37.27534319,127.1368242
경기도,용인시 기흥구,하슬린 어린이집,경기도 용인시 기흥구 공세로82번길 31 (공세동),37.23257641,127.1114016
경기도,용인시 기흥구,샤론어린이집,"경기도 용인시 기흥구 중부대로788번길 20 306동105호(상하동,쌍용아파트)",37.25743565,127.1371117
경기도,용인시 기흥구,SK보물섬어린이집,"경기도 용인시 기흥구 예현로 15 101동 106호(서천동, 서그내마을에스케이아파트)",37.24440584,127.0730358
경기도,용인시 기흥구,하이빌어린이집,"경기도 용인시 기흥구 구성로 105-15 관리동 (언남동, 동일하이빌1차)",37.2947865,127.1253618
경기도,용인시 기흥구,쌍용동화나라어린이집,경기도 용인시 기흥구 사은로126번길 10 쌍용아파트 관리동,37.25168658,127.1175604
경기도,용인시 기흥구,포도나무어린이집,"경기도 용인시 기흥구 덕영대로2077번길 51 203동 103호(영덕동, 청현마을기흥데시앙아파트)",37.26646271,127.0937019
경기도,용인시 기흥구,토들러 어린이집,"경기도 용인시 기흥구 새천년로 40 406동 104호(신갈동, 녹원마을새천년그린빌주공4단지아파트)",37.28822455,127.1141986
경기도,용인시 기흥구,신창우리어린이집,"경기도 용인시 기흥구 마북로 186 102동 108호(마북동, 교동마을신창무궁화타운아파트)",37.30545903,127.1267807
경기도,용인시 기흥구,푸른아이들 어린이집,"경기도 용인시 기흥구 새천년로 40 404동 102호(신갈동, 녹원마을새천년그린빌주공4단지아파트)",37.28822455,127.1141986
경기도,용인시 기흥구,써니밸리어린이집,"경기도 용인시 기흥구 사은로 274-22 106동 104호(지곡동, 써니밸리아파트)",37.2507075,127.1342596
경기도,용인시 기흥구,아모레퍼시픽 용인 어린이집,경기도 용인시 기흥구 용구대로 1920 (보라동),37.26134302,127.107549
경기도,용인시 기흥구,미션힐어린이집,경기도 용인시 기흥구 사은로126번길 33 민속마을신창미션힐 관리동(보라동),37.25216947,127.1212938
경기도,용인시 기흥구,초코나무어린이집,"경기도 용인시 기흥구 보정로 87 212동 104호(보정동, 죽현마을아이파크2단지아파트)",37.31744114,127.113298
경기도,용인시 기흥구,기흥이레어린이집,"경기도 용인시 기흥구 중부대로788번길 20 관리동 1층(상하동, 쌍용스윗닷홈3단지)",37.25743565,127.1371117
경기도,용인시 기흥구,꿈자람어린이집,경기도 용인시 기흥구 한보라2로 167 한보라마을 경남아너스빌 관리동,37.24237257,127.1079177
경기도,용인시 기흥구,참솔토토 어린이집,경기도 용인시 기흥구 동백죽전대로 281 참솔마을 월드메르디앙 주민복지시설1층 (중동),37.26631426,127.1541018
경기도,용인시 기흥구,생각이크는숲어린이집,"경기도 용인시 기흥구 금화로58번길 7 112동 104호(상갈동, 금화마을대우현대1단지아파트)",37.26358095,127.1096028
경기도,용인시 기흥구,노벨생태 어린이집,경기도 용인시 기흥구 백남준로 37 (상갈동),37.27018346,127.1131041
경기도,용인시 기흥구,추추어린이집,"경기도 용인시 기흥구 연원로 8 115동 102호(마북동, 연원마을삼호벽산1단지아파트)",37.3003959,127.1078006
경기도,용인시 기흥구,녹원어린이집,경기도 용인시 기흥구 새천년로 38 (신갈동),37.28907933,127.113492
경기도,용인시 기흥구,동일하이빌 어린이집,"경기도 용인시 기흥구 동백중앙로 312 관리동 (중동, 백현마을동일하이빌21단지아파트)",37.27956988,127.1582214
경기도,용인시 기흥구,아이파크어린이집,경기도 용인시 기흥구 보정로 87 죽현마을아이파크 관리동(보정동),37.31744114,127.113298
경기도,용인시 기흥구,꼬마숲하나어린이집,경기도 용인시 기흥구 덕영대로2077번길 20 관리동 (영덕동),37.26755919,127.0962761
경기도,용인시 기흥구,축복어린이집,"경기도 용인시 기흥구 금화로82번길 17 관리동 (상갈동, 금화마을5단지 )",37.26619445,127.111793
경기도,용인시 기흥구,다솜 어린이집,"경기도 용인시 기흥구 동백8로 27 1503동 102호(동백동, 호수마을어울림)",37.28618271,127.1542486
경기도,용인시 기흥구,리틀토마토어린이집,"경기도 용인시 기흥구 사은로126번길 46 312동 103호(보라동, 민속마을현대모닝사이드1차3단지아파트)",37.25271774,127.1195364
경기도,용인시 기흥구,서해숲속 어린이집,경기도 용인시 기흥구 동백7로 56 서해그랑블아파트 관리동(동백동),37.28173731,127.1578284
경기도,용인시 기흥구,아이랑어린이집,"경기도 용인시 기흥구 구성로 90 206동 103호(언남동, 장미마을삼성래미안2차아파트)",37.29323578,127.1193904
경기도,용인시 기흥구,퍼스트키즈어린이집,경기도 용인시 기흥구 중부대로55번길 11 영통빌리지 관리사무소내1층 (영덕동),37.26817375,127.0760228
경기도,용인시 기흥구,경남아너스빌어린이집,"경기도 용인시 기흥구 동백8로131번길 9 관리동 (동백동, 백현마을경남아너스빌)",37.28285803,127.1644425
경기도,용인시 기흥구,개구쟁이들어린이집,"경기도 용인시 기흥구 구성로 90 202동 101호(언남동, 삼성래미안2차아파트)",37.29323578,127.1193904
경기도,용인시 기흥구,우주어린이집,경기도 용인시 기흥구 하갈로 122 (하갈동),37.25823708,127.0989298
경기도,용인시 기흥구,동산어린이집,"경기도 용인시 기흥구 동백8로 25 1504동 102호(동백동, 호수마을어울림)",37.28583443,127.1536471
경기도,용인시 기흥구,행복숲어린이집,경기도 용인시 기흥구 중부대로746번길 14-10 ,37.26186214,127.1394776
경기도,용인시 기흥구,딸기어린이집,경기도 용인시 기흥구 한보라2로 85-5 ,37.24961876,127.1125717
경기도,용인시 기흥구,녹원키즈어린이집,"경기도 용인시 기흥구 새천년로 40 관리동(신갈동, 파크시엘)",37.28822455,127.1141986
경기도,용인시 기흥구,은샘몬테소리 어린이집,경기도 용인시 기흥구 마북로154번길 14 정광마을산호아파트 상가 3층 (마북동),37.30302042,127.1248681
경기도,용인시 기흥구,예인아트 어린이집,경기도 용인시 기흥구 동백4로 26 성산마을서해그랑블 관리동(동백동),37.27151139,127.1554627
경기도,용인시 기흥구,성신어린이집,"경기도 용인시 기흥구 동백8로 90 관리동 (동백동,백현마을모아미래도)",37.28421661,127.1601113
경기도,용인시 기흥구,지혜샘어린이집,경기도 용인시 기흥구 동백2로 12 어은목마을경남아너스빌아파트 관리동(중동),37.26624568,127.1566511
경기도,용인시 기흥구,솜사탕어린이집,"경기도 용인시 기흥구 중부대로 820 102동 106호(상하동, 인정프린스)",37.25603785,127.1427643
경기도,용인시 기흥구,강남키즈맘 어린이집,"경기도 용인시 기흥구 강남동로 20 506동 103호(구갈동, 강남마을코오롱하늘채5단지아파트)",37.2697555,127.1279392
경기도,용인시 기흥구,도현나래어린이집,경기도 용인시 기흥구 구갈로 115-16 현대아이파크 관리동(신갈동),37.28556608,127.1093832
경기도,용인시 기흥구,튼튼리슈빌어린이집,경기도 용인시 기흥구 동백평촌로 15 호수마을계룡리슈빌 관리동(동백동),37.28482754,127.155421
경기도,용인시 기흥구,꿈그린어린이집,경기도 용인시 기흥구 동백2로 11 어은목마을 벽산블루밍아파트  관리동 (중동),37.26897923,127.1550277
경기도,용인시 기흥구,이솝키즈어린이집,"경기도 용인시 기흥구 강남동로 18 502동 102호(구갈동, 강남마을코오롱하늘채5단지아파트)",37.27082938,127.1290883
경기도,용인시 기흥구,행복가득한어린이집,"경기도 용인시 기흥구 덕영대로2077번길 20 102동 103호(영덕동, 용인영덕신일1차아파트)",37.26755919,127.0962761
경기도,용인시 기흥구,아람어린이집,"경기도 용인시 기흥구 동백5로 41 관리동(중동, 성산마을신영지웰)",37.2759194,127.1548905
경기도,용인시 기흥구,동원초록아이어린이집,경기도 용인시 기흥구 죽현로 12 (보정동),37.31930861,127.1112254
경기도,용인시 기흥구,더키즈I어린이집,경기도 용인시 기흥구 중부대로773번길 6-10 ,37.2589846,127.1441231
경기도,용인시 기흥구,오렌지나무어린이집,"경기도 용인시 기흥구 한보라2로 93 304동 102호(보라동, 화성파크드림아파트)",37.24844679,127.1117923
경기도,용인시 기흥구,솔내어린이집,경기도 용인시 기흥구 마북로 124-9 아파트 관리동1층 (마북동),37.30069672,127.1246384
경기도,용인시 기흥구,롯데캐슬어린이집,경기도 용인시 기흥구 동백평촌로 70 호수마을 롯데캐슬관리동1층,37.27939648,127.1557349
경기도,용인시 기흥구,세원어린이집,"경기도 용인시 기흥구 공세로 76 102동 101호(고매동, 세원아파트)",37.23140952,127.1098079
경기도,용인시 기흥구,예람키즈어린이집,"경기도 용인시 기흥구 산양로 17 304동 102호(신갈동, 양현마을신안아파트)",37.28487441,127.1064574
경기도,용인시 기흥구,솔로몬영재어린이집,"경기도 용인시 기흥구 동백중앙로 312 2105동 101호(중동, 백현마을동일하이빌21단지아파트)",37.27956988,127.1582214
경기도,용인시 기흥구,키즈스토리어린이집,"경기도 용인시 기흥구 언동로71번길 64 101동 103호(청덕동, 청덕마을광도와이드빌아파트)",37.28821179,127.1460489
경기도,용인시 기흥구,풀.꽃무리어린이집,경기도 용인시 기흥구 하갈로 35 (하갈동),37.25330596,127.1009361
경기도,용인시 기흥구,베이비텔어린이집,"경기도 용인시 기흥구 한보라1로 91 602동 101호(보라동, 한보라마을휴먼시아6단지아파트)",37.24796674,127.1062823
경기도,용인시 기흥구,에코비요정어린이집,"경기도 용인시 기흥구 사은로 274-22 110동 103호(지곡동, 써니밸리아파트)",37.2507075,127.1342596
경기도,용인시 기흥구,보라꿈나무어린이집,경기도 용인시 기흥구 한보라1로 91 한보라마을 주공6단지 단지내 (보라동),37.24796674,127.1062823
경기도,용인시 기흥구,해든사랑어린이집,경기도 용인시 기흥구 동백죽전대로 455-12 동문굿모닝힐아파트 관리동 (동백동),37.27969281,127.1507404
경기도,용인시 기흥구,푸른하늘보리어린이집,"경기도 용인시 기흥구 강남동로 128 903동 104호(상하동, 강남마을한라비발디9단지아파트)",37.27643214,127.1371749
경기도,용인시 기흥구,깨끔발어린이집,경기도 용인시 기흥구 사은로 274-11 ,37.25300754,127.1358859
경기도,용인시 기흥구,동백예꿈어린이집,경기도 용인시 기흥구 동백죽전대로556번길 46 (동백동),37.28750397,127.1552969
경기도,용인시 기흥구,코코키즈어린이집,경기도 용인시 기흥구 용구대로 1842 보라마을현대모닝사이드 관리동(보라동),37.25221322,127.1057299
경기도,용인시 기흥구,한라웃음꽃어린이집,"경기도 용인시 기흥구 동백7로 96 2312동 101호(동백동, 백현마을한라비발디23단지2차아파트)",37.28028697,127.1607945
경기도,용인시 기흥구,예빛어린이집,"경기도 용인시 기흥구 연원로42번길 2 122동 101호(마북동, 연원마을삼호벽산1단지아파트)",37.30044197,127.1113789
경기도,용인시 기흥구,예봄어린이집,경기도 용인시 기흥구 구성3로 65 물푸레마을3단지324동관리동1층,37.29988175,127.149442
경기도,용인시 기흥구,엘리트어린이집,경기도 용인시 기흥구 동백1로24번길 8 (중동),37.26387888,127.1594453
경기도,용인시 기흥구,더키즈어린이집,"경기도 용인시 기흥구 중부대로746번길 21 212동 103호(상하동,진흥더루벤스)",37.26048493,127.1380702
경기도,용인시 기흥구,문정어린이집,"경기도 용인시 기흥구 덕영대로2077번길 20 101동 104호(영덕동, 용인영덕신일1차아파트)",37.26755919,127.0962761
경기도,용인시 기흥구,초록나무어린이집,"경기도 용인시 기흥구 덕영대로2077번길 20 202동 103호(영덕동, 용인영덕신일아파트)",37.26755919,127.0962761
경기도,용인시 기흥구,굿맘언남어린이집,"경기도 용인시 기흥구 구성로 99 105동 101호(언남동, 하마비마을동부센트레빌아파트)",37.29488335,127.1208683
경기도,용인시 기흥구,꼬마더키즈어린이집,"경기도 용인시 기흥구 중부대로746번길 21 210동 104호(상하동, 지석마을진흥더루벤스)",37.26048493,127.1380702
경기도,용인시 기흥구,은빛어린이집,"경기도 용인시 기흥구 구성3로 65 305동 102호(청덕동, 물푸레마을휴먼시아3단지아파트)",37.29988175,127.149442
경기도,용인시 기흥구,숲속동화어린이집,"경기도 용인시 기흥구 언남로 15 205동 102호(언남동, 하마비마을동일하이빌2차아파트)",37.29397273,127.1275115
경기도,용인시 기흥구,꿈키즈모아어린이집,"경기도 용인시 기흥구 동백8로 124 2501동 103호(동백동, 백현마을모아미래도25단지아파트)",37.28270884,127.1635799
경기도,용인시 기흥구,성가정어린이집,경기도 용인시 기흥구 청명산로 121 ,37.26346941,127.086655
경기도,용인시 기흥구,샤인힐즈어린이집,"경기도 용인시 기흥구 이현로29번길 72-12 130동 102호(보정동, 성호샤인힐즈)",37.30642592,127.0977216
경기도,용인시 기흥구,연원마을안데르센어린이집,경기도 용인시 기흥구 연원로42번길 2 연원마을벽산아파트 관리동 (마북동),37.30044197,127.1113789
경기도,용인시 기흥구,인스빌어린이집,"경기도 용인시 기흥구 덕영대로 1871 112동,101호(하갈동,청명호수마을신안인스빌1단지아파트)",37.2536308,127.0894855
경기도,용인시 기흥구,우림어린이집,"경기도 용인시 기흥구 구성로39번길 11 104동 104호(마북동, 구성우림필유아파트)",37.29555578,127.1127599
경기도,용인시 기흥구,피오레어린이집,"경기도 용인시 기흥구 탑실로 15 106동 103호(공세동, 대주피오레1단지)",37.23906277,127.1078029
경기도,용인시 기흥구,유라어린이집,경기도 용인시 기흥구 구성로 475 물푸레마을 6단지 606-102,37.29547724,127.1535797
경기도,용인시 기흥구,호반영재어린이집,"경기도 용인시 기흥구 흥덕1로79번길 37 502동 103호(영덕동, 흥덕마을5단지호반베르디움아파트)",37.27797557,127.0705934
경기도,용인시 기흥구,이던키즈어린이집,"경기도 용인시 기흥구 흥덕2로118번길 30 관리동 (영덕동,흥덕우미린레이크포레)",37.27757519,127.0775753
경기도,용인시 기흥구,예꿈-i어린이집,"경기도 용인시 기흥구 탑실로 116 209동 101호(공세동, 탑실마을대주피오레2단지아파트)",37.24225184,127.1184617
경기도,용인시 기흥구,소리엘어린이집,"경기도 용인시 기흥구 탑실로 152 204동 105호(공세동, 탑실마을대주피오레2단지아파트)",37.24385176,127.1209312
경기도,용인시 기흥구,티움어린이집,경기도 용인시 기흥구 흥덕2로75번길 25-7 ,37.27381741,127.0714195
경기도,용인시 기흥구,햇살나무키즈어린이집,"경기도 용인시 기흥구 금화로82번길 17 507동 101호(상갈동, 금화마을주공5단지아파트)",37.26619445,127.111793
경기도,용인시 기흥구,꿈이있는 어린이집,경기도 용인시 기흥구 흥덕2로117번길 14 흥덕마을 자연앤스위첸 관리동 (영덕동),37.27900057,127.0724204
경기도,용인시 기흥구,프라브아이뜰어린이집,"경기도 용인시 기흥구 한보라2로 141 815동 102호(공세동, 화성파크드림프라브아파트)",37.24570794,127.1102893
경기도,용인시 기흥구,해바라기어린이집,경기도 용인시 기흥구 흥덕3로 20 신동아파밀리에 관리동 (영덕동),37.27164352,127.0838352
경기도,용인시 기흥구,빨간당근어린이집,경기도 용인시 기흥구 평촌1로8번길 7-24 ,37.28506799,127.151636
경기도,용인시 기흥구,아기맘어린이집,"경기도 용인시 기흥구 흥덕중앙로105번길 16 1002동 101호(영덕동, 흥덕마을동원로얄듀크)",37.27742559,127.0792573
경기도,용인시 기흥구,호반미미어린이집,경기도 용인시 기흥구 흥덕1로79번길 37 호반베르디움5단지 관리동(영덕동),37.27797557,127.0705934
경기도,용인시 기흥구,흥덕제일어린이집,경기도 용인시 기흥구 흥덕2로65번길 1-6 101호,37.27301287,127.073628
경기도,용인시 기흥구,또래꿈터어린이집,"경기도 용인시 기흥구 흥덕2로 125 709동 101호(영덕동, 흥덕마을7단지힐스테이트)",37.27903945,127.0739548
경기도,용인시 기흥구,필그린어린이집,"경기도 용인시 기흥구 마북로 139 102동 101호(마북동, 현대필그린아파트)",37.30276013,127.1202395
경기도,용인시 기흥구,아이자람어린이집,경기도 용인시 기흥구 흥덕2로65번길 7-11 ,37.27275212,127.0734633
경기도,용인시 기흥구,사랑뜰 어린이집,"경기도 용인시 기흥구 마북로 140 107동 102호(마북동,동양파라곤아파트)",37.30160234,127.1227444
경기도,용인시 기흥구,흥덕자올어린이집,"경기도 용인시 기흥구 흥덕2로118번길 27 관리동 (영덕동, 흥덕마을8단지한국아델리움)",37.27795973,127.0774794
경기도,용인시 기흥구,보라햇빛어린이집,경기도 용인시 기흥구 한보라2로 85-17 ,37.24862988,127.1140565
경기도,용인시 기흥구,동원자연어린이집,경기도 용인시 기흥구 흥덕중앙로105번길 24 동원로얄듀크 관리동(영덕동),37.27763953,127.0796114
경기도,용인시 기흥구,사랑별어린이집,경기도 용인시 기흥구 흥덕2로 125 힐스테이트 관리동 (영덕동 ),37.27903945,127.0739548
경기도,용인시 기흥구,별빛누리어린이집,"경기도 용인시 기흥구 보정로 30 113동 101호(보정동, 행원마을동아솔레시티1단지아파트)",37.31037252,127.11227
경기도,용인시 기흥구,드림랜드어린이집,"경기도 용인시 기흥구 용구대로2152번길 39 101동 111호(신갈동, 드림랜드)",37.28021988,127.1098434
경기도,용인시 기흥구,하갈꼬마숲어린이집,"경기도 용인시 기흥구 덕영대로 1871 112동 104호(하갈동, 청명호수신안인스빌1단지)",37.2536308,127.0894855
경기도,용인시 기흥구,기흥나노시티삼성어린이집,경기도 용인시 기흥구  삼성2로42번길 12 기흥나노시티삼성어린이집(농서동),37.22473196,127.077683
경기도,용인시 기흥구,숲속향기생태어린이집,경기도 용인시 기흥구 마북로154번길 39 (마북동 216-4),37.30237672,127.1280747
경기도,용인시 기흥구,삼성SDI기흥어린이집,경기도 용인시 기흥구 공세로 150-20 (공세동),37.23728271,127.1107766
경기도,용인시 기흥구,기흥구청어린이집,"경기도 용인시 기흥구 관곡로 95 (구갈동, 기흥구청 내)",37.2804463,127.1147002
경기도,용인시 기흥구,숲이랑우리랑어린이집,경기도 용인시 기흥구 동백중앙로36번길 22 (중동),37.26041399,127.1658894
경기도,용인시 기흥구,마북e편한세상어린이집,"경기도 용인시 기흥구 마북로 210 관리동(마북동, 마북e편한세상)",37.30700901,127.1282632
경기도,용인시 기흥구,하늘땅어린이집,경기도 용인시 기흥구 흥덕2로65번길 10 ,37.2734452,127.0730212
경기도,용인시 기흥구,푸른맘어린이집,"경기도 용인시 기흥구 구교동로 17 106동101호(보정동,한화꿈에그린)",37.3067668,127.1067689
경기도,용인시 기흥구,초아어린이집,"경기도 용인시 기흥구 서천서로 27 관리동(서천동,센트럴파크원)",37.24006431,127.0713145
경기도,용인시 기흥구,예가어린이집,경기도 용인시 기흥구 서천동로 60 서천마을4단지 관리동,37.23555106,127.0750958
경기도,용인시 기흥구,꿈찬어린이집,"경기도 용인시 기흥구 서천서로 27 101동102호(서천동,서천마을1단지)",37.24006431,127.0713145
경기도,용인시 기흥구,노블키즈어린이집,경기도 용인시 기흥구 흥덕2로65번길 7-12 (영덕동),37.27274536,127.0731786
경기도,용인시 기흥구,서천아이뜰어린이집,"경기도 용인시 기흥구 서천동로 60 410동101호(서천동,서천마을4단지)",37.23555106,127.0750958
경기도,용인시 기흥구,노바빅스맘어린이집,경기도 용인시 기흥구 강남동로 92 강남마을주공8단지 관리동(상하동),37.27052406,127.1353402
경기도,용인시 기흥구,숲속리가어린이집,"경기도 용인시 기흥구 언남로 5 관리동 (언남동, 스파팰리스리가아파트)",37.29297228,127.1239793
경기도,용인시 기흥구,통큰아이어린이집,"경기도 용인시 기흥구 동백죽전대로527번길 80 106동 101호(중동, 어정마을롯데캐슬에코1단지)",37.28435507,127.1431781
경기도,용인시 기흥구,에코하늘샘어린이집,"경기도 용인시 기흥구 동백죽전대로527번길 67 203동 103호(중동, 어정마을 롯데캐슬에코2단지)",37.28450436,127.1475174
경기도,용인시 기흥구,롯데예람어린이집,"경기도 용인시 기흥구 동백죽전대로527번길 80 101동 102호(중동, 어정마을 롯데캐슬에코1단지)",37.28435507,127.1431781
경기도,용인시 기흥구,참자연어린이집,경기도 용인시 기흥구 서그내로53번길 7-10 (서천동),37.24145637,127.0725785
경기도,용인시 기흥구,미래샘어린이집,경기도 용인시 기흥구 한일로23번길 9 (공세동),37.24514837,127.1012322
경기도,용인시 기흥구,꿈에그린어린이집,"경기도 용인시 기흥구 구교동로 17 관리동 (보정동, 한화꿈에그린)",37.3067668,127.1067689
경기도,용인시 기흥구,산내뜰생태어린이집,경기도 용인시 기흥구 동백8로131번길 52-4 (동백동),37.28252375,127.1686666
경기도,용인시 기흥구,이지어린이집,경기도 용인시 기흥구 예현로35번길 30 (서천동),37.24157518,127.0663579
경기도,용인시 기흥구,라움어린이집,경기도 용인시 기흥구 용구대로2469번길 20 자이상가 116호(보정동),37.30845784,127.1061991
경기도,용인시 기흥구,LIG넥스원어린이집,경기도 용인시 기흥구 마북로 207 (마북동),37.30811722,127.1277415
경기도,용인시 기흥구,프라임키즈어린이집,경기도 용인시 기흥구 구갈로 71-18 (신갈동),37.28266726,127.1107371
경기도,용인시 기흥구,FTK리더스어린이집,"경기도 용인시 기흥구 어정로 139 (중동, 라비스타 D동 101호)",37.27587399,127.1452194
경기도,용인시 기흥구,신동백어린이집,경기도 용인시 기흥구 언동로71번길 76 ,37.28818657,127.1454599
경기도,용인시 기흥구,빛초롱어린이집,경기도 용인시 기흥구 언동로217번길 31 204동 101호,37.27936456,127.1473841
경기도,용인시 기흥구,서해빅스맘어린이집,경기도 용인시 기흥구 언동로217번길 31 서해그랑블 관리동,37.27936456,127.1473841
경기도,용인시 기흥구,킨더바움어린이집,경기도 용인시 기흥구 공세로90번길 61 ,37.23317338,127.1098377
경기도,용인시 기흥구,자연닮은어린이집,경기도 용인시 기흥구 동백죽전대로527번길 80 롯데캐슬에코1단지 관리동,37.28435507,127.1431781
경기도,용인시 기흥구,스카이키즈어린이집,경기도 용인시 기흥구 중부대로 375 롯데스카이아파트 관리동,37.27194043,127.1078527
경기도,용인시 기흥구,솔숲반디어린이집,경기도 용인시 기흥구 동백죽전대로527번길 67 신동백롯데캐슬에코2단지 관리동,37.28450436,127.1475174
경기도,용인시 기흥구,르노코리아연구소어린이집,경기도 용인시 기흥구 탑실로 61 공세동 르노코리아자동차중앙연구소,37.2405118,127.113523
경기도,용인시 기흥구,모아랑어린이집,경기도 용인시 기흥구 신촌로 53 1층,37.30734447,127.1107742
경기도,용인시 기흥구,현대모비스마북어린이집,경기도 용인시 기흥구 마북로247번길 21 ,37.31172086,127.130102
경기도,용인시 기흥구,단국어린이집,경기도 용인시 기흥구 마북로247번길 124 집현재2 가동,37.31789494,127.1254919
경기도,용인시 기흥구,경희대학교국제캠퍼스어린이집,경기도 용인시 기흥구 덕영대로 1732 ,37.23980015,127.0811988
경기도,용인시 기흥구,하늘숲어린이집,경기도 용인시 기흥구 서천동로 22 관리동,37.2383224,127.075684
경기도,용인시 기흥구,효성어린이집,"경기도 용인시 기흥구 서그내로16번길 30 106동 104호 (서천동, 영통로효성해링턴플레이스)",37.24549072,127.0703322
경기도,용인시 기흥구,효성자연어린이집,"경기도 용인시 기흥구 서그내로 31 관리동(서천동,용인서천효성해링턴플레이스)",37.2451108,127.0752357
경기도,용인시 기흥구,동화어린이집,"경기도 용인시 기흥구 서그내로16번길 30 관리동(서천동,영통로효성해링턴플레이스)",37.24549072,127.0703322
경기도,용인시 기흥구,해님꽃어린이집,경기도 용인시 기흥구 서천동로 22 504동 102호,37.2383224,127.075684
경기도,용인시 기흥구,GC Childcare Center어린이집,경기도 용인시 기흥구 이현로30번길 84 ,37.3150369,127.1020183
경기도,용인시 기흥구,흥덕IT밸리어린이집,"경기도 용인시 기흥구 흥덕1로 13 흥덕IT밸리 COMPLEX B동 216호,217호",37.27103056,127.0663438
경기도,용인시 기흥구,캐슬어린이집,경기도 용인시 기흥구 기흥역로 9 기흥역 롯데캐슬 레이시티 A동 1층,37.27482184,127.1153373
경기도,용인시 기흥구,센트럴푸른숲어린이집,"경기도 용인시 기흥구 기흥역로58번길 10 203동 305호(구갈동,기흥역 센트럴푸르지오)",37.2739932,127.1190297
경기도,용인시 기흥구,예그리나어린이집,"경기도 용인시 기흥구 신정로41번길 31 관리동어린이집(신갈동,우방아이유쉘)",37.27643662,127.1007998
경기도,용인시 기흥구,효성별빛어린이집,경기도 용인시 기흥구 덕영대로2077번길 33 115동 102호,37.26648211,127.0956987
경기도,용인시 기흥구,별어린이집,"경기도 용인시 기흥구 신정로 25 109동 101호(신갈동, 신흥덕롯데캐슬레이시티)",37.27309548,127.1014314
경기도,용인시 기흥구,효성테라스어린이집,"경기도 용인시 기흥구 덕영대로2077번길 33 101동 101호(영덕동, 용인기흥 효성해링턴플레이스)",37.26648211,127.0956987
경기도,용인시 기흥구,효성라라어린이집,"경기도 용인시 기흥구 사은로84번길 10 105동 101호(보라동, 용인보라 효성해링턴플레이스)",37.25408579,127.1134019
경기도,용인시 기흥구,레이시티이화어린이집,"경기도 용인시 기흥구 신정로 25 110동 102호(신갈동, 신흥덕 롯데캐슬 레이시티)",37.27309548,127.1014314
경기도,용인시 기흥구,이케아 다기스(기흥)어린이집,경기도 용인시 기흥구 신고매로 62 (고매동),37.22262615,127.1161827
경기도,용인시 기흥구,용인서부경찰서어린이집,경기도 용인시 기흥구 용구대로2469번길 32 (용인서부경찰서내),37.30961817,127.1061255
경기도,용인시 기흥구,효성키즈어린이집,"경기도 용인시 기흥구 덕영대로2077번길 33 116동 102호(영덕동, 용인기흥효성해링턴플레이스)",37.26648211,127.0956987
경기도,용인시 기흥구,힐스꿈나무어린이집,"경기도 용인시 기흥구 용인향교로 29 관리동 (언남동, 힐스테이트구성아파트)",37.29743265,127.1192805
경기도,용인시 기흥구,AMI몬테소리손바닥어린이집,경기도 용인시 기흥구  청마로 7 ,37.2970935,127.1544912
경기도,용인시 기흥구,기흥ICT밸리어린이집,경기도 용인시 기흥구 기흥로 58 B동 118호,37.28043666,127.1177279
경기도,용인시 기흥구,용인세브란스어린이집,경기도 용인시 기흥구 동백죽전대로 345 2층,37.27089305,127.1501236
경기도,용인시 기흥구,사랑어린이집,경기도 용인시 기흥구 금화로58번길 10 관리동(상갈메트로파크 아파트),37.26218596,127.1094027
경기도,용인시 기흥구,기흥2나노시티삼성어린이집,경기도 용인시 기흥구 삼성2로42번길 12 ,37.22473196,127.077683
경기도,용인시 기흥구,코코어린이집,경기도 용인시 기흥구 어정로 62-28 관리동,37.26787641,127.135602
경기도,용인시 수지구,쁘띠몬테소리어린이집,경기도 용인시 수지구 풍덕천로 76 주공9단지 아파트 관리동내,37.31997473,127.090878
경기도,용인시 수지구,현대예지어린이집,"경기도 용인시 수지구 죽전로 87 434동 101호(죽전동, 꽃메마을현대홈타운4단지아파트)",37.3226931,127.1180737
경기도,용인시 수지구,하늘숲어린이집,경기도 용인시 수지구 동천로 335 (동천동),37.34162769,127.0688562
경기도,용인시 수지구,해솔어린이집,"경기도 용인시 수지구 용구대로2771번길 68 103동 102호(죽전동, 용인수지벽산타운1단지아파트)",37.33640801,127.106845
경기도,용인시 수지구,다솜어린이집,"경기도 용인시 수지구 용구대로2771번길 66 202동 104호(죽전동, 용인수지벽산타운2단지아파트)",37.3351175,127.1054041
경기도,용인시 수지구,매직키드어린이집,"경기도 용인시 수지구 수지로342번길 18 111동 105호(풍덕천동, 현대)",37.32664395,127.0935944
경기도,용인시 수지구,장미어린이집,"경기도 용인시 수지구 용구대로2771번길 66 206동 102호(죽전동, 용인수지벽산타운2단지아파트)",37.3351175,127.1054041
경기도,용인시 수지구,예슬랑어린이집,"경기도 용인시 수지구 만현로 25 101동 103호(상현동, 만현마을롯데낙천대1단지아파트)",37.31121783,127.0900731
경기도,용인시 수지구,꿈꾸는아이어린이집,"경기도 용인시 수지구 수지로 487 106동 103호(동천동, 동천마을현대홈타운1차아파트)",37.33971043,127.0995573
경기도,용인시 수지구,위니어린이집,"경기도 용인시 수지구 만현로 127 804동 104호(상현동, 만현마을두산위브8단지아파트)",37.3045669,127.0877119
경기도,용인시 수지구,금호키즈스쿨어린이집,"경기도 용인시 수지구 상현로 58 251동 101호(상현동, 상현마을금호베스트빌2단지아파트)",37.30277596,127.0805474
경기도,용인시 수지구,대림키즈랜드어린이집,"경기도 용인시 수지구 상현로 2 4704동 101호(상현동, 광교상현마을현대아파트)",37.30171537,127.0730217
경기도,용인시 수지구,푸름어린이집,경기도 용인시 수지구 수풍로 9 삼성아파트1차단지내유치원동,37.32594308,127.0895722
경기도,용인시 수지구,삼성열린생태어린이집,경기도 용인시 수지구 진산로 90 수지삼성5차아파트관리동1층,37.31681985,127.0968957
경기도,용인시 수지구,신봉사랑해어린이집,"경기도 용인시 수지구 신봉2로 72 관리동 1층(신봉동, 신봉마을자이2차아파트)",37.3285206,127.0730062
경기도,용인시 수지구,써니어린이집,"경기도 용인시 수지구 손곡로 82 관리동 1층(동천동,수진마을써니벨리)",37.3373806,127.0931924
경기도,용인시 수지구,죽전나나어린이집,경기도 용인시 수지구 정든로 22 죽전파크빌 내,37.32768369,127.1158467
경기도,용인시 수지구,벧엘어린이집,"경기도 용인시 수지구 풍덕천로 91 관리소 1층(풍덕천동, 신정마을주공1단지아파트)",37.32106327,127.0915681
경기도,용인시 수지구,벽산햇빛 어린이집,경기도 용인시 수지구 수지로 68 관리동 벽산햇빛어린이집,37.3087591,127.0779995
경기도,용인시 수지구,꽃메어린이집,"경기도 용인시 수지구 죽전로 87 관리동(죽전동, 꽃메마을현대홈타운4차3단지아파트)",37.3226931,127.1180737
경기도,용인시 수지구,성지어린이집,경기도 용인시 수지구 정평로 63 관리소 내 어린이집,37.32222472,127.0875029
경기도,용인시 수지구,산내들생태어린이집,경기도 용인시 수지구 고기로377번길 45-5 (동천동),37.35632467,127.064499
경기도,용인시 수지구,수지현대어린이집,"경기도 용인시 수지구 풍덕천로 52 관리동 1층(풍덕천동, 신정마을)",37.31757632,127.0908136
경기도,용인시 수지구,알이새어린이집,"경기도 용인시 수지구 죽전로 143 관리동(죽전동, 성현마을우미이노스빌2차아파트)",37.32489947,127.123969
경기도,용인시 수지구,드림킹덤어린이집,"경기도 용인시 수지구 만현로 79 관리동 1층(상현동, 만현마을5단지아이파크7차)",37.30929633,127.0871257
경기도,용인시 수지구,예그랑어린이집,경기도 용인시 수지구 포은대로 298 동보2차 관리동,37.31341836,127.0869082
경기도,용인시 수지구,파랑몬테소리어린이집,경기도 용인시 수지구 죽전로 267 내대지마을 건영캐스빌A 관리동,37.33495898,127.1260662
경기도,용인시 수지구,향기로운어린이집,"경기도 용인시 수지구 상현로 59 관리동 1층(상현동, 수지금호베스트빌 The Edu)",37.30545087,127.0790725
경기도,용인시 수지구,바움슐레어린이집,경기도 용인시 수지구 만현로 105 쌍용1차아파트관리동1층,37.30708631,127.0855974
경기도,용인시 수지구,예꿈어린이집,경기도 용인시 수지구 심곡로 18 금호베스트빌아파트 5단지 관리동 1층,37.30691278,127.0764948
경기도,용인시 수지구,동부어린이집,"경기도 용인시 수지구 대지로 139 관리동 1층(죽전동, 동부아파트)",37.33082072,127.1257269
경기도,용인시 수지구,현대도담어린이집,경기도 용인시 수지구 죽전로 246 현대1차아파트 관리동 1층 현대도담어린이집,37.33175372,127.1283451
경기도,용인시 수지구,태영어린이집,"경기도 용인시 수지구 수지로 166 관리동1층(풍덕천동, 정자뜰마을태영데시앙1차아파트)",37.3155735,127.0829638
경기도,용인시 수지구,동그라미어린이집,"경기도 용인시 수지구 풍덕천로 91 111동 104호(풍덕천동, 신정마을주공1단지아파트)",37.32106327,127.0915681
경기도,용인시 수지구,하늘꿈터어린이집,경기도 용인시 수지구 신봉1로 27 우남퍼스트빌 관리동1층,37.31920037,127.081755
경기도,용인시 수지구,현대어린이집,경기도 용인시 수지구 동천로63번길 10 현대홈타운2차 현대어린이집,37.33846244,127.0973566
경기도,용인시 수지구,롯데어린이집,"경기도 용인시 수지구 만현로 25 105동 104호(상현동, 만현마을롯데낙천대1단지아파트)",37.31121783,127.0900731
경기도,용인시 수지구,금호꾸러기어린이집,"경기도 용인시 수지구 심곡로 16 506동 104호(상현동, 서원마을금호베스트빌5단지아파트)",37.30776812,127.0785778
경기도,용인시 수지구,예쁜소망어린이집,"경기도 용인시 수지구 풍덕천로 52 803동 103호(풍덕천동, 현대성우8차아파트)",37.31757632,127.0908136
경기도,용인시 수지구,가베랑토이랑어린이집,"경기도 용인시 수지구 문인로 59 108동 105호(풍덕천동, 풍림)",37.33160511,127.0969638
경기도,용인시 수지구,꼬마또래어린이집,"경기도 용인시 수지구 진산로 90 505동 105호(풍덕천동, 삼성5차아파트)",37.31681985,127.0968957
경기도,용인시 수지구,꿈나무어린이집,"경기도 용인시 수지구 상현로 142 1011동 102호(상현동, 만현마을현대아이파크3차10단지아파트)",37.31074901,127.0850953
경기도,용인시 수지구,아이와별어린이집,경기도 용인시 수지구 풍덕천로 75 공무원아파트관리소1층,37.32050393,127.090491
경기도,용인시 수지구,미미어린이집,"경기도 용인시 수지구 수풍로 14 104동 106호(풍덕천동, 보원아파트)",37.32630992,127.0900076
경기도,용인시 수지구,또래친구어린이집,"경기도 용인시 수지구 포은대로 298 102동 101호(상현동, 만현마을동보2차1단지아파트)",37.31341836,127.0869082
경기도,용인시 수지구,꿈초롱어린이집,"경기도 용인시 수지구 수지로342번길 18 102동 101호(풍덕천동, 현대아파트)",37.32664395,127.0935944
경기도,용인시 수지구,행복한아이들어린이집,"경기도 용인시 수지구 수풍로 47 103동 102호(풍덕천동, 동문)",37.32902531,127.0911395
경기도,용인시 수지구,토마토키즈어린이집,"경기도 용인시 수지구 동천로 18 202동 104호(동천동, 풍림아파트)",37.34163864,127.099976
경기도,용인시 수지구,블링블링어린이집,"경기도 용인시 수지구 풍덕천로 91 106동 102호(풍덕천동, 신정마을주공1단지아파트)",37.32106327,127.0915681
경기도,용인시 수지구,슬기와지혜어린이집,"경기도 용인시 수지구 손곡로 80 104동 105호(동천동, 수진마을써니벨리1단지아파트)",37.33634593,127.0937769
경기도,용인시 수지구,사랑삐아제어린이집,경기도 용인시 수지구 성복2로 126 엘지3차빌리지 관리동 사랑삐아제어린이집,37.31862425,127.0718949
경기도,용인시 수지구,사임당어린이집,"경기도 용인시 수지구 현암로125번길 7 717동 101호(죽전동, 새터마을현대홈타운7단지아파트)",37.33235611,127.1229564
경기도,용인시 수지구,엘지자이어린이집,"경기도 용인시 수지구 만현로133번길 33 관리동(상현동, 상현LG자이)",37.30478669,127.0907929
경기도,용인시 수지구,천사뜰어린이집,"경기도 용인시 수지구 수지로342번길 18 107동 106호(풍덕천동, 현대)",37.32664395,127.0935944
경기도,용인시 수지구,성민어린이집,경기도 용인시 수지구 진산로11번길 8 (풍덕천동),37.31598432,127.0918067
경기도,용인시 수지구,해돋이어린이집,"경기도 용인시 수지구 정평로 116 103동 103호(풍덕천동, 한국)",37.32363635,127.093535
경기도,용인시 수지구,새싹어린이집,"경기도 용인시 수지구 정든로 22 902동 104호(죽전동, 도담마을죽전파크빌9단지아파트)",37.32768369,127.1158467
경기도,용인시 수지구,한신그림터어린이집,"경기도 용인시 수지구 대지로 27 101동 101호(죽전동, 한신)",37.3281318,127.113119
경기도,용인시 수지구,킨더슐레어린이집,"경기도 용인시 수지구 푸른솔로 20 551동 104호(죽전동, 꽃메마을현대홈타운4차4단지아파트)",37.32210325,127.1160158
경기도,용인시 수지구,벽산꿈사랑어린이집,"경기도 용인시 수지구 수지로 68 104동 102호(상현동, 풀빛촌삼호벽산아파트)",37.3087591,127.0779995
경기도,용인시 수지구,숲속몬테스쿨어린이집,"경기도 용인시 수지구 신수로783번길 50 102동 104호(동천동, 벽산아파트)",37.34254436,127.098796
경기도,용인시 수지구,꽃이랑나무랑어린이집,"경기도 용인시 수지구 성복1로249번길 22-4 (성복동, 꽃이랑나무랑어린이집)",37.32185527,127.0568075
경기도,용인시 수지구,롯데브레인스쿨어린이집,"경기도 용인시 수지구 만현로 25 관리동 2층(상현동, 만현마을롯데캐슬아파트)",37.31121783,127.0900731
경기도,용인시 수지구,웃음꽃어린이집,"경기도 용인시 수지구 문인로 57 109동 104호(풍덕천동, 동아아파트)",37.33295118,127.0963891
경기도,용인시 수지구,동부도담어린이집,"경기도 용인시 수지구 대지로 137 103동 104호(죽전동, 용인죽전동부아파트)",37.32995067,127.1241192
경기도,용인시 수지구,자이어린이집,경기도 용인시 수지구 신봉2로 26 엘지자이1차아파트관리동내자이어린이집,37.32544555,127.0776994
경기도,용인시 수지구,AP 어린이집,"경기도 용인시 수지구 포은대로 237 (상현동,AP어린이집)",37.31000974,127.0826428
경기도,용인시 수지구,우리아이파크어린이집,"경기도 용인시 수지구 상현로 142 관리동(상현동, 성복역아이파크)",37.31074901,127.0850953
경기도,용인시 수지구,키즈＆맘어린이집,"경기도 용인시 수지구 수풍로 64 105동 105호(풍덕천동, 수지삼성4차아파트)",37.32969806,127.093052
경기도,용인시 수지구,성현어린이집,"경기도 용인시 수지구 죽전로193번길 35 105동 101호(죽전동, 성현마을반도보라빌1단지아파트)",37.32765556,127.1223964
경기도,용인시 수지구,죽전사임당 어린이집,"경기도 용인시 수지구 용구대로 2720 죽전동, 현암마을 동성2차 아파트 관리동",37.32894482,127.1093569
경기도,용인시 수지구,동천어린이집,"경기도 용인시 수지구 수지로461번길 15 (동천동, 동천어린이집)",37.33721793,127.0956054
경기도,용인시 수지구,지예어린이집,"경기도 용인시 수지구 수풍로 90 관리동 2층(풍덕천동, 삼성4차아파트)",37.33041816,127.0935167
경기도,용인시 수지구,베이비성복어린이집,"경기도 용인시 수지구 성복1로 107 507동 106호(성복동, 성남마을벽산첼시빌2차5단지아파트)",37.31472754,127.0653837
경기도,용인시 수지구,이큐어린이집,"경기도 용인시 수지구 용구대로 2742 101동 101호(죽전동, 현암마을동성1차아파트)",37.3299185,127.1101092
경기도,용인시 수지구,나무숲어린이집,"경기도 용인시 수지구 수지로 487 102동 102호(동천동, 동천마을현대홈타운1차아파트)",37.33971043,127.0995573
경기도,용인시 수지구,이화kids어린이집,경기도 용인시 수지구 대지로15번길 60 대지마을 현대홈타운3차2단지아파트 관리동,37.3330204,127.1147416
경기도,용인시 수지구,아이빌리어린이집,경기도 용인시 수지구 용구대로 2742 동성1차아파트 관리동,37.3299185,127.1101092
경기도,용인시 수지구,아이큰별어린이집,경기도 용인시 수지구 문인로 67 아이큰별어린이집,37.33273783,127.0951475
경기도,용인시 수지구,보석어린이집,"경기도 용인시 수지구 동천로63번길 10 205동 104호(동천동, 동천마을현대홈타운2차아파트)",37.33846244,127.0973566
경기도,용인시 수지구,크라베어린이집,"경기도 용인시 수지구 탄천상로 29 203동 102호(죽전동, 현인마을이편한세상2차아파트)",37.33424173,127.1109807
경기도,용인시 수지구,꿈꾸는어린이집,경기도 용인시 수지구 성복1로 107 벽산첼시빌아파트 관리동내,37.31472754,127.0653837
경기도,용인시 수지구,벽산타운어린이집,경기도 용인시 수지구 용구대로2771번길 80 벽산1단지 관리소1층,37.33711066,127.1047085
경기도,용인시 수지구,에코비엘림어린이집,"경기도 용인시 수지구 상현로 70 265동 103호(상현동, 상현마을동일스위트2단지아파트)",37.30417697,127.0813629
경기도,용인시 수지구,자이키즈어린이집,"경기도 용인시 수지구 성복2로 174 관리동 1층 (성복동, 성동마을수지자이1차)",37.32150244,127.0689812
경기도,용인시 수지구,보원초록샘어린이집,"경기도 용인시 수지구 수풍로 16 101동 102호(풍덕천동, 보원아파트)",37.32611746,127.0911935
경기도,용인시 수지구,현대창조어린이집,"경기도 용인시 수지구 풍덕천로 52 802동 103호(풍덕천동, 현대성우8차아파트)",37.31757632,127.0908136
경기도,용인시 수지구,상현꿈사랑어린이집,"경기도 용인시 수지구 상현로 2 4705동 101호(상현동, 광교상현마을현대아파트)",37.30171537,127.0730217
경기도,용인시 수지구,무지개놀터어린이집,"경기도 용인시 수지구 수지로113번길 15 관리동 1층(성복동, 성동마을엘지빌리지2차아파트)",37.3130871,127.0754169
경기도,용인시 수지구,한화꿈에그린어린이집,"경기도 용인시 수지구 신봉1로48번길 32 302동 103호(신봉동, 서홍마을한화꿈에그린3단지아파트)",37.32348192,127.0818556
경기도,용인시 수지구,쵸콜렛어린이집,"경기도 용인시 수지구 진산로 24 108동 105호(상현동, 만현마을성원1단지아파트)",37.3141395,127.0927926
경기도,용인시 수지구,엄마품어린이집,"경기도 용인시 수지구 동천로 64 514동 103호(동천동, 동천마을동문굿모닝힐5차아파트)",37.34098552,127.0983197
경기도,용인시 수지구,꼬마숲상현어린이집,"경기도 용인시 수지구 상현로 59 151동 101호(상현동, 금호베스트빌The Edu)",37.30545087,127.0790725
경기도,용인시 수지구,밤비니키즈스쿨어린이집,"경기도 용인시 수지구 동천로63번길 12 208동 106호(동천동, 동천마을현대홈타운2차아파트)",37.33915701,127.0968556
경기도,용인시 수지구,아너스빌어린이집,경기도 용인시 수지구 성복1로 157 경남아너스빌 관리동 1층 아너스빌어린이집,37.31593798,127.0627404
경기도,용인시 수지구,동문삐아제어린이집,"경기도 용인시 수지구 동천로 64 503동 104호(동천동, 동천마을동문굿모닝힐5차아파트)",37.34098552,127.0983197
경기도,용인시 수지구,서원무지개어린이집,"경기도 용인시 수지구 포은대로 219 306동 103호(상현동, 서원마을현대아이파크9차단지아파트)",37.3079233,127.0800314
경기도,용인시 수지구,위즈아이어린이집,경기도 용인시 수지구 상현로 101 수지센트럴아이파크 보육시설관리동 1층 어린이집,37.30762081,127.0833161
경기도,용인시 수지구,온누리어린이집,"경기도 용인시 수지구 진산로66번길 10 518동 101호(풍덕천동, 진산마을삼성5차아파트)",37.31599651,127.0930426
경기도,용인시 수지구,뜨레키즈어린이집,"경기도 용인시 수지구 심곡로 16 506동 101호(상현동, 서원마을금호베스트빌5단지아파트)",37.30776812,127.0785778
경기도,용인시 수지구,굿모닝어린이집,"경기도 용인시 수지구 동천로 64 관리동1층(동천동, 동천 디 이스트)",37.34098552,127.0983197
경기도,용인시 수지구,새싹베이비어린이집,"경기도 용인시 수지구 푸른솔로 47 702동 102호(죽전동, 도담마을뜨리에체7단지아파트)",37.32567325,127.1141363
경기도,용인시 수지구,써니키즈어린이집,"경기도 용인시 수지구 손곡로 80 102동 103호(동천동, 수진마을써니벨리1단지아파트)",37.33634593,127.0937769
경기도,용인시 수지구,쁘띠미미어린이집,"경기도 용인시 수지구 수풍로 14 104동 103호(풍덕천동, 보원아파트)",37.32630992,127.0900076
경기도,용인시 수지구,샘솔어린이집,경기도 용인시 수지구 대지로 49 죽전퍼스트하임 203동 105호,37.32983628,127.1140516
경기도,용인시 수지구,리틀올리브어린이집,"경기도 용인시 수지구 문정로 55 108동 105호(풍덕천동, 한성)",37.32572105,127.0921744
경기도,용인시 수지구,신봉사임당어린이집,"경기도 용인시 수지구 신봉2로 72 212동 103호(신봉동, 신봉마을엘지자이2차아파트)",37.3285206,127.0730062
경기도,용인시 수지구,SunnyFunny어린이집,"경기도 용인시 수지구 용구대로 2720 201동 101호(죽전동, 현암마을동성2차아파트)",37.32894482,127.1093569
경기도,용인시 수지구,자라나는어린이집,"경기도 용인시 수지구 풍덕천로 31 612동 102호(풍덕천동, 신정마을공무원6단지아파트)",37.3183517,127.0867913
경기도,용인시 수지구,PSM어린이집,"경기도 용인시 수지구 탄천상로 6 205동 103호(죽전동, 인현마을현대홈타운7차2단지아파트)",37.33239166,127.1122122
경기도,용인시 수지구,동화사랑어린이집,"경기도 용인시 수지구 현암로 3 102동 104호(죽전동, 죽전아이뷰아파트)",37.33253393,127.1102006
경기도,용인시 수지구,아기사랑어린이집,"경기도 용인시 수지구 신봉2로 72 211동 101호(신봉동, 신봉마을엘지자이2차아파트)",37.3285206,127.0730062
경기도,용인시 수지구,송화프렌드어린이집,"경기도 용인시 수지구 진산로 24 103동 101호(상현동, 성원아파트)",37.3141395,127.0927926
경기도,용인시 수지구,로뎀나무어린이집,"경기도 용인시 수지구 문정로 55 105동 105호(풍덕천동, 한성)",37.32572105,127.0921744
경기도,용인시 수지구,참즐거운어린이집,"경기도 용인시 수지구 만현로 127 803동 101호(상현동, 만현마을두산위브8단지아파트)",37.3045669,127.0877119
경기도,용인시 수지구,키즈캔어린이집,"경기도 용인시 수지구 수지로113번길 15 205동 101호(성복동, 성동마을LG빌리지2차아파트)",37.3130871,127.0754169
경기도,용인시 수지구,자연숲어린이집,"경기도 용인시 수지구 수지로113번길 16 106동 101호(성복동, 강남빌리지)",37.314434,127.0768947
경기도,용인시 수지구,신봉사랑나무어린이집,"경기도 용인시 수지구 신봉1로 28 405동 101호(신봉동, 효성아파트)",37.32089387,127.0817351
경기도,용인시 수지구,에벤에셀어린이집,"경기도 용인시 수지구 성복2로 126 302동 103호(성복동, 성동마을엘지빌리지3차아파트)",37.31862425,127.0718949
경기도,용인시 수지구,휴먼빌어린이집,"경기도 용인시 수지구 대지로 75 103동 104호(죽전동, 죽전휴먼빌)",37.3298042,127.1172828
경기도,용인시 수지구,힐스테이트어린이집,경기도 용인시 수지구 수지로 75 힐스테이트 관리동 1층 (상현동),37.3090507,127.0727258
경기도,용인시 수지구,가온어린이집,"경기도 용인시 수지구 용구대로2771번길 68 107동 102호(죽전동, 용인수지벽산타운1단지아파트)",37.33640801,127.106845
경기도,용인시 수지구,신봉동일어린이집,경기도 용인시 수지구 신봉3로12번길 9 동일하이빌 4차아파트 관리동 신봉동일어린이집,37.33021992,127.0648622
경기도,용인시 수지구,보배어린이집,"경기도 용인시 수지구 용구대로2801번길 16 301동 108호(죽전동, 용인수지벽산타운3단지아파트)",37.33535989,127.106891
경기도,용인시 수지구,신봉솜사탕어린이집,"경기도 용인시 수지구 신봉1로 27 511동 104호(신봉동, 서홍마을우남퍼스트빌5단지아파트)",37.31920037,127.081755
경기도,용인시 수지구,동일숲어린이집,"경기도 용인시 수지구 신봉3로 25 관리동 1층(신봉동, 동일하이빌3블럭)",37.32656198,127.064895
경기도,용인시 수지구,한빛3어린이집,경기도 용인시 수지구 동천로135번길 21 ,37.33402929,127.0874245
경기도,용인시 수지구,방주어린이집,"경기도 용인시 수지구 상현로 150 (상현동, 방주교회)",37.31012536,127.0847842
경기도,용인시 수지구,움찬어린이집,경기도 용인시 수지구 현암로 85 (죽전동),37.33173578,127.1186931
경기도,용인시 수지구,동일키즈어린이집,"경기도 용인시 수지구 신봉3로11번길 10  -7 관리동 1층(신봉동, 동일하이빌2단지)",37.32609211,127.0675946
경기도,용인시 수지구,푸르니수지 어린이집,경기도 용인시 수지구 고기로 176 푸르니수지어린이집,37.35081202,127.0863594
경기도,용인시 수지구,숲속꽃이랑나무랑어린이집,경기도 용인시 수지구 성복1로249번길 22-6 (성복동 549-12),37.32193584,127.0565833
경기도,용인시 수지구,아름드리어린이집,경기도 용인시 수지구 신봉1로 216 관리동,37.33318203,127.0649217
경기도,용인시 수지구,EBC어린이집,"경기도 용인시 수지구 신봉2로14번길 34 (신봉동, EBC어린이집)",37.32459284,127.080348
경기도,용인시 수지구,동부자연어린이집,"경기도 용인시 수지구 신봉1로 214 관리동(신봉동, 동부센트레빌5단지)",37.33196625,127.0665728
경기도,용인시 수지구,예닮어린이집,경기도 용인시 수지구 광교마을로 2 4301동 101호,37.29858353,127.0674322
경기도,용인시 수지구,수지구청직장어린이집,경기도 용인시 수지구 포은대로 435 수지구청직장어린이집,37.32248576,127.0977278
경기도,용인시 수지구,새싹키즈어린이집,"경기도 용인시 수지구 푸른솔로 47 702동 103호(죽전동, 뜨리에체)",37.32567325,127.1141363
경기도,용인시 수지구,우성아이숲어린이집,"경기도 용인시 수지구 정평로 41 604동 103호(풍덕천동, 신정마을우성아파트)",37.31977338,127.0858934
경기도,용인시 수지구,아이랑어린이집,경기도 용인시 수지구 풍덕천로 91 신정마을1단지 102동 102호,37.32106327,127.0915681
경기도,용인시 수지구,수지아름다운어린이집,경기도 용인시 수지구 풍덕천로 19 신정마을 621동 101호,37.31931959,127.0853035
경기도,용인시 수지구,IBK참!좋은어린이집,"경기도 용인시 수지구 신수로 799 (동천동, IBK은행)",37.34135547,127.1021616
경기도,용인시 수지구,동천놀이세상어린이집,"경기도 용인시 수지구 손곡로 54 201동 105(동천동,수진마을2단지 현대아이파크)",37.33743911,127.0970661
경기도,용인시 수지구,동화숲어린이집,"경기도 용인시 수지구 광교마을로 62 4203동 103호(상현1동,광교상록자이)",37.2980745,127.0711884
경기도,용인시 수지구,예강어린이집,"경기도 용인시 수지구 광교마을로 62 4205동 104(상현동,광교상록자이)",37.2980745,127.0711884
경기도,용인시 수지구,진산키즈어린이집,"경기도 용인시 수지구 진산로66번길 27 703동 104호(풍덕천동, 삼성7차)",37.31461827,127.0984108
경기도,용인시 수지구,아이꿈터어린이집,경기도 용인시 수지구 달맞이로 40 ,37.32587016,127.115312
경기도,용인시 수지구,별꽃씨어린이집,경기도 용인시 수지구 동천로178번길 24-2 ,37.3395535,127.0859616
경기도,용인시 수지구,진산푸른숲어린이집,경기도 용인시 수지구 진산로34번길 24 관리동 1층,37.31427756,127.0936825
경기도,용인시 수지구,한국지역난방공사 수지 따소미어린이집,경기도 용인시 수지구 신수로683번길 21 한국지역난방공사 수지따소미어린이집,37.33056879,127.1001528
경기도,용인시 수지구,더클래스어린이집,"경기도 용인시 수지구 광교마을로 62 보육시설동(상현동, 광교마을상록자이아파트)",37.2980745,127.0711884
경기도,용인시 수지구,나린어린이집,경기도 용인시 수지구 용구대로2753번길 35 (죽전동),37.33064901,127.1051071
경기도,용인시 수지구,설리번스쿨어린이집,경기도 용인시 수지구 신봉1로366번길 8 (신봉동),37.33494067,127.0500646
경기도,용인시 수지구,아뜰리에자연학교어린이집,경기도 용인시 수지구 동천로297번길 11 ,37.33962728,127.0710384
경기도,용인시 수지구,작은나무숲어린이집,경기도 용인시 수지구 신봉2로114번길 5-17 (신봉동),37.33036614,127.068571
경기도,용인시 수지구,광교해맑은어린이집,"경기도 용인시 수지구 광교마을로 11 어린이집(상현동, 광교마을45단지아파트)",37.29808402,127.0633139
경기도,용인시 수지구,새봄아이어린이집,"경기도 용인시 수지구 성복1로 222 새봄아이어린이집(성복동, 성복아이파크)",37.32214803,127.0616482
경기도,용인시 수지구,꿈나무놀이터어린이집,경기도 용인시 수지구 호수로 39-9 ,37.35612131,127.0701824
경기도,용인시 수지구,세은숲어린이집,경기도 용인시 수지구 현암로125번길 10 (죽전동),37.33254304,127.1235056
경기도,용인시 수지구,숲속이레어린이집,경기도 용인시 수지구 성복2로 283 ,37.31923726,127.0567319
경기도,용인시 수지구,광교산자이솔숲어린이집,"경기도 용인시 수지구 신봉2로 93 관리동(신봉동, 광교산자이)",37.32854391,127.07158
경기도,용인시 수지구,벤자민키즈덤어린이집,경기도 용인시 수지구 성복1로 292 ,37.3249926,127.0544623
경기도,용인시 수지구,삼성별어린이집,경기도 용인시 수지구 신수로683번길 19 래미안수지이스트파크 관리동1층,37.32999885,127.0992326
경기도,용인시 수지구,Kinder BOSCH 직장어린이집,경기도 용인시 수지구 포은대로 467 1층,37.3236037,127.1008176
경기도,용인시 수지구,수지우리어린이집,"경기도 용인시 수지구 포은대로313번길 7-10 101동103호(풍덕천동,e편한세상수지)",37.31670202,127.0838888
경기도,용인시 수지구,대림어린이집,"경기도 용인시 수지구 포은대로313번길 7-10 (풍덕천동, 수지e편한세상)",37.31670202,127.0838888
경기도,용인시 수지구,아이윌어린이집,"경기도 용인시 수지구 광교마을로 2 관리동(상현동, 광교경남아너스빌)",37.29858353,127.0674322
경기도,용인시 수지구,수지발도르프어린이집,"경기도 용인시 수지구 동천로178번길 4 관리동(동천동, 동천 더샵 파크사이드)",37.33853127,127.085473
경기도,용인시 수지구,수지파크어린이집,"경기도 용인시 수지구 풍덕천로171번길 9 관리동(풍덕천동, 수지파크푸르지오)",37.32683305,127.0992583
경기도,용인시 수지구,파크자이어린이집,"경기도 용인시 수지구 동천로153번길 79 관리동(동천동,동천파크자이아파트)",37.33216028,127.0900609
경기도,용인시 수지구,더샵아이좋아어린이집,"경기도 용인시 수지구 만현로67번길 20 관리동(상현동, 상현더샵파크사이드)",37.3082965,127.0885228
경기도,용인시 수지구,시드어린이집,"경기도 용인시 수지구 현암로125번길 11 관리동(죽전동,새터마을힐스테이트)",37.33362887,127.1200931
경기도,용인시 수지구,수지예사랑어린이집,경기도 용인시 수지구 신봉3로7번길 31 수지스카이뷰푸르지오 관리동,37.32681686,127.0695301
경기도,하남시,해맑은어린이집,경기도 하남시 대청로 50-2 백송한신아파트 관리동(해맑은어린이집),37.54006394,127.217708
경기도,하남시,하남어린이집,경기도 하남시 검단산로 268-15 (창우동),37.53700328,127.2308344
경기도,하남시,시립초롱어린이집,경기도 하남시 덕산로 75 시립 초롱어린이집 (덕풍동),37.5356058,127.1955107
경기도,하남시,초록아이들어린이집,"경기도 하남시 하남대로802번길 55 204동 102호(신장동, 에코타운아파트)",37.54217504,127.2105186
경기도,하남시,천사어린이집,경기도 하남시 신평로168번길 53-27 ,37.54747025,127.2127548
경기도,하남시,하남시립은방울어린이집,경기도 하남시 덕풍천서로 9 (신장동),37.54170704,127.2160206
경기도,하남시,두영어린이집,경기도 하남시 신장로154번길 31 경기도 하남시 신장로 154번길31,37.54085514,127.2028653
경기도,하남시,사임당어린이집,경기도 하남시 대청로59번길 15 한국아파트 내 관리동1층 사임당어린이집 (신장동),37.54305568,127.2177677
경기도,하남시,명성어린이집,경기도 하남시 덕풍서로 15 (덕풍동),37.55036814,127.2005436
경기도,하남시,부영프뢰벨어린이집,"경기도 하남시 대청로 119 102동 103호(창우동, 부영아파트)",37.53960413,127.2273843
경기도,하남시,한솔참사랑어린이집,경기도 하남시 덕산로 39 한솔아파트1단지 관리동 (덕풍동),37.53249353,127.1973769
경기도,하남시,창우 아이자람 어린이집,"경기도 하남시 대청로 119 113동 102호(창우동, 부영아파트)",37.53960413,127.2273843
경기도,하남시,그린베베스쿨어린이집,"경기도 하남시 덕풍남로 11 102동 102호(덕풍동, 하남풍산아이파크1단지아파트)",37.54678459,127.2098866
경기도,하남시,동산어린이집,경기도 하남시 덕풍공원로 55-1 ,37.53836805,127.1980736
경기도,하남시,바롬새롬어린이집,경기도 하남시 하남대로777번길 56 (신장동),37.53768722,127.2087133
경기도,하남시,나우어린이집,경기도 하남시 대청로 62-2 백조현대아파트 내 관리동,37.53953327,127.2191593
경기도,하남시,산내들어린이집,경기도 하남시 동남로424번길 80 (감일동),37.51088876,127.1457787
경기도,하남시,파란하늘 어린이집,경기도 하남시 감일남로52번길 62 (감일동),37.50442697,127.1448761
경기도,하남시,청개구리어린이집,경기도 하남시 하남대로934번길 99 (풍산동),37.55095561,127.1981847
경기도,하남시,산곡어린이집,경기도 하남시 신장로56번길 37 (신장동),37.536238,127.2129825
경기도,하남시,꿈나라어린이집,경기도 하남시 창우로 74 꿈나라어린이집 (창우동),37.53317807,127.2263753
경기도,하남시,열린어린이집,경기도 하남시 초광로 254 (초이동),37.54268867,127.1757796
경기도,하남시,리틀아띠어린이집,경기도 하남시 신장로228번길 32 (덕풍동),37.54426729,127.1992792
경기도,하남시,꿈사랑어린이집,경기도 하남시 덕풍공원로 38-1 관리동어린이집,37.54078023,127.1969244
경기도,하남시,푸른별어린이집,"경기도 하남시 더우개로 6 103동 101호(창우동, 은행뉴서울아파트)",37.53909942,127.2205258
경기도,하남시,솔파크어린이집,경기도 하남시 하남대로887번길 25-1 하남한솔솔파크 관리동 (덕풍동),37.54389309,127.2016755
경기도,하남시,자람어린이집,경기도 하남시 덕풍공원로 17 (덕풍동),37.5417264,127.1985181
경기도,하남시,엔젤어린이집,경기도 하남시 하남대로 999-1 (풍산동),37.54785348,127.1883298
경기도,하남시,꿈동산어린이집,"경기도 하남시 대청로116번길 59 406동 104호(창우동, 꿈동산신안아파트)",37.53559416,127.225493
경기도,하남시,큰사랑어린이집,경기도 하남시 미사강변동로 177-2 하남미사지구 12블럭 관리동,37.57018933,127.1887387
경기도,하남시,재미난 어린이집,경기도 하남시 초이로80번길 48 (초이동),37.53757659,127.1740112
경기도,하남시,시립덕풍어린이집,경기도 하남시 수리북로27번길 5-24 (덕풍동),37.54165528,127.2023082
경기도,하남시,대명어린이집,"경기도 하남시 대청로 79 111동 101호(신장동, 대명강변타운아파트)",37.54055061,127.2214169
경기도,하남시,예슬어린이집,"경기도 하남시 대청로 79 106동 102호(신장동, 대명강변타운아파트)",37.54055061,127.2214169
경기도,하남시,아기나무어린이집,"경기도 하남시 대청로 79 118동 101호(신장동, 대명강변타운아파트)",37.54055061,127.2214169
경기도,하남시,대명강변어린이집,경기도 하남시 대청로 79-1 대명강변타운아파트 단지내 관리동 (신장동),37.54152669,127.2217404
경기도,하남시,사랑몬테소리어린이집,경기도 하남시 이성로 8-13 ,37.5326247,127.1966855
경기도,하남시,아이조아어린이집,경기도 하남시 하남유니온로 30 하남유시티대명루첸리버파크 105동 106호,37.54567301,127.2129647
경기도,하남시,벽산어린이집,경기도 하남시 신평로 36 106동 벽산어린이집,37.53714807,127.2045382
경기도,하남시,엘림어린이집,"경기도 하남시 대청로 79 102동 103호(신장동, 대명강변타운)",37.54055061,127.2214169
경기도,하남시,스펀지어린이집,경기도 하남시 신장로189번길 6 스펀지어린이집 (덕풍동),37.54212129,127.1992831
경기도,하남시,진모루어린이집,"경기도 하남시 신평로 81 201동 102호(덕풍동, 진모루현대아파트)",37.54104334,127.2058973
경기도,하남시,시립나룰어린이집,경기도 하남시 덕풍서로 45 꽃뫼마을 아파트 205동 1층 (덕풍동),37.55155046,127.2030572
경기도,하남시,시립풍산어린이집,"경기도 하남시 덕풍북로 70 108동 1층(덕풍동, 꽃뫼마을주공휴먼시아1단지아파트)",37.55231909,127.1994693
경기도,하남시,애사랑 어린이집,경기도 하남시 덕풍남로 11 아이파크 1단지 주민복지센타 1층 (덕풍동),37.54678459,127.2098866
경기도,하남시,꼬꼬마어린이집,경기도 하남시 미사강변동로 20 3105동 102호 (미사강변사랑으로부영아파트),37.55779267,127.1976863
경기도,하남시,밤비니어린이집,"경기도 하남시 대청로116번길 59 416동 101호(창우동, 꿈동산신안아파트)",37.53559416,127.225493
경기도,하남시,시립참아름어린이집,경기도 하남시 덕풍동로 60 참아름아파트 406동 1층 주민복지관 내 (덕풍동),37.54692071,127.2059584
경기도,하남시,키즈랜드어린이집,경기도 하남시 역말로15번길 35-2 쌍용아파트 내 관리동어린이집,37.5328813,127.1981942
경기도,하남시,하남 푸른숲 발도르프 어린이집,경기도 하남시 검단산로124번길 24 (하산곡동),37.52573122,127.2276369
경기도,하남시,포그니어린이집,"경기도 하남시 대청로116번길 25 101동 102호(창우동, 창우마을아파트)",37.53796838,127.2247394
경기도,하남시,첫단추어린이집,경기도 하남시 하남대로787번길 14 ,37.53964162,127.2091988
경기도,하남시,보림어린이집,경기도 하남시 덕풍북로99번길 53 ,37.55552352,127.1989706
경기도,하남시,스타필드어린이집,경기도 하남시 더우개로 49 ,37.54282239,127.2206918
경기도,하남시,베베키즈어린이집,경기도 하남시 대청로 79 대명강변타운아파트 103동 101호,37.54055061,127.2214169
경기도,하남시,곤지곤지어린이집,경기도 하남시 대청로59번길 20 더우개동일아파트 101동 102호,37.54127382,127.2194489
경기도,하남시,성심어린이집,경기도 하남시 신평로168번길 12-21 ,37.54676418,127.2126296
경기도,하남시,세림어린이집,경기도 하남시 산곡동로32번길 31-7 (하산곡동),37.50707501,127.2321187
경기도,하남시,한양어린이집,경기도 하남시 하남대로778번길 45 ,37.54143097,127.2126929
경기도,하남시,동부으뜸어린이집,"경기도 하남시 덕풍동로 110 104동101호(덕풍3동, 하남풍산동부센트레빌)",37.5511015,127.2096552
경기도,하남시,그린키즈어린이집,"경기도 하남시 아리수로 589 1507동 105호(망월동, 강변도시15단지)",37.5686438,127.1922847
경기도,하남시,미사키즈어린이집,"경기도 하남시 아리수로 589 1503동 103호(망월동, 강변도시15단지)",37.5686438,127.1922847
경기도,하남시,한울빛어린이집,경기도 하남시 미사강변한강로 110-2 미사강변도시 A9BL(관리동),37.57652809,127.188343
경기도,하남시,사랑가득어린이집,경기도 하남시 미사강변한강로 110 905동 101호,37.57639063,127.1877011
경기도,하남시,시온어린이집,경기도 하남시 미사강변동로 50 미사강변도시 2806동 102호,37.56092632,127.1953085
경기도,하남시,꿈자람어린이집,경기도 하남시 미사강변한강로 170-3 미사강변도시 A11블럭 관리동,37.57317184,127.1922277
경기도,하남시,미사아이자람어린이집,경기도 하남시 미사강변한강로 170 1109동 104호,37.5747925,127.1925329
경기도,하남시,예랑어린이집,경기도 하남시 미사강변북로 25 407동 101호,37.57220396,127.181607
경기도,하남시,웃는아이어린이집,"경기도 하남시 풍산로 270 201동 101호(선동,미사강변도시2단지)",37.57136903,127.1786412
경기도,하남시,미사새싹어린이집,경기도 하남시 아리수로 499 505동 102호(미사강변도시 5단지),37.56797478,127.1820795
경기도,하남시,미사예랑어린이집,"경기도 하남시 아리수로 499 강변미사 5단지, 507동 104호",37.56797478,127.1820795
경기도,하남시,시립새하남어린이집,경기도 하남시 아리수로 565-2 (미사강변 13단지),37.56845716,127.1891901
경기도,하남시,가원어린이집,경기도 하남시 위례중앙로 215 위례롯데캐슬 6407동 0103호,37.4750842,127.1513013
경기도,하남시,이영어린이집,경기도 하남시 위례중앙로 215 롯데캐슬 6413동 103호,37.4750842,127.1513013
경기도,하남시,미리별어린이집,경기도 하남시 감일순환로 135 감일포엠포레 508동 101호,37.51256147,127.161707
경기도,하남시,아이잼어린이집,경기도 하남시 미사강변서로 45 2201동101호(동원로얄듀크),37.55514868,127.1834063
경기도,하남시,라온어린이집,"경기도 하남시 미사강변대로 165 푸르지오, 108동102호",37.56607047,127.1830501
경기도,하남시,예은어린이집,경기도 하남시 미사강변대로 165 104동 102호,37.56607047,127.1830501
경기도,하남시,꿈빛나무어린이집,경기도 하남시 미사강변대로 165 푸르지오 102동 102호,37.56607047,127.1830501
경기도,하남시,미사다온어린이집,"경기도 하남시 미사강변대로 135 미사강변19단지, 관리동어린이집",37.56174338,127.1848254
경기도,하남시,플로리체어린이집,"경기도 하남시 위례중앙로 185 엠코 플로리체, 관리동 어린이집",37.47436971,127.1478814
경기도,하남시,시립강변어린이집,"경기도 하남시 미사강변서로 167 미사강변17블럭, 시립강변어린이집",37.56534386,127.1821482
경기도,하남시,사랑어린이집,"경기도 하남시 미사강변서로 127 미사강변도시18블럭, 관리동어린이집",37.56204107,127.1837242
경기도,하남시,솔샘어린이집,경기도 하남시 미사강변서로 127 미사강변센텀팰리스 1806동 102호,37.56204107,127.1837242
경기도,하남시,아이숲어린이집,경기도 하남시 미사강변대로 270 702동 101호,37.57493919,127.1845149
경기도,하남시,연두어린이집,경기도 하남시 위례순환로 270 그린파크푸르지오 관리동어린이집,37.47459613,127.1549853
경기도,하남시,도담어린이집,경기도 하남시 미사강변서로 127 1816동 102호,37.56204107,127.1837242
경기도,하남시,한누리어린이집,경기도 하남시 미사강변대로 270-2 선동 미사강변 7단지 관리동,37.57419485,127.1834954
경기도,하남시,금빛어린이집,경기도 하남시 미사강변한강로 60-4 푸르지오2차 109동 102호,37.57595439,127.1832108
경기도,하남시,강변푸르지오어린이집,경기도 하남시 미사강변대로 165 미사강변 30단지 관리동어린이집,37.56607047,127.1830501
경기도,하남시,꿀단지어린이집,경기도 하남시 미사강변대로 240-2 8단지 관리동어린이집,37.57201203,127.1856768
경기도,하남시,사랑숲어린이집,경기도 하남시 미사강변동로 20 3101동 102호,37.55779267,127.1976863
경기도,하남시,미사별어린이집,경기도 하남시 미사강변대로 240 811동 103호,37.57199318,127.1838475
경기도,하남시,리버포레어린이집,경기도 하남시 미사강변북로 65 더샵리버포레 관리동어린이집,37.57447059,127.1853209
경기도,하남시,한강유역환경청 한강직장어린이집,경기도 하남시 미사강변한강로 229 (망월동) 한강유역환경청 부속동,37.5698871,127.1954616
경기도,하남시,아띠샘어린이집,경기도 하남시 위례광장로 285 신안인스빌 6207-101,37.47538906,127.1441283
경기도,하남시,푸르지오어린이집,경기도 하남시 미사강변한강로 60-3 푸르지오 6단지 관리동어린이집,37.57583592,127.1821012
경기도,하남시,더샵어린이집,경기도 하남시 하남대로 856 관리동,37.54365667,127.2039837
경기도,하남시,미사자이어린이집,경기도 하남시 미사강변대로 95-3 미사강변센트럴자이(21블럭),37.55765679,127.1853587
경기도,하남시,에뜰어린이집,경기도 하남시 하남유니온로 70 하남유니온시티에일린의 뜰 101동 101호,37.54404308,127.2201553
경기도,하남시,해링턴플레이스어린이집,경기도 하남시 미사강변한강로 326-4 해링턴플레이스 관리동,37.56150713,127.1990195
경기도,하남시,더샵키움어린이집,경기도 하남시 미사강변대로 55 2302동 103호(센트럴포레),37.55512498,127.1845066
경기도,하남시,시립센트로엘어린이집,경기도 하남시 위례광장로 265-1 ,37.47676945,127.1455613
경기도,하남시,미사레스티아어린이집,경기도 하남시 미사강변동로 20 관리동,37.55779267,127.1976863
경기도,하남시,해담어린이집,경기도 하남시 하남유니온로 70 관리동어린이집,37.54404308,127.2201553
경기도,하남시,이든어린이집,경기도 하남시 미사강변서로 85 관리동어린이집,37.55778725,127.1840964
경기도,하남시,자이키즈어린이집,경기도 하남시 미사강변한강로 10 리버뷰자이아파트 내 관리동,37.57464574,127.1766825
경기도,하남시,시립미사어린이집,경기도 하남시 미사강변남로 56 하남시장애인복지관내,37.55974015,127.1881035
경기도,하남시,루나리움어린이집,경기도 하남시 아리수로 499 509동 102호,37.56797478,127.1820795
경기도,하남시,시립신안인스빌어린이집,경기도 하남시 위례광장로 285 관리동어린이집,37.47538906,127.1441283
경기도,하남시,아기코끼리어린이집,경기도 하남시 미사강변중앙로 90 101동 105호,37.55440356,127.1931766
경기도,하남시,시립샛별어린이집,경기도 하남시 미사강변동로 180 관리동어린이집,37.5706554,127.1902624
경기도,하남시,시립미사이편한세상어린이집,경기도 하남시 미사강변중앙로 90 ,37.55440356,127.1931766
경기도,하남시,시립센트럴포레어린이집,경기도 하남시 미사강변대로 55 관리동어린이집,37.55512498,127.1845066
경기도,하남시,아영어린이집,경기도 하남시 풍산로 270-2 관리동어린이집,37.57285886,127.1784365
경기도,하남시,아이랑어린이집,경기도 하남시 미사강변대로 270 센트리버아파트 710동 103호,37.57493919,127.1845149
경기도,하남시,시립리버스위트칸타빌어린이집,"경기도 하남시 미사강변한강로 30 , 관리동어린이집",37.57561907,127.1799691
경기도,하남시,시립브라운스톤어린이집,"경기도 하남시 미사강변동로 47 , 관리동어린이집",37.55915753,127.1923741
경기도,하남시,시립아란티움어린이집,"경기도 하남시 미사강변중앙로 120 ,관리동어린이집",37.55815802,127.1918967
경기도,하남시,시립행복모아어린이집,"경기도 하남시 미사강변한강로 290-2 , 관리동어린이집",37.56307489,127.1970099
경기도,하남시,시립큰달어린이집,"경기도 하남시 미사강변한강로 290-1 , 관리동어린이집2",37.5639226,127.1977909
경기도,하남시,예쁜아이어린이집,경기도 하남시 미사강변동로 50 2801동 102호 (미사강변골든센트로),37.56092632,127.1953085
경기도,하남시,시립미사강변골든센트로어린이집,경기도 하남시 미사강변동로 50-3 미사강변도시 A28블럭 관리동,37.56102561,127.1960714
경기도,하남시,시립늘봄어린이집,경기도 하남시 세미로1길 30-1 관리동 어린이집,37.5418987,127.1944945
경기도,하남시,시립힐즈파크어린이집,경기도 하남시 세미로1길 11-1 관리동 어린이집,37.54379619,127.1951595
경기도,하남시,시립빛나는하남어린이집,경기도 하남시 신장로205번길 30-1 KCC 상가동 (덕풍동),37.54247453,127.197535
경기도,하남시,시립대명루첸어린이집,경기도 하남시 하남유니온로 30-2 관리동 어린이집,37.54468259,127.2137376
경기도,하남시,시립미사호반어린이집,경기도 하남시 미사강변한강로 270 관리동 어린이집,37.5654167,127.1949816
경기도,하남시,시립별가람어린이집,경기도 하남시 감일백제로 65-2 관리동어린이집,37.502393,127.16276
경기도,하남시,시립다솔어린이집,경기도 하남시 위례중앙로 215-2 시립다솔어린이집,37.4750842,127.1513013
경기도,하남시,참맑은어린이집,"경기도 하남시 감일백제로 65 1203동 104호(감이동, 하남감일스윗시티12단지)",37.50204522,127.1629466
경기도,하남시,시립풍경어린이집,경기도 하남시 미사강변서로 65 관리동어린이집,37.55589395,127.1824339
경기도,하남시,시립미사인스빌어린이집,경기도 하남시 미사강변동로 19 관리동어린이집,37.55737619,127.1956009
경기도,하남시,위키즈어린이집,경기도 하남시 대성로 259-3 (덕풍동 현대아파트 관리동),37.53246521,127.2013399
경기도,하남시,시립어울림어린이집,경기도 하남시 덕풍공원로 50 관리동어린이집,37.53806065,127.1972526
경기도,하남시,꼬망새어린이집,"경기도 하남시 미사강변서로 127 (망월동, 미사강변도시18단지)1815동 102호",37.56204107,127.1837242
경기도,하남시,시립감일어린이집,경기도 하남시 감일순환로 35 관리동어린이집,37.50819007,127.1624276
경기도,하남시,시립루나리움어린이집,경기도 하남시 아리수로 499 관리동 어린이집,37.56797478,127.1820795
경기도,하남시,KDB Digital Square어린이집,경기도 하남시 미사강변한강로 177 한국산업은행 IT센터 사무동(1층),37.57404418,127.1942687
경기도,하남시,하나어린이집,경기도 하남시 하남대로777번길 42 ,37.53826101,127.2091518
경기도,하남시,감일행복어린이집,경기도 하남시 감일순환로 35 감일스윗시티10단지 1005동 102호,37.50819007,127.1624276
경기도,하남시,시립라라어린이집,경기도 하남시 감일로 86 관리동어린이집,37.50778256,127.150727
경기도,하남시,시립감일한별어린이집,경기도 하남시 감일백제로 35 관리동어린이집,37.49920222,127.1620124
경기도,하남시,감일해솔어린이집,경기도 하남시 감일순환로 35 감일스윗시티10단지 1002동 102호,37.50819007,127.1624276
경기도,하남시,리버키즈어린이집,경기도 하남시 미사강변한강로 110 (선동) 리버나인 904동 101호,37.57639063,127.1877011
경기도,하남시,시립햇살어린이집,경기도 하남시 세미로1길 10-2 관리동어린이집,37.54424297,127.1933101
경기도,하남시,시립청아어린이집,경기도 하남시 감일순환로 130 관리동어린이집,37.51226478,127.1602401
경기도,하남시,시립감일별하어린이집,경기도 하남시 감일순환로 95-2 ,37.5116164,127.1636091
경기도,하남시,시립꿈마루어린이집,경기도 하남시 감일백제로 120 ,37.50574721,127.1607543
경기도,하남시,시립감일리틀포레어린이집,경기도 하남시 감일순환로 135 관리동어린이집,37.51256147,127.161707
경기도,하남시,시립위례솔어린이집,경기도 하남시 위례대로6길 20-1 ,37.48520648,127.1520795
경기도,하남시,시립더샵도담어린이집,경기도 하남시 감일백제로 70-2 ,37.50300564,127.1651926
경기도,하남시,다사랑어린이집,경기도 하남시 감일순환로 95 감일스윗시티8단지 804동 107호,37.51243613,127.1633481
경기도,하남시,아이맘어린이집,경기도 하남시 감일순환로 95 감일스윗시티8단지 802동 107호,37.51243613,127.1633481
경기도,하남시,포엠키즈어린이집,경기도 하남시 감일순환로 135 감일포엠포레 501동 101호,37.51256147,127.161707
경기도,하남시,시립라포레숲속어린이집,경기도 하남시 감일백제로 20 관리동어린이집,37.49770498,127.1629564
경기도,하남시,시립숲누리어린이집,경기도 하남시 감일순환로 140 관리동어린이집,37.5109237,127.1598608
경기도,하남시,키즈별어린이집,경기도 하남시 미사강변동로 50 미사강변골든센트로 2803동 102호,37.56092632,127.1953085
경기도,하남시,감일더샵어린이집,경기도 하남시 감일백제로 70 더샵 포웰시티 209동 103호,37.50238634,127.1643801
경기도,하남시,시립일가어린이집,경기도 하남시 미사강변남로 10 시립일가어린이집,37.55860158,127.1833385
경기도,하남시,시립위례꿈나무어린이집,경기도 하남시 위례대로6길 15 ,37.48749666,127.155402
경기도,하남시,시립위례포레자이어린이집,경기도 하남시 위례대로6길 95-1 ,37.48664733,127.1610203
경기도,하남시,시립단꿈어린이집,경기도 하남시 신우실로 15 ,37.51127468,127.1570783
경기도,하남시,시립위례지웰푸르지오어린이집,경기도 하남시 위례대로 220-1 ,37.48148026,127.1499079
경기도,하남시,아기별어린이집,경기도 하남시 신우실로 15 203동 104호,37.51127468,127.1570783
경기도,하남시,영이어린이집,경기도 하남시 신우실로 15 210동 104호,37.51127468,127.1570783
경기도,하남시,시립꿈이든어린이집,경기도 하남시 하남유니온로 10 ,37.54577555,127.2119138
경기도,하남시,시립미사파라곤어린이집,경기도 하남시 미사강변동로 100 ,37.56516119,127.1942672
경기도,하남시,시립위례숲어린이집,경기도 하남시 위례학암로 30 ,37.48701103,127.1578455
경기도,하남시,시립감일꿈꾸는어린이집,경기도 하남시 감일순환로 170 ,37.50973976,127.1590133
경기도,하남시,시립단샘어린이집,경기도 하남시 감일순환로 190 ,37.5078082,127.1578574
경기도,하남시,시립아이편한어린이집,경기도 하남시 감일중앙로 20 ,37.50499954,127.1521276
경기도,하남시,에코앤하임어린이집,경기도 하남시 감일중앙로 20 101동 105호,37.50499954,127.1521276
경기도,하남시,시립위례숲우미린어린이집,경기도 하남시 위례대로6길 45 ,37.48649532,127.1571445
경기도,하남시,시립빛나라어린이집,경기도 하남시 덕풍동로 35 ,37.54584175,127.205035
경기도,하남시,하남시청직장어린이집,경기도 하남시 대청로 10 하남시청본관1층 어린이집,37.53934563,127.2147761
경기도,하남시,포포키즈어린이집,경기도 하남시 위례학암로 30 7401동 102호,37.48701103,127.1578455
경기도,하남시,참포도어린이집,경기도 하남시 위례학암로 30 7402동 104호,37.48701103,127.1578455
경기도,하남시,시립별숲어린이집,경기도 하남시 감일순환로 40 ,37.50784509,127.1637224
경기도,하남시,시립수자인어린이집,경기도 하남시 감일백제로180번길 30 ,37.50945986,127.1561442
경기도,하남시,시립위례숲향기어린이집,경기도 하남시 위례대로6길 70 ,37.48382967,127.158036
경기도,하남시,온담어린이집,경기도 하남시 감일순환로 40 901동 104호,37.50784509,127.1637224
경기도,하남시,고운별어린이집,경기도 하남시 감일순환로 40 904동 104호,37.50784509,127.1637224
경기도,하남시,시립위례봄봄어린이집,경기도 하남시 위례대로6길 100 ,37.4853218,127.1604038
경기도,하남시,아이좋은어린이집,경기도 하남시 감일순환로 190 403동 104호,37.5078082,127.1578574
경기도,하남시,벼리어린이집,경기도 하남시 미사강변북로 130-2 관리동어린이집,37.57238578,127.1929646
경기도,하남시,아해뜰어린이집,경기도 하남시 감일백제로180번길 30 104동 102호,37.50945986,127.1561442
경기도,하남시,시립푸른솔어린이집,경기도 하남시 감일백제로 165 관리동어린이집,37.50653684,127.1544173
경기도,하남시,시립감일마크베르어린이집,경기도 하남시 감일중앙로 80 ,37.51042386,127.1557235
경기도,하남시,시립위례온숲어린이집,경기도 하남시 위례대로6길 77 ,37.48574007,127.1599156
경기도,하남시,위례아기별어린이집,경기도 하남시 위례대로6길 77 7504동 105호,37.48574007,127.1599156
경기도,하남시,사랑해어린이집,경기도 하남시 위례대로6길 77 7505동 102호,37.48574007,127.1599156
경기도,하남시,로얄듀크어린이집,경기도 하남시 미사강변서로 45 관리동어린이집,37.55514868,127.1834063
경기도,하남시,시립감일복합청사어린이집,경기도 하남시 감일순환로 181 시립감일복합청사 어린이집,37.50799873,127.1590283
경기도,하남시,은강어린이집,"경기도 하남시 감일순환로 170 304동 102호(감이동, 감일스타힐스)",37.50973976,127.1590133
경기도,하남시,시립에디피스어린이집,경기도 하남시 하남대로 830 시립에디피스어린이집,37.54330823,127.2046729
경기도,하남시,시립미사자연어린이집,경기도 하남시 미사강변중앙로 100-2 ,37.55663667,127.1935095
경기도,하남시,시립미사랑어린이집,경기도 하남시 아리수로 589 ,37.5686438,127.1922847
경기도,하남시,시립하다어린이집,경기도 하남시 미사강변대로 100 ,37.55900913,127.1886376
경기도,,한라마을어린이집,"경기도 부천시 원미구 계남로 125 1단지 관리동 (중동, 한라마을 주공1,2단지)",,
경기도,,대학어린이집,"경기도 부천시 소사구 호현로489번길 52 1~2층 (소사본동, 교육복지센터)",,
경기도,,한라어린이집,"경기도 부천시 원미구 계남로 123 2단지 관리동 (중동, 한라마을 주공1,2단지)",,
경기도,,예은아기사랑어린이집,경기도 부천시 원미구 부흥로413번길 9 1~3층 (심곡동),,
경기도,,참다솔어린이집,경기도 부천시 원미구 조종로36번길 39 1~2층 (원미동),,
경기도,,성곡예일어린이집,경기도 부천시 오정구 까치로117번길 11 1~4층 (작동),,
경기도,,부천삼성어린이집,경기도 부천시 오정구 성오로 29 1~3층 (여월동),,
경기도,,화정별빛어린이집,경기도 고양시 덕양구 백양로 8 옥빛 17단지 관리동 1층 (화정동),,
경기도,,쿰바야어린이집,"경기도 고양시 덕양구 세솔로 105 1708-103(삼송동,삼송마을)",,
경기도,,이솝어린이집,"경기도 고양시 덕양구 세솔로 105 1704-103(삼송동,삼송마을)",,
경기도,,꿈누리어린이집,"경기도 고양시 덕양구 백양로 126 1107-103(화정동,은빛마을)",,
경기도,,은성어린이집,"경기도 고양시 덕양구 화중로 164 562-102(화정동, 은빛마을)",,
경기도,,꼬마숲i어린이집,경기도 고양시 일산서구 탄현로 80 905-104,,
경기도,,에코비아이원어린이집,경기도 고양시 일산서구 강선로 70 810-101,,
경기도,,솔로몬어린이집,경기도 고양시 일산서구 고양대로 620 201-104(일산동 동문아파트),,
경기도,,나무아트어린이집,"경기도 고양시 일산서구 장자길 120 685,686(덕이동)",,
경기도,,시립신촌어린이집,경기도 광명시 소하로 189 2단지 1층 (신촌휴먼시아아파트)(소하1동),,
경기도,,시립한울어린이집,경기도 광명시 성채안로 26 1단지 1층(광명역세권휴먼시아아파트) (소하2동),,
경기도,,시립밝은빛어린이집,경기도 광명시 서원로 25 2단지 1층(광명역세권휴먼시아아파트) (소하2동),,
경기도,,인창주공어린이집,경기도 구리시 건원대로76번길 39 2단지 단지내 주공어린이집 (인창동),,
경기도,,꼬꼬마어린이집,경기도 김포시 신곡로 48 501-103(월드메르디앙),,
경기도,,리베어린이집,"경기도 김포시 김포한강5로 417 103-201(구래동,한가람마을우미린아파트)",,
경기도,,해밀어린이집,경기도 김포시 김포한강2로 113 315-102(중흥에스클래스 리버티),,
경기도,,쑥쑥어린이집,경기도 김포시 김포한강2로 229 514-104(호반베르디움),,
경기도,,이레어린이집,"경기도 김포시 김포한강8로 173-58 (마산동, 은여울마을경남아너스빌) 205-101",,
경기도,,밝은나무어린이집,"경기도 김포시 김포한강8로 173-58 207-104(마산동,은여울마을경남아너스빌)",,
경기도,,하소로어린이집,"경기도 김포시 김포한강7로22번길 22 512-105(마산동, 솔터마을 자연앤힐스테이트)",,
경기도,,푸르지오맘사랑어린이집,경기도 김포시 유현로 200 119-102,,
경기도,,소담어린이집,"경기도 남양주시 도농로 34 3단지 관리동(다산동, 플루리움)",,
경기도,,프라임어린이집,"경기도 남양주시 평내로 104 1908-101(평내동, 평내마을대주파크빌2차19단지아파트)",,
경기도,,꿈꾸는 아이들어린이집,경기도 남양주시 화도읍 경춘로 2102-25 103-101,,
경기도,,우리아이어린이집,경기도 남양주시 화도읍 비룡로158번길 11 205-102,,
경기도,,위브천사어린이집,경기도 남양주시 화도읍 녹촌로 51 106-102(신창현두산위브아파트),,
경기도,,행복한서희어린이집,경기도 남양주시 화도읍 소래비로 130 103-105,,
경기도,,다산꿈나무어린이집,"경기도 남양주시 다산순환로 171 1105-102(다산동, 한양수자인)",,
경기도,,아이나무어린이집,"경기도 남양주시 다산순환로 171 1108-101(다산동, 한양수자인)",,
경기도,,비타민어린이집,경기도 남양주시 별내면 청학로68번길 6 5단지관리사무소 1층,,
경기도,,소연어린이집,경기도 남양주시 오남읍 진건오남로 516-53 102-108,,
경기도,,위브꼬마또래어린이집,경기도 남양주시 양지로 261-11 101-103(두산위브아파트),,
경기도,,위례2어린이집,경기도 성남시 수정구 위례순환로 17 31단지 아파트 내 위례2어린이집,,
경기도,,파스텔어린이집,경기도 성남시 수정구 수정로 319 114-104(산성역 포레스티아),,
경기도,,그림여행 예능어린이집,경기도 성남시 중원구 순환로 461 28-1,,
경기도,,서현어린이집,경기도 성남시 분당구 중앙공원로31번길 32 1~3층(서현동),,
경기도,,봇들제1어린이집,경기도 성남시 분당구 대왕판교로644번길 65 5단지내 단독) (삼평동),,
경기도,,성남숲어린이집,경기도 성남시 분당구 내정로119번길 2 1~3층(정자동),,
경기도,,서현2어린이집,경기도 성남시 분당구 돌마로476번길 19 1~3층(서현2동),,
경기도,,요한어린이집,경기도 성남시 분당구 동판교로 156 9단지 주민복지동,,
경기도,,꼬마대통령어린이집,"경기도 안양시 동안구 경수대로797번길 12 205-102(호계동, 한마음임광2차아파트)",,
경기도,,한숲탑어린이집,경기도 용인시 처인구 남사읍 한숲로 83 512-103,,
경기도,,한숲물댄동산어린이집,경기도 용인시 처인구 남사읍 한숲로 84 612-102,,
경기도,,꼬마별키즈어린이집,"경기도 용인시 기흥구 한보라2로 93 305-103(보라동,한보라마을화성파크드림)",,
경기도,,해밀어린이집,"경기도 용인시 기흥구 구갈로 71-18 105-102(신갈동, 기흥더샾프라임뷰)",,
경기도,,사랑숲어린이집,"경기도 용인시 수지구 신봉3로12번길 9 413-101(신봉동, 동일하이빌4단지)",,
경기도,,브라보어린이집,경기도 용인시 수지구 고기로 11 101-101,,
경기도,,상록아이어린이집,"경기도 용인시 수지구 광교마을로 62 4201-102(상현1동,광교상록자이)",,
경기도,,수지은초롱어린이집,"경기도 용인시 수지구 포은대로 231 203-102(상현1동,현대홈타운3차)",,
경기도,,아띠어린이집,"경기도 하남시 미사강변대로 135 19단지, 1901동 103호",,
경기도,,바움어린이집,경기도 하남시 미사강변대로 240 8단지 810동 101호,,
경기도,,서희키즈어린이집,경기도 하남시 미사강변대로 240 8단지 807동 104호,,
경기도,,미소어린이집,경기도 하남시 하남유니온로 70 103-102(에일린의 뜰),,
경기도,,리슈빌어린이집,경기도 하남시 미사강변북로 25 4단지 리슈빌아파트 관리동 어린이집,,
인천광역시,,미소어린이집,인천광역시 중구 흰바위로 249 232-101(운서sk뷰스카이시티2차),,
인천광역시,,일곱빛깔어린이집,인천광역시 중구 두미포로 112 104-102,,
인천광역시,,산들어린이집,인천광역시 미추홀구 경원대로 882 1단지 관리소 산들어린이집,,
인천광역시,,시온예능어린이집,인천광역시 남동구 백범로248번길 23 920-27,,
인천광역시,,힐스키즈어린이집,인천광역시 서구 고산후로 249 4211-103(힐스테이트 검단웰카운티),,
인천광역시,,꿈꾸는i어린이집,"인천광역시 서구 검단로 786 (불로동, 퀸스타운길훈) 304-104",,
인천광역시,,한신어린이집,인천광역시 서구 건지로 402 . 인천광역시 서구 건지로 402 1단지 관리동1층,,
인천광역시,,현대위즈아이어린이집,"인천광역시 서구 완정로92번길 1 (마전동,검단힐스테이트) 106-101",,
인천광역시,,청라한라비발디어린이집,"인천광역시 서구 청라한울로 17 (경서동, 한라비발디) 389-102",,
인천광역시,,SK에코어린이집,"인천광역시 서구 솔빛로 93 (경서동, SK뷰) 507-102",,
인천광역시,,해움어린이집,인천광역시 서구 푸른로13번길 8 (경서동)976-74,,
인천광역시,,예그린어린이집,인천광역시 서구 고산후로 249 4201-103(힐스테이트검단웰카운티),,
인천광역시,,풍경채움어린이집,인천광역시 서구 고산후로 305 4708-102(풍경채어바니티2차),,
인천광역시,,풍경채아이뜰어린이집,"인천광역시 서구 고산후로 305 , 4702-105(풍경채어바니티2차)",,
인천광역시,,라온풍경채어린이집,인천광역시 서구 고산후로 305 4709-102(풍경채어바니티2차),,
인천광역시,,킨더린어린이집,인천광역시 서구 금정로 11 4110-104(우미린클래스원),,
인천광역시,,힐스꿈나무어린이집,인천광역시 서구 고산후로 249 4210-104(힐스테이트 월카운티),,
서울특별시,,아이소리어린이집,"서울특별시 종로구 지봉로5길 7 103-101(창신동,두산아파트)",,
서울특별시,,천사어린이집,서울특별시 종로구 낙산길 198 205-101,,
서울특별시,,꼬마성어린이집,"서울특별시 용산구 장문로6길 76 1단지 1-3 (동빙고동,용산푸르지오파크타운)",,
서울특별시,,한울어린이집,"서울특별시 성동구 독서당로 218 110-102(옥수동, 옥수삼성아파트)",,
서울특별시,,구립 금호키움어린이집,서울특별시 성동구 난계로 114-31 104-102(하왕십리동),,
서울특별시,,해피i어린이집,"서울특별시 광진구 아차산로36길 35 702-105(자양동,우성7차아파트 )",,
서울특별시,,전농방과후어린이집,서울특별시 동대문구 서울시립대로12길 99 (전농동)355-1,,
서울특별시,,다사랑어린이집,"서울특별시 동대문구 장안벚꽃로 107 116-106(장안동, 현대홈타운아파트)",,
서울특별시,,래미안위브어린이집,"서울특별시 동대문구 답십리로 130 2단지 (답십리동,  래미안위브아파트)",,
서울특별시,,솔샘숲어린이집,"서울특별시 동대문구 답십리로 130 1단지 (답십리동, 래미안위브아파트)",,
서울특별시,,행복가득한어린이집,"서울특별시 성북구 삼선동4가 삼선교로23길 23 104-103(코오롱아파트,삼선동)",,
서울특별시,,혜연어린이집,서울특별시 성북구 종암로24가길 53 104-107,,
서울특별시,,하늘채어린이집,서울특별시 성북구 한천로 509 104-101,,
서울특별시,,선경어린이집,서울특별시 성북구 종암로24가길 53 101-101,,
서울특별시,,키즈맘어린이집,서울특별시 성북구 북악산로 844 101-105,,
서울특별시,,바다어린이집,서울특별시 성북구 북악산로 828 101-106,,
서울특별시,,자연샘어린이집,서울특별시 성북구 한천로101길 18 206-102,,
서울특별시,,꿈초롱어린이집,서울특별시 성북구 서경로 31 104-103,,
서울특별시,,은성어린이집,서울특별시 성북구 종암로24가길 80 106-104,,
서울특별시,,꿈꾸는어린이집,서울특별시 성북구 북악산로 813 105-108,,
서울특별시,,미키미니어린이집,"서울특별시 노원구 초안산로1길 18 2단지 내 관리동 (월계동, 월계주공2단지)",,
서울특별시,,샛별몬테소리어린이집,서울특별시 노원구 광운로 46 102-104,,
서울특별시,,구립 사랑가득어린이집,서울특별시 은평구 진흥로 267 102-103,,
서울특별시,,구립 사랑샘어린이집,서울특별시 은평구 갈현로29길 62 102-104,,
서울특별시,,구립 으뜸어린이집,서울특별시 은평구 서오릉로 94 102-101,,
서울특별시,,구립 꽃가람어린이집,서울특별시 은평구 은평로21길 36-3 102-101,,
서울특별시,,산들어린이집,서울특별시 서대문구 통일로 510 106-101,,
서울특별시,,헤아림어린이집,서울특별시 서대문구 북아현로1길 50 2단지 202동 1층,,
서울특별시,,한울어린이집,"서울특별시 마포구 새창로 52 106-101(도화동, 도화동현대아파트)",,
서울특별시,,삼성이솝어린이집,서울특별시 마포구 토정로32길 11 101-103,,
서울특별시,,신공덕삼성 어린이집,"서울특별시 마포구 백범로37길 12 106-101(신공덕동, 신공덕1차삼성래미안아파트)",,
서울특별시,,리틀삼성어린이집,서울특별시 마포구 서강로 95 104-102,,
서울특별시,,SBS어린이집,서울특별시 양천구 국회대로 214 1~2층 (신정동),,
서울특별시,,구립 보금자리어린이집,서울특별시 양천구 오목로29길 25 101-102,,
서울특별시,,성모어린이집,서울특별시 강서구 공항대로43길 104 주공아파트 7단지 등촌7복지관 성모어린이집 (등촌동),,
서울특별시,,뚜띠어린이집,서울특별시 강서구 허준로 139 307-103,,
서울특별시,,새싹과 나무어린이집,서울특별시 강서구 양천로30길 77 103-101,,
서울특별시,,초롱어린이집,"서울특별시 강서구 우현로 67 118-101(화곡동,강서힐스테이트)",,
서울특별시,,도담어린이집,"서울특별시 강서구 마곡서1로 100 607-104(마곡동,마곡엠벨리6단지)",,
서울특별시,,신도림제일어린이집,서울특별시 구로구 신도림로13길 18 19-6,,
서울특별시,,나이스 가온 어린이집,서울특별시 영등포구 국회대로74길 19 1~2층,,
서울특별시,,두산어린이집,서울특별시 동작구 상도로30길 39 102-101,,
서울특별시,,행복한어린이집,"서울특별시 관악구 은천로 86 2단지 관리동 1층 (봉천동, 두산아파트)  [은천동]",,
서울특별시,,리틀브레인어린이집,"서울특별시 관악구 성현로 80 133-101(관악드림타운, 봉천동)",,
서울특별시,,봄빛가득한어린이집,서울특별시 관악구 신림로7길 33 102-103,,
서울특별시,,아이비어린이집,서울특별시 송파구 올림픽로 99 115-102,,
서울특별시,,보물섬어린이집,"서울특별시 송파구 풍성로26길 31 202-106(풍납동, 송파현대힐스테이트)",,
서울특별시,,딸기어린이집,"서울특별시 송파구 송파대로 567 505-109(잠실3동, 주공아파트)",,
서울특별시,,구립고덕어린이집,서울특별시 강동구 상일로17길 17 1~3층,,
서울특별시,,무지개어린이집,"서울특별시 강동구 아리수로97길 19 401-104(강일동, 강일리버파크A)",,
서울특별시,,아기랑놀이랑어린이집,"서울특별시 강동구 명일로 293 505-101(길동, 삼익파크아파트)",,
서울특별시,,구립명일사랑어린이집,서울특별시 강동구 상암로 224 9-106,,
서울특별시,,구립토리어린이집,"서울특별시 강동구 상일로 74 323-102(상일동, 고덕리엔파크아파트 3단지)",,
서울특별시,,새아어린이집,"서울특별시 강동구 아리수로50길 50 119-203(고덕동, 래미안힐스테이트A)",,
서울특별시,,구립강동한별어린이집,서울특별시 강동구 천중로53길 19 1~4층,,
